{"avg": [0.15555556, 0.21464483, 0.24166669, 0.22880065, 0.23513228, 0.22404234, 0.21252206, 0.20320702, 0.22324577, 0.23917241, 0.22175884, 0.24877347, 0.22879669, 0.24474508, 0.253699, 0.23902436, 0.26524282, 0.26167914, 0.24909869, 0.3031169, 0.29401454, 0.30429453, 0.29178667, 0.27044153, 0.2705247, 0.3016919, 0.2773296, 0.2906338, 0.2972947, 0.31576723, 0.30613607, 0.305962, 0.3074496, 0.3097361, 0.32763183, 0.3227014, 0.34931895, 0.31687918, 0.3325442, 0.3357659, 0.35667524, 0.33735353, 0.35391706, 0.3542059, 0.35099387, 0.35358012, 0.36282188, 0.36291835, 0.35434064, 0.3641859], "std": [0.08036007, 0.07780518, 0.06921163, 0.07403086, 0.083924696, 0.056192625, 0.059437696, 0.059891418, 0.07841732, 0.07583323, 0.076054834, 0.049826216, 0.072459504, 0.07476981, 0.06036124, 0.06209541, 0.054390606, 0.07221207, 0.058132492, 0.046919774, 0.04441743, 0.055460535, 0.038671475, 0.04091171, 0.06542358, 0.04729316, 0.0405015, 0.03405137, 0.05031602, 0.046353016, 0.06280852, 0.05724663, 0.05356264, 0.060671266, 0.06166499, 0.052790873, 0.057841282, 0.056703374, 0.055487413, 0.051043298, 0.038790498, 0.04481441, 0.052964225, 0.037452485, 0.048416935, 0.052070506, 0.058325984, 0.031458728, 0.049553644, 0.039054967], "var": [0.98, 0.94, 0.92, 0.9, 0.88, 0.86, 0.86, 0.86, 0.84, 0.84, 0.84, 0.86, 0.86, 0.84, 0.86, 0.84, 0.84, 0.84, 0.84, 0.82, 0.82, 0.8, 0.82, 0.78, 0.76, 0.74, 0.74, 0.74, 0.72, 0.74, 0.74, 0.76, 0.74, 0.72, 0.68, 0.66, 0.64, 0.64, 0.66, 0.64, 0.64, 0.62, 0.64, 0.66, 0.64, 0.62, 0.6, 0.62, 0.6, 0.6], "best": [0.2777778, 0.37179488, 0.318254, 0.36180124, 0.36031747, 0.31428573, 0.30687833, 0.31315196, 0.3637455, 0.3608742, 0.3636945, 0.31558442, 0.33393845, 0.36693257, 0.3675737, 0.31380814, 0.32212302, 0.37622753, 0.31743115, 0.40983233, 0.354127, 0.41364473, 0.32939413, 0.32970524, 0.41620374, 0.41771433, 0.32278103, 0.33318162, 0.38908732, 0.37798294, 0.42539686, 0.42746067, 0.42917922, 0.42859024, 0.4326948, 0.43190244, 0.4919348, 0.43832323, 0.4394144, 0.43044257, 0.4413084, 0.43317062, 0.44241938, 0.4452262, 0.4964163, 0.45101947, 0.44910592, 0.44999456, 0.4514205, 0.4521276], "duration": [3964, 3653, 9483, 7768, 7661, 7672, 7267, 3743, 5429, 3561, 6923, 3368, 7301, 7367, 5739, 7428, 6216, 9472, 5398, 9401, 5522, 5382, 9260, 5488, 5538, 5192, 5498, 7728, 11125, 7406, 3370, 7314, 3083, 3434, 5142, 5395, 7403, 5393, 5532, 9360, 7419, 3518, 3726, 7394, 3647, 5340, 3899, 3536, 5341, 7305]}