{"avg": [0.14248367, 0.1827594, 0.18517275, 0.22373319, 0.17609745, 0.18236403, 0.21961087, 0.23291008, 0.2583069, 0.24919534, 0.25837275, 0.23582491, 0.25, 0.25834194, 0.27300993, 0.28874516, 0.26990405, 0.28660488, 0.27341342, 0.29988626, 0.29422194, 0.31158808, 0.3122476, 0.33677164, 0.352899, 0.329085, 0.33220804, 0.34522095, 0.35258877, 0.35256833, 0.39411068, 0.35033306, 0.38442394, 0.38271037, 0.38418028, 0.3636933, 0.3863175, 0.4009797, 0.35485494, 0.40157914, 0.388632, 0.42022753, 0.3908276, 0.40310672, 0.3914978, 0.43728918, 0.42595127, 0.42326874, 0.44202703, 0.40527013], "std": [0.08104575, 0.12201353, 0.11801206, 0.12138, 0.05413225, 0.12105702, 0.06776644, 0.13848871, 0.13368995, 0.1054874, 0.10972478, 0.06589391, 0.13999921, 0.10198259, 0.08829231, 0.114045896, 0.10544171, 0.10824019, 0.106660895, 0.085962445, 0.112330504, 0.0769455, 0.09960661, 0.06709625, 0.064288735, 0.068014435, 0.10550962, 0.1192517, 0.091316745, 0.09086119, 0.07777416, 0.09646308, 0.058785733, 0.092143625, 0.084635645, 0.051317688, 0.067565456, 0.07798633, 0.081691965, 0.07252268, 0.07252957, 0.039323326, 0.043729275, 0.06024037, 0.09606063, 0.050337546, 0.034730807, 0.057292834, 0.076394126, 0.06883177], "var": [0.96, 0.94, 0.9, 0.9, 0.86, 0.82, 0.8, 0.76, 0.72, 0.68, 0.66, 0.64, 0.64, 0.62, 0.58, 0.56, 0.54, 0.54, 0.56, 0.58, 0.58, 0.56, 0.54, 0.52, 0.5, 0.48, 0.5, 0.46, 0.44, 0.4, 0.38, 0.42, 0.4, 0.38, 0.4, 0.4, 0.4, 0.42, 0.4, 0.4, 0.4, 0.38, 0.42, 0.4, 0.4, 0.42, 0.4, 0.4, 0.4, 0.38], "best": [0.3555556, 0.37236232, 0.394071, 0.54220927, 0.23590326, 0.39314958, 0.38909376, 0.3970522, 0.39960322, 0.4012346, 0.5451698, 0.37792212, 0.5478836, 0.3938209, 0.3917729, 0.40411448, 0.39365083, 0.3944171, 0.39174265, 0.39773014, 0.3997184, 0.40052095, 0.5492064, 0.39789107, 0.402212, 0.39848676, 0.55043834, 0.55096495, 0.55185676, 0.55236685, 0.5527265, 0.5543155, 0.55516356, 0.5555152, 0.5563357, 0.4053986, 0.5580924, 0.56567466, 0.4118619, 0.56723076, 0.5677786, 0.568411, 0.41830626, 0.5697055, 0.56599176, 0.5674285, 0.55999917, 0.56032616, 0.5728881, 0.5726583], "duration": [2212, 6012, 3855, 3778, 1886, 5775, 5755, 5783, 7670, 5821, 7718, 5731, 7973, 11811, 7969, 4216, 5747, 7664, 9588, 7672, 13339, 15572, 11819, 9538, 9563, 11503, 5808, 9629, 9609, 11449, 5825, 3983, 7734, 3930, 5065, 9623, 5776, 6211, 5807, 9587, 5839, 2406, 3869, 3864, 3990, 2150, 2091, 2024, 2148, 5840]}