{"avg": [0.14285716, 0.19121653, 0.19376783, 0.20513988, 0.20531791, 0.18222322, 0.21031116, 0.20874046, 0.1811255, 0.1903281, 0.20174812, 0.19862972, 0.21960583, 0.21427865, 0.22042689, 0.22965065, 0.22562267, 0.22877255, 0.222773, 0.23079775, 0.24550822, 0.23693033, 0.23813315, 0.23661114, 0.2597238, 0.25346425, 0.25922102, 0.25484702, 0.2585391, 0.2592947, 0.27505785, 0.27501652, 0.27496502, 0.29800013, 0.28556004, 0.3057432, 0.2839716, 0.29784843, 0.29689357, 0.30188438, 0.30327156, 0.30620554, 0.30088305, 0.31965572, 0.32054746, 0.29733777, 0.3110901, 0.32357454, 0.31086114, 0.3317662], "std": [0.068346195, 0.06756772, 0.058586027, 0.049029432, 0.040910948, 0.061367836, 0.0520935, 0.04469862, 0.07010681, 0.07017255, 0.06437161, 0.05444025, 0.031604785, 0.038028486, 0.05458681, 0.05199569, 0.04523627, 0.038657, 0.026145805, 0.0499945, 0.04652954, 0.044020902, 0.043283653, 0.04033639, 0.05381025, 0.042399235, 0.034560435, 0.025369937, 0.03415962, 0.031765837, 0.037304275, 0.04348601, 0.042305447, 0.042607203, 0.042543042, 0.048449676, 0.04949302, 0.047616914, 0.052400276, 0.04853112, 0.045621034, 0.053870413, 0.049191076, 0.04512827, 0.05458667, 0.054057278, 0.056245606, 0.0556201, 0.056303196, 0.05585406], "var": [1.0, 1.0, 1.0, 1.0, 1.0, 1.0, 1.0, 1.0, 1.0, 1.0, 1.0, 0.96, 0.96, 0.96, 0.96, 0.96, 0.92, 0.92, 0.92, 0.92, 0.94, 0.94, 0.96, 0.96, 0.94, 0.9, 0.9, 0.88, 0.88, 0.86, 0.82, 0.82, 0.82, 0.84, 0.82, 0.84, 0.84, 0.82, 0.82, 0.84, 0.84, 0.84, 0.84, 0.84, 0.84, 0.84, 0.82, 0.78, 0.74, 0.72], "best": [0.1888889, 0.3134921, 0.30578598, 0.31164023, 0.2815981, 0.23650795, 0.31045258, 0.3119769, 0.27427605, 0.31171322, 0.3138742, 0.31974816, 0.28343052, 0.28458053, 0.32007307, 0.32184836, 0.31048113, 0.3110937, 0.24816641, 0.32258016, 0.3231983, 0.32449722, 0.3264295, 0.3265819, 0.352256, 0.33308947, 0.33200032, 0.33288354, 0.3369389, 0.33405927, 0.33716372, 0.338708, 0.33972675, 0.36863482, 0.3451862, 0.37170276, 0.34959057, 0.35141444, 0.35381722, 0.35522932, 0.35701376, 0.37747216, 0.36017275, 0.3800292, 0.38107362, 0.38171592, 0.38402873, 0.37486595, 0.37710947, 0.37845075], "duration": [2421, 2360, 3906, 2030, 3968, 3977, 2020, 2663, 3899, 3923, 4324, 1981, 5841, 5908, 2651, 3912, 3926, 2045, 1993, 1984, 2041, 1986, 2058, 1966, 1975, 3916, 3920, 1973, 1965, 2249, 3915, 3911, 2005, 3939, 1974, 1971, 3728, 2010, 1971, 2013, 1967, 1979, 1967, 4876, 1977, 3918, 1972, 1980, 2016, 1963]}