{"avg": [0.14285716, 0.17442606, 0.21105011, 0.20985869, 0.18476585, 0.19889936, 0.20654324, 0.23208618, 0.23090343, 0.19842938, 0.22291225, 0.2229215, 0.22008152, 0.22548383, 0.22791448, 0.22294982, 0.25804332, 0.2512175, 0.26434243, 0.24607734, 0.25225884, 0.26160583, 0.28213498, 0.27606726, 0.29382166, 0.3041358, 0.2968524, 0.29518065, 0.28693753, 0.3164404, 0.31521013, 0.31821543, 0.3011249, 0.3168134, 0.3235123, 0.33455387, 0.33778432, 0.36403474, 0.35725382, 0.39120233, 0.35373932, 0.33985382, 0.36110467, 0.3806235, 0.3894199, 0.38543564, 0.37498268, 0.3900688, 0.3993781, 0.4443562], "std": [0.068346195, 0.065813534, 0.06039972, 0.03689305, 0.07504608, 0.06885714, 0.049914077, 0.03945703, 0.041632384, 0.07539627, 0.06279576, 0.062490642, 0.06929387, 0.054686543, 0.0541716, 0.045700256, 0.04990837, 0.051181458, 0.040610544, 0.060923424, 0.06893735, 0.067950405, 0.052231908, 0.07277247, 0.06493177, 0.067998305, 0.05883375, 0.071114324, 0.04179525, 0.059224915, 0.05797399, 0.06011209, 0.0550764, 0.062277727, 0.045039374, 0.052908994, 0.0624733, 0.05317161, 0.03899308, 0.042411152, 0.08875597, 0.08821476, 0.05262568, 0.041114345, 0.0628662, 0.055611055, 0.06252746, 0.057817183, 0.059212424, 0.035274588], "var": [0.98, 0.94, 0.96, 0.92, 0.9, 0.86, 0.84, 0.82, 0.8, 0.76, 0.74, 0.74, 0.7, 0.68, 0.66, 0.64, 0.6, 0.6, 0.64, 0.62, 0.6, 0.58, 0.58, 0.54, 0.52, 0.5, 0.5, 0.46, 0.46, 0.44, 0.42, 0.42, 0.38, 0.36, 0.34, 0.34, 0.3, 0.3, 0.3, 0.3, 0.3, 0.26, 0.28, 0.28, 0.26, 0.26, 0.28, 0.26, 0.24, 0.24], "best": [0.1888889, 0.24161, 0.31269842, 0.27659655, 0.31019217, 0.31284857, 0.30846563, 0.3117914, 0.31204027, 0.3121882, 0.3131534, 0.3146252, 0.38114765, 0.3107811, 0.31500256, 0.30222768, 0.31548262, 0.31675687, 0.3178855, 0.3208119, 0.32066545, 0.40215528, 0.4044205, 0.40696555, 0.40789825, 0.4099422, 0.41331136, 0.41425544, 0.32572094, 0.41708583, 0.42001176, 0.4229167, 0.41751772, 0.4275422, 0.42255658, 0.43136898, 0.43429708, 0.43636742, 0.43901, 0.44062918, 0.44393593, 0.44536874, 0.44748682, 0.45050728, 0.45306626, 0.45676312, 0.461816, 0.46281245, 0.46520054, 0.46817493], "duration": [2378, 2028, 3918, 3972, 5962, 3963, 3920, 10041, 6190, 5861, 3927, 7813, 9711, 7784, 4244, 10053, 5895, 7792, 7782, 9714, 5897, 13921, 7778, 5837, 9732, 13600, 9717, 11677, 11991, 15864, 16176, 13815, 13598, 11659, 11673, 13596, 13612, 13601, 11646, 13645, 13617, 13592, 11670, 13599, 13657, 13602, 11667, 13600, 15861, 13651]}