{"avg": [0.13488893, 0.16967939, 0.17639206, 0.18065716, 0.18910317, 0.19964954, 0.2066667, 0.21593244, 0.2247516, 0.2347185, 0.24271426, 0.25238186, 0.2570532, 0.25956753, 0.27051976, 0.2792159, 0.28490818, 0.29054457, 0.2975217, 0.30597052, 0.31548774, 0.3247892, 0.33148992, 0.33768317, 0.3481821, 0.36333638, 0.37107867, 0.37917072, 0.39627934, 0.40327182, 0.41740835, 0.4300849, 0.43384576, 0.43737862, 0.4407038, 0.44383892, 0.4467997, 0.44960064, 0.45225406, 0.45477146, 0.4571629, 0.45943776, 0.46160427, 0.46367016, 0.465642, 0.46752626, 0.46932828, 0.47105417, 0.47270784, 0.4742941], "std": [0.084093146, 0.09077785, 0.09499776, 0.09687422, 0.09722016, 0.102916226, 0.10574217, 0.104710616, 0.109663665, 0.10755846, 0.10432263, 0.10021521, 0.10274136, 0.10418245, 0.09735581, 0.09868849, 0.10035593, 0.10214166, 0.10093008, 0.10169186, 0.100423016, 0.10189029, 0.10245512, 0.10527702, 0.105656676, 0.096484385, 0.09568035, 0.09445694, 0.06882127, 0.067484766, 0.048507188, 0.017328043, 0.016753193, 0.016228225, 0.015748799, 0.015310993, 0.014911322, 0.014546625, 0.014214033, 0.013910926, 0.013634973, 0.013383974, 0.01315595, 0.012949079, 0.012761689, 0.012592218, 0.01243927, 0.012301508, 0.012177743, 0.012066841], "var": [1.0, 0.96, 0.96, 0.92, 0.92, 0.88, 0.86, 0.82, 0.8, 0.78, 0.76, 0.72, 0.7, 0.68, 0.68, 0.64, 0.62, 0.6, 0.56, 0.52, 0.48, 0.48, 0.48, 0.46, 0.42, 0.38, 0.34, 0.3, 0.28, 0.24, 0.2, 0.2, 0.2, 0.2, 0.2, 0.2, 0.2, 0.2, 0.2, 0.2, 0.2, 0.2, 0.2, 0.2, 0.2, 0.2, 0.2, 0.2, 0.2, 0.2], "best": [0.2888889, 0.3131746, 0.31626984, 0.32000002, 0.32281747, 0.4087302, 0.41103178, 0.41362816, 0.41587305, 0.41862437, 0.42130163, 0.42383844, 0.42630956, 0.42865694, 0.43066898, 0.43269846, 0.43486115, 0.4370215, 0.43912703, 0.44111115, 0.44311115, 0.44526082, 0.44747478, 0.44970328, 0.46182543, 0.46446353, 0.46722835, 0.47001767, 0.47279483, 0.47561035, 0.47825402, 0.48098826, 0.48378974, 0.4864214, 0.48889828, 0.4912336, 0.4934392, 0.49552557, 0.49750215, 0.4993773, 0.5011588, 0.5028533, 0.5044671, 0.50600594, 0.5074748, 0.50887835, 0.5102209, 0.51150626, 0.5127381, 0.5139197], "duration": [5650, 5584, 5546, 5456, 5579, 5550, 5468, 5506, 5469, 5598, 5518, 5495, 5500, 5493, 5484, 5598, 5469, 5475, 5486, 5541, 5480, 5557, 5928, 5479, 5560, 5567, 5597, 5475, 5578, 5498, 5529, 5498, 5482, 5506, 5525, 5488, 5585, 5544, 5594, 5534, 5479, 5711, 5756, 5508, 5499, 5502, 5522, 5582, 5478, 5555]}