{"avg": [0.08095238, 0.1915145, 0.17313957, 0.14687124, 0.2374507, 0.20515229, 0.20330064, 0.19106573, 0.22708857, 0.18623808, 0.2364326, 0.22733092, 0.18897194, 0.25542718, 0.2433204, 0.30318743, 0.3205465, 0.35619769, 0.306905, 0.39676306, 0.31268775, 0.38124692, 0.3669303, 0.43815956, 0.36928156, 0.3722849, 0.39938655, 0.3941105, 0.39488462, 0.3695646, 0.40780464, 0.42034552, 0.46002847, 0.4367497, 0.4446649, 0.5116393, 0.51525015, 0.4989544, 0.49834204, 0.4999121, 0.5122681, 0.48217773, 0.55699694, 0.54408634, 0.54910755, 0.5439892, 0.60266113, 0.60297686, 0.58553416, 0.6007408], "std": [0.08169594, 0.117521025, 0.10794682, 0.16014594, 0.12524237, 0.10881353, 0.104277164, 0.14539061, 0.13742585, 0.16050193, 0.16087157, 0.15181436, 0.1454134, 0.15946017, 0.11559204, 0.18542652, 0.13149951, 0.15522787, 0.13395512, 0.13552003, 0.15547529, 0.14432113, 0.1555804, 0.14028977, 0.18127304, 0.11142464, 0.109758265, 0.15853597, 0.1744726, 0.15904433, 0.16081306, 0.14233764, 0.13931544, 0.1684361, 0.19900368, 0.14066644, 0.12883271, 0.11531456, 0.1640283, 0.14921406, 0.17093323, 0.17679724, 0.13620089, 0.14233814, 0.14415511, 0.1577894, 0.11374942, 0.11016173, 0.1375349, 0.094797656], "var": [0.98, 0.96, 0.94, 0.9, 0.88, 0.84, 0.82, 0.8, 0.78, 0.76, 0.74, 0.74, 0.72, 0.68, 0.66, 0.62, 0.62, 0.62, 0.62, 0.62, 0.58, 0.58, 0.56, 0.54, 0.54, 0.52, 0.52, 0.5, 0.5, 0.52, 0.5, 0.48, 0.48, 0.48, 0.48, 0.46, 0.44, 0.42, 0.4, 0.36, 0.32, 0.28, 0.28, 0.26, 0.22, 0.2, 0.18, 0.16, 0.14, 0.14], "best": [0.20000002, 0.3708617, 0.3670996, 0.39202976, 0.37780383, 0.38740888, 0.34909934, 0.3896673, 0.53154767, 0.5338929, 0.5358483, 0.53828204, 0.53233266, 0.5402778, 0.54413724, 0.5450808, 0.54836154, 0.5496212, 0.5559636, 0.5571429, 0.56062585, 0.5623877, 0.5660771, 0.5693339, 0.574624, 0.5784223, 0.57858104, 0.57964694, 0.5822194, 0.58439904, 0.5859839, 0.58821326, 0.58945674, 0.59255517, 0.59559083, 0.5985843, 0.6023879, 0.60602474, 0.609846, 0.6134039, 0.61596316, 0.6189327, 0.62197196, 0.62597555, 0.628999, 0.632393, 0.636233, 0.6398035, 0.64402175, 0.64658123], "duration": [4057, 4275, 2154, 4179, 4139, 5948, 7692, 5896, 4521, 2191, 4499, 7784, 2329, 5934, 8102, 11562, 7810, 4970, 7788, 9686, 7785, 4597, 2361, 9709, 5982, 13774, 7812, 8194, 6010, 5976, 4179, 6049, 6036, 8384, 2413, 6085, 6079, 6396, 4251, 6013, 2422, 8520, 2789, 6045, 2384, 4634, 2364, 2787, 4197, 4251]}