{"avg": [0.16451615, 0.22143142, 0.21461317, 0.2325418, 0.23778106, 0.25545457, 0.26983663, 0.29244384, 0.3177413, 0.35668877, 0.35950524, 0.3600833, 0.35618293, 0.4072985, 0.4466917, 0.41111892, 0.452821, 0.47760832, 0.48835906, 0.5038914, 0.5230318, 0.51780325, 0.5295194, 0.54944414, 0.5637637, 0.5783129, 0.58454, 0.5974328, 0.61050874, 0.62955505, 0.63441116, 0.65192425, 0.6564781, 0.66698104, 0.6803618, 0.68979484, 0.69206053, 0.69607884, 0.70339805, 0.7172456, 0.7202154, 0.71886873, 0.73082596, 0.73023057, 0.73277104, 0.7390732, 0.74308175, 0.74632007, 0.7516969, 0.7490703], "std": [0.10770476, 0.107474625, 0.07937318, 0.09857117, 0.10837006, 0.091277, 0.0829234, 0.09367669, 0.091423884, 0.09318019, 0.1009435, 0.09945614, 0.100950025, 0.09169615, 0.07236105, 0.10722474, 0.08131797, 0.06155166, 0.08210479, 0.05807741, 0.051653035, 0.07624026, 0.058786288, 0.040811256, 0.043941297, 0.042657156, 0.050559886, 0.051858105, 0.052228864, 0.054329026, 0.043671247, 0.04348825, 0.041981827, 0.039463133, 0.04094756, 0.034273844, 0.040879946, 0.0357587, 0.03674847, 0.018402979, 0.02304356, 0.037650827, 0.0179708, 0.023125395, 0.028805155, 0.02373567, 0.017323779, 0.010139909, 1.1920929e-07, 0.026522126], "var": [0.98, 0.94, 0.9, 0.88, 0.84, 0.76, 0.8, 0.76, 0.7, 0.7, 0.64, 0.6, 0.56, 0.48, 0.46, 0.36, 0.34, 0.28, 0.3, 0.28, 0.3, 0.26, 0.24, 0.24, 0.22, 0.24, 0.28, 0.26, 0.24, 0.2, 0.2, 0.14, 0.14, 0.12, 0.12, 0.1, 0.1, 0.1, 0.1, 0.1, 0.1, 0.08, 0.08, 0.08, 0.08, 0.08, 0.06, 0.06, 0.06, 0.06], "best": [0.3777778, 0.40583718, 0.41102904, 0.49071613, 0.41009074, 0.4117414, 0.41443005, 0.50468904, 0.4916402, 0.51362956, 0.51796854, 0.52755666, 0.5329627, 0.5306835, 0.5421454, 0.52027154, 0.5572722, 0.5639818, 0.570398, 0.62773234, 0.6339015, 0.6392741, 0.6442568, 0.6483542, 0.65355355, 0.6587508, 0.664974, 0.6709543, 0.6764155, 0.68075985, 0.68576366, 0.6904192, 0.6952826, 0.6992583, 0.70377153, 0.7076957, 0.71187687, 0.7159336, 0.7200453, 0.72367847, 0.7275003, 0.73123187, 0.7345729, 0.7374459, 0.74080455, 0.74364126, 0.7464794, 0.74918807, 0.75169677, 0.75448406], "duration": [11308, 17022, 11461, 11664, 16132, 16323, 20053, 24566, 17827, 18151, 10053, 14048, 17896, 9864, 14537, 10102, 8234, 12095, 7343, 6671, 5885, 6302, 5536, 5900, 5421, 7119, 5525, 5826, 6366, 5305, 5549, 5964, 5586, 6822, 5991, 5553, 5462, 6121, 6366, 6396, 5629, 6135, 5962, 6488, 6051, 5775, 6129, 5984, 5929, 6149]}