{"avg": [0.41666672, 0.4445238, 0.43867627, 0.4450444, 0.45744526, 0.4638858, 0.46423817, 0.4706545, 0.47713453, 0.48377988, 0.49629247, 0.5026061, 0.51499444, 0.5277503, 0.53445864, 0.5474458, 0.55419755, 0.5606498, 0.5675614, 0.5745635, 0.5880148, 0.5887934, 0.5898576, 0.5909015, 0.59784895, 0.5992571, 0.6004586, 0.6020507, 0.6099949, 0.61118364, 0.6127388, 0.6205558, 0.6211655, 0.6236673, 0.62525564, 0.6276834, 0.62933314, 0.6312292, 0.6324153, 0.6348699, 0.63721675, 0.6386026, 0.6412335, 0.6429448, 0.64554876, 0.6483746, 0.65032446, 0.6512753, 0.65389663, 0.65675026], "std": [0.15000004, 0.15169767, 0.151402, 0.15131073, 0.15081333, 0.1502306, 0.150343, 0.14941594, 0.14799109, 0.14698067, 0.14355521, 0.14148532, 0.1364458, 0.1300597, 0.12663004, 0.117080756, 0.11217952, 0.10643779, 0.099611185, 0.09233833, 0.07385547, 0.07413451, 0.07447645, 0.074837625, 0.062500626, 0.06278482, 0.0630651, 0.06355754, 0.04735701, 0.047662795, 0.048115734, 0.013387578, 0.013749172, 0.013475203, 0.013616889, 0.01389965, 0.01390844, 0.014639875, 0.015241652, 0.015180503, 0.01575435, 0.016650338, 0.016646482, 0.01762668, 0.017700525, 0.018345885, 0.018735535, 0.019403452, 0.020141108, 0.020023784], "var": [0.96, 0.92, 0.9, 0.86, 0.88, 0.88, 0.86, 0.82, 0.8, 0.8, 0.78, 0.76, 0.78, 0.76, 0.74, 0.72, 0.7, 0.68, 0.66, 0.64, 0.66, 0.64, 0.62, 0.58, 0.56, 0.54, 0.54, 0.52, 0.52, 0.5, 0.5, 0.52, 0.5, 0.5, 0.48, 0.46, 0.46, 0.46, 0.48, 0.46, 0.46, 0.42, 0.4, 0.38, 0.34, 0.34, 0.36, 0.34, 0.32, 0.28], "best": [0.5666667, 0.6033334, 0.6035715, 0.6038096, 0.6039286, 0.60400003, 0.6039683, 0.6040817, 0.6043453, 0.6049207, 0.60666674, 0.60822517, 0.6094445, 0.61058617, 0.6120749, 0.6137778, 0.6153572, 0.61683476, 0.61812174, 0.61939853, 0.6208572, 0.62274384, 0.6244806, 0.6260663, 0.62753975, 0.62893337, 0.6302748, 0.63153446, 0.6331123, 0.6349262, 0.63671434, 0.6386176, 0.6404316, 0.6419481, 0.64366955, 0.6452926, 0.6471297, 0.6488546, 0.65076447, 0.6525764, 0.654512, 0.65660864, 0.6586622, 0.66076416, 0.6629438, 0.66516405, 0.6674949, 0.6697265, 0.6717659, 0.67391646], "duration": [3071, 3887, 3195, 3016, 3000, 3005, 3039, 3039, 3041, 3061, 3076, 3057, 3040, 3055, 3047, 3050, 3058, 3053, 3062, 3068, 3072, 3072, 3077, 3074, 3130, 3029, 3055, 3046, 3076, 3085, 3101, 3075, 3062, 3059, 3034, 3053, 3066, 3066, 3053, 3071, 3073, 3083, 3080, 3032, 3096, 3260, 3076, 3083, 3079, 3089]}