{"avg": [0.15555556, 0.17960437, 0.16930255, 0.19422401, 0.20410806, 0.20301679, 0.22064051, 0.18057808, 0.21718821, 0.23351428, 0.20906901, 0.21600273, 0.21962963, 0.27305204, 0.25002164, 0.249558, 0.2587402, 0.26905277, 0.2730883, 0.28611112, 0.29033542, 0.28495187, 0.31784898, 0.32235587, 0.3159261, 0.32307512, 0.328198, 0.34601265, 0.33676422, 0.34254843, 0.34696594, 0.36893475, 0.34687707, 0.350835, 0.3729947, 0.37042066, 0.3604451, 0.3956808, 0.3853253, 0.38826594, 0.39643723, 0.38262936, 0.40481305, 0.3920183, 0.39037412, 0.3967105, 0.40299344, 0.41218528, 0.42324173, 0.43355152], "std": [0.07071068, 0.08373733, 0.07879122, 0.07765509, 0.099439554, 0.123070166, 0.09855843, 0.09986597, 0.10149149, 0.105972044, 0.10257256, 0.103102185, 0.09168485, 0.06426862, 0.08513742, 0.089075975, 0.08913453, 0.07762539, 0.047151037, 0.098107666, 0.06716519, 0.056052882, 0.06505992, 0.047186602, 0.0669774, 0.06060501, 0.08910349, 0.046166565, 0.049350463, 0.05948382, 0.055269267, 0.038916178, 0.06073118, 0.088217765, 0.06503245, 0.043909207, 0.057213355, 0.032681614, 0.051970445, 0.059763834, 0.050406717, 0.06146837, 0.049785845, 0.063672505, 0.06561101, 0.055350915, 0.067934014, 0.05060808, 0.05563803, 0.07507693], "var": [0.98, 0.96, 0.96, 0.94, 0.94, 0.94, 0.94, 0.9, 0.86, 0.84, 0.8, 0.78, 0.78, 0.76, 0.76, 0.72, 0.7, 0.68, 0.66, 0.7, 0.66, 0.64, 0.62, 0.6, 0.58, 0.58, 0.56, 0.56, 0.56, 0.54, 0.52, 0.52, 0.52, 0.48, 0.5, 0.48, 0.44, 0.48, 0.5, 0.46, 0.46, 0.42, 0.4, 0.38, 0.36, 0.32, 0.32, 0.32, 0.3, 0.28], "best": [0.2777778, 0.30982143, 0.31500724, 0.31279764, 0.3120491, 0.31726676, 0.39431918, 0.31695527, 0.31991687, 0.3968592, 0.32524323, 0.32096714, 0.32188806, 0.32411927, 0.39942282, 0.40027022, 0.33210507, 0.40167585, 0.3328321, 0.40373018, 0.39964452, 0.3424342, 0.40194312, 0.4166864, 0.40512213, 0.4220893, 0.41389182, 0.42982128, 0.43205923, 0.43476403, 0.43727472, 0.44018453, 0.44268328, 0.44496748, 0.44821247, 0.45079368, 0.45873022, 0.4609158, 0.4576649, 0.46016967, 0.4628501, 0.47120714, 0.46694368, 0.4700597, 0.47241068, 0.4745029, 0.47621018, 0.48435807, 0.4802811, 0.4891586], "duration": [3917, 9697, 7738, 3871, 7742, 7788, 5819, 1932, 5800, 2172, 6115, 8691, 5796, 8066, 9677, 5802, 7736, 8064, 5808, 9672, 5803, 7751, 7777, 9784, 8154, 7726, 5839, 9669, 7735, 9664, 5800, 9685, 5810, 9676, 11615, 7741, 9783, 9677, 5803, 9686, 7747, 9676, 11928, 11933, 5802, 7744, 9669, 5806, 11613, 13560]}