{"avg": [0.12916666, 0.1390563, 0.19942959, 0.18607546, 0.20296301, 0.13969746, 0.17478506, 0.102592595, 0.22842512, 0.22894284, 0.197159, 0.22449426, 0.21162744, 0.17346485, 0.2500069, 0.27685148, 0.20625965, 0.22572316, 0.2707031, 0.23482145, 0.22255604, 0.2000691, 0.27718154, 0.23374951, 0.23156027, 0.2782293, 0.25427884, 0.26500693, 0.30811608, 0.31510216, 0.36419833, 0.29987708, 0.2607459, 0.35794416, 0.40345937, 0.36674455, 0.3607871, 0.3543274, 0.35976887, 0.37635702, 0.41289848, 0.34972686, 0.40964615, 0.41984656, 0.41112497, 0.40904945, 0.40832126, 0.3983351, 0.44186437, 0.42566505], "std": [0.114184916, 0.104000166, 0.10914298, 0.15025878, 0.14791378, 0.15245816, 0.077694036, 0.097065836, 0.12919863, 0.10107741, 0.111364394, 0.12614235, 0.13405943, 0.139949, 0.123436995, 0.11470156, 0.14541341, 0.14552757, 0.14748257, 0.13994867, 0.15742768, 0.14132102, 0.11605287, 0.15631299, 0.099232644, 0.14358541, 0.10742186, 0.13492982, 0.11826783, 0.121348165, 0.08608078, 0.13504812, 0.13484624, 0.09302926, 0.03653613, 0.09755066, 0.09441185, 0.11547093, 0.09594462, 0.09475325, 0.059367534, 0.12641655, 0.0830706, 0.08037633, 0.08367327, 0.12879707, 0.108895235, 0.13069801, 0.08194301, 0.09775576], "var": [0.96, 0.92, 0.88, 0.88, 0.88, 0.84, 0.84, 0.82, 0.8, 0.76, 0.74, 0.7, 0.68, 0.66, 0.64, 0.62, 0.58, 0.54, 0.54, 0.52, 0.52, 0.48, 0.48, 0.46, 0.44, 0.42, 0.38, 0.36, 0.34, 0.32, 0.32, 0.3, 0.26, 0.26, 0.24, 0.24, 0.24, 0.24, 0.24, 0.22, 0.2, 0.2, 0.18, 0.18, 0.18, 0.18, 0.16, 0.14, 0.14, 0.14], "best": [0.31111112, 0.36894846, 0.38457346, 0.39644587, 0.3961489, 0.40442777, 0.3383598, 0.24245286, 0.3968779, 0.3981995, 0.40002108, 0.4005136, 0.40068904, 0.3877045, 0.40073833, 0.40142244, 0.4036566, 0.40679586, 0.40976936, 0.4132634, 0.41657227, 0.418366, 0.42023116, 0.42260695, 0.4248945, 0.42589086, 0.42628044, 0.42720878, 0.4288738, 0.42964125, 0.43159568, 0.43378687, 0.4356251, 0.4371032, 0.44134122, 0.44314682, 0.44683248, 0.4494778, 0.45131478, 0.45340884, 0.45612702, 0.4599312, 0.46289718, 0.46730164, 0.47185066, 0.47510839, 0.47833478, 0.48164594, 0.4848163, 0.48825732], "duration": [3971, 5848, 4085, 5965, 2222, 7848, 7911, 4082, 11532, 5769, 2521, 2225, 2277, 4574, 4487, 5859, 6059, 2255, 4873, 2278, 4218, 7826, 7825, 4538, 7781, 7699, 4631, 6091, 7845, 3972, 3944, 4192, 6001, 5980, 5981, 3916, 4065, 2273, 3978, 2231, 2439, 2698, 2132, 2570, 2528, 2244, 4417, 2209, 2143, 2090]}