{"avg": [0.13148148, 0.174903, 0.18231843, 0.18700397, 0.21652302, 0.20169418, 0.21892282, 0.2322266, 0.20825414, 0.22648337, 0.2216938, 0.2355248, 0.22637767, 0.24161378, 0.27499595, 0.23862886, 0.24347393, 0.2616739, 0.26971006, 0.27804178, 0.27264327, 0.28018424, 0.28983682, 0.2911795, 0.27261883, 0.29526445, 0.30725005, 0.30085978, 0.3048286, 0.31273845, 0.30168042, 0.30266985, 0.31446844, 0.31010982, 0.33449438, 0.31813702, 0.33873653, 0.3216838, 0.33174142, 0.3397149, 0.3368664, 0.3542706, 0.34367946, 0.36109525, 0.3748011, 0.38481933, 0.3675474, 0.38090307, 0.4091022, 0.38707492], "std": [0.07288396, 0.07609868, 0.07498854, 0.07825585, 0.07294067, 0.06718008, 0.06575129, 0.057902884, 0.070388556, 0.07775368, 0.07323846, 0.05868042, 0.064952426, 0.043874912, 0.040159535, 0.046094753, 0.06813744, 0.035254233, 0.064845264, 0.06671882, 0.04892655, 0.042639565, 0.07958745, 0.046314493, 0.06606734, 0.065473944, 0.061053645, 0.052234348, 0.04254633, 0.043836262, 0.039941497, 0.040642843, 0.04407581, 0.054212343, 0.054281436, 0.076109506, 0.06436908, 0.05014147, 0.05003167, 0.05646703, 0.03408722, 0.051671453, 0.056466557, 0.06699607, 0.04651529, 0.047482736, 0.062146477, 0.058339447, 0.049170002, 0.05785832], "var": [0.98, 0.96, 0.96, 0.92, 0.9, 0.88, 0.84, 0.84, 0.84, 0.84, 0.82, 0.82, 0.82, 0.8, 0.8, 0.82, 0.82, 0.78, 0.76, 0.74, 0.74, 0.72, 0.68, 0.68, 0.68, 0.66, 0.64, 0.64, 0.66, 0.68, 0.64, 0.64, 0.62, 0.62, 0.58, 0.56, 0.56, 0.54, 0.54, 0.52, 0.5, 0.46, 0.48, 0.5, 0.48, 0.46, 0.44, 0.4, 0.42, 0.4], "best": [0.24444446, 0.2298942, 0.2936508, 0.30009922, 0.2954685, 0.2919643, 0.30071688, 0.31041214, 0.3634793, 0.35878685, 0.309996, 0.30685386, 0.3626472, 0.31292632, 0.35951295, 0.30229655, 0.3875556, 0.31816378, 0.39037383, 0.39292443, 0.33003625, 0.39790767, 0.39823434, 0.4008003, 0.36110064, 0.40184852, 0.40473878, 0.4074124, 0.40862763, 0.40988082, 0.41058657, 0.40849853, 0.40585202, 0.41517168, 0.415888, 0.41872728, 0.42047906, 0.4230986, 0.4235195, 0.42438677, 0.42045575, 0.42717105, 0.429112, 0.47876894, 0.43166167, 0.48473537, 0.4369299, 0.43916732, 0.4824115, 0.4445032], "duration": [6385, 5963, 5461, 3087, 8519, 7535, 8791, 8042, 3887, 6236, 9281, 3723, 5520, 5585, 9999, 7626, 9105, 7547, 11219, 13670, 10038, 7300, 12976, 9329, 11837, 9407, 9382, 7792, 11757, 9425, 13068, 11217, 17144, 11057, 17411, 9256, 14828, 7361, 9558, 11183, 11285, 14005, 13289, 13041, 13628, 14968, 17464, 17777, 14888, 13155]}