{"avg": [0.38222218, 0.40944126, 0.42363498, 0.43381593, 0.43794522, 0.4383715, 0.43535084, 0.4420349, 0.45034444, 0.45790696, 0.46927434, 0.47686863, 0.48146275, 0.4889006, 0.4891427, 0.48948655, 0.4862164, 0.48955894, 0.48962384, 0.4970472, 0.50151616, 0.5087684, 0.51212484, 0.5166565, 0.52425635, 0.5278136, 0.5278625, 0.5278205, 0.53513753, 0.535568, 0.53584033, 0.53935397, 0.53954375, 0.5404569, 0.5412336, 0.54591376, 0.5495764, 0.5506103, 0.5511218, 0.55179197, 0.5528621, 0.5540294, 0.55529827, 0.5564467, 0.55728626, 0.5584584, 0.5592738, 0.5599865, 0.56103575, 0.56243813], "std": [0.12460306, 0.12357334, 0.116790004, 0.108785115, 0.109004214, 0.10923037, 0.108730055, 0.10381767, 0.103132546, 0.103200234, 0.095222756, 0.0867978, 0.08505705, 0.08246077, 0.082794055, 0.08301053, 0.08383623, 0.08279228, 0.0827849, 0.07918127, 0.076161996, 0.07105328, 0.06905341, 0.06462762, 0.056852985, 0.053546596, 0.05406301, 0.054012917, 0.04259685, 0.04267731, 0.042735264, 0.037280943, 0.037315622, 0.037454035, 0.037570626, 0.02411793, 0.0076410063, 0.007938212, 0.008281055, 0.008501505, 0.008473593, 0.008241117, 0.008391283, 0.008624397, 0.008883701, 0.0089734355, 0.009360842, 0.009780508, 0.010024784, 0.009811087], "var": [0.98, 0.94, 0.9, 0.86, 0.86, 0.88, 0.88, 0.86, 0.84, 0.8, 0.82, 0.8, 0.78, 0.8, 0.8, 0.8, 0.78, 0.76, 0.78, 0.74, 0.7, 0.7, 0.68, 0.68, 0.64, 0.66, 0.68, 0.66, 0.64, 0.62, 0.62, 0.62, 0.62, 0.64, 0.62, 0.58, 0.56, 0.58, 0.58, 0.54, 0.52, 0.56, 0.54, 0.54, 0.54, 0.52, 0.52, 0.54, 0.54, 0.54], "best": [0.51111114, 0.54206353, 0.54206353, 0.54222226, 0.5437302, 0.5445397, 0.5450794, 0.5454649, 0.5456945, 0.5458201, 0.5470635, 0.5486436, 0.55015874, 0.55158734, 0.55284584, 0.5539048, 0.5548314, 0.55556494, 0.55592597, 0.5563242, 0.5566826, 0.55707484, 0.55736655, 0.55763286, 0.55785716, 0.5580635, 0.55830896, 0.5585185, 0.55869615, 0.5588287, 0.55898416, 0.55935997, 0.559757, 0.56011546, 0.56073296, 0.56135607, 0.56207675, 0.5627585, 0.563467, 0.5642491, 0.5650754, 0.565873, 0.5667234, 0.56771135, 0.56877345, 0.5702434, 0.5715252, 0.57287407, 0.5741667, 0.575426], "duration": [64721, 64169, 65747, 66317, 66418, 66634, 66689, 68168, 69210, 68906, 69839, 72149, 71278, 72151, 73117, 72983, 71471, 71177, 71457, 73188, 73201, 75257, 73840, 73681, 75216, 75301, 75642, 75299, 77269, 75492, 75676, 77577, 77437, 77782, 77542, 77692, 78013, 77809, 77829, 77871, 77821, 77963, 77812, 77749, 77731, 77890, 77627, 77861, 77913, 77889]}