{"avg": [0.1701389, 0.19387254, 0.19644664, 0.23887701, 0.26970693, 0.24373436, 0.23396486, 0.26051664, 0.23416668, 0.22179444, 0.24832834, 0.26513785, 0.3075218, 0.30149943, 0.32873034, 0.31348363, 0.2840782, 0.35825694, 0.363307, 0.36087364, 0.38854843, 0.34233, 0.36828968, 0.40814483, 0.38173112, 0.38370603, 0.4116235, 0.39369285, 0.4156364, 0.45967713, 0.46131876, 0.4258419, 0.43647987, 0.47437644, 0.4625762, 0.44987133, 0.4791307, 0.49907386, 0.4642328, 0.48486748, 0.50218624, 0.49238035, 0.49894774, 0.4944298, 0.48861963, 0.50237393, 0.5000215, 0.5205756, 0.52510434, 0.5307719], "std": [0.09865756, 0.120756865, 0.086741716, 0.08205141, 0.08860016, 0.10008, 0.102242075, 0.118734166, 0.09299538, 0.110792086, 0.08539076, 0.06790616, 0.101642825, 0.1324157, 0.098180495, 0.1077832, 0.12926848, 0.11182772, 0.098405294, 0.07093519, 0.08245854, 0.12047558, 0.09225631, 0.0768394, 0.07542274, 0.0794962, 0.061203744, 0.084986135, 0.08031057, 0.067002445, 0.046484213, 0.096186034, 0.07533757, 0.056451026, 0.067800716, 0.0989444, 0.07528199, 0.07971923, 0.07466328, 0.08099586, 0.08435894, 0.0711744, 0.0463929, 0.05685372, 0.092086166, 0.041502636, 0.049886767, 0.04970023, 0.05401013, 0.056314033], "var": [0.96, 0.96, 0.94, 0.94, 0.92, 0.9, 0.88, 0.9, 0.9, 0.88, 0.84, 0.82, 0.82, 0.84, 0.84, 0.82, 0.8, 0.78, 0.78, 0.8, 0.76, 0.76, 0.74, 0.74, 0.72, 0.72, 0.68, 0.64, 0.6, 0.58, 0.56, 0.52, 0.5, 0.52, 0.5, 0.52, 0.52, 0.54, 0.52, 0.52, 0.52, 0.5, 0.48, 0.46, 0.44, 0.46, 0.48, 0.46, 0.46, 0.42], "best": [0.3777778, 0.41279763, 0.40851372, 0.40748298, 0.40047127, 0.40426067, 0.40814134, 0.40763623, 0.41066667, 0.39807498, 0.40894383, 0.40699148, 0.49347442, 0.4989628, 0.5141474, 0.5006417, 0.49512428, 0.5033244, 0.5169218, 0.42262307, 0.5362747, 0.50063884, 0.52601594, 0.52712685, 0.50397253, 0.5307271, 0.53230375, 0.5191265, 0.5210263, 0.5580499, 0.53860295, 0.54144734, 0.51879215, 0.5714348, 0.57029396, 0.57186204, 0.54395145, 0.58244824, 0.5270647, 0.6041019, 0.57767594, 0.6127882, 0.5595819, 0.56080645, 0.5622514, 0.55806124, 0.56938684, 0.5735819, 0.6307198, 0.6440767], "duration": [7140, 3719, 3741, 9376, 11216, 3604, 6362, 3869, 5359, 5488, 9256, 9280, 7519, 3814, 7483, 6156, 4060, 3869, 5950, 3691, 5648, 3809, 5775, 4526, 3827, 3554, 3424, 3565, 5738, 5789, 3641, 5485, 3643, 3744, 4106, 3688, 4435, 6448, 3907, 4036, 3920, 4522, 4083, 4356, 7687, 5140, 3840, 4010, 5883, 3812]}