{"avg": [0.15128206, 0.20899951, 0.2344246, 0.21266654, 0.198836, 0.23185708, 0.23604695, 0.20663644, 0.23495567, 0.20226437, 0.24024472, 0.25458142, 0.22353555, 0.23697883, 0.2522415, 0.2608493, 0.23951204, 0.2570976, 0.29506078, 0.29287934, 0.27426606, 0.27076557, 0.29150978, 0.29049456, 0.300383, 0.29934, 0.31253266, 0.31088755, 0.29716134, 0.31736255, 0.2960368, 0.31324577, 0.3215195, 0.3372397, 0.31307843, 0.3369053, 0.34562102, 0.3352024, 0.3450066, 0.3493399, 0.36343583, 0.36375293, 0.34721878, 0.37869298, 0.36367658, 0.34672987, 0.3737132, 0.39466116, 0.37515232, 0.39031747], "std": [0.07692308, 0.0778339, 0.06716783, 0.06602222, 0.07210099, 0.06903646, 0.07114671, 0.07302407, 0.078935295, 0.0735601, 0.067753516, 0.06747247, 0.07674494, 0.070871174, 0.07788221, 0.057591673, 0.07897583, 0.07132557, 0.059335034, 0.04866017, 0.06118135, 0.07945518, 0.058111582, 0.047099963, 0.052487597, 0.051341783, 0.043354977, 0.04525101, 0.05755116, 0.06516179, 0.056835983, 0.06447324, 0.042452596, 0.024900189, 0.060956474, 0.025178228, 0.029546589, 0.029911224, 0.029552303, 0.04439033, 0.024953965, 0.029636633, 0.06801007, 0.03493652, 0.04836553, 0.067469165, 0.044903696, 0.032596905, 0.037597764, 0.03027207], "var": [0.96, 0.96, 0.92, 0.92, 0.88, 0.84, 0.8, 0.8, 0.76, 0.72, 0.72, 0.7, 0.68, 0.68, 0.66, 0.64, 0.62, 0.6, 0.58, 0.58, 0.56, 0.52, 0.5, 0.46, 0.42, 0.38, 0.36, 0.32, 0.3, 0.3, 0.28, 0.24, 0.22, 0.22, 0.22, 0.22, 0.22, 0.22, 0.2, 0.18, 0.18, 0.18, 0.18, 0.18, 0.18, 0.16, 0.14, 0.14, 0.14, 0.14], "best": [0.2777778, 0.32380953, 0.3119048, 0.36618358, 0.30137208, 0.30963108, 0.31269842, 0.31541952, 0.35952383, 0.3205191, 0.36165577, 0.36291915, 0.3185532, 0.32150796, 0.3669989, 0.32322365, 0.36645547, 0.36229858, 0.36267284, 0.36780506, 0.33082095, 0.36787537, 0.33360097, 0.33617726, 0.39338624, 0.3397795, 0.343825, 0.40296224, 0.34938234, 0.37400147, 0.35357228, 0.4090284, 0.35532746, 0.37154853, 0.36147892, 0.37886688, 0.4196724, 0.36736608, 0.36914617, 0.3725524, 0.37611455, 0.37989914, 0.43982708, 0.44229278, 0.39117023, 0.3939943, 0.39555424, 0.45392317, 0.4016526, 0.404169], "duration": [3410, 3439, 9184, 7283, 7323, 7090, 5160, 3152, 7757, 7246, 5229, 7500, 7519, 7377, 7780, 9259, 3545, 9160, 13062, 9913, 9899, 11049, 9617, 8054, 9271, 5325, 7472, 11647, 5512, 7378, 11152, 8960, 5486, 10377, 11278, 9363, 7926, 5287, 9732, 3503, 7358, 5656, 9047, 3416, 7325, 7387, 5600, 3821, 4158, 5394]}