{"avg": [0.11428572, 0.15782313, 0.21734302, 0.19276486, 0.19135341, 0.1717087, 0.24758671, 0.16929258, 0.2478755, 0.19008254, 0.1730992, 0.2301474, 0.27245024, 0.22240613, 0.16735141, 0.18866779, 0.21391489, 0.234266, 0.21473782, 0.21167701, 0.24371278, 0.269009, 0.22143021, 0.25193578, 0.31483415, 0.2371938, 0.20524171, 0.3359293, 0.35401326, 0.305526, 0.28297627, 0.3105336, 0.3512104, 0.3215519, 0.34406435, 0.3643502, 0.3628314, 0.44008666, 0.41227728, 0.3777579, 0.3909636, 0.37740377, 0.36361384, 0.42068097, 0.4584177, 0.5145889, 0.47903138, 0.4313989, 0.4740431, 0.48818186, 0.5186568, 0.51224923, 0.49445876, 0.4673203, 0.5297782, 0.50858796, 0.52127814, 0.5374108, 0.569654, 0.47913617, 0.5588465, 0.52048826, 0.5057472, 0.6041946, 0.57619333, 0.6010614, 0.5521745, 0.61061174, 0.5786632, 0.59404075, 0.60061336, 0.5791689, 0.61478287, 0.5788069, 0.58682346], "std": [0.07315378, 0.1064734, 0.13574418, 0.14061674, 0.10644467, 0.091358766, 0.12412522, 0.11956529, 0.10213797, 0.1347435, 0.14046595, 0.13062765, 0.121912174, 0.06040257, 0.06832671, 0.12968537, 0.12067109, 0.0907331, 0.118553065, 0.1299436, 0.098096326, 0.12514882, 0.080657475, 0.117855966, 0.141702, 0.11159499, 0.10032074, 0.1255922, 0.14569034, 0.12994595, 0.16492844, 0.12457486, 0.13920291, 0.15569301, 0.15010075, 0.12742265, 0.14373888, 0.13987458, 0.1568879, 0.11611618, 0.15972714, 0.15322892, 0.18573478, 0.12380961, 0.14351048, 0.09174943, 0.11200392, 0.10274892, 0.098505095, 0.115808256, 0.09019844, 0.09453535, 0.12372043, 0.17346841, 0.10101452, 0.15967542, 0.098132215, 0.08109352, 0.09034684, 0.18282373, 0.07802767, 0.10530146, 0.1594455, 0.039049443, 0.063482955, 0.053152304, 0.16841513, 0.04874385, 0.07954605, 0.061584547, 0.08360225, 0.07815662, 0.053823795, 0.08419619, 0.076519735], "var": [0.98, 0.96, 0.92, 0.92, 0.88, 0.88, 0.84, 0.82, 0.82, 0.8, 0.8, 0.78, 0.76, 0.76, 0.78, 0.78, 0.76, 0.74, 0.7, 0.7, 0.7, 0.68, 0.68, 0.68, 0.64, 0.62, 0.62, 0.6, 0.6, 0.58, 0.6, 0.6, 0.58, 0.56, 0.54, 0.54, 0.54, 0.54, 0.54, 0.54, 0.54, 0.54, 0.56, 0.58, 0.56, 0.56, 0.54, 0.5, 0.52, 0.5, 0.48, 0.46, 0.46, 0.44, 0.42, 0.4, 0.38, 0.38, 0.4, 0.36, 0.36, 0.36, 0.32, 0.32, 0.32, 0.32, 0.3, 0.3, 0.28, 0.26, 0.26, 0.26, 0.24, 0.24, 0.22], "best": [0.20000002, 0.37936512, 0.5324576, 0.54267263, 0.5441103, 0.37841272, 0.54501384, 0.5309524, 0.5267952, 0.5323697, 0.53356445, 0.5351928, 0.5370398, 0.3916166, 0.24126267, 0.39964357, 0.53322, 0.5339434, 0.53425235, 0.5359456, 0.5354415, 0.53591865, 0.41115662, 0.53715074, 0.5379361, 0.5372112, 0.41891217, 0.53890765, 0.541172, 0.5437507, 0.5450232, 0.5470222, 0.5491212, 0.55102307, 0.55205464, 0.5535448, 0.55474794, 0.5564917, 0.5603599, 0.5625366, 0.5637268, 0.5649044, 0.56666666, 0.5680638, 0.5927094, 0.5715739, 0.57450485, 0.57725227, 0.59769124, 0.59192204, 0.5933265, 0.5866702, 0.59787273, 0.60464245, 0.6055686, 0.60665095, 0.60142034, 0.602381, 0.60993624, 0.6111724, 0.6098943, 0.61306345, 0.61613595, 0.6178352, 0.62110645, 0.6230205, 0.6250027, 0.6275634, 0.62951225, 0.6316551, 0.6341089, 0.63662505, 0.63874197, 0.6410116, 0.6429682], "duration": [2245, 2004, 3875, 3883, 3980, 2062, 3942, 4154, 4054, 5842, 4205, 5762, 5847, 5838, 2379, 2015, 3891, 3924, 4300, 4309, 5834, 5826, 2321, 5826, 5887, 5877, 1978, 7800, 13864, 5888, 9971, 10410, 9666, 7766, 5909, 9681, 9721, 13537, 11601, 7768, 13482, 9712, 9673, 11601, 13531, 13544, 13543, 7806, 13945, 13534, 13877, 13540, 13568, 13523, 13524, 13541, 13542, 13562, 13553, 13524, 13536, 11967, 13730, 13579, 13557, 15845, 13559, 13576, 13614, 18070, 13571, 15821, 13586, 13562, 12198]}