{"avg": [0.41666672, 0.39285716, 0.40001258, 0.46746308, 0.43776423, 0.4529568, 0.48775697, 0.51835275, 0.51833403, 0.44640917, 0.46693727, 0.46795347, 0.5157066, 0.47458342, 0.5131372, 0.6054472, 0.49149823, 0.54258436, 0.6132333, 0.57641673, 0.52908653, 0.59797454, 0.5565593, 0.5942218, 0.52856225], "std": [0.15000002, 0.14476208, 0.14111403, 0.14676043, 0.15009364, 0.14990582, 0.14946476, 0.13503413, 0.13725841, 0.15384078, 0.1521778, 0.15248616, 0.13923863, 0.15501311, 0.14395504, 0.010841055, 0.15010089, 0.12974134, 0.015078389, 0.10159058, 0.13556011, 0.07952386, 0.1328061, 0.08732646, 0.14545448], "var": [0.98, 0.96, 0.92, 0.92, 0.94, 0.92, 0.92, 0.92, 0.9, 0.86, 0.82, 0.8, 0.76, 0.78, 0.76, 0.76, 0.74, 0.72, 0.7, 0.7, 0.68, 0.68, 0.7, 0.7, 0.7], "best": [0.5666667, 0.6103175, 0.5992946, 0.6044135, 0.60173166, 0.6060186, 0.6086678, 0.61293805, 0.614089, 0.6160365, 0.6155226, 0.61890763, 0.62017417, 0.6213096, 0.6235203, 0.6268723, 0.6282567, 0.6294205, 0.6321429, 0.63629526, 0.6251083, 0.6369195, 0.64054626, 0.64325964, 0.64488876], "duration": [1179, 1143, 1231, 1123, 1118, 1121, 1313, 1122, 1171, 1136, 1117, 1121, 1115, 1120, 1142, 1132, 1124, 1129, 1135, 1124, 1131, 1133, 1118, 1288, 1127]}