{"avg": [0.4466667, 0.43195772, 0.4704949, 0.4543263, 0.49324122, 0.47288805, 0.5157212, 0.4762914, 0.47536823, 0.55631566, 0.5003191, 0.4900294, 0.50817627, 0.55834985, 0.5627963, 0.6000307, 0.5581305, 0.56882554, 0.60287154, 0.5856071, 0.61029005, 0.588595, 0.607979, 0.61464345, 0.61138195, 0.59126335, 0.6147145, 0.6227337, 0.6199437, 0.59973186, 0.6298701, 0.6413837, 0.6339863, 0.636601, 0.6401645, 0.64875084, 0.65088284, 0.66678214, 0.64635956, 0.65984815, 0.6357403, 0.6686083, 0.6596941, 0.6454673, 0.6903115, 0.67741907, 0.6931609, 0.6992883, 0.6995037, 0.7106755], "std": [0.14696941, 0.14776392, 0.149798, 0.1529606, 0.1425205, 0.14814764, 0.13469283, 0.14996049, 0.15007155, 0.10415534, 0.14303586, 0.14598589, 0.13915607, 0.10585019, 0.1023578, 0.00829682, 0.10911261, 0.10107931, 0.008780485, 0.08090871, 0.011074637, 0.084618166, 0.0135238, 0.010441482, 0.014211151, 0.082781, 0.014444716, 0.0143764205, 0.020749148, 0.08761319, 0.01787698, 0.016953357, 0.018264173, 0.02203648, 0.022436507, 0.019696191, 0.024121277, 0.009094704, 0.09352451, 0.024733203, 0.097952366, 0.033595122, 0.095959574, 0.09730114, 0.025412383, 0.034948632, 0.025544869, 0.021644285, 0.026277317, 0.008322466], "var": [1.0, 0.98, 0.94, 0.94, 0.9, 0.88, 0.88, 0.86, 0.82, 0.82, 0.8, 0.76, 0.74, 0.74, 0.74, 0.72, 0.68, 0.64, 0.66, 0.66, 0.64, 0.66, 0.64, 0.64, 0.62, 0.6, 0.6, 0.58, 0.54, 0.52, 0.5, 0.5, 0.48, 0.46, 0.44, 0.44, 0.42, 0.38, 0.38, 0.38, 0.36, 0.34, 0.32, 0.28, 0.26, 0.22, 0.2, 0.18, 0.18, 0.18], "best": [0.5666667, 0.6031747, 0.6063493, 0.60466063, 0.6035331, 0.6009895, 0.6060042, 0.605385, 0.6049181, 0.6076817, 0.61224943, 0.611593, 0.61093956, 0.6107497, 0.61066496, 0.6132639, 0.6154332, 0.61745435, 0.62125856, 0.6214368, 0.6233303, 0.6276603, 0.63020575, 0.63152254, 0.63365513, 0.6359364, 0.6371453, 0.63900447, 0.6428133, 0.64562523, 0.64796877, 0.65251935, 0.65715253, 0.6596683, 0.66222227, 0.6656457, 0.6698413, 0.67364365, 0.67746633, 0.6819175, 0.6851374, 0.6874043, 0.69087917, 0.6950311, 0.6974102, 0.70131487, 0.7037549, 0.7066418, 0.71000516, 0.713078], "duration": [1154, 1129, 1133, 1116, 1116, 1125, 1134, 1127, 1128, 1139, 1129, 1129, 1122, 1139, 1130, 1132, 1127, 1329, 1138, 1133, 1137, 1139, 1320, 1135, 1335, 1136, 1318, 1132, 1141, 1122, 1507, 1135, 1136, 1126, 1128, 1130, 1169, 1122, 1127, 1129, 1126, 1125, 1128, 1128, 1305, 1128, 1122, 1124, 1139, 1122]}