{"avg": [0.47450992, 0.45986715, 0.45922333, 0.47586244, 0.48040295, 0.47570044, 0.47627947, 0.5130768, 0.49183744, 0.49355748, 0.494492, 0.51355445, 0.5360124, 0.54291177, 0.5413649, 0.52958477, 0.5267529, 0.5213565, 0.55819, 0.5288343, 0.54432505, 0.5569779, 0.5552794, 0.56540656, 0.53239524, 0.5785913, 0.57996154, 0.5647152, 0.5726595, 0.5859534, 0.5943061, 0.5920521, 0.58877534, 0.6043822, 0.604689, 0.6006364, 0.604392, 0.6132123, 0.5987931, 0.6111669, 0.61792123, 0.62404364, 0.6129295, 0.62327695, 0.6318575, 0.62872285, 0.63201326, 0.6454503, 0.6457629, 0.6470335, 0.6452896, 0.6448266, 0.6651144, 0.6629451, 0.666393, 0.66173023, 0.6624132, 0.65643793, 0.6802676, 0.67900753, 0.6694047, 0.68263155, 0.6898891, 0.68390864, 0.68862873, 0.6968253, 0.6944608, 0.69103754, 0.70246273, 0.704305, 0.7060765, 0.7086468, 0.7013659, 0.7121716, 0.714219, 0.7164205, 0.71752226, 0.7199775, 0.7216922, 0.7231665, 0.72451085, 0.7260112, 0.7273839, 0.72881395, 0.7304669, 0.7318229, 0.7331467, 0.7345994, 0.7357816, 0.73716664, 0.7385169, 0.7397615, 0.74083555, 0.74181837, 0.7429189, 0.74392956, 0.7449855, 0.74589145, 0.7470948, 0.7480856, 0.7489361, 0.74977195, 0.75065124, 0.7515144, 0.7524176, 0.7533585, 0.75422645, 0.7551307, 0.7559137, 0.7568353, 0.7575889, 0.75828063, 0.75920194, 0.75991535, 0.7607097, 0.761444, 0.76212037, 0.76278603, 0.76339793, 0.76417077, 0.76484585, 0.76550955, 0.7660812, 0.7696076, 0.7672395, 0.7678252, 0.7684403, 0.76897055, 0.76953036, 0.77011865, 0.7706976, 0.77126765, 0.7717941, 0.77231306, 0.7728585, 0.7733622, 0.7739248, 0.7743816, 0.7749281, 0.7754033, 0.7759342, 0.7824133, 0.7769416, 0.7773899, 0.77777374, 0.77818197, 0.7814204, 0.77909666, 0.77948886, 0.7799317], "std": [0.065983936, 0.089054935, 0.08475934, 0.10597869, 0.10459902, 0.103178546, 0.082504235, 0.072642535, 0.083117455, 0.078482136, 0.10867595, 0.0942391, 0.042106174, 0.040808484, 0.042996958, 0.061356317, 0.089774504, 0.0971465, 0.016000727, 0.0992221, 0.093499936, 0.050805256, 0.047909938, 0.01795011, 0.10636508, 0.014399622, 0.0140079195, 0.049960576, 0.048941802, 0.01505359, 0.01605151, 0.020707713, 0.024381356, 0.0071167676, 0.019239452, 0.024549358, 0.021877501, 0.01588129, 0.029436316, 0.025000362, 0.024335006, 0.018491117, 0.035112225, 0.029660258, 0.016789215, 0.031896178, 0.02831152, 0.01393163, 0.026964815, 0.020515302, 0.03245393, 0.036892533, 0.0, 0.015636165, 0.017432813, 0.033440232, 0.0371715, 0.044019356, 0.0012899745, 0.018315943, 0.04497905, 0.020275522, 0.0016170599, 0.03137924, 0.020027727, 1.1920929e-07, 0.019727457, 0.036389224, 0.00197972, 0.0021617142, 0.0019423822, 0.0, 0.03565222, 5.9604645e-08, 1.1920929e-07, 5.9604645e-08, 0.0021257454, 1.1920929e-07, 1.1920929e-07, 0.0, 0.0, 5.9604645e-08, 1.1920929e-07, 1.1920929e-07, 0.0, 1.1920929e-07, 5.9604645e-08, 1.1920929e-07, 5.9604645e-08, 1.1920929e-07, 1.1920929e-07, 1.1920929e-07, 5.9604645e-08, 5.9604645e-08, 0.0, 1.1920929e-07, 1.1920929e-07, 1.1920929e-07, 5.9604645e-08, 5.9604645e-08, 5.9604645e-08, 1.1920929e-07, 1.1920929e-07, 5.9604645e-08, 0.0, 1.1920929e-07, 5.9604645e-08, 0.0, 0.0, 5.9604645e-08, 5.9604645e-08, 1.1920929e-07, 5.9604645e-08, 0.0, 0.0, 1.1920929e-07, 1.1920929e-07, 1.1920929e-07, 5.9604645e-08, 1.1920929e-07, 0.0, 5.9604645e-08, 0.0, 0.01108639, 5.9604645e-08, 5.9604645e-08, 5.9604645e-08, 0.0, 5.9604645e-08, 5.9604645e-08, 0.0, 5.9604645e-08, 5.9604645e-08, 1.1920929e-07, 1.1920929e-07, 5.9604645e-08, 0.0, 5.9604645e-08, 0.0, 5.9604645e-08, 0.0, 0.015108205, 1.1920929e-07, 5.9604645e-08, 1.1920929e-07, 5.9604645e-08, 0.010758286, 5.9604645e-08, 1.1920929e-07, 5.9604645e-08], "var": [1.0, 1.0, 0.98, 0.96, 0.94, 0.94, 0.9, 0.88, 0.86, 0.86, 0.86, 0.84, 0.82, 0.78, 0.74, 0.72, 0.68, 0.64, 0.6, 0.6, 0.58, 0.58, 0.58, 0.58, 0.6, 0.56, 0.54, 0.52, 0.48, 0.48, 0.48, 0.48, 0.44, 0.48, 0.46, 0.42, 0.42, 0.4, 0.38, 0.36, 0.36, 0.38, 0.36, 0.32, 0.3, 0.26, 0.24, 0.22, 0.2, 0.18, 0.18, 0.16, 0.16, 0.16, 0.16, 0.14, 0.14, 0.1, 0.1, 0.1, 0.08, 0.08, 0.08, 0.08, 0.08, 0.08, 0.06, 0.06, 0.06, 0.06, 0.06, 0.06, 0.04, 0.04, 0.04, 0.04, 0.02, 0.02, 0.02, 0.02, 0.02, 0.02, 0.02, 0.02, 0.02, 0.02, 0.02, 0.02, 0.02, 0.02, 0.02, 0.02, 0.02, 0.02, 0.02, 0.02, 0.02, 0.02, 0.02, 0.02, 0.02, 0.02, 0.02, 0.02, 0.02, 0.02, 0.02, 0.02, 0.02, 0.02, 0.02, 0.02, 0.02, 0.02, 0.02, 0.02, 0.02, 0.02, 0.02, 0.02, 0.02, 0.02, 0.02, 0.02, 0.02, 0.02, 0.02, 0.02, 0.02, 0.02, 0.02, 0.02, 0.02, 0.02, 0.02, 0.02, 0.02, 0.02, 0.02, 0.02, 0.02, 0.02, 0.02, 0.02, 0.02, 0.02, 0.02, 0.02, 0.02, 0.02], "best": [0.51111114, 0.55592906, 0.5545285, 0.5525397, 0.5554335, 0.5505928, 0.55063003, 0.55451614, 0.5587302, 0.5518336, 0.55887717, 0.5618594, 0.561722, 0.563101, 0.5687665, 0.5673611, 0.5722285, 0.570853, 0.5754458, 0.5779015, 0.58004117, 0.58267975, 0.5851554, 0.58686286, 0.58920145, 0.59162414, 0.5941289, 0.59596366, 0.5973875, 0.6005246, 0.6034348, 0.60721153, 0.6101086, 0.61214435, 0.6145338, 0.6181475, 0.6209662, 0.6233791, 0.6267349, 0.6281201, 0.6308337, 0.6344379, 0.6381668, 0.640702, 0.64373493, 0.646388, 0.648892, 0.65159696, 0.6550976, 0.65797246, 0.6605938, 0.6630824, 0.6651144, 0.6683514, 0.67122805, 0.67382336, 0.6763661, 0.67876434, 0.6805805, 0.68373656, 0.6862614, 0.688255, 0.69030654, 0.69277614, 0.6947101, 0.69682544, 0.6992454, 0.7015422, 0.70299184, 0.70492905, 0.70656216, 0.7086468, 0.7105712, 0.7121717, 0.71421885, 0.71642053, 0.7180234, 0.7199776, 0.7216923, 0.7231665, 0.72451085, 0.72601116, 0.72738403, 0.7288138, 0.7304669, 0.7318228, 0.7331468, 0.73459953, 0.73578155, 0.73716676, 0.73851705, 0.7397616, 0.7408356, 0.7418183, 0.7429189, 0.74392945, 0.7449854, 0.74589133, 0.74709475, 0.74808556, 0.7489362, 0.74977183, 0.7506511, 0.7515143, 0.7524176, 0.75335836, 0.7542264, 0.7551307, 0.7559137, 0.75683534, 0.75758886, 0.7582805, 0.7592019, 0.75991535, 0.7607097, 0.76144385, 0.7621205, 0.76278615, 0.7633979, 0.7641709, 0.76484585, 0.7655095, 0.7660812, 0.81108916, 0.76723945, 0.76782525, 0.76844037, 0.76897055, 0.7695304, 0.7701186, 0.7706976, 0.7712676, 0.771794, 0.77231294, 0.7728584, 0.7733623, 0.7739248, 0.7743815, 0.7749281, 0.7754034, 0.7759342, 0.82093185, 0.7769417, 0.77738994, 0.7777736, 0.7781819, 0.823087, 0.7790967, 0.779489, 0.77993166], "duration": [31600, 26938, 25167, 27038, 26973, 31493, 26930, 31530, 26955, 27050, 31518, 26995, 27065, 27044, 27054, 26928, 31490, 36055, 27047, 27058, 27014, 27089, 27015, 36094, 26951, 27029, 27047, 31576, 27018, 27088, 31506, 31579, 27090, 27296, 27002, 31610, 27097, 27115, 27093, 27131, 27030, 27104, 27210, 27080, 27122, 27087, 27088, 27126, 27150, 27124, 27128, 27116, 27076, 27157, 27154, 27186, 27195, 31744, 27254, 27172, 27242, 27268, 27275, 27229, 27608, 27253, 31707, 27197, 27232, 27243, 27226, 27237, 27243, 27305, 36261, 27196, 36265, 27152, 27139, 27067, 26997, 27064, 27077, 31592, 27093, 27058, 31611, 27003, 31662, 27070, 31612, 27036, 27050, 27050, 27062, 31628, 27024, 31596, 27065, 27073, 27094, 27117, 27075, 27019, 27085, 27032, 27030, 27030, 36037, 27089, 27184, 40662, 27133, 31616, 31568, 31562, 27101, 27193, 27101, 27071, 27198, 27161, 27155, 27038, 27156, 31669, 27109, 27106, 27153, 27110, 27163, 27219, 27117, 27022, 27091, 31606, 27194, 27087, 31627, 27048, 36078, 27580, 27039, 27086, 27078, 27008, 27093, 26991, 27094, 27079]}