{"avg": [0.41830072, 0.4416382, 0.39992, 0.4241538, 0.37149945, 0.39343476, 0.39042485, 0.45394135, 0.45292777, 0.41996342, 0.45099708, 0.48597246, 0.39193627, 0.4667103, 0.49878103, 0.4577211, 0.47813523, 0.46118724, 0.40425766, 0.4602248, 0.47397393, 0.46420765, 0.49023616, 0.4409738, 0.50381047, 0.47989786, 0.43918455, 0.48051268, 0.48867592, 0.455952, 0.50252604, 0.51879245, 0.4904366, 0.48518413, 0.49957326, 0.5197096, 0.45751703, 0.5175575, 0.5301716, 0.5209376, 0.50974715, 0.53464484, 0.53319246, 0.52096504, 0.5087098, 0.5013454, 0.5161245, 0.53552395, 0.52690566, 0.5261039], "std": [0.12343083, 0.12014756, 0.11820702, 0.14844137, 0.17267169, 0.12543094, 0.1378288, 0.09938674, 0.13894396, 0.123507075, 0.10563814, 0.0839092, 0.14617382, 0.08346138, 0.0954174, 0.08790062, 0.11900907, 0.107605554, 0.13588229, 0.12597047, 0.0842106, 0.1379157, 0.082147345, 0.11268818, 0.06913183, 0.08269521, 0.1248656, 0.10774479, 0.07947831, 0.087582245, 0.07127576, 0.06002939, 0.13301432, 0.10683257, 0.100980215, 0.057887476, 0.09833775, 0.059132528, 0.03920836, 0.057944898, 0.06928671, 0.037084196, 0.035820514, 0.05926281, 0.07509268, 0.07469845, 0.06185987, 0.038721804, 0.06030447, 0.06147285], "var": [0.984, 0.984, 0.984, 0.976, 0.96, 0.952, 0.952, 0.936, 0.928, 0.92, 0.904, 0.888, 0.88, 0.872, 0.872, 0.864, 0.848, 0.84, 0.84, 0.824, 0.832, 0.832, 0.816, 0.8, 0.792, 0.792, 0.776, 0.776, 0.776, 0.768, 0.752, 0.752, 0.752, 0.744, 0.728, 0.72, 0.712, 0.712, 0.712, 0.696, 0.688, 0.68, 0.672, 0.672, 0.656, 0.64, 0.624, 0.616, 0.6, 0.592], "best": [0.51111114, 0.55732965, 0.5444445, 0.5440782, 0.54614514, 0.5426726, 0.54370475, 0.5374787, 0.54519814, 0.53919417, 0.54689425, 0.54776037, 0.5497304, 0.5458201, 0.5405287, 0.5420999, 0.5467404, 0.54738474, 0.54795563, 0.548465, 0.548322, 0.54877704, 0.5479133, 0.54891926, 0.54903424, 0.54904217, 0.5492593, 0.5511336, 0.55182886, 0.54185915, 0.5517896, 0.5521115, 0.55221707, 0.55107266, 0.5527677, 0.55427575, 0.5544047, 0.5551476, 0.55516785, 0.5545076, 0.5556892, 0.55670387, 0.55662256, 0.55757344, 0.55835325, 0.55728626, 0.5585195, 0.559349, 0.5600866, 0.56115913], "duration": [27144, 25134, 24807, 27072, 24857, 24535, 25039, 29582, 27052, 27026, 26986, 27048, 26951, 26954, 31548, 26998, 27087, 26960, 26625, 27026, 27052, 26779, 26976, 26876, 31523, 26953, 26997, 26977, 27031, 26665, 27045, 27054, 26971, 27005, 27028, 27073, 26970, 27048, 27026, 27027, 27000, 27019, 27024, 27010, 27013, 26706, 27010, 27064, 31529, 27038]}