{"avg": [0.11428573, 0.09964475, 0.13399796, 0.1488214, 0.18788119, 0.20780171, 0.17936733, 0.21496323, 0.159745, 0.2226271, 0.2490702, 0.210601, 0.20647219, 0.17544644, 0.17331718, 0.21380147, 0.29936725, 0.23523647, 0.2587555, 0.28298372, 0.31007046, 0.31653392, 0.32640627, 0.34551784, 0.32294425, 0.34846383, 0.3086656, 0.31342945, 0.35794067, 0.3447416, 0.3341988, 0.30168116, 0.40218943, 0.39144096, 0.3905062, 0.3807738, 0.35408938, 0.40522465, 0.4013274, 0.42559135, 0.4052073, 0.37528554, 0.4034127, 0.43694624, 0.39295086, 0.43067428, 0.3689472, 0.38079858, 0.4002148, 0.44317082], "std": [0.11512042, 0.11112598, 0.112517916, 0.10744999, 0.09043783, 0.15552664, 0.103456415, 0.13309328, 0.14119516, 0.1231805, 0.10159703, 0.12540245, 0.10763288, 0.13756572, 0.11360022, 0.116082564, 0.11603702, 0.14554402, 0.108338825, 0.13350207, 0.1069284, 0.107252374, 0.101461105, 0.13220647, 0.087726854, 0.11854469, 0.09587506, 0.13242044, 0.08611617, 0.13080996, 0.116816156, 0.14280882, 0.06977419, 0.08157719, 0.0689442, 0.06100948, 0.085370414, 0.03932945, 0.10660345, 0.040691353, 0.05059665, 0.12146543, 0.06148182, 0.06255233, 0.07348472, 0.03759099, 0.11638513, 0.12597904, 0.08997845, 0.0641934], "var": [1.0, 1.0, 1.0, 0.98, 0.96, 0.94, 0.92, 0.9, 0.88, 0.86, 0.86, 0.86, 0.88, 0.88, 0.86, 0.86, 0.84, 0.82, 0.82, 0.82, 0.82, 0.8, 0.78, 0.78, 0.78, 0.78, 0.78, 0.78, 0.74, 0.74, 0.74, 0.72, 0.7, 0.68, 0.68, 0.66, 0.68, 0.68, 0.64, 0.64, 0.64, 0.62, 0.6, 0.62, 0.62, 0.64, 0.64, 0.64, 0.6, 0.6], "best": [0.3555556, 0.3213152, 0.38264918, 0.38711706, 0.37769428, 0.53687763, 0.3809885, 0.53766793, 0.3848296, 0.3909248, 0.39414883, 0.3961304, 0.38837412, 0.39019844, 0.39049828, 0.38886803, 0.3994666, 0.5442974, 0.39627334, 0.40186554, 0.54690325, 0.40324858, 0.54900914, 0.5482593, 0.40151942, 0.5527778, 0.41081935, 0.5537769, 0.5507033, 0.5521077, 0.41675827, 0.4184913, 0.55439687, 0.5528587, 0.5559449, 0.42454663, 0.42664525, 0.4286731, 0.55848885, 0.553765, 0.4378032, 0.5495124, 0.4408761, 0.55897933, 0.44654074, 0.55665535, 0.4497614, 0.55934566, 0.5569865, 0.5497513], "duration": [5687, 2210, 1944, 1827, 3831, 5774, 1966, 6373, 3815, 1930, 5807, 8000, 7588, 5684, 1908, 6072, 9598, 5767, 7570, 3865, 7730, 7952, 6159, 7695, 8027, 7656, 3875, 5773, 9651, 3863, 7177, 7729, 8107, 5775, 11528, 3879, 5864, 7791, 6117, 9587, 7709, 7750, 4185, 7736, 6104, 8021, 6094, 5859, 8137, 11536]}