{"avg": [0.41666672, 0.39285716, 0.40001258, 0.46746308, 0.43776423, 0.4529568, 0.48775697, 0.51835275, 0.51833403, 0.44640917, 0.46693727, 0.46795347, 0.5157066, 0.47458342, 0.5131372, 0.6054472, 0.49149823, 0.54258436, 0.6132333, 0.57641673, 0.52908653, 0.59797454, 0.5565593, 0.5942218, 0.52856225, 0.5590393, 0.56102276, 0.58052766, 0.560227, 0.6318842, 0.6355749, 0.60886, 0.5789145, 0.5748568, 0.63995534, 0.6265392, 0.6447311, 0.5881129, 0.6345448, 0.66476846, 0.66603684, 0.6780049, 0.6797253, 0.68405724, 0.6782563, 0.68780816, 0.6947253, 0.69759804, 0.69522685, 0.70601135, 0.71107656, 0.7129829, 0.708344, 0.71625745, 0.7220034, 0.7274745, 0.73030597, 0.73066247, 0.73082924, 0.737097, 0.7438673, 0.7444588, 0.7437485, 0.7502422, 0.7524894, 0.7554145, 0.75765604, 0.7537378, 0.75350225, 0.7619954, 0.7610303, 0.7627143, 0.76850605, 0.76780105, 0.7717599], "std": [0.15000002, 0.14476208, 0.14111403, 0.14676043, 0.15009364, 0.14990582, 0.14946476, 0.13503413, 0.13725841, 0.15384078, 0.1521778, 0.15248616, 0.13923863, 0.15501311, 0.14395504, 0.010841055, 0.15010089, 0.12974134, 0.015078389, 0.10159058, 0.13556011, 0.07952386, 0.1328061, 0.08732646, 0.14545448, 0.13062945, 0.13249782, 0.10807599, 0.12998486, 0.019454435, 0.014076417, 0.08679102, 0.1339196, 0.13451387, 0.019697895, 0.0849114, 0.01952448, 0.14869826, 0.089991495, 0.01315776, 0.020366542, 0.009510316, 0.011862814, 0.015139837, 0.017974382, 0.015458123, 0.016354103, 0.018357303, 0.017264016, 0.010781269, 0.008601835, 0.015808053, 0.021430336, 0.014954876, 0.016740113, 0.011455537, 0.011436111, 0.019211343, 0.019548023, 0.010652377, 0.0019504358, 0.00987044, 0.012049913, 0.006323902, 0.0052765557, 0.0016691127, 0.0018858295, 0.015298851, 0.01667125, 0.0035154927, 0.015258846, 0.01540094, 0.0, 0.0062227165, 5.9604645e-08], "var": [0.98, 0.96, 0.92, 0.92, 0.94, 0.92, 0.92, 0.92, 0.9, 0.86, 0.82, 0.8, 0.76, 0.78, 0.76, 0.76, 0.74, 0.72, 0.7, 0.7, 0.68, 0.68, 0.7, 0.7, 0.7, 0.7, 0.7, 0.66, 0.62, 0.6, 0.58, 0.54, 0.5, 0.48, 0.48, 0.44, 0.4, 0.36, 0.32, 0.3, 0.28, 0.26, 0.26, 0.24, 0.24, 0.22, 0.22, 0.2, 0.18, 0.18, 0.18, 0.18, 0.18, 0.18, 0.18, 0.18, 0.18, 0.18, 0.14, 0.14, 0.14, 0.14, 0.12, 0.1, 0.1, 0.1, 0.1, 0.1, 0.1, 0.08, 0.08, 0.08, 0.08, 0.08, 0.08], "best": [0.5666667, 0.6103175, 0.5992946, 0.6044135, 0.60173166, 0.6060186, 0.6086678, 0.61293805, 0.614089, 0.6160365, 0.6155226, 0.61890763, 0.62017417, 0.6213096, 0.6235203, 0.6268723, 0.6282567, 0.6294205, 0.6321429, 0.63629526, 0.6251083, 0.6369195, 0.64054626, 0.64325964, 0.64488876, 0.64607334, 0.6475112, 0.6498267, 0.6511127, 0.6523918, 0.6558876, 0.6591537, 0.6608844, 0.6635015, 0.66545576, 0.6678904, 0.6708603, 0.6732447, 0.6761742, 0.67912704, 0.6833257, 0.68669075, 0.69030726, 0.6937945, 0.69710916, 0.6998695, 0.7035547, 0.7073296, 0.71023077, 0.71383584, 0.7171955, 0.72022915, 0.723469, 0.7259631, 0.7288197, 0.73161685, 0.73447496, 0.737568, 0.739784, 0.742146, 0.74457955, 0.74729073, 0.7498094, 0.7519962, 0.7540126, 0.7558319, 0.7581791, 0.76005095, 0.761954, 0.7633993, 0.7651085, 0.7668303, 0.76850605, 0.770128, 0.77175987], "duration": [1173, 1117, 1114, 1116, 1119, 1114, 1311, 1142, 1125, 1121, 1118, 1122, 1133, 1125, 1116, 1125, 1121, 1127, 1125, 1127, 1152, 1147, 1157, 1149, 1185, 1585, 1387, 1560, 1574, 1310, 1820, 1316, 1310, 1242, 1436, 1263, 1267, 1332, 1358, 1582, 1355, 1300, 1314, 1335, 1358, 1378, 1381, 1332, 1793, 1608, 1329, 1351, 1578, 1297, 1316, 1263, 1548, 1361, 1320, 1510, 1265, 1287, 1542, 1365, 1356, 1346, 1308, 1303, 1316, 1317, 1752, 1343, 1377, 1294, 1144]}