{"avg": [0.10317461, 0.13982831, 0.14856765, 0.15820281, 0.15360625, 0.15757748, 0.20078942, 0.114253655, 0.15410586, 0.18794663, 0.21610697, 0.17030792, 0.26987457, 0.25022307, 0.19375144, 0.2813898, 0.24268353, 0.2865402, 0.2868989, 0.2550188, 0.2643122, 0.2742152, 0.21074076, 0.36199817, 0.29408982, 0.33348534, 0.30037117, 0.28445652, 0.3518879, 0.38089988, 0.3014209, 0.35644537, 0.34746128, 0.3708812, 0.41202626, 0.4415757, 0.41182518, 0.3840927, 0.4109825, 0.46196178, 0.42900732, 0.41008562, 0.47434965, 0.44630998, 0.4880425, 0.48359442, 0.42545417, 0.4570174, 0.4929024, 0.43826678], "std": [0.07771297, 0.11583485, 0.13603058, 0.15318035, 0.10407747, 0.13474989, 0.18025339, 0.09403649, 0.14278549, 0.16447055, 0.109780505, 0.10294297, 0.1198273, 0.11690302, 0.13275836, 0.15021463, 0.1853081, 0.16945353, 0.13385262, 0.19570625, 0.18056402, 0.1384457, 0.11163489, 0.17283154, 0.18527834, 0.14867784, 0.14440998, 0.16548406, 0.15954697, 0.15615126, 0.17942753, 0.16293378, 0.1755104, 0.16571663, 0.17266417, 0.14435863, 0.18788874, 0.1620177, 0.16271958, 0.14734311, 0.15490302, 0.14359507, 0.11094939, 0.12723555, 0.10762781, 0.119153656, 0.13306546, 0.15473711, 0.1316329, 0.15467043], "var": [0.98, 0.98, 0.98, 0.96, 0.98, 0.96, 0.96, 0.94, 0.94, 0.92, 0.94, 0.94, 0.94, 0.92, 0.92, 0.92, 0.92, 0.92, 0.92, 0.9, 0.9, 0.9, 0.9, 0.9, 0.92, 0.92, 0.92, 0.92, 0.94, 0.92, 0.92, 0.9, 0.88, 0.86, 0.84, 0.82, 0.78, 0.76, 0.76, 0.74, 0.74, 0.72, 0.74, 0.74, 0.74, 0.74, 0.76, 0.78, 0.76, 0.76], "best": [0.20000002, 0.3827665, 0.53832203, 0.54267263, 0.37644115, 0.5415344, 0.5451643, 0.22332855, 0.5278196, 0.54473525, 0.5455384, 0.39228615, 0.544819, 0.5318365, 0.5465406, 0.54687834, 0.53313494, 0.5350137, 0.54599077, 0.55342984, 0.54777783, 0.5375662, 0.38867247, 0.5488613, 0.5502456, 0.55138004, 0.55291414, 0.5540492, 0.5542902, 0.55628544, 0.55376345, 0.5588292, 0.5499633, 0.5603578, 0.56179655, 0.56397265, 0.56542397, 0.5662685, 0.56732583, 0.5690241, 0.5678023, 0.57046676, 0.5713267, 0.57313657, 0.5750884, 0.5773652, 0.5699405, 0.5793327, 0.58092284, 0.58294326], "duration": [2236, 2027, 4094, 4119, 2251, 4045, 6017, 2303, 4242, 7827, 3910, 2117, 6014, 6017, 4058, 9690, 9978, 5878, 5876, 10167, 11940, 7814, 2454, 15794, 7854, 7892, 12676, 9797, 12400, 13917, 9703, 11577, 11953, 11614, 13534, 13529, 13521, 9694, 11611, 11678, 11609, 13510, 15792, 13507, 13520, 15821, 13525, 15763, 13526, 11611]}