{"avg": [0.3412698, 0.35483, 0.4381344, 0.39212155, 0.43918598, 0.44844797, 0.46986857, 0.4394499, 0.47742376, 0.47714838, 0.48413962, 0.4843916, 0.47334144, 0.5171739, 0.4985556, 0.5257512, 0.5043423, 0.50800633, 0.5259525, 0.5327372, 0.54979074, 0.5205366, 0.5617028, 0.5396663, 0.51529366, 0.5460468, 0.54008764, 0.5271432, 0.5519569, 0.5741394, 0.56678694, 0.5792262, 0.5774528, 0.57189506, 0.59621686, 0.59156066, 0.5974547, 0.601964, 0.6044874, 0.61750275, 0.61625737, 0.61913615, 0.61864394, 0.6163964, 0.63322645, 0.63844424, 0.6426844, 0.6432833, 0.6358638, 0.6580586], "std": [0.0842467, 0.13791513, 0.1267882, 0.13525768, 0.108683005, 0.11119912, 0.08853124, 0.1213516, 0.10621739, 0.11287503, 0.080559544, 0.086566344, 0.1153334, 0.072680235, 0.079616755, 0.06188254, 0.10549921, 0.07117421, 0.0687111, 0.06666118, 0.04853239, 0.08076923, 0.019421125, 0.059228633, 0.10758162, 0.07422364, 0.07987386, 0.11114285, 0.063137986, 0.021046882, 0.049610876, 0.021553965, 0.023759592, 0.064720504, 0.016077718, 0.023586215, 0.020272832, 0.022543542, 0.018743454, 0.012601938, 0.021174142, 0.021543497, 0.028358094, 0.03129175, 0.016584104, 0.016815769, 0.01790993, 0.020649418, 0.03493237, 5.9604645e-08], "var": [0.98, 0.96, 0.92, 0.9, 0.88, 0.88, 0.84, 0.8, 0.8, 0.76, 0.72, 0.7, 0.66, 0.68, 0.66, 0.62, 0.58, 0.6, 0.58, 0.56, 0.54, 0.54, 0.54, 0.52, 0.48, 0.44, 0.4, 0.4, 0.38, 0.36, 0.34, 0.3, 0.28, 0.24, 0.24, 0.2, 0.18, 0.16, 0.16, 0.14, 0.14, 0.18, 0.16, 0.16, 0.16, 0.16, 0.14, 0.14, 0.12, 0.12], "best": [0.51111114, 0.5349207, 0.55298305, 0.5520857, 0.55664164, 0.5593651, 0.5612904, 0.5607143, 0.5647771, 0.5679256, 0.57304513, 0.55304235, 0.57014906, 0.57170695, 0.5726984, 0.5724328, 0.574512, 0.57480377, 0.5738448, 0.5769148, 0.5781441, 0.57895774, 0.5800441, 0.58234507, 0.5838418, 0.5869225, 0.5908188, 0.59317684, 0.594658, 0.5956635, 0.59809595, 0.5999613, 0.60227966, 0.60403633, 0.60648173, 0.61059636, 0.6136625, 0.6167205, 0.6202414, 0.62253046, 0.6267305, 0.63045317, 0.6344617, 0.6379319, 0.64085436, 0.644611, 0.64836603, 0.65202403, 0.6554642, 0.65805864], "duration": [31419, 25461, 27509, 24770, 31703, 31838, 27344, 31561, 36439, 27320, 28292, 27142, 26940, 27252, 43276, 27243, 27111, 27176, 27296, 27119, 27312, 27298, 27262, 27345, 31866, 27342, 27199, 27275, 27294, 27297, 27260, 27270, 27287, 27234, 27235, 31787, 27249, 27255, 27304, 27229, 27313, 27204, 27316, 40869, 27286, 27249, 27351, 27305, 27379, 27335]}