{"avg": [0.14355558, 0.17333652, 0.16758256, 0.17204446, 0.1690492, 0.1781651, 0.16000794, 0.16044854, 0.16760398, 0.16144446, 0.15821144, 0.16290101, 0.16643892, 0.16713382, 0.15277758, 0.16341081, 0.17048456, 0.15585043, 0.17500001, 0.16990493, 0.17715843, 0.17284991, 0.1832902, 0.181184, 0.18636985, 0.18250568, 0.19593662, 0.1872836, 0.1976968, 0.1886735, 0.19537811, 0.20248123, 0.20328735, 0.21515845, 0.20382656, 0.21082005, 0.20405635, 0.19011272, 0.21162651, 0.21344103, 0.20508304, 0.19990116, 0.19641837, 0.209125, 0.21390837, 0.22558074, 0.2193158, 0.22433311, 0.23545417, 0.22600923], "std": [0.11557352, 0.118937895, 0.12996152, 0.12361519, 0.11871426, 0.12323218, 0.1168307, 0.12432508, 0.11380829, 0.11889732, 0.12133759, 0.1317647, 0.12399645, 0.12427844, 0.12643151, 0.120433375, 0.122096136, 0.11791354, 0.12589988, 0.13131808, 0.120787255, 0.12917712, 0.12107996, 0.11849458, 0.12237848, 0.12515217, 0.13162105, 0.11636704, 0.10629037, 0.1315724, 0.11711383, 0.11068888, 0.11795563, 0.113586575, 0.118000306, 0.124361545, 0.12526841, 0.13157775, 0.13144825, 0.118911654, 0.12565482, 0.12896486, 0.1320684, 0.13007468, 0.1332503, 0.13441196, 0.13709562, 0.12718296, 0.13404682, 0.12767886], "var": [1.0, 1.0, 0.98, 0.96, 0.94, 0.9, 0.86, 0.88, 0.86, 0.86, 0.86, 0.88, 0.86, 0.86, 0.86, 0.84, 0.86, 0.88, 0.86, 0.84, 0.88, 0.88, 0.9, 0.88, 0.86, 0.86, 0.84, 0.82, 0.82, 0.8, 0.8, 0.82, 0.78, 0.74, 0.72, 0.7, 0.74, 0.76, 0.76, 0.76, 0.76, 0.78, 0.74, 0.7, 0.72, 0.68, 0.66, 0.64, 0.66, 0.66], "best": [0.3555556, 0.38698417, 0.38722226, 0.3887302, 0.3850794, 0.39003178, 0.39000005, 0.39018145, 0.3906151, 0.39063495, 0.3913651, 0.3924387, 0.39345244, 0.39449334, 0.39541954, 0.39606354, 0.39680558, 0.39521945, 0.3979101, 0.398513, 0.399127, 0.39972794, 0.40049067, 0.40112495, 0.40192464, 0.40266037, 0.40330285, 0.40389773, 0.40450117, 0.40507942, 0.40565082, 0.406339, 0.40713298, 0.40803754, 0.40901497, 0.40975967, 0.4106085, 0.4113986, 0.41213453, 0.41293043, 0.41369843, 0.41432446, 0.414898, 0.4154227, 0.41614002, 0.41695243, 0.4178537, 0.41875723, 0.41947424, 0.42028835], "duration": [5047, 5039, 5135, 5080, 5028, 5068, 5048, 5026, 5058, 5044, 5053, 5058, 5054, 5044, 5042, 5062, 5065, 5037, 5063, 5104, 5073, 5024, 5043, 5031, 5065, 5034, 5067, 5070, 5059, 5060, 5121, 5070, 5056, 5065, 5073, 5067, 5326, 5047, 5048, 5062, 5036, 5053, 5051, 5048, 5054, 5057, 5108, 5023, 5070, 5078]}