{"avg": [0.43541667, 0.41384923, 0.41273257, 0.47562686, 0.42721358, 0.4664848, 0.4576191, 0.4310367, 0.42961657, 0.5028839, 0.44311816, 0.5087648, 0.47274002, 0.5559169, 0.5084141, 0.55610937, 0.5206037, 0.61252075, 0.570124, 0.5988515, 0.5731838, 0.58653104, 0.58169216, 0.58650935, 0.582414, 0.6024126, 0.62759554, 0.61296356, 0.6321767, 0.63872427, 0.6128653, 0.63342, 0.6414648, 0.6260288, 0.6317415, 0.6542556, 0.6520227, 0.66341054, 0.6379183, 0.6669726, 0.64742786, 0.6531057, 0.6788574, 0.675785, 0.6592719, 0.6669894, 0.66362685, 0.684541, 0.6926523, 0.6989478], "std": [0.14882353, 0.15418, 0.15028942, 0.15483269, 0.15243916, 0.15318757, 0.15649621, 0.15195683, 0.15333496, 0.13908619, 0.15543555, 0.14038374, 0.15363033, 0.11544235, 0.14505878, 0.10546741, 0.1386013, 0.008359972, 0.107813746, 0.078827776, 0.10683462, 0.09731614, 0.104286626, 0.11190335, 0.11457121, 0.08038036, 0.018465988, 0.07843577, 0.021786135, 0.016152484, 0.078883424, 0.024421364, 0.019774843, 0.08848008, 0.0851331, 0.021004746, 0.023714384, 0.009593229, 0.08942095, 0.013695426, 0.088318735, 0.09247987, 0.011257869, 0.024155846, 0.091510765, 0.0830675, 0.10032472, 0.02259083, 0.017503398, 0.01288411], "var": [0.98, 0.96, 0.96, 0.94, 0.94, 0.92, 0.92, 0.9, 0.88, 0.86, 0.84, 0.82, 0.8, 0.78, 0.76, 0.74, 0.7, 0.7, 0.68, 0.68, 0.64, 0.62, 0.62, 0.6, 0.58, 0.58, 0.56, 0.54, 0.5, 0.48, 0.46, 0.46, 0.44, 0.42, 0.42, 0.38, 0.34, 0.36, 0.4, 0.38, 0.36, 0.32, 0.3, 0.28, 0.26, 0.24, 0.24, 0.22, 0.2, 0.2], "best": [0.5666667, 0.6098215, 0.60814136, 0.6176871, 0.61688995, 0.61755955, 0.6176871, 0.6206069, 0.6233297, 0.61198694, 0.62034905, 0.62164265, 0.6222632, 0.6229854, 0.62555844, 0.62752426, 0.6270342, 0.627612, 0.6306075, 0.63194317, 0.6362755, 0.6375164, 0.64055836, 0.6405089, 0.64396954, 0.6457312, 0.64699495, 0.6494994, 0.6533633, 0.65529394, 0.6571728, 0.6579606, 0.6597573, 0.66231143, 0.6646284, 0.6676652, 0.6708386, 0.6735271, 0.6763241, 0.67800784, 0.6807136, 0.6830203, 0.6863905, 0.68889594, 0.69162405, 0.6941963, 0.6975704, 0.70047176, 0.70281476, 0.70545363], "duration": [1123, 1098, 1266, 1083, 1099, 1266, 1090, 1091, 1088, 1097, 1449, 1093, 1084, 1281, 1091, 1098, 1092, 1094, 1100, 1095, 1104, 1276, 1093, 1095, 1272, 1099, 1099, 1273, 1283, 1085, 1140, 1090, 1087, 1087, 1093, 1088, 1093, 1107, 1092, 1280, 1103, 1091, 1095, 1093, 1286, 1266, 1086, 1086, 1091, 1088]}