{"avg": [0.30196086, 0.43645194, 0.45444444, 0.4010668, 0.4372024, 0.4366533, 0.5050778, 0.51795316, 0.5058163, 0.5138662, 0.49746814, 0.5782103, 0.49643388, 0.4746599, 0.5019962, 0.5878965, 0.5676354, 0.59268725, 0.55656856, 0.54319334, 0.5252667, 0.596351, 0.57923204, 0.57301563, 0.59754646, 0.60559976, 0.6049616, 0.6090968, 0.55014414, 0.6063559, 0.612965, 0.639868, 0.60239506, 0.6209227, 0.6449712, 0.6287013, 0.64985234, 0.64021045, 0.6250895, 0.6023637, 0.65158606, 0.6524083, 0.65800035, 0.64650846, 0.6629503, 0.6452627, 0.64563084, 0.63941365, 0.6536457, 0.6781368], "std": [0.09665693, 0.14360106, 0.14701667, 0.14465065, 0.15012984, 0.15068834, 0.13830063, 0.13335472, 0.1416378, 0.13867937, 0.14373295, 0.07789781, 0.15006286, 0.15591748, 0.14728732, 0.08102532, 0.10584569, 0.0795014, 0.12681293, 0.1388619, 0.14647259, 0.08623759, 0.11388396, 0.115660846, 0.081575595, 0.07663649, 0.08374636, 0.08754664, 0.14665045, 0.080068894, 0.08101306, 0.013830326, 0.103488065, 0.08475274, 0.018256096, 0.07968597, 0.017722033, 0.077926494, 0.091223635, 0.111165255, 0.021772766, 0.023817817, 0.024547637, 0.09283351, 0.026052698, 0.08606399, 0.074178115, 0.09746268, 0.07175457, 0.014154365], "var": [1.0, 0.98, 0.96, 0.96, 0.96, 0.94, 0.94, 0.94, 0.92, 0.9, 0.9, 0.9, 0.88, 0.88, 0.88, 0.88, 0.86, 0.84, 0.84, 0.84, 0.82, 0.8, 0.78, 0.78, 0.76, 0.74, 0.74, 0.72, 0.7, 0.68, 0.68, 0.68, 0.66, 0.66, 0.64, 0.64, 0.6, 0.62, 0.62, 0.58, 0.58, 0.58, 0.56, 0.54, 0.56, 0.58, 0.58, 0.56, 0.56, 0.56], "best": [0.5666667, 0.6044819, 0.61056554, 0.6011146, 0.6068453, 0.60768795, 0.6084549, 0.6103175, 0.6131784, 0.61625624, 0.61048794, 0.61361694, 0.6146578, 0.6180999, 0.6213204, 0.62198883, 0.62680227, 0.62814504, 0.6316399, 0.63388896, 0.6331381, 0.6374479, 0.63982064, 0.6418756, 0.6423721, 0.64274704, 0.6454078, 0.647439, 0.6495652, 0.6504762, 0.65296346, 0.6528651, 0.6580953, 0.6581745, 0.6606987, 0.6636491, 0.6665063, 0.66800135, 0.6708585, 0.6727131, 0.67340827, 0.67503726, 0.67648137, 0.6787345, 0.68155545, 0.68360245, 0.68581396, 0.6876308, 0.6890292, 0.6917212], "duration": [1410, 1215, 1176, 1189, 1367, 1190, 1212, 1211, 1178, 1166, 1183, 1184, 1192, 1164, 1332, 1158, 1137, 1146, 1148, 1173, 1218, 1194, 1176, 1208, 1189, 1364, 1201, 1393, 1193, 1219, 1409, 1395, 1196, 1174, 1201, 1458, 1182, 1210, 1172, 1282, 1301, 1286, 1340, 1147, 1134, 1141, 1138, 1167, 1181, 1335]}