{"avg": [0.38750002, 0.40614417, 0.42025462, 0.43013096, 0.46834818, 0.461586, 0.4764541, 0.43515715, 0.4242386, 0.46919972, 0.4589525, 0.44289097, 0.50511277, 0.4751065, 0.45276502, 0.49696082, 0.48915693, 0.522112, 0.52071524, 0.4892697, 0.5202226, 0.5139204, 0.5636322, 0.52526116, 0.55808806, 0.5554527, 0.5602087, 0.53290045, 0.56763244, 0.55095, 0.5886757, 0.5797973, 0.5802715, 0.59018147, 0.6038972, 0.6114421, 0.6151784, 0.58216786, 0.6048256, 0.62567306, 0.633331, 0.6357525, 0.635078, 0.643345, 0.6322078, 0.641304, 0.6573363, 0.6549921, 0.65591174, 0.65864855], "std": [0.105692536, 0.12570147, 0.12845786, 0.10117637, 0.10906468, 0.1268793, 0.083830446, 0.11107006, 0.12905988, 0.10546507, 0.10713411, 0.12336939, 0.079115056, 0.08421692, 0.12906942, 0.105106816, 0.10324236, 0.06695988, 0.09310874, 0.13189879, 0.09871511, 0.10743293, 0.015960349, 0.075828366, 0.045691274, 0.046071872, 0.06650613, 0.08169268, 0.06060559, 0.07138435, 0.019963915, 0.051216558, 0.04988295, 0.06775389, 0.021945767, 0.019647392, 0.017756948, 0.0852417, 0.075905554, 0.017355524, 0.015274047, 0.016833527, 0.023650147, 0.018078843, 0.037577044, 0.03300908, 0.002806373, 0.016518114, 0.024752194, 0.022512754], "var": [1.0, 1.0, 1.0, 0.98, 0.98, 0.96, 0.96, 0.96, 0.96, 0.96, 0.94, 0.96, 0.96, 0.96, 0.96, 0.96, 0.94, 0.96, 0.92, 0.9, 0.86, 0.84, 0.82, 0.8, 0.76, 0.76, 0.74, 0.72, 0.7, 0.66, 0.62, 0.58, 0.56, 0.54, 0.52, 0.5, 0.48, 0.44, 0.42, 0.38, 0.38, 0.36, 0.34, 0.32, 0.3, 0.26, 0.24, 0.22, 0.22, 0.22], "best": [0.51111114, 0.55128974, 0.55028164, 0.55132276, 0.5464534, 0.54999, 0.54910505, 0.553203, 0.55500996, 0.5583972, 0.55978507, 0.55599344, 0.5559877, 0.5601239, 0.5615313, 0.5621604, 0.5660707, 0.56611025, 0.56959796, 0.5722797, 0.5741056, 0.57619524, 0.5798186, 0.5850699, 0.5868292, 0.59125197, 0.5938421, 0.5972816, 0.598986, 0.60329545, 0.6055007, 0.6092588, 0.61278296, 0.6158277, 0.62012446, 0.6234664, 0.6271041, 0.6308111, 0.63376385, 0.6369338, 0.64040065, 0.644223, 0.6477634, 0.650278, 0.6533417, 0.65597796, 0.6588702, 0.6626767, 0.66631866, 0.669893], "duration": [25294, 26625, 26721, 35993, 27018, 27412, 27245, 27294, 23525, 27302, 25419, 26967, 27323, 27307, 25415, 36442, 27445, 27451, 27489, 27420, 27646, 27375, 27594, 27422, 27653, 27613, 27627, 27373, 27579, 27549, 27628, 27594, 32022, 36888, 27626, 27659, 27472, 31931, 27311, 27462, 27616, 27479, 27527, 32426, 27686, 27612, 27613, 32619, 32346, 27867]}