{"avg": [0.39791673, 0.436627, 0.42683908, 0.4090197, 0.5009845, 0.5065464, 0.47766772, 0.49261302, 0.46341074, 0.5305515, 0.49309292, 0.5579669, 0.5630924, 0.5270877, 0.45895842, 0.5670976, 0.48133838, 0.57153887, 0.57382524, 0.5752924, 0.5318545, 0.586279, 0.598823, 0.59828836, 0.5823458, 0.62281084, 0.5847882, 0.5802213, 0.5981599, 0.60959715, 0.60812384, 0.5924918, 0.6173168, 0.6388979, 0.60210866, 0.644334, 0.63088, 0.64588624, 0.6157084, 0.6333953, 0.65472066, 0.64129454, 0.65032196, 0.63206613, 0.6779124, 0.684316, 0.68299, 0.66777575, 0.70119375, 0.69150966], "std": [0.14882353, 0.15355454, 0.15022883, 0.14661634, 0.14129245, 0.13823503, 0.14849684, 0.14650032, 0.15164928, 0.12977035, 0.14742392, 0.10341223, 0.107484356, 0.13401313, 0.1563476, 0.10352177, 0.1526497, 0.10333219, 0.10210804, 0.09568764, 0.13673708, 0.080505855, 0.0776861, 0.08165195, 0.10564121, 0.015250784, 0.10796524, 0.11759216, 0.085505195, 0.08442151, 0.07830435, 0.10932618, 0.07867546, 0.020130716, 0.121929616, 0.019225273, 0.08755759, 0.02381151, 0.122920565, 0.086061545, 0.02958832, 0.09462507, 0.08943818, 0.11675332, 0.027009897, 0.025035793, 0.029708952, 0.09255995, 1.1920929e-07, 0.033017255], "var": [0.98, 0.94, 0.9, 0.88, 0.88, 0.84, 0.84, 0.82, 0.78, 0.76, 0.72, 0.7, 0.66, 0.64, 0.6, 0.58, 0.54, 0.54, 0.52, 0.54, 0.54, 0.52, 0.5, 0.48, 0.48, 0.46, 0.42, 0.42, 0.38, 0.38, 0.34, 0.32, 0.3, 0.26, 0.26, 0.24, 0.22, 0.22, 0.2, 0.2, 0.18, 0.18, 0.16, 0.12, 0.1, 0.1, 0.1, 0.08, 0.08, 0.06], "best": [0.5666667, 0.6127977, 0.6066053, 0.60699713, 0.60769236, 0.602234, 0.60699713, 0.60817534, 0.6124543, 0.61171174, 0.6138421, 0.6149546, 0.61588955, 0.6177198, 0.6208759, 0.6215581, 0.6226891, 0.6243387, 0.6255245, 0.6259941, 0.62585884, 0.62559354, 0.62645954, 0.62908626, 0.63147813, 0.6356077, 0.6391206, 0.64154357, 0.6449359, 0.6461175, 0.64803666, 0.649088, 0.65141565, 0.65458226, 0.657405, 0.6605018, 0.66318846, 0.6670212, 0.6691767, 0.6724572, 0.6752396, 0.67811555, 0.68111515, 0.68467915, 0.6880684, 0.6915432, 0.6947723, 0.6977143, 0.70119363, 0.704762], "duration": [1179, 1220, 1173, 1173, 1193, 1209, 1186, 1369, 1178, 1179, 1188, 1289, 1148, 1144, 1157, 1172, 1184, 1177, 1168, 1381, 1375, 1202, 1204, 1408, 1199, 1204, 1293, 1095, 1112, 1099, 1284, 1101, 1514, 1108, 1118, 1189, 1417, 1227, 1198, 1182, 1170, 1192, 1174, 1196, 1186, 1196, 1198, 1202, 1194, 1195]}