{"avg": [0.19920635, 0.19131948, 0.18047619, 0.20972224, 0.23547524, 0.25707418, 0.23370601, 0.22885609, 0.24152263, 0.2544285, 0.2601908, 0.27871743, 0.26407516, 0.28944543, 0.30579233, 0.29003993, 0.3212464, 0.29075682, 0.3141723, 0.30734816, 0.28762305, 0.29219815, 0.31087396, 0.33730885, 0.34322184, 0.38474128, 0.3429153, 0.37564898, 0.34415329, 0.3651186, 0.38744012, 0.4173015, 0.40735137, 0.39053008, 0.4218592, 0.43820623, 0.44110006, 0.4167713, 0.46447247, 0.44522744, 0.44418663, 0.46739885, 0.4692737, 0.48493198, 0.43408275, 0.51443976, 0.46644244, 0.4788584, 0.5302357, 0.53747326], "std": [0.083303094, 0.10131807, 0.0690186, 0.08319273, 0.08421008, 0.07115578, 0.07136325, 0.087212235, 0.07813481, 0.08299586, 0.08145264, 0.06368531, 0.093173355, 0.07825798, 0.08324652, 0.084020294, 0.083470054, 0.081186846, 0.07441078, 0.086206645, 0.0780911, 0.09661958, 0.089809835, 0.08321996, 0.10224534, 0.09636268, 0.08257948, 0.07153708, 0.10663849, 0.09252222, 0.0699868, 0.08457668, 0.07620915, 0.09173741, 0.113232635, 0.07980922, 0.09135123, 0.10632106, 0.072926514, 0.074724376, 0.10022899, 0.09948814, 0.10360512, 0.090452455, 0.10940087, 0.064603366, 0.10903666, 0.108822696, 0.08553894, 0.068572134], "var": [1.0, 0.96, 0.94, 0.9, 0.9, 0.86, 0.82, 0.82, 0.82, 0.8, 0.76, 0.74, 0.72, 0.7, 0.66, 0.66, 0.66, 0.66, 0.62, 0.58, 0.58, 0.6, 0.62, 0.58, 0.58, 0.58, 0.54, 0.52, 0.5, 0.48, 0.46, 0.46, 0.44, 0.42, 0.42, 0.4, 0.36, 0.34, 0.32, 0.34, 0.34, 0.34, 0.34, 0.34, 0.34, 0.3, 0.26, 0.26, 0.26, 0.26], "best": [0.2888889, 0.3725624, 0.30793652, 0.3746032, 0.38053608, 0.3827665, 0.31709802, 0.38403803, 0.3787844, 0.38310662, 0.3858862, 0.36234266, 0.38604185, 0.38722342, 0.39292932, 0.39137077, 0.39672425, 0.40290713, 0.40384063, 0.407905, 0.40866345, 0.41111115, 0.46618775, 0.46824086, 0.5198787, 0.5233441, 0.5275017, 0.5295194, 0.53251135, 0.5348864, 0.5368261, 0.54014206, 0.5436508, 0.54585034, 0.54810905, 0.55152166, 0.55429626, 0.5576196, 0.5597866, 0.56277573, 0.5649812, 0.5673536, 0.57062894, 0.5737291, 0.5763453, 0.57755005, 0.581177, 0.5838908, 0.5860067, 0.58926934], "duration": [7538, 5672, 5589, 9914, 6564, 9426, 3812, 5851, 3868, 10106, 5787, 5929, 7394, 7587, 11015, 12976, 13870, 9930, 11289, 11958, 9383, 7573, 13048, 15693, 15706, 14979, 12121, 12867, 14988, 9538, 13144, 14870, 14526, 15014, 14894, 14801, 15003, 13080, 14989, 13090, 11264, 14969, 14947, 14976, 12940, 15001, 14974, 14908, 14986, 17328]}