{"avg": [0.3791667, 0.41365555, 0.41800717, 0.45094275, 0.41656315, 0.4447982, 0.41702217, 0.4872445, 0.4444337, 0.48297194, 0.48904273, 0.47186744, 0.4272774, 0.4528075, 0.5439469, 0.47225133, 0.48856813, 0.48119035, 0.54928595, 0.5114656, 0.53690517, 0.50547653, 0.5409693, 0.52123326, 0.53835976, 0.583599, 0.52891695, 0.57395774, 0.53074193, 0.53987783, 0.5776274, 0.5513709, 0.5957308, 0.55999494, 0.559501, 0.5761193, 0.5849387, 0.60552937, 0.603227, 0.5946668, 0.60003364, 0.6092719, 0.60528296, 0.62366986, 0.61568147, 0.647297, 0.5950725, 0.6440974, 0.63883656, 0.6426326], "std": [0.1452369, 0.14753538, 0.14909406, 0.1495461, 0.1509821, 0.15072842, 0.14935431, 0.14458218, 0.151702, 0.1459013, 0.1464555, 0.14968023, 0.15343, 0.15048277, 0.11538897, 0.15057068, 0.14578605, 0.15050532, 0.114886954, 0.14098981, 0.13003014, 0.14343947, 0.12538704, 0.13852789, 0.13057664, 0.073822804, 0.13498476, 0.10292266, 0.1348469, 0.13801515, 0.105789416, 0.12670739, 0.080953434, 0.12277787, 0.11970863, 0.108540304, 0.107483245, 0.079818815, 0.07592863, 0.10719143, 0.10917289, 0.086216524, 0.10431031, 0.024714611, 0.08721349, 0.02044252, 0.115628906, 0.027989728, 0.030159833, 0.029211968], "var": [0.9866667, 0.96, 0.96, 0.96, 0.93333334, 0.93333334, 0.92, 0.8933333, 0.88, 0.8666667, 0.84, 0.81333333, 0.8, 0.7866667, 0.76, 0.74666667, 0.72, 0.72, 0.70666665, 0.68, 0.68, 0.6533333, 0.6666667, 0.6533333, 0.62666667, 0.61333334, 0.6, 0.5733333, 0.5733333, 0.5466667, 0.5466667, 0.5466667, 0.52, 0.53333336, 0.52, 0.53333336, 0.53333336, 0.52, 0.52, 0.50666666, 0.50666666, 0.49333334, 0.46666667, 0.45333335, 0.45333335, 0.44, 0.42666668, 0.4, 0.37333333, 0.38666666], "best": [0.5666667, 0.60535717, 0.60057724, 0.5982601, 0.60358876, 0.60625696, 0.60695976, 0.59756005, 0.60669434, 0.6017626, 0.60644263, 0.6048638, 0.6059991, 0.60681826, 0.6063493, 0.604537, 0.6069057, 0.60701066, 0.6093838, 0.61259556, 0.61421597, 0.61780083, 0.6186667, 0.62008554, 0.6211641, 0.6221844, 0.6228244, 0.6245804, 0.62741154, 0.628601, 0.6317746, 0.6346939, 0.6356876, 0.6384849, 0.639775, 0.6407815, 0.642255, 0.6444907, 0.64653176, 0.64848226, 0.6518535, 0.65554404, 0.65738744, 0.6607143, 0.6617435, 0.66361, 0.66639423, 0.66769797, 0.670207, 0.6719803], "duration": [1590, 1260, 1303, 1078, 1085, 1088, 1084, 1092, 1118, 1610, 1265, 1084, 1097, 1086, 1503, 1081, 1084, 1271, 1099, 1270, 1283, 1089, 1094, 1099, 1176, 1089, 1094, 1100, 1093, 1099, 1086, 1089, 1413, 1091, 1093, 1095, 1096, 1091, 1093, 1095, 1279, 1094, 1453, 1099, 1094, 1094, 1094, 1274, 1092, 1094]}