{"avg": [0.41666672, 0.4496096, 0.45603335, 0.46248886, 0.4749404, 0.48781154, 0.49456987, 0.4951375, 0.50185484, 0.5143386, 0.5148677, 0.5155706, 0.5284182, 0.54087114, 0.5473144, 0.54776, 0.5551132, 0.5678185, 0.5749629, 0.5820562, 0.5890734, 0.58976054, 0.59060705, 0.59799296, 0.59808576, 0.60527056, 0.6058993, 0.6067274, 0.6079023, 0.6084468, 0.6100849, 0.6114519, 0.619362, 0.62110937, 0.6229362, 0.6236911, 0.62534523, 0.6276949, 0.63011545, 0.63325304, 0.6344001, 0.63498175, 0.63640624, 0.63805586, 0.6399884, 0.64162016, 0.6434997, 0.64413756, 0.6454181, 0.6482152], "std": [0.15000004, 0.14971823, 0.14980538, 0.14975202, 0.14798944, 0.14522235, 0.14372799, 0.14395414, 0.14160392, 0.13625984, 0.13647479, 0.13670276, 0.13003956, 0.1216311, 0.11717778, 0.11741852, 0.11313746, 0.100451544, 0.09298675, 0.08457954, 0.07460853, 0.074932136, 0.0752735, 0.06290414, 0.0629316, 0.04549803, 0.045736928, 0.046033118, 0.046225827, 0.04642641, 0.046867337, 0.047046453, 0.017203012, 0.01799913, 0.018599398, 0.019270157, 0.018981177, 0.019116038, 0.019261027, 0.019407528, 0.020037523, 0.020470617, 0.020539459, 0.02020075, 0.02080289, 0.02093116, 0.020584313, 0.020338608, 0.020670615, 0.02138576], "var": [1.0, 0.96, 0.96, 0.94, 0.94, 0.9, 0.88, 0.84, 0.84, 0.82, 0.82, 0.82, 0.82, 0.8, 0.82, 0.82, 0.8, 0.78, 0.76, 0.72, 0.7, 0.7, 0.68, 0.7, 0.66, 0.66, 0.68, 0.64, 0.62, 0.6, 0.58, 0.54, 0.56, 0.52, 0.54, 0.52, 0.48, 0.44, 0.42, 0.42, 0.44, 0.42, 0.44, 0.42, 0.42, 0.4, 0.4, 0.4, 0.38, 0.36], "best": [0.5666667, 0.60047626, 0.6014286, 0.602381, 0.60476196, 0.6068572, 0.6094445, 0.61197287, 0.6138096, 0.61518526, 0.616381, 0.61744595, 0.6188493, 0.62047625, 0.6219048, 0.6232064, 0.6244048, 0.62621856, 0.6278572, 0.6296241, 0.6314048, 0.63310665, 0.6346105, 0.6360249, 0.63757944, 0.6388001, 0.64009166, 0.64130515, 0.6425341, 0.64369464, 0.64474607, 0.6460062, 0.6472917, 0.6486725, 0.65022415, 0.65187764, 0.6534392, 0.65494215, 0.656579, 0.65830284, 0.66021436, 0.6620326, 0.6636735, 0.66523814, 0.6667533, 0.66829634, 0.66989654, 0.671459, 0.67285717, 0.6742566], "duration": [3385, 3424, 3363, 3372, 3334, 3417, 3442, 3356, 3379, 3378, 3395, 3365, 3385, 3401, 3408, 3417, 3566, 3341, 3404, 3391, 3369, 3355, 3377, 3368, 3485, 3391, 3393, 3414, 3403, 3388, 3426, 3377, 3412, 3374, 3363, 3367, 3404, 3498, 3417, 3391, 3419, 3400, 3440, 3408, 3420, 3414, 3418, 3364, 4330, 3671]}