{"avg": [0.14285716, 0.18880579, 0.17877476, 0.18760745, 0.19153239, 0.18944083, 0.18726642, 0.21640317, 0.19124973, 0.20478417, 0.21128543, 0.18720609, 0.20591344, 0.2104318, 0.22341575, 0.21107599, 0.23151669, 0.20459905, 0.22465102, 0.23131286, 0.22603676, 0.23678647, 0.22870961, 0.22521633, 0.22655687, 0.2560554, 0.2633334, 0.23680274, 0.23549375, 0.24001718, 0.24318346, 0.24917479, 0.2501306, 0.25536942, 0.24100946, 0.25994623, 0.26840904, 0.27187198, 0.25537652, 0.29804498, 0.28294897, 0.2895616, 0.28187448, 0.28142488, 0.2853499, 0.29575118, 0.29180136, 0.2850584, 0.3010708, 0.3063678], "std": [0.068346195, 0.07154402, 0.07683646, 0.071779385, 0.08016082, 0.06825711, 0.07717221, 0.04533291, 0.056414537, 0.049462635, 0.053442337, 0.057107117, 0.045958947, 0.050109226, 0.018113343, 0.04784672, 0.053288642, 0.051208187, 0.036399264, 0.040852517, 0.04442115, 0.041882053, 0.040539037, 0.050910816, 0.052230593, 0.03847486, 0.036346145, 0.05612481, 0.05390966, 0.059299424, 0.046966698, 0.050182655, 0.049398452, 0.03321864, 0.042402744, 0.047161475, 0.03676184, 0.029000105, 0.04932391, 0.025282761, 0.031876247, 0.034778204, 0.03862528, 0.033407453, 0.05038192, 0.030186683, 0.037622064, 0.037166037, 0.03283147, 0.027573306], "var": [1.0, 1.0, 0.98, 0.94, 0.9, 0.88, 0.84, 0.8, 0.8, 0.8, 0.78, 0.74, 0.7, 0.7, 0.7, 0.66, 0.62, 0.6, 0.56, 0.54, 0.52, 0.5, 0.5, 0.46, 0.44, 0.42, 0.4, 0.4, 0.4, 0.4, 0.36, 0.34, 0.3, 0.3, 0.28, 0.28, 0.28, 0.28, 0.26, 0.26, 0.26, 0.26, 0.24, 0.22, 0.22, 0.22, 0.22, 0.22, 0.22, 0.22], "best": [0.1888889, 0.3134921, 0.30530927, 0.3110373, 0.31395155, 0.30997095, 0.30925015, 0.31125256, 0.3133142, 0.31520468, 0.31300944, 0.31015295, 0.28608674, 0.31368536, 0.28750002, 0.31034237, 0.31419274, 0.31180477, 0.311691, 0.31352228, 0.31106412, 0.31365967, 0.29399833, 0.31455544, 0.2954154, 0.314591, 0.3134921, 0.31524944, 0.31570882, 0.31633306, 0.31739902, 0.31764844, 0.31798944, 0.3184988, 0.31312996, 0.31320706, 0.31905615, 0.31478697, 0.3154728, 0.31964287, 0.32075107, 0.32110178, 0.3216594, 0.31978822, 0.3221798, 0.32230517, 0.3229844, 0.32399225, 0.32458705, 0.32594702], "duration": [2388, 2075, 2010, 4016, 5879, 2054, 5017, 5890, 6599, 4299, 2026, 2014, 5916, 3957, 5936, 2680, 5881, 2017, 5883, 5879, 6209, 3949, 10448, 6245, 7813, 5899, 7808, 5895, 4361, 6621, 5909, 5895, 5891, 10101, 5873, 5869, 5888, 11682, 9759, 16164, 11701, 7825, 7944, 9759, 13662, 11680, 7830, 7834, 7878, 10120]}