{"avg": [0.43541667, 0.41494054, 0.44398728, 0.44504914, 0.47991934, 0.48853368, 0.43892962, 0.48263532, 0.4522549, 0.48259336, 0.49188155, 0.519413, 0.55026513, 0.53192836, 0.6057573, 0.4993225, 0.59770167, 0.5566457, 0.6051284, 0.49866825, 0.5559197, 0.6343009, 0.59397626, 0.638367, 0.57963014, 0.58639127, 0.655776, 0.6154365, 0.6324242, 0.6575667, 0.680907, 0.64366156, 0.6444455, 0.66475606, 0.686533, 0.6994841, 0.6781945, 0.70534337, 0.6934538, 0.74138206, 0.72046155, 0.7250285, 0.7261033, 0.7307461, 0.7623396, 0.73391044, 0.7347329, 0.7387684, 0.770637, 0.77446455], "std": [0.14882353, 0.15250495, 0.15521625, 0.15812887, 0.1524493, 0.15185554, 0.15925296, 0.15417445, 0.16099629, 0.16097505, 0.15814272, 0.15295434, 0.13242908, 0.14941515, 0.08810456, 0.16864672, 0.11774444, 0.1531791, 0.12230687, 0.18048856, 0.15944447, 0.09850756, 0.1449258, 0.0999775, 0.15962182, 0.16462988, 0.09948421, 0.15870894, 0.14907728, 0.1346818, 0.09307121, 0.15743852, 0.15814836, 0.14385632, 0.10649987, 0.10409318, 0.14153922, 0.104206525, 0.13076784, 0.014268091, 0.10300716, 0.10336475, 0.10691424, 0.10771611, 0.0, 0.11575001, 0.112370946, 0.10973075, 0.0043433974, 5.9604645e-08], "var": [0.98, 0.94, 0.94, 0.94, 0.92, 0.9, 0.9, 0.86, 0.84, 0.8, 0.78, 0.78, 0.74, 0.7, 0.68, 0.68, 0.64, 0.6, 0.58, 0.56, 0.54, 0.54, 0.52, 0.5, 0.46, 0.42, 0.38, 0.36, 0.36, 0.34, 0.3, 0.28, 0.26, 0.24, 0.22, 0.2, 0.18, 0.18, 0.14, 0.12, 0.1, 0.1, 0.1, 0.1, 0.1, 0.1, 0.06, 0.04, 0.04, 0.04], "best": [0.5666667, 0.6098215, 0.61505383, 0.6158731, 0.6183213, 0.62908626, 0.62936515, 0.6316228, 0.633858, 0.63543004, 0.63982975, 0.6406616, 0.64486086, 0.6487035, 0.65071326, 0.65602976, 0.65871084, 0.6651889, 0.67020845, 0.67561334, 0.6772707, 0.679399, 0.684322, 0.68810856, 0.69198674, 0.6945894, 0.69791234, 0.7022283, 0.70608354, 0.70920503, 0.7144394, 0.7194322, 0.7234286, 0.72697806, 0.7302958, 0.73337674, 0.7371614, 0.74020624, 0.74358857, 0.7471422, 0.75058126, 0.75374675, 0.7568582, 0.7596108, 0.7623396, 0.76484597, 0.7672024, 0.76947916, 0.7717228, 0.7744645], "duration": [1122, 1085, 1092, 1079, 1083, 1086, 1079, 1087, 1083, 1452, 1089, 1086, 1627, 1122, 1089, 1087, 1085, 1455, 1086, 1268, 1092, 1093, 1086, 1090, 1263, 1095, 1096, 1275, 1110, 1097, 1100, 1273, 1273, 1097, 1095, 1098, 1098, 1097, 1273, 1097, 1276, 1091, 1095, 1097, 1099, 1088, 1092, 1086, 1269, 1277]}