{"avg": [0.4055556, 0.43459472, 0.38664022, 0.41884303, 0.41845793, 0.4213669, 0.3709184, 0.4455253, 0.46754655, 0.44330117, 0.44038314, 0.45604503, 0.48590046, 0.4632288, 0.48914498, 0.48732072, 0.4881639, 0.466768, 0.5230381, 0.48381832, 0.49581945, 0.49151218, 0.46863893, 0.45102307, 0.51103175, 0.4915896, 0.5189267, 0.5384255, 0.52302, 0.5206878, 0.53879166, 0.48540163, 0.48820004, 0.50419724, 0.51576155, 0.51134586, 0.5381318, 0.5308944, 0.5386315, 0.5015724, 0.5207821, 0.5447332, 0.5113852, 0.542648, 0.53627753, 0.55276644, 0.5556363, 0.5601859, 0.5609864, 0.5373392], "std": [0.10408331, 0.12655437, 0.13891189, 0.12910676, 0.12884931, 0.10285709, 0.15096906, 0.09384034, 0.11692954, 0.10743852, 0.11283571, 0.0857532, 0.073828235, 0.08538811, 0.08656265, 0.08324976, 0.076628625, 0.09639413, 0.05316463, 0.08073609, 0.0777586, 0.0858089, 0.12512864, 0.09480096, 0.0682449, 0.10291686, 0.065496564, 0.038905896, 0.056813, 0.06818644, 0.044227213, 0.08993276, 0.10561911, 0.08187923, 0.067037985, 0.06867093, 0.038083788, 0.057401937, 0.055122245, 0.099334165, 0.09734178, 0.042597566, 0.10064681, 0.04233168, 0.05576442, 0.014413051, 0.012026799, 0.011436403, 0.015071881, 0.05902676], "var": [0.99, 0.97, 0.95, 0.93, 0.91, 0.9, 0.89, 0.88, 0.87, 0.86, 0.85, 0.84, 0.85, 0.84, 0.84, 0.82, 0.81, 0.82, 0.8, 0.79, 0.79, 0.79, 0.77, 0.76, 0.74, 0.73, 0.72, 0.72, 0.73, 0.74, 0.74, 0.74, 0.72, 0.71, 0.69, 0.68, 0.67, 0.67, 0.66, 0.67, 0.65, 0.64, 0.64, 0.62, 0.62, 0.61, 0.6, 0.59, 0.57, 0.57], "best": [0.51111114, 0.5349207, 0.5444445, 0.5463294, 0.5390129, 0.5503098, 0.5516845, 0.5399332, 0.54261297, 0.5417234, 0.5500194, 0.54146177, 0.5418601, 0.54348767, 0.54910284, 0.549455, 0.54387164, 0.55104697, 0.5516755, 0.5523608, 0.55506164, 0.55340886, 0.55587566, 0.55339783, 0.554504, 0.55684596, 0.55460614, 0.55745184, 0.5574473, 0.56128824, 0.5610542, 0.56379604, 0.56157845, 0.56417483, 0.5612962, 0.562481, 0.5653395, 0.56356955, 0.5641724, 0.5677601, 0.56819665, 0.56728345, 0.5702948, 0.56915724, 0.5697441, 0.5705559, 0.5717312, 0.5744015, 0.5740109, 0.57379985], "duration": [25647, 27340, 26559, 27317, 31885, 26916, 25407, 27059, 27248, 27296, 27353, 27101, 27751, 27459, 31981, 27425, 27434, 27565, 27396, 25487, 27504, 27453, 25328, 27422, 27379, 27245, 27231, 27452, 32680, 27250, 27289, 28186, 27352, 27239, 31915, 27260, 27288, 27797, 28465, 27447, 27401, 27381, 27341, 27340, 27389, 27327, 27298, 27222, 27270, 27236]}