{"avg": [0.4466667, 0.46746033, 0.46514156, 0.48022488, 0.49292225, 0.43631703, 0.51517266, 0.45654443, 0.51575875, 0.4907764, 0.53978765, 0.5321132, 0.5635609, 0.5519488, 0.58406204, 0.56684905, 0.51532215, 0.55818295, 0.5911183, 0.6143961, 0.5715618, 0.6018275, 0.60449415, 0.62577474, 0.63308346, 0.63068867, 0.6181107, 0.63609165, 0.6438113, 0.6310333, 0.6523542, 0.65188056, 0.6525113, 0.6757759, 0.66771096, 0.67849, 0.6794905, 0.6877413, 0.70386523, 0.6964167, 0.7041935, 0.707057, 0.7053068, 0.71581197, 0.7233352, 0.7302306, 0.6980957, 0.7265586, 0.7397436, 0.74266505], "std": [0.14696941, 0.15352377, 0.14863583, 0.14817673, 0.14412776, 0.15215269, 0.1371601, 0.15279129, 0.13398303, 0.14684619, 0.122898124, 0.12509565, 0.10206348, 0.11635725, 0.07724292, 0.10748609, 0.14310442, 0.11628026, 0.07632803, 0.012892082, 0.111521825, 0.07815095, 0.08156752, 0.017383391, 0.019921975, 0.02427993, 0.09269832, 0.027087456, 0.029034425, 0.0879138, 0.030256703, 0.03317263, 0.03268334, 0.019090613, 0.03171001, 0.027036587, 0.035535835, 0.028413367, 0.0024647445, 0.028289255, 0.02406008, 0.026578745, 0.036630567, 0.027284853, 0.012261783, 1.1920929e-07, 0.10727833, 0.030604042, 5.9604645e-08, 5.9604645e-08], "var": [0.96, 0.94, 0.94, 0.94, 0.92, 0.9, 0.86, 0.84, 0.8, 0.76, 0.74, 0.7, 0.66, 0.64, 0.62, 0.6, 0.56, 0.52, 0.5, 0.5, 0.46, 0.44, 0.4, 0.42, 0.4, 0.38, 0.36, 0.36, 0.34, 0.3, 0.28, 0.28, 0.26, 0.26, 0.26, 0.24, 0.22, 0.2, 0.18, 0.16, 0.14, 0.14, 0.14, 0.14, 0.12, 0.12, 0.08, 0.06, 0.06, 0.06], "best": [0.5666667, 0.61746037, 0.61198163, 0.60423285, 0.6053084, 0.60896, 0.60324013, 0.6083334, 0.60304767, 0.60442185, 0.60715806, 0.6086103, 0.61057353, 0.61145693, 0.6149351, 0.61651474, 0.6208572, 0.6217764, 0.6252748, 0.6285557, 0.63276255, 0.63551354, 0.64041483, 0.6450098, 0.6490314, 0.65396833, 0.6580907, 0.66251814, 0.6654062, 0.6701864, 0.6745099, 0.67855215, 0.68147945, 0.6848073, 0.68933654, 0.69300735, 0.6969508, 0.70056987, 0.70452386, 0.7092529, 0.71307075, 0.7167478, 0.720258, 0.7231041, 0.7265011, 0.73023075, 0.73399293, 0.7366286, 0.73974365, 0.742665], "duration": [1158, 1313, 1124, 1136, 1126, 1696, 1184, 1115, 1120, 1310, 1131, 1120, 1124, 1119, 1127, 1124, 1322, 1319, 1130, 1134, 1124, 1164, 1314, 1132, 1124, 1129, 1128, 1313, 1335, 1116, 1136, 1118, 1500, 1313, 1137, 1311, 1126, 1136, 1128, 1173, 1133, 1132, 1316, 1137, 1139, 1116, 1127, 1346, 1168, 1125]}