{"avg": [0.13148148, 0.18679015, 0.17168832, 0.17968754, 0.17009923, 0.17782415, 0.1654141, 0.18581024, 0.18501091, 0.20898464, 0.20677182, 0.19111663, 0.21503471, 0.2212647, 0.22955063, 0.21812809, 0.21069644, 0.23908244, 0.20811899, 0.23462142, 0.22945152, 0.24056266, 0.23162982, 0.23738842, 0.24501042, 0.2798594, 0.2275526, 0.2407625, 0.26028988, 0.28741488, 0.25722176, 0.2576275, 0.27799612, 0.27001214, 0.29208675, 0.24768148, 0.25840515, 0.2828348, 0.30552092, 0.2611593, 0.2912506, 0.2882172, 0.3174035, 0.30359167, 0.32480747, 0.31325704, 0.32684773, 0.31017596, 0.2942402, 0.31522492], "std": [0.07241191, 0.06956277, 0.0652724, 0.08824663, 0.07475378, 0.06710785, 0.07836067, 0.07651173, 0.06648851, 0.04576053, 0.06991277, 0.080489196, 0.050545786, 0.053744376, 0.037917443, 0.069332965, 0.089404956, 0.06511876, 0.08794163, 0.060388185, 0.08037175, 0.04851536, 0.083432615, 0.0500595, 0.029509481, 0.045841154, 0.07282433, 0.038214657, 0.043140523, 0.037065115, 0.08156637, 0.056678012, 0.0670124, 0.056009013, 0.04947078, 0.0739274, 0.11297091, 0.04041717, 0.049909014, 0.07885251, 0.04101888, 0.048208658, 0.054584935, 0.050648294, 0.05194011, 0.08896282, 0.039713696, 0.050741073, 0.056495756, 0.060080465], "var": [1.0, 0.98, 0.98, 0.98, 0.98, 0.98, 0.98, 0.98, 0.98, 0.98, 0.94, 0.94, 0.94, 0.94, 0.94, 0.94, 0.94, 0.94, 0.94, 0.94, 0.9, 0.9, 0.9, 0.9, 0.9, 0.9, 0.9, 0.88, 0.88, 0.86, 0.86, 0.86, 0.84, 0.82, 0.82, 0.82, 0.8, 0.8, 0.78, 0.74, 0.74, 0.74, 0.74, 0.74, 0.78, 0.8, 0.76, 0.76, 0.76, 0.72], "best": [0.23333335, 0.29444447, 0.24155846, 0.29761907, 0.29531252, 0.27096647, 0.2692892, 0.28071505, 0.2700104, 0.28429952, 0.30160794, 0.29677036, 0.30006754, 0.30255517, 0.30396828, 0.30535206, 0.30596825, 0.383035, 0.3093254, 0.33587518, 0.3848773, 0.3142566, 0.35234857, 0.31415346, 0.31754476, 0.38829368, 0.32095084, 0.31283352, 0.31800392, 0.35777637, 0.39137164, 0.3452217, 0.39273104, 0.3573075, 0.39413878, 0.39483038, 0.35423237, 0.35261962, 0.3960764, 0.3499171, 0.36022502, 0.33745182, 0.4135992, 0.39362234, 0.39821142, 0.41397414, 0.4225529, 0.36593127, 0.40190816, 0.4238718], "duration": [6350, 5440, 5203, 8018, 5386, 5339, 3714, 5430, 7158, 7353, 12073, 3642, 5995, 5155, 3366, 7400, 3705, 7160, 3648, 5253, 5343, 4205, 7457, 5985, 3115, 5534, 3072, 3405, 9305, 6204, 5442, 7318, 7505, 5315, 5515, 5408, 4029, 3541, 9411, 3414, 4317, 4709, 5547, 3740, 6182, 6777, 3663, 3080, 5520, 7604]}