{"avg": [0.39422235, 0.41633335, 0.41963497, 0.42367947, 0.42158416, 0.4186483, 0.41482544, 0.41904858, 0.42537263, 0.41851962, 0.42254984, 0.4195968, 0.42287377, 0.42015362, 0.4131239, 0.40568703, 0.3986034, 0.39564204, 0.39186677, 0.39503443, 0.38783675, 0.3759029, 0.3688436, 0.365037, 0.37488815, 0.37113583, 0.38228267, 0.37143108, 0.35721305, 0.34954998, 0.34487748, 0.3532738, 0.3501237, 0.35382515, 0.3400134, 0.3467328, 0.34246185, 0.34196022, 0.33616284, 0.34439564, 0.33733967, 0.33437234, 0.33488667, 0.32886863, 0.33231956, 0.32949463, 0.32257497, 0.31183442, 0.3023036, 0.30395418], "std": [0.13160436, 0.1317424, 0.12792595, 0.1283045, 0.12708616, 0.12627889, 0.12558214, 0.12649563, 0.12846076, 0.12724195, 0.12767234, 0.1268001, 0.12777132, 0.13171853, 0.12988678, 0.14222941, 0.14432275, 0.14699458, 0.15022317, 0.15148771, 0.14964831, 0.1560744, 0.15655752, 0.15458757, 0.14336582, 0.14140296, 0.14267188, 0.14169693, 0.14180413, 0.13696386, 0.13392137, 0.13473018, 0.13181843, 0.13482471, 0.14241509, 0.14748092, 0.14459155, 0.14443709, 0.14727728, 0.15247795, 0.15135159, 0.15270367, 0.1566548, 0.1562186, 0.15786459, 0.15501082, 0.15696691, 0.15549926, 0.15355566, 0.15442269], "var": [0.98, 0.98, 0.96, 0.94, 0.96, 0.92, 0.92, 0.92, 0.92, 0.92, 0.92, 0.92, 0.96, 0.94, 0.94, 0.96, 0.94, 0.9, 0.88, 0.9, 0.92, 0.88, 0.86, 0.84, 0.82, 0.8, 0.78, 0.82, 0.78, 0.78, 0.78, 0.76, 0.78, 0.78, 0.76, 0.74, 0.76, 0.74, 0.74, 0.74, 0.76, 0.74, 0.74, 0.72, 0.7, 0.68, 0.7, 0.72, 0.76, 0.74], "best": [0.51111114, 0.54587305, 0.54515874, 0.5460318, 0.5468254, 0.54711115, 0.54785717, 0.54839003, 0.54968256, 0.5507408, 0.55158734, 0.5521934, 0.5527778, 0.55330896, 0.55413836, 0.5545397, 0.55500996, 0.55536884, 0.55568784, 0.55619884, 0.58246034, 0.5567574, 0.5567172, 0.5566391, 0.5565278, 0.5563683, 0.556221, 0.5560141, 0.55578804, 0.5555446, 0.5553334, 0.55524325, 0.5554564, 0.5555556, 0.55569094, 0.5556962, 0.55572754, 0.5557572, 0.5557853, 0.55577534, 0.5557659, 0.5557569, 0.55574834, 0.5808269, 0.55567825, 0.55561906, 0.55557287, 0.55551845, 0.55540675, 0.5570489], "duration": [63394, 63658, 63790, 64490, 63456, 62560, 62337, 63149, 64298, 63121, 62859, 62284, 63171, 62831, 61508, 60629, 60682, 59243, 59280, 60300, 59678, 58851, 57783, 57501, 59748, 59481, 59999, 59253, 58624, 58051, 58055, 57842, 57235, 58458, 56152, 57771, 58795, 59221, 58742, 58861, 58489, 55606, 56231, 55561, 55784, 55538, 53887, 53582, 52735, 51500]}