{"avg": [0.37166658, 0.43910876, 0.4898245, 0.53068566, 0.57460797, 0.5991414, 0.6242901, 0.6494302, 0.6649757, 0.6953911, 0.71742725, 0.72753716, 0.7427714, 0.75584227, 0.7676009, 0.7768555, 0.78471184, 0.79129976, 0.79717594, 0.80310243, 0.8075633, 0.8120612, 0.8162388, 0.8198605, 0.8231006, 0.82601213, 0.8287829, 0.8312874, 0.8339255, 0.8364241, 0.8386368, 0.8405548, 0.8424018, 0.8443103, 0.84597445, 0.84754324, 0.8490224, 0.85045576, 0.8516485, 0.8529087, 0.8541913, 0.8552133, 0.8563496, 0.85740423, 0.8582883, 0.8592299, 0.8601073, 0.86099017, 0.8617133, 0.8624492], "std": [0.14309087, 0.15147701, 0.14651851, 0.13124663, 0.09980879, 0.08364133, 0.079132676, 0.062909864, 0.06361808, 0.027548885, 0.019811736, 0.032027576, 0.026311398, 0.013230766, 0.005241343, 1.7881393e-07, 0.0, 0.0, 5.364418e-07, 1.1920929e-07, 2.3841858e-07, 0.0, 2.3841858e-07, 1.7881393e-07, 2.3841858e-07, 4.7683716e-07, 2.9802322e-07, 0.0, 1.1920929e-07, 1.7881393e-07, 1.7881393e-07, 1.7881393e-07, 1.1920929e-07, 2.9802322e-07, 4.172325e-07, 1.1920929e-07, 4.7683716e-07, 3.5762787e-07, 1.1920929e-07, 2.9802322e-07, 3.5762787e-07, 1.1920929e-07, 2.9802322e-07, 3.5762787e-07, 4.7683716e-07, 1.1920929e-07, 0.0, 1.7881393e-07, 1.7881393e-07, 1.7881393e-07], "var": [0.94, 0.84, 0.78, 0.68, 0.56, 0.46, 0.32, 0.3, 0.2, 0.12, 0.1, 0.08, 0.06, 0.04, 0.02, 0.02, 0.02, 0.02, 0.02, 0.02, 0.02, 0.02, 0.02, 0.02, 0.02, 0.02, 0.02, 0.02, 0.02, 0.02, 0.02, 0.02, 0.02, 0.02, 0.02, 0.02, 0.02, 0.02, 0.02, 0.02, 0.02, 0.02, 0.02, 0.02, 0.02, 0.02, 0.02, 0.02, 0.02, 0.02], "best": [0.5666667, 0.5976191, 0.60779226, 0.62208545, 0.62634516, 0.6371333, 0.65350723, 0.6736383, 0.69005024, 0.70649725, 0.7223351, 0.73776686, 0.7488373, 0.75859296, 0.7684622, 0.7768557, 0.78471184, 0.79129976, 0.7971754, 0.8031023, 0.80756307, 0.8120612, 0.81623906, 0.8198607, 0.8231004, 0.8260126, 0.8287826, 0.8312874, 0.83392537, 0.8364243, 0.838637, 0.8405546, 0.8424019, 0.84431, 0.84597486, 0.8475431, 0.84902287, 0.8504554, 0.8516484, 0.8529084, 0.85419166, 0.8552134, 0.8563493, 0.8574039, 0.85828876, 0.8592298, 0.8601073, 0.86099, 0.8617131, 0.86244905], "duration": [4410, 5086, 4728, 5272, 5493, 5119, 5721, 4594, 4759, 4948, 5253, 4645, 4739, 4358, 5102, 5437, 4211, 4560, 5289, 4913, 4920, 4571, 5111, 5287, 5112, 4957, 5308, 4598, 5472, 4578, 4419, 4579, 6218, 4963, 5273, 4895, 4765, 4734, 4548, 5499, 4749, 4544, 4528, 4929, 4929, 4925, 5124, 4946, 4374, 4559]}