{"avg": [0.37619048, 0.3410498, 0.37682202, 0.3929927, 0.41785717, 0.39857897, 0.41221598, 0.4274877, 0.4371275, 0.45305142, 0.44336972, 0.41824076, 0.427433, 0.49027008, 0.47548407, 0.4229505, 0.4826373, 0.4779806, 0.45589343, 0.528433, 0.47119436, 0.4961146, 0.4968123, 0.5028201, 0.53281593, 0.49019808, 0.53702766, 0.5271444, 0.5262544, 0.5609051, 0.5529874, 0.56655836, 0.5358879, 0.57086635, 0.5761239, 0.57640237, 0.57583016, 0.58131444, 0.57646084, 0.5757638, 0.5712785, 0.58792096, 0.5894009, 0.58838904, 0.59340227, 0.59531355, 0.59398746, 0.59808224, 0.6014463, 0.6039184], "std": [0.11921682, 0.14997967, 0.11930588, 0.09177703, 0.10771352, 0.12462752, 0.111749835, 0.10243763, 0.107105635, 0.12856632, 0.10407386, 0.09973049, 0.11801778, 0.10741353, 0.08153122, 0.074961804, 0.10186032, 0.0815673, 0.10747038, 0.05319271, 0.106290184, 0.09946841, 0.104121394, 0.12400177, 0.05903422, 0.111229725, 0.055453714, 0.060863346, 0.10203535, 0.012228547, 0.046712615, 0.009521914, 0.07238509, 0.011091951, 0.0072576366, 0.010150536, 0.011662973, 0.008685231, 0.014523009, 0.016594674, 0.051595744, 0.007604779, 0.0071395766, 0.013707578, 0.0101088295, 0.007403127, 0.013035271, 0.00797258, 0.009333825, 0.011342814], "var": [0.98, 0.94, 0.96, 0.94, 0.94, 0.92, 0.9, 0.88, 0.88, 0.88, 0.88, 0.86, 0.84, 0.82, 0.78, 0.78, 0.76, 0.74, 0.72, 0.68, 0.7, 0.7, 0.66, 0.64, 0.6, 0.56, 0.58, 0.56, 0.54, 0.5, 0.52, 0.48, 0.44, 0.42, 0.4, 0.42, 0.42, 0.44, 0.44, 0.46, 0.42, 0.42, 0.4, 0.38, 0.4, 0.4, 0.36, 0.32, 0.3, 0.34], "best": [0.51111114, 0.53832203, 0.5449053, 0.54061425, 0.54206353, 0.54568386, 0.5468254, 0.55116457, 0.54087305, 0.544513, 0.5475257, 0.5455499, 0.54610986, 0.5511925, 0.5506439, 0.55356795, 0.55440116, 0.5574332, 0.5599423, 0.5610948, 0.56121194, 0.5638164, 0.5603408, 0.5656189, 0.56578964, 0.5659284, 0.56725895, 0.56989443, 0.57049745, 0.5722293, 0.5739146, 0.5755869, 0.57721645, 0.5790714, 0.58140373, 0.58417416, 0.5867868, 0.5878446, 0.5892959, 0.590728, 0.59169126, 0.597997, 0.5954733, 0.6022553, 0.60456353, 0.60163516, 0.6087502, 0.6063167, 0.60838914, 0.61551154], "duration": [23271, 24101, 24342, 22779, 25003, 29116, 23143, 26659, 25001, 27160, 24754, 24942, 26625, 27025, 27016, 24850, 27194, 31547, 31412, 27010, 26988, 27056, 27202, 26972, 27044, 26878, 27031, 27197, 27094, 27064, 27062, 27064, 27027, 27149, 27222, 27038, 27158, 27000, 27054, 27023, 27102, 27085, 27080, 31526, 27018, 31577, 27214, 31527, 27377, 27001]}