{"avg": [0.13333334, 0.21216933, 0.2132143, 0.20225374, 0.23370297, 0.17321698, 0.19685672, 0.16302553, 0.23388548, 0.20344172, 0.17084458, 0.1913725, 0.28991926, 0.2787921, 0.27144346, 0.3111651, 0.27908036, 0.25117558, 0.29780722, 0.2790472, 0.32125393, 0.3037691, 0.32662365, 0.3168982, 0.32749072, 0.3506653, 0.35584027, 0.33386597, 0.3715653, 0.39803922, 0.3951704, 0.41600037, 0.39879158, 0.3615787, 0.35512424, 0.37414402, 0.37547296, 0.3777179, 0.35825193, 0.40905422, 0.4060895, 0.43861338, 0.40232804, 0.43270472, 0.4189959, 0.45127478, 0.4582856, 0.45318565, 0.4835723, 0.467876], "std": [0.08757195, 0.086613774, 0.16068608, 0.12729755, 0.13951598, 0.110604025, 0.1356909, 0.1293786, 0.117334306, 0.15072897, 0.13015674, 0.13732752, 0.11411492, 0.096199565, 0.12744413, 0.14174612, 0.15714969, 0.12928683, 0.113928884, 0.120090894, 0.083258145, 0.1343113, 0.10389274, 0.1712099, 0.12274361, 0.122774504, 0.10815045, 0.12615876, 0.09748981, 0.077444665, 0.11162961, 0.07262173, 0.09171098, 0.13837986, 0.16387272, 0.15078993, 0.12023247, 0.14385681, 0.12787321, 0.057382185, 0.077731974, 0.08176093, 0.07036454, 0.058779504, 0.08216411, 0.061891783, 0.07951555, 0.14050946, 0.09302904, 0.094414696], "var": [1.0, 0.98, 0.96, 0.96, 0.94, 0.94, 0.92, 0.92, 0.92, 0.9, 0.88, 0.88, 0.84, 0.84, 0.84, 0.8, 0.8, 0.82, 0.82, 0.78, 0.76, 0.76, 0.72, 0.7, 0.68, 0.66, 0.68, 0.68, 0.7, 0.68, 0.68, 0.72, 0.7, 0.72, 0.74, 0.74, 0.72, 0.7, 0.7, 0.68, 0.64, 0.62, 0.64, 0.64, 0.62, 0.58, 0.56, 0.58, 0.56, 0.56], "best": [0.3555556, 0.38636792, 0.540129, 0.38797706, 0.54413724, 0.3376679, 0.5436926, 0.38429862, 0.54391956, 0.54500663, 0.38482463, 0.38771212, 0.54532164, 0.39446384, 0.54790765, 0.54818165, 0.5409436, 0.39798307, 0.5489362, 0.39995715, 0.40332824, 0.5508665, 0.5423958, 0.55211645, 0.553601, 0.55416316, 0.55463517, 0.55580324, 0.54761183, 0.5578406, 0.5594364, 0.5596102, 0.5497006, 0.56330717, 0.56185126, 0.5628427, 0.5647771, 0.5685725, 0.5664683, 0.552422, 0.57200783, 0.56785107, 0.5689547, 0.57584655, 0.570141, 0.57870483, 0.5714025, 0.5819325, 0.58332294, 0.5848409], "duration": [2225, 5720, 5743, 3841, 3852, 5785, 3886, 3822, 5816, 2141, 2096, 2564, 2118, 1925, 2381, 5806, 4034, 2028, 5797, 2050, 4183, 2041, 7696, 3990, 6200, 9706, 3899, 3944, 5840, 2124, 5880, 3936, 5813, 4255, 5960, 2218, 4179, 4514, 4805, 4070, 7745, 5887, 2419, 2127, 5812, 2116, 7799, 9724, 6005, 2260]}