{"avg": [0.10000001, 0.1512897, 0.14826642, 0.19555555, 0.1229025, 0.15463322, 0.12807347, 0.1552496, 0.18996081, 0.23588988, 0.20825578, 0.23128955, 0.19257279, 0.22285818, 0.25138843, 0.2230543, 0.22383428, 0.28856313, 0.27702993, 0.2771273, 0.31601024, 0.3604384, 0.31082848, 0.42499515, 0.37424445, 0.38946253, 0.3513809, 0.39142418, 0.39326346, 0.47108972, 0.40561154, 0.41821387, 0.43063185, 0.36299416, 0.44280946, 0.45713902, 0.4071594, 0.4363553, 0.46870753, 0.4850176, 0.49781832, 0.4366936, 0.4625646, 0.48483264, 0.5166491, 0.54301864, 0.49027863, 0.5259441, 0.5351809, 0.48960087], "std": [0.07973723, 0.12726712, 0.10859821, 0.15827142, 0.118559234, 0.16471139, 0.14994891, 0.14233646, 0.116580434, 0.12934838, 0.11070567, 0.15264493, 0.13315955, 0.15190203, 0.14204052, 0.17857128, 0.18740858, 0.16468403, 0.16015191, 0.14483368, 0.113679364, 0.13597405, 0.1864803, 0.120854765, 0.16044983, 0.11738843, 0.17188495, 0.1358157, 0.14323236, 0.07830043, 0.13839632, 0.08689766, 0.124780305, 0.112877816, 0.12568976, 0.11421107, 0.1664279, 0.13997105, 0.11912469, 0.098204225, 0.0942355, 0.16329058, 0.14242868, 0.09775806, 0.11299905, 0.07197087, 0.116827905, 0.09703175, 0.08725929, 0.10609792], "var": [1.0, 1.0, 1.0, 0.98, 0.98, 0.98, 0.98, 0.98, 0.98, 0.98, 0.96, 0.94, 0.92, 0.92, 0.9, 0.9, 0.9, 0.86, 0.86, 0.86, 0.88, 0.86, 0.84, 0.82, 0.78, 0.8, 0.82, 0.82, 0.78, 0.78, 0.78, 0.74, 0.72, 0.68, 0.64, 0.6, 0.6, 0.56, 0.54, 0.54, 0.54, 0.54, 0.52, 0.52, 0.5, 0.5, 0.48, 0.46, 0.42, 0.42], "best": [0.20000002, 0.39722225, 0.39319, 0.52698416, 0.39246038, 0.5317032, 0.39338627, 0.39716664, 0.39717388, 0.3983785, 0.5326165, 0.53879666, 0.4002462, 0.53949493, 0.4008362, 0.5433885, 0.5417906, 0.54563934, 0.54769653, 0.5491283, 0.54396975, 0.5508879, 0.5544688, 0.5581479, 0.55661654, 0.55878985, 0.55362403, 0.5561398, 0.5569232, 0.5645037, 0.5605579, 0.5700361, 0.5685423, 0.5697573, 0.5670136, 0.5728895, 0.5750661, 0.5749477, 0.5780488, 0.57795954, 0.5821324, 0.5844575, 0.58296365, 0.5834755, 0.58599925, 0.59270597, 0.59587175, 0.594492, 0.60063744, 0.60349816], "duration": [4901, 2464, 2371, 5068, 3024, 4475, 7030, 5125, 5239, 10726, 4851, 7254, 5159, 13831, 6855, 7388, 8946, 4759, 6083, 4826, 7704, 7494, 8972, 10913, 6972, 6909, 5395, 10824, 9214, 7034, 5250, 12902, 7585, 7003, 5197, 11585, 11003, 9160, 7214, 3330, 7346, 9340, 5598, 5718, 7546, 5389, 5583, 5322, 7440, 3895]}