{"avg": [0.37254906, 0.4206401, 0.4320862, 0.4306201, 0.44302702, 0.4465509, 0.43705168, 0.42079586, 0.4325573, 0.42138448, 0.44092023, 0.49153042, 0.461808, 0.44744152, 0.4401101, 0.48778093, 0.4007839, 0.43946967, 0.43352655, 0.48963624, 0.49143004, 0.47215995, 0.4996382, 0.45031834, 0.4953836, 0.49910635, 0.40378872, 0.449358, 0.4837458, 0.49661195, 0.42915097, 0.47033882, 0.49275368, 0.49834865, 0.47304863, 0.50040734, 0.5149771, 0.51106346, 0.51073354, 0.5227874, 0.5211507, 0.5009666, 0.504274, 0.52284753, 0.54295474, 0.51296246, 0.48958075, 0.49963543, 0.5086716, 0.51518506], "std": [0.13517883, 0.11798115, 0.11092453, 0.10903588, 0.124157526, 0.1418431, 0.15447773, 0.12531388, 0.087188534, 0.10932619, 0.09934099, 0.08118023, 0.08459384, 0.1218202, 0.09772836, 0.08040017, 0.15391219, 0.08556484, 0.15127695, 0.10454956, 0.07947793, 0.1258369, 0.07606946, 0.10904855, 0.10063521, 0.07322768, 0.14592946, 0.15551049, 0.105202466, 0.10207009, 0.16720974, 0.13623255, 0.082662836, 0.076853454, 0.084235944, 0.07425218, 0.064078495, 0.062331878, 0.06270641, 0.04907233, 0.060833473, 0.07801306, 0.07490212, 0.053092133, 0.007817352, 0.073350474, 0.13623665, 0.08121654, 0.09812993, 0.12910372], "var": [0.984, 0.968, 0.968, 0.968, 0.96, 0.952, 0.944, 0.944, 0.936, 0.92, 0.92, 0.912, 0.912, 0.904, 0.904, 0.904, 0.888, 0.888, 0.872, 0.864, 0.848, 0.84, 0.84, 0.84, 0.84, 0.832, 0.832, 0.824, 0.816, 0.808, 0.816, 0.808, 0.8, 0.8, 0.784, 0.768, 0.76, 0.752, 0.736, 0.728, 0.728, 0.72, 0.712, 0.704, 0.696, 0.688, 0.672, 0.68, 0.68, 0.68], "best": [0.51111114, 0.54332405, 0.54240364, 0.54519147, 0.54052293, 0.54294944, 0.5430906, 0.54072297, 0.5426808, 0.54206353, 0.54214853, 0.5429852, 0.5446556, 0.5377474, 0.54396224, 0.5421102, 0.54347444, 0.53971565, 0.54361427, 0.5455274, 0.5445999, 0.5461172, 0.54695415, 0.54184705, 0.54629236, 0.5470522, 0.5478334, 0.5480841, 0.5488347, 0.5486439, 0.5495151, 0.55053717, 0.5515961, 0.5502968, 0.5476301, 0.5514629, 0.5518606, 0.5514159, 0.55241567, 0.55187595, 0.55251443, 0.5533439, 0.5532794, 0.5534319, 0.55515075, 0.55536, 0.55542076, 0.5566038, 0.55626714, 0.55781335], "duration": [27287, 27350, 28091, 27298, 27166, 27235, 27286, 25291, 26959, 26631, 26723, 27088, 27124, 27326, 26745, 27410, 25117, 25510, 27253, 27502, 27527, 27654, 27667, 32020, 27608, 27546, 25172, 31573, 27458, 27519, 27477, 27527, 27448, 27487, 27511, 27483, 27730, 27541, 32207, 27684, 27536, 27473, 27504, 27435, 27414, 27405, 27399, 27320, 31937, 27454]}