{"avg": [0.14967321, 0.19097807, 0.20527598, 0.18183275, 0.19479248, 0.19252846, 0.19719605, 0.2311166, 0.2056114, 0.22016865, 0.19908367, 0.24748106, 0.2401452, 0.23747464, 0.23153892, 0.21779896, 0.2340809, 0.23950739, 0.19268803, 0.24735501, 0.2687776, 0.26844049, 0.28844112, 0.26213452, 0.32955688, 0.2431656, 0.29922488, 0.2856485, 0.29227564, 0.30867803, 0.29466024, 0.31014946, 0.3037573, 0.29383498, 0.30480447, 0.30729145, 0.3326627, 0.28895816, 0.30171657, 0.34582013, 0.3285954, 0.30866772, 0.31652093, 0.3425737, 0.3460901, 0.33180285, 0.35377836, 0.37274873, 0.3655386, 0.3472938], "std": [0.070902236, 0.08602669, 0.078708224, 0.09003005, 0.09877166, 0.086871974, 0.081348985, 0.083586596, 0.067436896, 0.08557434, 0.0888978, 0.0857881, 0.061474964, 0.08870648, 0.062429357, 0.07174729, 0.10174732, 0.08672304, 0.098871395, 0.06903564, 0.07950331, 0.079853185, 0.06521522, 0.08121714, 0.038589906, 0.088087045, 0.07183679, 0.06161347, 0.07618286, 0.058478475, 0.06924867, 0.0701785, 0.08051742, 0.08854477, 0.08103336, 0.08043535, 0.04976559, 0.07668194, 0.08672595, 0.032143492, 0.089858234, 0.08609338, 0.08549829, 0.056527272, 0.08728121, 0.07709725, 0.051385406, 0.06429937, 0.05598263, 0.06601293], "var": [0.9866667, 0.96, 0.94666666, 0.94666666, 0.92, 0.92, 0.9066667, 0.88, 0.8666667, 0.8666667, 0.85333335, 0.84, 0.81333333, 0.8, 0.7866667, 0.76, 0.76, 0.73333335, 0.73333335, 0.70666665, 0.6933333, 0.68, 0.6533333, 0.64, 0.64, 0.64, 0.6533333, 0.64, 0.64, 0.61333334, 0.6, 0.6, 0.5733333, 0.5733333, 0.5466667, 0.52, 0.52, 0.50666666, 0.48, 0.46666667, 0.45333335, 0.44, 0.42666668, 0.41333333, 0.4, 0.4, 0.4, 0.41333333, 0.4, 0.37333333], "best": [0.2888889, 0.31139123, 0.32063493, 0.31859413, 0.3181097, 0.3210174, 0.32376143, 0.37895462, 0.30964318, 0.40380955, 0.3190094, 0.40559873, 0.32715, 0.3841707, 0.3272881, 0.32755557, 0.40993845, 0.41095918, 0.41181424, 0.3292286, 0.41374385, 0.33595902, 0.3864949, 0.33957812, 0.41817644, 0.34630847, 0.41962487, 0.34993076, 0.4213431, 0.42242685, 0.35601455, 0.35837194, 0.42395657, 0.44658515, 0.42565107, 0.42712697, 0.36980128, 0.37325153, 0.4543544, 0.37497798, 0.45699924, 0.37958187, 0.38115507, 0.39298964, 0.4306552, 0.43141323, 0.38841897, 0.46703285, 0.43374372, 0.43455663], "duration": [3927, 3932, 3930, 5909, 3973, 5832, 3973, 5855, 5913, 5915, 6537, 5867, 7829, 4252, 5915, 8697, 7855, 5871, 2018, 3919, 5876, 3916, 9767, 9348, 5915, 5894, 8234, 4002, 4207, 9720, 5845, 9697, 3961, 5874, 1952, 3979, 5921, 5831, 13759, 10564, 5961, 4009, 7873, 7825, 3976, 2882, 7865, 2076, 4018, 7893]}