{"avg": [0.4222223, 0.4723749, 0.48585036, 0.46687603, 0.48006645, 0.5290752, 0.50915545, 0.53029615, 0.52647346, 0.56572866, 0.5383573, 0.5681867, 0.56465364, 0.5624333, 0.5735749, 0.581909, 0.59941983, 0.5891676, 0.60893446, 0.6248109, 0.63325447, 0.62778026, 0.63657516, 0.6520676, 0.64672047, 0.6595879, 0.6683276, 0.6722354, 0.6751613, 0.6807373, 0.69253254, 0.6951223, 0.6972938, 0.7005924, 0.7069333, 0.7079564, 0.71416324, 0.7181197, 0.7208861, 0.72658056, 0.72735006, 0.73601997, 0.7356009, 0.7376724, 0.7400209, 0.74277335, 0.7452253, 0.74740946, 0.74935323, 0.7510795], "std": [0.0902671, 0.10090387, 0.09577518, 0.0989638, 0.10142767, 0.05206355, 0.074884236, 0.08325091, 0.07421752, 0.0142137, 0.07396217, 0.020549633, 0.051846314, 0.051163826, 0.054021515, 0.051621825, 0.014694524, 0.060902897, 0.023487665, 0.014917601, 0.0110434955, 0.03462244, 0.028561292, 0.018781448, 0.026673539, 0.022779291, 0.010309604, 0.020062646, 0.02223392, 0.026561935, 0.000886178, 0.0063525527, 0.010538136, 0.011850996, 0.008581937, 0.012324697, 0.008624116, 0.0083298, 0.010440932, 5.9604645e-08, 0.009416522, 0.011446194, 5.9604645e-08, 5.9604645e-08, 1.1920929e-07, 1.1920929e-07, 5.9604645e-08, 0.0, 5.9604645e-08, 5.9604645e-08], "var": [0.96, 0.92, 0.88, 0.88, 0.8, 0.76, 0.68, 0.6, 0.52, 0.52, 0.48, 0.52, 0.48, 0.44, 0.36, 0.32, 0.32, 0.28, 0.28, 0.28, 0.28, 0.24, 0.24, 0.24, 0.2, 0.2, 0.2, 0.2, 0.2, 0.16, 0.16, 0.12, 0.08, 0.08, 0.08, 0.08, 0.08, 0.08, 0.08, 0.08, 0.04, 0.04, 0.04, 0.04, 0.04, 0.04, 0.04, 0.04, 0.04, 0.04], "best": [0.51111114, 0.55476195, 0.5530159, 0.5526252, 0.5578317, 0.5590965, 0.5628454, 0.5676588, 0.57118106, 0.57711965, 0.58516574, 0.58918047, 0.5928076, 0.59887415, 0.6025295, 0.608363, 0.6147978, 0.6199103, 0.6255536, 0.63146085, 0.6387764, 0.6464272, 0.65227336, 0.657898, 0.66390747, 0.6686094, 0.6745805, 0.6794879, 0.68504065, 0.6895912, 0.6927998, 0.69714826, 0.7017546, 0.7056458, 0.70931363, 0.71321166, 0.7164683, 0.7202021, 0.7241878, 0.7265805, 0.7298667, 0.77728987, 0.73560095, 0.7376723, 0.740021, 0.7427735, 0.74522537, 0.74740946, 0.7493532, 0.75107944], "duration": [26489, 31520, 31223, 31461, 26672, 31567, 31537, 31536, 26955, 27044, 27014, 27091, 27650, 36105, 27031, 27042, 31540, 27394, 27082, 27011, 27043, 31558, 27049, 27049, 27066, 36086, 31713, 27088, 27032, 27180, 27099, 27191, 27060, 27148, 36248, 31772, 31818, 31831, 27206, 31691, 27155, 31627, 27110, 27080, 28189, 27323, 36420, 27061, 27075, 27103]}