{"avg": [0.4051282, 0.43639305, 0.4641369, 0.48940444, 0.5025369, 0.42509797, 0.47311613, 0.5089518, 0.50404674, 0.45747167, 0.54201233, 0.5295691, 0.5022797, 0.49801394, 0.52818376, 0.52094847, 0.4959357, 0.54657197, 0.56046337, 0.49721757, 0.58804023, 0.5709182, 0.54788727, 0.57380074, 0.6171826, 0.60632646, 0.5835225, 0.62764996, 0.56344277, 0.60825896, 0.63552624, 0.57974356, 0.5757415, 0.6419678, 0.6187378, 0.62896925, 0.64555794, 0.63297397, 0.6270814, 0.6464155, 0.63730156, 0.6436722, 0.64643216, 0.65822846, 0.66228217, 0.6771358, 0.6770139, 0.6409927, 0.6747963, 0.64792424], "std": [0.14955558, 0.1571405, 0.1493636, 0.14548865, 0.14143303, 0.15189002, 0.14832275, 0.13680196, 0.14277941, 0.15475446, 0.12131447, 0.13203157, 0.14790756, 0.14621408, 0.13672258, 0.14100572, 0.15053909, 0.12132102, 0.1098589, 0.15139253, 0.09001126, 0.110603295, 0.12454724, 0.11118444, 0.0139903035, 0.08532302, 0.11172034, 0.018518204, 0.13682489, 0.08679655, 0.021626867, 0.11110059, 0.13358541, 0.026210137, 0.088384494, 0.090649076, 0.027448945, 0.09795334, 0.08880042, 0.0930866, 0.088444546, 0.033877637, 0.096049584, 0.036827814, 0.03230453, 0.025828177, 0.03344107, 0.10162045, 0.03762719, 0.106743865], "var": [1.0, 1.0, 1.0, 1.0, 1.0, 0.96, 0.96, 0.96, 0.96, 0.96, 0.98, 0.98, 0.96, 0.96, 0.92, 0.92, 0.92, 0.92, 0.92, 0.88, 0.84, 0.84, 0.84, 0.8, 0.76, 0.72, 0.7, 0.66, 0.66, 0.66, 0.64, 0.64, 0.6, 0.56, 0.56, 0.54, 0.5, 0.5, 0.48, 0.48, 0.5, 0.5, 0.48, 0.48, 0.44, 0.4, 0.4, 0.4, 0.36, 0.34], "best": [0.5666667, 0.6179488, 0.6150794, 0.6054866, 0.60710514, 0.60825807, 0.6080201, 0.60389614, 0.6083334, 0.6107143, 0.6129033, 0.6137288, 0.6156789, 0.61745256, 0.6179992, 0.6215887, 0.6241444, 0.6248678, 0.62402606, 0.6252382, 0.6265285, 0.6298452, 0.63228136, 0.63260585, 0.6350477, 0.6378517, 0.64202446, 0.6449222, 0.64806587, 0.6503688, 0.6530336, 0.6568484, 0.6571049, 0.6596526, 0.6631533, 0.6657144, 0.6692244, 0.67178106, 0.67507005, 0.67719424, 0.6809752, 0.6836135, 0.68463534, 0.6876809, 0.6898655, 0.6918847, 0.69489706, 0.69792354, 0.6992839, 0.7016591], "duration": [1192, 1189, 1176, 1388, 1184, 1196, 1193, 1197, 1194, 1181, 1401, 1214, 1182, 1234, 1507, 1425, 1095, 1165, 1193, 1200, 1210, 1181, 1185, 1269, 1190, 1388, 1184, 1209, 1166, 1173, 1374, 1190, 1188, 1387, 1178, 1219, 1147, 1181, 1357, 1188, 1172, 1392, 1144, 1134, 1143, 1142, 1341, 1163, 1156, 1180]}