{"avg": [0.0920635, 0.18017873, 0.18478897, 0.16732028, 0.2608277, 0.17212479, 0.194356, 0.19904438, 0.21270776, 0.1945251, 0.23210447, 0.19314831, 0.3214071, 0.1795544, 0.29907423, 0.26958647, 0.23563917, 0.24460827, 0.29140925, 0.2748495, 0.29704532, 0.26385978, 0.3085146, 0.33460465, 0.35907903, 0.3661656, 0.3166655, 0.37135, 0.36236775, 0.35864973, 0.37929058, 0.34866717, 0.37048924, 0.38953164, 0.44471928, 0.43315765, 0.42285722, 0.39923257, 0.480976, 0.48125535, 0.48227394, 0.43451735, 0.47005984, 0.5009856, 0.4601192, 0.47655645, 0.5192769, 0.5629126, 0.5219316, 0.56192064], "std": [0.10452114, 0.09955395, 0.09144086, 0.13902807, 0.14610994, 0.10039539, 0.14115287, 0.12754218, 0.13033953, 0.13136052, 0.1390426, 0.14298598, 0.14557143, 0.124742, 0.14111523, 0.15026557, 0.13439159, 0.099281274, 0.1241106, 0.12335349, 0.118590675, 0.11244881, 0.14085102, 0.11228239, 0.14468972, 0.15411815, 0.15110591, 0.1184184, 0.15479773, 0.12847053, 0.15376024, 0.1192072, 0.110589206, 0.15049227, 0.1489063, 0.15330805, 0.14058337, 0.12736963, 0.1280543, 0.12806796, 0.14314622, 0.16156551, 0.13116686, 0.12442566, 0.15029961, 0.13815321, 0.1128121, 0.0946823, 0.11516599, 0.10072877], "var": [0.98, 0.96, 0.94, 0.94, 0.92, 0.9, 0.88, 0.86, 0.84, 0.84, 0.8, 0.78, 0.78, 0.76, 0.74, 0.74, 0.72, 0.7, 0.68, 0.66, 0.66, 0.64, 0.64, 0.64, 0.62, 0.58, 0.6, 0.6, 0.56, 0.54, 0.5, 0.5, 0.46, 0.5, 0.48, 0.44, 0.42, 0.4, 0.38, 0.36, 0.36, 0.32, 0.32, 0.3, 0.3, 0.32, 0.3, 0.28, 0.24, 0.22], "best": [0.3555556, 0.33492064, 0.33876088, 0.5343916, 0.53645676, 0.34651214, 0.37282404, 0.38004538, 0.3853675, 0.5359484, 0.53799284, 0.5391472, 0.53981125, 0.38020265, 0.5429313, 0.54527265, 0.5454047, 0.3956073, 0.5454351, 0.54649705, 0.54690325, 0.3985759, 0.5481403, 0.54934245, 0.54819155, 0.55212337, 0.55306125, 0.55527955, 0.5569114, 0.558677, 0.5597609, 0.5628061, 0.56307673, 0.564016, 0.5660771, 0.57001996, 0.5729989, 0.5754713, 0.57756937, 0.5806662, 0.58311206, 0.58684176, 0.58930624, 0.5918519, 0.59471977, 0.5970544, 0.5995512, 0.6031725, 0.60675865, 0.6091286], "duration": [3900, 4312, 5800, 2176, 5940, 3975, 5821, 4028, 4636, 5981, 2147, 4304, 4092, 4285, 8257, 7776, 3942, 2082, 2216, 2193, 2246, 2127, 5967, 5984, 4132, 4184, 4422, 8755, 4014, 9777, 2305, 2214, 4095, 2335, 2350, 4143, 4186, 2643, 4241, 6095, 2308, 6085, 8242, 4221, 4636, 4240, 2312, 2386, 2403, 6166]}