{"avg": [0.17777777, 0.13985373, 0.19481125, 0.18137974, 0.18751502, 0.17125411, 0.16502225, 0.16296685, 0.22141302, 0.15013288, 0.12418143, 0.23047218, 0.24216074, 0.16598281, 0.1966066, 0.27513552, 0.20986654, 0.2117187, 0.18080391, 0.19769445, 0.22693124, 0.21220532, 0.19950965, 0.162973, 0.2607884, 0.24104103, 0.2286849, 0.2607572, 0.26903564, 0.26189348, 0.28736165, 0.28134033, 0.245946, 0.30407462, 0.2456144, 0.26254606, 0.25794172, 0.25291747, 0.29219025, 0.28780964, 0.2721811, 0.2612434, 0.26732826, 0.25003707, 0.30136478, 0.29812017, 0.30105653, 0.320515, 0.29602724, 0.2607795], "std": [0.14075221, 0.11675608, 0.13581479, 0.122766055, 0.14386174, 0.13859579, 0.111056924, 0.1104008, 0.11674766, 0.1449121, 0.11284945, 0.13811433, 0.13733396, 0.1290258, 0.14866392, 0.114704855, 0.16714743, 0.12764114, 0.1647295, 0.11953898, 0.11900841, 0.11710399, 0.12947382, 0.14291535, 0.16039243, 0.13683432, 0.1386895, 0.11226566, 0.11459454, 0.107705705, 0.14524825, 0.11238718, 0.15287398, 0.11689115, 0.14050429, 0.16131136, 0.12437885, 0.14939936, 0.087379225, 0.13130699, 0.12767564, 0.14931998, 0.10744293, 0.14060467, 0.14971092, 0.13452268, 0.10873768, 0.1138291, 0.15501143, 0.13304056], "var": [1.0, 0.984, 0.984, 0.976, 0.968, 0.968, 0.96, 0.952, 0.952, 0.952, 0.944, 0.944, 0.928, 0.928, 0.92, 0.904, 0.888, 0.872, 0.872, 0.864, 0.856, 0.84, 0.832, 0.84, 0.848, 0.84, 0.832, 0.816, 0.816, 0.8, 0.784, 0.776, 0.76, 0.752, 0.752, 0.752, 0.736, 0.72, 0.704, 0.704, 0.696, 0.688, 0.688, 0.672, 0.664, 0.672, 0.672, 0.664, 0.656, 0.64], "best": [0.3555556, 0.38076568, 0.38888893, 0.383486, 0.3885488, 0.38921735, 0.38260135, 0.38670638, 0.38735956, 0.38333338, 0.3848702, 0.38607737, 0.38473395, 0.38805237, 0.38215452, 0.38974124, 0.5336997, 0.38979205, 0.38521993, 0.3840235, 0.3860374, 0.38959786, 0.3876439, 0.39117807, 0.536634, 0.38541648, 0.3872653, 0.39195165, 0.3936205, 0.38664976, 0.5387472, 0.3947202, 0.3957093, 0.3899234, 0.39590296, 0.39664817, 0.39835793, 0.39898416, 0.40024024, 0.40031606, 0.5396473, 0.402247, 0.39202547, 0.39741057, 0.40240657, 0.53982633, 0.54018444, 0.40275484, 0.40320396, 0.40343344], "duration": [3792, 2136, 1902, 3835, 3775, 1891, 1901, 1800, 4076, 1969, 3761, 5743, 5789, 3799, 1918, 3782, 1982, 3915, 3843, 3760, 5707, 1891, 1992, 1924, 3933, 6179, 3859, 2049, 3873, 7597, 5716, 4248, 3803, 3795, 1928, 3852, 5747, 3824, 5784, 7643, 3876, 3850, 5742, 1944, 1881, 1982, 5791, 1947, 1907, 3829]}