{"avg": [0.107999995, 0.12625082, 0.11631745, 0.11768253, 0.096324615, 0.11894033, 0.10199842, 0.103561, 0.108508736, 0.123804234, 0.12053015, 0.11672381, 0.1100611, 0.10042614, 0.11677439, 0.12837335, 0.12192579, 0.12893802, 0.13339154, 0.12646064, 0.11197635, 0.13095737, 0.13920204, 0.15115337, 0.13173531, 0.12215963, 0.12033787, 0.11616193, 0.12022191, 0.111577466, 0.11600446, 0.11947079, 0.10367669, 0.11151024, 0.118983194, 0.11470604, 0.10348203, 0.095775954, 0.118802845, 0.10398121, 0.11186367, 0.09640496, 0.11971495, 0.0970409, 0.108312845, 0.1155344, 0.11184087, 0.10437813, 0.11981369, 0.11669524], "std": [0.10308908, 0.119225144, 0.11147711, 0.11437272, 0.112745084, 0.11002794, 0.100660175, 0.11200058, 0.12021045, 0.12392187, 0.11908327, 0.11356994, 0.115496404, 0.112644345, 0.113934934, 0.11135144, 0.11409659, 0.11183154, 0.111020625, 0.10720905, 0.12407546, 0.12006488, 0.124595694, 0.120320015, 0.12090161, 0.118519865, 0.117112614, 0.111062706, 0.110478364, 0.11134327, 0.11099889, 0.110005766, 0.10410099, 0.10335792, 0.101703905, 0.10216636, 0.0956743, 0.09591341, 0.09319876, 0.096136756, 0.09535509, 0.09657448, 0.093889825, 0.09720006, 0.09621627, 0.09456723, 0.09541108, 0.09656524, 0.09404602, 0.095515616], "var": [1.0, 0.98, 0.96, 0.96, 0.92, 0.92, 0.92, 0.92, 0.92, 0.92, 0.88, 0.86, 0.86, 0.84, 0.82, 0.8, 0.8, 0.8, 0.8, 0.76, 0.74, 0.72, 0.72, 0.72, 0.74, 0.74, 0.7, 0.72, 0.7, 0.7, 0.68, 0.66, 0.64, 0.68, 0.7, 0.68, 0.7, 0.68, 0.7, 0.74, 0.72, 0.72, 0.72, 0.72, 0.74, 0.72, 0.76, 0.76, 0.76, 0.78], "best": [0.3555556, 0.38412702, 0.3846032, 0.3846032, 0.38472226, 0.38488892, 0.33928573, 0.3850794, 0.38698417, 0.38835984, 0.3903175, 0.39114, 0.39293653, 0.39405376, 0.39501137, 0.3958413, 0.39680558, 0.39779648, 0.3987302, 0.39954054, 0.40029368, 0.4012472, 0.4020924, 0.40315396, 0.40424606, 0.4050413, 0.40588528, 0.40634924, 0.4068141, 0.40711552, 0.407254, 0.4073528, 0.4039038, 0.40379512, 0.40367883, 0.40348756, 0.21281746, 0.21242815, 0.21207185, 0.21173383, 0.21143651, 0.21120016, 0.21099775, 0.21078259, 0.21069625, 0.21064551, 0.21061768, 0.21055049, 0.21047619, 0.21039522], "duration": [6295, 6555, 6126, 6093, 6608, 6107, 5668, 5388, 5337, 5429, 5633, 5699, 5380, 5806, 5320, 5387, 5249, 5350, 5426, 5320, 5584, 5313, 5324, 5292, 5424, 5523, 5392, 5367, 5219, 5391, 5494, 5325, 5364, 5290, 5296, 5302, 5214, 5320, 5305, 5294, 5333, 5262, 5197, 5311, 5397, 5376, 5279, 5345, 5349, 5303]}