{"avg": [0.4051282, 0.3964663, 0.44503972, 0.47187918, 0.40878686, 0.48147985, 0.40722862, 0.4760456, 0.48247516, 0.46568152, 0.5120888, 0.50476885, 0.51961374, 0.49456945, 0.5081192, 0.5630974, 0.5209553, 0.557549, 0.56853265, 0.5062038, 0.54145306, 0.5722013, 0.57928234, 0.53459764, 0.60213256, 0.582568, 0.56453747, 0.59804213, 0.60110134, 0.59908605, 0.60013163, 0.6383863, 0.6091797, 0.6164111, 0.6054204, 0.65626025, 0.6537757, 0.6460223, 0.6647531, 0.680068, 0.6569314, 0.68270713, 0.6859753, 0.66339374, 0.694381, 0.69737965, 0.6908551, 0.7021629, 0.7175226, 0.71868944], "std": [0.14955558, 0.14988421, 0.14940506, 0.14705004, 0.14668132, 0.14464548, 0.14596808, 0.1482829, 0.14552851, 0.15024067, 0.13595037, 0.14056227, 0.13447854, 0.14665309, 0.13916567, 0.10885086, 0.13973157, 0.123896934, 0.109673016, 0.14872721, 0.13579994, 0.113834545, 0.10551481, 0.13863945, 0.07921101, 0.10419757, 0.13133384, 0.10377293, 0.09398337, 0.110456266, 0.109105356, 0.020807792, 0.116707236, 0.08264973, 0.11144901, 0.023223676, 0.03176373, 0.09238959, 0.025905324, 0.0152335195, 0.08931392, 0.024447523, 0.023294788, 0.102301165, 0.02309712, 0.02407182, 0.03954006, 0.033653915, 0.0, 0.00818266], "var": [0.98, 0.94, 0.9, 0.86, 0.84, 0.84, 0.82, 0.8, 0.76, 0.72, 0.72, 0.7, 0.68, 0.66, 0.62, 0.62, 0.6, 0.56, 0.52, 0.48, 0.48, 0.48, 0.46, 0.44, 0.42, 0.42, 0.4, 0.38, 0.38, 0.36, 0.34, 0.34, 0.32, 0.3, 0.28, 0.28, 0.24, 0.22, 0.2, 0.2, 0.18, 0.16, 0.16, 0.12, 0.12, 0.12, 0.1, 0.08, 0.08, 0.08], "best": [0.5666667, 0.6179488, 0.61349213, 0.61376816, 0.6139078, 0.6139844, 0.6137845, 0.61574775, 0.616316, 0.60443354, 0.60275537, 0.60616577, 0.6125221, 0.6135855, 0.6115924, 0.61539084, 0.6192184, 0.62127817, 0.62660676, 0.62301594, 0.6300062, 0.63324654, 0.6359371, 0.63922274, 0.6400635, 0.64337957, 0.6448481, 0.647339, 0.6514179, 0.6534647, 0.65744364, 0.66064405, 0.66336066, 0.6673574, 0.6689726, 0.6714115, 0.6754746, 0.67932737, 0.68335307, 0.68663454, 0.6908431, 0.69425946, 0.6983131, 0.70155257, 0.70465297, 0.708092, 0.7113804, 0.71438754, 0.7175226, 0.72080207], "duration": [1214, 1168, 1192, 1399, 1196, 1193, 1396, 1174, 1187, 1219, 1192, 1192, 1167, 1379, 1194, 1167, 1181, 1184, 1129, 1110, 1113, 1117, 1365, 1231, 1184, 1194, 1180, 1631, 1195, 1190, 1209, 1179, 1367, 1147, 1193, 1193, 1222, 1186, 1389, 1408, 1178, 1170, 1204, 1224, 1175, 1229, 1183, 1441, 1536, 1226]}