{"avg": [0.30196086, 0.49243698, 0.47810853, 0.3930159, 0.40128207, 0.44552442, 0.41502097, 0.48795995, 0.50677675, 0.51047313, 0.4846627, 0.5118374, 0.5894807, 0.5110389, 0.58013105, 0.5302326, 0.5977606, 0.5576528, 0.56843907, 0.56299466, 0.6060553, 0.58738106, 0.59676605, 0.56589514, 0.6177223, 0.6139992, 0.58241487, 0.63465554, 0.64859706, 0.6076977, 0.63048095, 0.608857, 0.63942754, 0.6257382, 0.6497159, 0.6480246, 0.61950034, 0.6344457, 0.68928736, 0.6845526, 0.6601933, 0.69248986, 0.6977041, 0.7149119, 0.7167067, 0.68723345, 0.71526474, 0.72368747, 0.7267581, 0.7055529], "std": [0.09665693, 0.13549148, 0.1448669, 0.14294906, 0.14599252, 0.15194704, 0.15062618, 0.1495095, 0.1433529, 0.14209673, 0.15280515, 0.14699534, 0.08034888, 0.14583911, 0.090837814, 0.13735765, 0.07355929, 0.12245881, 0.10854287, 0.12198977, 0.08072639, 0.11451495, 0.1110919, 0.13806762, 0.08473019, 0.08873062, 0.12650217, 0.03242889, 0.026977587, 0.10871688, 0.089940704, 0.118630536, 0.09060521, 0.11641168, 0.09176709, 0.10688163, 0.13154781, 0.13328798, 0.029303558, 0.03608368, 0.10523651, 0.037769224, 0.034111798, 0.009680726, 0.018674845, 0.108996674, 0.027757043, 0.023334792, 0.023122761, 0.114126846], "var": [0.96, 0.92, 0.9, 0.9, 0.9, 0.9, 0.88, 0.84, 0.84, 0.84, 0.82, 0.82, 0.82, 0.82, 0.8, 0.78, 0.74, 0.7, 0.7, 0.7, 0.66, 0.64, 0.6, 0.64, 0.62, 0.58, 0.54, 0.58, 0.56, 0.54, 0.5, 0.48, 0.46, 0.44, 0.44, 0.42, 0.38, 0.34, 0.32, 0.3, 0.26, 0.24, 0.22, 0.2, 0.2, 0.18, 0.16, 0.14, 0.12, 0.08], "best": [0.5666667, 0.6044819, 0.60758936, 0.59952384, 0.60476196, 0.6067511, 0.606767, 0.6095239, 0.6167423, 0.620322, 0.62181264, 0.62392294, 0.6280021, 0.632113, 0.6333334, 0.6283407, 0.63525385, 0.64064956, 0.64331967, 0.6445149, 0.6461339, 0.65072596, 0.65482444, 0.6599207, 0.66184133, 0.6658629, 0.66888344, 0.67126054, 0.6733767, 0.6769562, 0.6794725, 0.6827563, 0.6850113, 0.6882087, 0.69144785, 0.69505143, 0.6980125, 0.69991934, 0.7028446, 0.7069633, 0.7098597, 0.7123271, 0.71572423, 0.7186387, 0.72227657, 0.72628975, 0.72890145, 0.7312354, 0.73476136, 0.73771214], "duration": [1339, 1098, 1283, 1085, 1095, 1091, 1091, 1096, 1087, 1092, 1130, 1096, 1104, 1278, 1102, 1095, 1284, 1097, 1104, 1285, 1108, 1136, 1280, 1102, 1107, 1101, 1468, 1109, 1107, 1304, 1100, 1284, 1097, 1469, 1117, 1101, 1100, 1111, 1128, 1123, 1295, 1290, 1141, 1150, 1521, 1165, 1168, 1187, 1193, 1184]}