{"avg": [0.1851852, 0.16330534, 0.2013393, 0.1858494, 0.24299075, 0.19568118, 0.22873017, 0.20188382, 0.22078109, 0.28126514, 0.26547334, 0.21771075, 0.24291483, 0.29096052, 0.31603914, 0.25276068, 0.23604526, 0.29066035, 0.29368937, 0.30663428, 0.29942593, 0.28770486, 0.31075633, 0.36660624, 0.2755641, 0.3065215, 0.33926648, 0.33045164, 0.31779385, 0.3810847, 0.38113448, 0.3936473, 0.3904785, 0.4184373, 0.39672697, 0.41461256, 0.42595592, 0.4289477, 0.43347207, 0.41742134, 0.44447386, 0.45492926, 0.44472653, 0.4538615, 0.4521992, 0.4560305, 0.46471065, 0.4766224, 0.46809524, 0.50095403], "std": [0.105070375, 0.10901163, 0.11086849, 0.123635426, 0.12547758, 0.14532813, 0.13833186, 0.11872775, 0.13604009, 0.1531146, 0.14684527, 0.14139599, 0.14935018, 0.11158376, 0.12859716, 0.14176765, 0.14099644, 0.116830416, 0.11166968, 0.09813343, 0.09394924, 0.13268483, 0.119142696, 0.11305448, 0.12326956, 0.1264622, 0.082949534, 0.12011955, 0.11997353, 0.067256525, 0.09288283, 0.08866648, 0.09417756, 0.041591123, 0.092547625, 0.086859375, 0.07163877, 0.08023952, 0.08677072, 0.06257885, 0.068223044, 0.04162242, 0.078662865, 0.04231982, 0.046671044, 0.06640161, 0.044553567, 0.046547446, 0.048253167, 0.05566513], "var": [1.0, 0.98, 0.98, 0.98, 0.98, 0.98, 1.0, 1.0, 1.0, 0.98, 0.98, 0.96, 0.96, 0.94, 0.92, 0.88, 0.86, 0.86, 0.84, 0.84, 0.84, 0.82, 0.8, 0.76, 0.74, 0.7, 0.68, 0.64, 0.64, 0.64, 0.64, 0.6, 0.62, 0.62, 0.58, 0.58, 0.56, 0.52, 0.5, 0.48, 0.46, 0.5, 0.5, 0.48, 0.5, 0.48, 0.46, 0.48, 0.48, 0.5], "best": [0.3555556, 0.40000004, 0.39871037, 0.3798717, 0.5392142, 0.38249794, 0.5410053, 0.38458055, 0.38642725, 0.38795802, 0.5405513, 0.3925115, 0.3918752, 0.39232945, 0.54562926, 0.39594674, 0.3964566, 0.39919093, 0.4017792, 0.40276694, 0.40464342, 0.40759745, 0.40520546, 0.54752964, 0.40957505, 0.41640216, 0.41670412, 0.41876218, 0.4204009, 0.42338628, 0.54656994, 0.5470222, 0.5588256, 0.54855245, 0.5614998, 0.54925853, 0.550076, 0.565527, 0.5678138, 0.44400212, 0.5536254, 0.55475575, 0.5578941, 0.57500416, 0.5601774, 0.58517396, 0.57953465, 0.5808228, 0.58234924, 0.59211934], "duration": [2040, 4101, 3793, 1960, 7714, 5803, 2000, 7629, 7605, 3815, 3884, 5745, 3853, 5784, 9568, 3830, 4225, 5708, 4212, 3829, 3859, 4280, 2042, 5795, 3802, 5738, 5705, 4163, 1927, 1953, 2300, 1995, 2386, 3914, 6052, 2036, 2110, 2448, 2108, 1931, 2164, 2035, 2451, 2048, 2162, 2099, 2073, 2068, 2396, 2496]}