{"avg": [0.1520468, 0.18801911, 0.1721809, 0.21080588, 0.1688759, 0.16698486, 0.18470806, 0.17092411, 0.21935007, 0.24147503, 0.19874747, 0.2545635, 0.24328908, 0.3081752, 0.28819504, 0.24881117, 0.24207996, 0.28506765, 0.29465553, 0.3366075, 0.32729596, 0.31992868, 0.34074244, 0.35370213, 0.3198988, 0.2512203, 0.39962998, 0.401925, 0.35758922, 0.3835867, 0.47732586, 0.44083875, 0.46260372, 0.3945234, 0.4578188, 0.48908243, 0.4996824, 0.45478997, 0.48758987, 0.51891834, 0.50965214, 0.57174116, 0.5108442, 0.53385454, 0.5251835, 0.49798533, 0.53961056, 0.55771154, 0.5098021, 0.59247875], "std": [0.09544891, 0.11034146, 0.14649439, 0.12091715, 0.14158961, 0.15827212, 0.11004021, 0.16642885, 0.110346034, 0.13710018, 0.17079929, 0.16861169, 0.11964336, 0.12666325, 0.13579467, 0.0999411, 0.12964341, 0.17073107, 0.129688, 0.15426533, 0.139942, 0.18401071, 0.18010168, 0.13137767, 0.14342302, 0.16180666, 0.13139795, 0.13916247, 0.1463215, 0.14859809, 0.12630749, 0.14246114, 0.12926626, 0.14378887, 0.13408914, 0.10426798, 0.1083292, 0.19809093, 0.1573702, 0.13269944, 0.109975904, 0.07944362, 0.13839911, 0.09552262, 0.15530455, 0.13505459, 0.14064917, 0.099652156, 0.14368834, 0.11272139], "var": [1.0, 1.0, 1.0, 1.0, 0.98, 0.98, 0.98, 0.98, 0.94, 0.9, 0.88, 0.84, 0.84, 0.82, 0.78, 0.78, 0.76, 0.72, 0.72, 0.72, 0.72, 0.7, 0.7, 0.66, 0.68, 0.64, 0.64, 0.64, 0.6, 0.64, 0.62, 0.6, 0.56, 0.54, 0.54, 0.52, 0.52, 0.48, 0.44, 0.42, 0.4, 0.38, 0.38, 0.34, 0.34, 0.32, 0.32, 0.3, 0.28, 0.24], "best": [0.31111112, 0.38187137, 0.5415344, 0.383486, 0.38146597, 0.54450256, 0.38373828, 0.5451546, 0.39267594, 0.54706836, 0.55035275, 0.5507937, 0.39892295, 0.5554578, 0.5578874, 0.40103665, 0.39987794, 0.5619571, 0.5645374, 0.56637764, 0.5696616, 0.5723052, 0.57494235, 0.5775443, 0.5793155, 0.581836, 0.5832732, 0.5856926, 0.5885575, 0.5911152, 0.59319776, 0.59667367, 0.60030526, 0.60359, 0.6054866, 0.6080649, 0.6111683, 0.6147901, 0.6170131, 0.62010586, 0.6235185, 0.62560487, 0.63012385, 0.63288766, 0.63599443, 0.63880193, 0.64126563, 0.6436883, 0.64684683, 0.6487571], "duration": [6401, 3978, 2370, 11950, 8682, 2313, 5934, 2324, 6299, 4258, 5002, 6140, 9682, 2428, 10070, 5961, 4272, 2365, 6111, 6148, 6144, 2891, 4270, 6523, 5458, 2428, 4362, 8399, 6551, 6164, 4345, 4730, 2609, 6194, 4418, 4441, 2638, 4413, 4467, 6692, 4833, 2653, 2654, 2668, 4410, 5407, 3049, 3081, 2516, 2709]}