{"avg": [0.122222245, 0.12966666, 0.12589684, 0.14876193, 0.1450135, 0.16386288, 0.16153178, 0.15118413, 0.1531127, 0.15477884, 0.17846668, 0.14316016, 0.15660952, 0.14702564, 0.1629787, 0.18317017, 0.16520853, 0.139496, 0.14599206, 0.173393, 0.17871334, 0.18788256, 0.18277793, 0.16671929, 0.1982643, 0.17793384, 0.19225901, 0.17825502, 0.20788147, 0.20029888, 0.19600223, 0.20820251, 0.20600845, 0.18460636, 0.17796333, 0.18913308, 0.21529871, 0.18221991, 0.21012567, 0.19038925, 0.23059475, 0.20378615, 0.21205126, 0.21559672, 0.20127189, 0.21822561, 0.2309338, 0.20586546, 0.1983891, 0.21095666], "std": [0.12165526, 0.11933804, 0.13897866, 0.14332806, 0.148245, 0.13987197, 0.16144407, 0.15315588, 0.16398917, 0.16375086, 0.15460633, 0.1550877, 0.15699291, 0.17025445, 0.16626771, 0.16753586, 0.16466826, 0.170219, 0.16192766, 0.16936532, 0.17416577, 0.16870414, 0.17458998, 0.17016117, 0.17541286, 0.19252343, 0.19132523, 0.16129401, 0.17130008, 0.16875643, 0.15748544, 0.17397165, 0.18737845, 0.18259647, 0.18428984, 0.1804108, 0.17156167, 0.17497711, 0.17361616, 0.17759082, 0.18817084, 0.19657293, 0.19625214, 0.20031255, 0.19287796, 0.17666572, 0.1993947, 0.20516281, 0.18378901, 0.1823291], "var": [1.0, 0.96, 0.96, 0.96, 0.92, 0.9, 0.86, 0.84, 0.84, 0.82, 0.82, 0.86, 0.84, 0.8, 0.82, 0.84, 0.84, 0.86, 0.86, 0.86, 0.84, 0.84, 0.84, 0.82, 0.78, 0.8, 0.82, 0.8, 0.8, 0.78, 0.78, 0.8, 0.76, 0.78, 0.76, 0.74, 0.74, 0.76, 0.76, 0.76, 0.78, 0.8, 0.8, 0.76, 0.72, 0.68, 0.64, 0.66, 0.68, 0.66], "best": [0.51111114, 0.38317466, 0.5375397, 0.53650796, 0.53837305, 0.5395873, 0.5448413, 0.5411112, 0.5423016, 0.5439154, 0.54568255, 0.5465657, 0.5474207, 0.5484005, 0.54961455, 0.5510159, 0.55218256, 0.5525677, 0.5530159, 0.55346704, 0.55382544, 0.5542404, 0.5550722, 0.55605936, 0.5569445, 0.55779684, 0.5585837, 0.5593122, 0.5597506, 0.56012595, 0.5604445, 0.5600359, 0.5610665, 0.5609236, 0.5615033, 0.5616826, 0.5618254, 0.56203777, 0.5623768, 0.5628328, 0.5632659, 0.56374764, 0.56435376, 0.5650203, 0.5656566, 0.5663175, 0.56697035, 0.5677373, 0.56847227, 0.5691092], "duration": [11433, 11478, 9624, 11912, 10118, 11186, 12595, 12759, 12767, 12251, 11355, 11569, 9621, 9251, 9103, 9693, 9734, 9788, 10718, 12091, 11928, 12587, 11596, 12101, 13130, 10830, 13875, 13223, 12493, 13589, 12664, 11216, 12644, 11796, 11486, 13304, 12544, 10651, 12474, 11982, 12435, 11069, 11684, 11103, 11392, 10278, 9981, 9197, 8609, 8538]}