{"avg": [0.40915036, 0.45350143, 0.4420966, 0.4932586, 0.46264067, 0.46966714, 0.49210358, 0.5188187, 0.5112459, 0.41099086, 0.5328518, 0.48776683, 0.519898, 0.516375, 0.51702476, 0.4968532, 0.5485143, 0.5197113, 0.5445959, 0.53566945, 0.5310969, 0.5323778, 0.5578279, 0.5399358, 0.5531559, 0.54775566, 0.56877214, 0.57049066, 0.57354015, 0.5672296, 0.56556267, 0.5672676, 0.5845679, 0.5812399, 0.58627623, 0.59021056, 0.5907371, 0.58999157, 0.6059309, 0.6065305, 0.5988032, 0.60180116, 0.6098643, 0.61138684, 0.61326814, 0.62303126, 0.6270771, 0.6354158, 0.6338799, 0.6436497], "std": [0.10590657, 0.107597284, 0.123703636, 0.07157232, 0.12666509, 0.10336806, 0.102289155, 0.054657154, 0.07016386, 0.16048539, 0.04245208, 0.1226314, 0.09557541, 0.0662128, 0.066114455, 0.10038462, 0.008335523, 0.09877183, 0.04095539, 0.056687955, 0.0560988, 0.06502206, 0.011720599, 0.06512923, 0.044290967, 0.04739275, 0.009975722, 0.011900419, 0.012539248, 0.045918, 0.050784502, 0.05552712, 0.011307928, 0.020210315, 0.020667851, 0.017786551, 0.021357894, 0.025968285, 0.01180463, 0.01565549, 0.026572835, 0.031671632, 0.024802806, 0.027527018, 0.02867078, 0.020901324, 0.023297768, 0.012587132, 0.018904114, 0.013008452], "var": [0.96, 0.92, 0.9, 0.86, 0.86, 0.82, 0.8, 0.78, 0.74, 0.72, 0.7, 0.66, 0.66, 0.64, 0.6, 0.6, 0.58, 0.6, 0.6, 0.6, 0.56, 0.54, 0.54, 0.54, 0.52, 0.52, 0.5, 0.5, 0.48, 0.46, 0.42, 0.4, 0.42, 0.4, 0.36, 0.34, 0.32, 0.3, 0.28, 0.28, 0.28, 0.26, 0.26, 0.24, 0.22, 0.22, 0.2, 0.2, 0.18, 0.18], "best": [0.51111114, 0.5587302, 0.5602183, 0.5549207, 0.55730873, 0.55442727, 0.5463586, 0.54805696, 0.5521871, 0.5473923, 0.5544415, 0.55667764, 0.55797833, 0.5579132, 0.55326045, 0.5579196, 0.55835223, 0.560507, 0.5619048, 0.56442547, 0.5671908, 0.5677565, 0.56920636, 0.5724739, 0.57394356, 0.57638, 0.5767158, 0.5805052, 0.58285785, 0.58495665, 0.58872724, 0.591115, 0.59390867, 0.5971501, 0.59944665, 0.60321414, 0.60630804, 0.6093854, 0.6116879, 0.6159719, 0.6199018, 0.62196857, 0.62492275, 0.6276288, 0.6301588, 0.63317645, 0.6366139, 0.6399496, 0.6436975, 0.64712644], "duration": [31212, 26931, 31407, 31466, 31432, 29618, 26975, 27028, 27416, 26976, 27014, 26996, 31526, 36017, 27028, 31563, 27034, 27058, 27093, 31554, 26988, 26971, 35969, 31485, 27108, 27051, 27010, 27025, 26996, 26981, 26964, 27008, 27013, 31531, 27013, 27017, 36011, 27014, 36067, 31526, 26974, 27010, 27057, 26989, 27053, 31518, 27030, 35949, 31459, 26972]}