{"avg": [0.16666667, 0.20955883, 0.19319987, 0.23274419, 0.24818595, 0.22151522, 0.2340908, 0.25188494, 0.27068383, 0.2678069, 0.27413127, 0.3161402, 0.2770966, 0.27990142, 0.30861357, 0.38545752, 0.32173637, 0.3238348, 0.30404854, 0.3516735, 0.33820838, 0.4193694, 0.3731051, 0.3301207, 0.36824837, 0.29825458, 0.3409369, 0.34813714, 0.38957447, 0.43954375, 0.4086708, 0.40972525, 0.38574308, 0.4106794, 0.41028216, 0.44716206, 0.4428153, 0.49332708, 0.4944182, 0.4900207, 0.5263898, 0.48368582, 0.5016768, 0.49621308, 0.49266043, 0.49338004, 0.50431675, 0.53439295, 0.54989815, 0.52418244, 0.56986004, 0.5644912, 0.56534857, 0.565601, 0.57018983, 0.59215903, 0.59429467, 0.5864543, 0.5904193, 0.5750023, 0.60038745, 0.62304467, 0.6221174, 0.6247236, 0.6187421, 0.6348897, 0.6398924, 0.6528041, 0.6494489, 0.63373625, 0.6645812, 0.6667989, 0.6573554, 0.6461786, 0.67283064, 0.65682614, 0.6708751, 0.68366534, 0.6865603, 0.6878119, 0.704077, 0.71093816, 0.7083355, 0.69837964, 0.7018736, 0.7040137, 0.70145285, 0.7073107, 0.71205765, 0.72046936, 0.7168919, 0.7010716, 0.71491766, 0.7264803, 0.72072154, 0.7281329, 0.73375237, 0.7314006, 0.721468, 0.73481137, 0.7310228, 0.73142654, 0.73198205, 0.7404791, 0.7459953, 0.74707466, 0.74292004, 0.7491381, 0.7373595, 0.7515333, 0.7414755, 0.74863607, 0.7422381, 0.755693, 0.75652975, 0.7575154, 0.74807316, 0.75932336, 0.75408137, 0.7566516, 0.7557812, 0.7580683, 0.7638305, 0.76476455, 0.7657303, 0.7619818, 0.7623471, 0.76304513, 0.76921946, 0.77012247, 0.7710104, 0.76645213, 0.7723869, 0.77316606, 0.77392274, 0.76925546, 0.7570131, 0.7760727, 0.76638055, 0.77763474, 0.7783134, 0.77911556, 0.77981764, 0.78046703, 0.775965, 0.7817821, 0.78212523, 0.78301084, 0.7742074, 0.7748696], "std": [0.096545264, 0.12594408, 0.08853946, 0.11249887, 0.083026126, 0.087711304, 0.09667548, 0.0926413, 0.08321707, 0.08945945, 0.0854419, 0.09500511, 0.11122727, 0.13310505, 0.0841258, 0.07961798, 0.106734745, 0.0995452, 0.07408167, 0.07378992, 0.0684608, 0.091676734, 0.12098113, 0.111744024, 0.12659967, 0.13467458, 0.12751694, 0.14026617, 0.09634434, 0.0809089, 0.0695369, 0.13239133, 0.13327566, 0.0968399, 0.07795973, 0.0917231, 0.075996906, 0.07251867, 0.06641332, 0.083120584, 0.06003145, 0.0742175, 0.07033984, 0.07913679, 0.097222425, 0.11155694, 0.08025928, 0.075581744, 0.057592466, 0.09849632, 0.04099928, 0.059671294, 0.07284565, 0.0664361, 0.060082752, 0.056270182, 0.056922015, 0.07666741, 0.08182672, 0.0807347, 0.06355538, 0.03385639, 0.032553993, 0.032584116, 0.07861223, 0.029851649, 0.03060799, 0.037759274, 0.032329056, 0.059450097, 0.03198477, 0.031670034, 0.031570483, 0.06767989, 0.03200273, 0.07364333, 0.03262151, 0.030793512, 0.02856287, 0.030843461, 0.018736938, 0.0012182253, 0.015863609, 0.03058181, 0.030224478, 0.029364383, 0.035306033, 0.032527715, 0.03113892, 0.018445507, 0.024288356, 0.03863747, 0.029323742, 0.017757224, 0.027835784, 0.020096695, 0.005122735, 0.019491015, 0.03175862, 0.018359419, 0.025779823, 0.025533348, 0.026109966, 0.017295627, 0.00016336123, 0.00012281243, 0.019371793, 6.406709e-05, 0.0289871, 6.3821344e-06, 0.02719985, 0.018815279, 0.028358528, 0.00011828156, 0.00013178587, 0.00012795531, 0.026466928, 0.00017563449, 0.019195236, 0.018402444, 0.021465281, 0.018793102, 0.00032902163, 0.00037742048, 0.00037895428, 0.018268539, 0.019379592, 0.019353662, 5.9604645e-08, 5.9604645e-08, 0.0, 0.019941883, 0.00055677607, 0.00059084053, 0.00064341316, 0.020030832, 0.03290585, 0.000744783, 0.026369372, 1.1920929e-07, 5.9604645e-08, 1.1920929e-07, 5.9604645e-08, 0.0, 0.019401178, 5.9604645e-08, 0.0010494437, 1.1920929e-07, 0.024985513, 0.024984125], "var": [0.98, 0.98, 0.96, 0.96, 0.92, 0.9, 0.9, 0.88, 0.9, 0.88, 0.9, 0.86, 0.84, 0.8, 0.8, 0.78, 0.74, 0.72, 0.7, 0.68, 0.66, 0.68, 0.68, 0.64, 0.62, 0.62, 0.62, 0.62, 0.6, 0.58, 0.56, 0.56, 0.54, 0.5, 0.5, 0.46, 0.42, 0.4, 0.4, 0.4, 0.36, 0.36, 0.32, 0.32, 0.3, 0.26, 0.24, 0.2, 0.18, 0.18, 0.18, 0.18, 0.16, 0.16, 0.16, 0.14, 0.14, 0.16, 0.16, 0.14, 0.12, 0.12, 0.14, 0.14, 0.14, 0.14, 0.14, 0.14, 0.14, 0.14, 0.14, 0.14, 0.14, 0.1, 0.1, 0.08, 0.08, 0.08, 0.08, 0.08, 0.08, 0.08, 0.08, 0.08, 0.08, 0.08, 0.08, 0.1, 0.08, 0.08, 0.08, 0.06, 0.06, 0.06, 0.06, 0.06, 0.06, 0.06, 0.06, 0.06, 0.06, 0.06, 0.04, 0.04, 0.04, 0.04, 0.04, 0.04, 0.04, 0.04, 0.04, 0.04, 0.04, 0.04, 0.04, 0.04, 0.04, 0.04, 0.04, 0.04, 0.04, 0.04, 0.04, 0.04, 0.04, 0.04, 0.04, 0.04, 0.04, 0.04, 0.04, 0.04, 0.04, 0.04, 0.04, 0.04, 0.04, 0.04, 0.04, 0.04, 0.04, 0.04, 0.04, 0.04, 0.04, 0.04, 0.04, 0.04, 0.04, 0.02], "best": [0.3777778, 0.41279763, 0.40851372, 0.40845484, 0.39865693, 0.40946352, 0.45430246, 0.41320348, 0.40975058, 0.41611722, 0.46363014, 0.5010282, 0.5039931, 0.5062342, 0.42005125, 0.50992066, 0.5141931, 0.5097339, 0.42118227, 0.46250328, 0.42274144, 0.5923461, 0.59424037, 0.5234182, 0.5953756, 0.52484787, 0.5266782, 0.5282298, 0.528753, 0.5977324, 0.5319557, 0.58888894, 0.60105616, 0.60188603, 0.53805125, 0.5891973, 0.5411809, 0.61481845, 0.60524726, 0.620181, 0.6075708, 0.5549817, 0.6084616, 0.609335, 0.6174262, 0.61949736, 0.5664571, 0.6370764, 0.63984025, 0.6424001, 0.64467436, 0.6472826, 0.6497536, 0.65215963, 0.6546477, 0.6571337, 0.6597042, 0.66216195, 0.6647699, 0.6715566, 0.6689479, 0.67134625, 0.6737933, 0.67616177, 0.6782671, 0.6849137, 0.68718755, 0.68956596, 0.68719137, 0.6898364, 0.69648373, 0.693565, 0.69518936, 0.69686663, 0.70295775, 0.7047672, 0.701631, 0.7079169, 0.7055601, 0.70728934, 0.7129252, 0.71427447, 0.7161538, 0.71803355, 0.71976095, 0.72126436, 0.7227169, 0.7241881, 0.7256061, 0.72696716, 0.72836006, 0.7298968, 0.7310508, 0.7325057, 0.7339112, 0.7349683, 0.7361009, 0.7374416, 0.7386346, 0.7400966, 0.7413813, 0.742554, 0.7437865, 0.74488264, 0.7462262, 0.747269, 0.7482159, 0.7492373, 0.7503481, 0.7515377, 0.7526276, 0.75354296, 0.75458294, 0.7557955, 0.75666153, 0.75762, 0.75852287, 0.75943685, 0.76044905, 0.7613939, 0.76237106, 0.76306933, 0.7639828, 0.7649392, 0.7658791, 0.7667028, 0.76762444, 0.76843387, 0.7692195, 0.7701224, 0.7710104, 0.7717818, 0.7725308, 0.7733187, 0.77409476, 0.774811, 0.7754809, 0.7762717, 0.776958, 0.77763486, 0.77831334, 0.77911544, 0.7798177, 0.78046703, 0.7811502, 0.78178203, 0.7824056, 0.78301096, 0.7836187, 0.78428805], "duration": [5743, 7565, 3244, 11099, 7956, 5808, 7281, 7924, 7385, 8005, 9253, 9379, 7215, 7326, 7298, 10013, 9983, 4180, 7704, 7408, 8238, 7550, 11134, 9221, 4272, 4803, 7143, 8877, 13042, 11097, 12275, 5401, 7905, 9307, 7502, 7494, 9972, 9811, 7431, 11914, 5034, 14903, 11118, 9276, 12976, 7096, 14905, 9070, 7533, 11087, 8936, 9189, 10946, 7570, 11163, 13173, 13050, 11202, 11610, 9239, 11110, 15624, 11222, 11001, 11179, 11707, 11485, 15505, 15523, 11233, 14947, 14953, 12901, 13323, 14899, 13004, 15450, 13001, 15585, 14901, 14775, 14833, 14839, 14839, 14903, 14873, 15017, 17385, 14949, 14863, 14945, 14868, 14911, 17459, 14934, 15019, 14946, 14956, 19847, 17338, 14918, 14898, 15031, 19930, 17318, 14848, 14886, 14816, 14881, 14853, 14860, 14786, 17326, 14899, 14890, 17486, 14883, 14848, 14998, 14908, 14859, 14871, 14831, 14948, 14915, 14850, 14841, 14937, 14852, 17372, 14875, 14911, 14770, 14834, 17419, 14911, 14838, 14884, 14889, 14863, 17438, 15046, 15147, 17336, 14935, 14885, 14846, 14935, 14906, 14896]}