{"avg": [0.39181295, 0.43963987, 0.48838058, 0.5086396, 0.5285508, 0.54235506, 0.5588575, 0.5659778, 0.5755486, 0.5894905, 0.6037191, 0.61913574, 0.63459337, 0.6494508, 0.6652179, 0.67568076, 0.68835205, 0.6973612, 0.70443296, 0.7118974, 0.7181392, 0.72438765, 0.7303027, 0.73577875, 0.7405416, 0.7445145, 0.74801254, 0.75161356, 0.7549552, 0.75791746, 0.76096517, 0.7638684, 0.7663383, 0.76849174, 0.77079636, 0.7727145, 0.77458227, 0.7766281, 0.7783856, 0.78001416, 0.7816809, 0.7832999, 0.78473264, 0.7862325, 0.7875329, 0.78883725, 0.7899665, 0.7910787, 0.79222685, 0.7932496], "std": [0.119824566, 0.11229155, 0.08897225, 0.07830776, 0.056821577, 0.04267211, 0.0075221458, 0.008909946, 0.010978506, 0.012547239, 0.017139075, 0.020560263, 0.017518574, 0.016410626, 0.013092362, 0.018919827, 2.9802322e-07, 2.3841858e-07, 2.3841858e-07, 2.3841858e-07, 2.3841858e-07, 3.5762787e-07, 5.9604645e-08, 1.1920929e-07, 1.7881393e-07, 0.0, 0.0, 1.7881393e-07, 2.3841858e-07, 1.7881393e-07, 2.9802322e-07, 1.7881393e-07, 0.0, 0.0, 2.9802322e-07, 1.7881393e-07, 2.3841858e-07, 2.9802322e-07, 1.7881393e-07, 1.1920929e-07, 2.9802322e-07, 3.5762787e-07, 2.9802322e-07, 4.172325e-07, 0.0, 2.9802322e-07, 1.7881393e-07, 0.0, 1.7881393e-07, 2.3841858e-07], "var": [0.92, 0.84, 0.78, 0.68, 0.68, 0.62, 0.56, 0.4, 0.34, 0.26, 0.18, 0.12, 0.06, 0.06, 0.04, 0.02, 0.02, 0.02, 0.02, 0.02, 0.02, 0.02, 0.02, 0.02, 0.02, 0.02, 0.02, 0.02, 0.02, 0.02, 0.02, 0.02, 0.02, 0.02, 0.02, 0.02, 0.02, 0.02, 0.02, 0.02, 0.02, 0.02, 0.02, 0.02, 0.02, 0.02, 0.02, 0.02, 0.02, 0.02], "best": [0.51111114, 0.54619884, 0.54827726, 0.5520399, 0.5581459, 0.5631653, 0.5674766, 0.57597154, 0.58549786, 0.5983482, 0.614671, 0.6284243, 0.64072454, 0.6529272, 0.6672883, 0.67871, 0.68835175, 0.6973614, 0.7044327, 0.7118976, 0.71813893, 0.7243873, 0.73030275, 0.7357786, 0.74054176, 0.7445145, 0.74801254, 0.7516134, 0.75495493, 0.75791764, 0.7609649, 0.7638686, 0.7663383, 0.76849174, 0.77079666, 0.7727143, 0.7745825, 0.7766278, 0.77838576, 0.7800143, 0.7816806, 0.78329957, 0.78473234, 0.7862329, 0.7875329, 0.78883696, 0.78996634, 0.7910787, 0.792227, 0.79324985], "duration": [100403, 122480, 107738, 117025, 116993, 121674, 135151, 130656, 103863, 121819, 112784, 135383, 121848, 135507, 112943, 122290, 108647, 108712, 131337, 108651, 126789, 117620, 126620, 140199, 122693, 118476, 139983, 144333, 99315, 139895, 121812, 108438, 103849, 121814, 117341, 121831, 99187, 117363, 112845, 130950, 122001, 135394, 135442, 108745, 130803, 135366, 108236, 126326, 135291, 162314]}