{"avg": [0.17564107, 0.18758877, 0.1931257, 0.22389944, 0.22280467, 0.23123851, 0.23274635, 0.24746847, 0.2435423, 0.24976315, 0.27212235, 0.26964116, 0.2826366, 0.29251733, 0.3069165, 0.32534423, 0.3258394, 0.33132565, 0.3621396, 0.36627424, 0.38505703, 0.39785603, 0.4110133, 0.4198477, 0.43491158, 0.43276623, 0.45539993, 0.46199116, 0.4616538, 0.47989678, 0.49239373, 0.48058873, 0.50470775, 0.5140249, 0.52212787, 0.5220154, 0.5320359, 0.5412309, 0.54610795, 0.55026346, 0.55464256, 0.5586545, 0.5618222, 0.56535554, 0.5689605, 0.5720559, 0.5751266, 0.57765275, 0.58048344, 0.583102], "std": [0.046329603, 0.062545195, 0.05959082, 0.048369132, 0.048295658, 0.044498738, 0.06507221, 0.051596425, 0.0693992, 0.06669993, 0.052363113, 0.050991286, 0.064489886, 0.056833375, 0.06365112, 0.06436828, 0.07599668, 0.06366191, 0.055897288, 0.059860874, 0.055741753, 0.05108445, 0.053459268, 0.05596795, 0.04800798, 0.052323118, 0.041990463, 0.05059611, 0.050505035, 0.04017823, 0.038347747, 0.047911182, 0.039241876, 0.02841177, 0.023539174, 0.032018404, 0.019937063, 1.1920929e-07, 1.7881393e-07, 1.1920929e-07, 1.1920929e-07, 5.9604645e-08, 1.7881393e-07, 2.3841858e-07, 1.7881393e-07, 0.0, 1.1920929e-07, 2.3841858e-07, 0.0, 1.1920929e-07], "var": [0.96, 0.92, 0.9, 0.86, 0.84, 0.78, 0.74, 0.66, 0.64, 0.6, 0.6, 0.6, 0.6, 0.62, 0.64, 0.58, 0.58, 0.56, 0.5, 0.44, 0.36, 0.36, 0.32, 0.32, 0.32, 0.32, 0.3, 0.26, 0.22, 0.22, 0.16, 0.12, 0.08, 0.08, 0.06, 0.04, 0.02, 0.02, 0.02, 0.02, 0.02, 0.02, 0.02, 0.02, 0.02, 0.02, 0.02, 0.02, 0.02, 0.02], "best": [0.2777778, 0.30525032, 0.29946095, 0.31019318, 0.31152722, 0.3149351, 0.4079464, 0.41419238, 0.4161623, 0.4189752, 0.42067063, 0.4233927, 0.42408222, 0.42807963, 0.43170482, 0.43626142, 0.4395406, 0.4431383, 0.4465825, 0.45159656, 0.45593423, 0.460842, 0.46641093, 0.4712719, 0.47632378, 0.48200983, 0.48720813, 0.49228263, 0.4977579, 0.50293505, 0.5081661, 0.5134361, 0.5170472, 0.5220588, 0.52693295, 0.5314552, 0.53545517, 0.5412308, 0.54610777, 0.5502636, 0.55464244, 0.5586544, 0.56182235, 0.5653558, 0.56896067, 0.5720559, 0.57512647, 0.5776525, 0.58048344, 0.58310187], "duration": [10360, 4147, 12214, 9668, 6415, 11899, 8483, 9989, 8361, 4209, 12782, 9873, 10021, 6425, 7796, 13522, 11681, 15815, 15811, 21285, 24175, 19343, 19669, 19350, 17410, 16907, 26130, 18373, 15776, 15789, 13958, 21430, 11835, 7938, 6021, 8590, 6906, 4253, 4187, 3844, 4354, 3867, 4168, 4160, 4163, 4183, 3835, 4177, 3840, 3837]}