{"avg": [0.11717172, 0.18168703, 0.21606061, 0.18878068, 0.16852243, 0.15723105, 0.2070374, 0.21076024, 0.23254472, 0.21388707, 0.2311448, 0.25239915, 0.18268216, 0.22811659, 0.24993716, 0.28976193, 0.21612857, 0.3374902, 0.2043534, 0.17909926, 0.1941983, 0.21269147, 0.21680555, 0.2876164, 0.2267456, 0.23563495, 0.35417518, 0.25792012, 0.32174608, 0.27836773, 0.33386678, 0.24610001, 0.2823013, 0.29529652, 0.2518775, 0.25104082, 0.2745182, 0.35732356, 0.29737395, 0.33514744, 0.31025374, 0.30011976, 0.37625974, 0.36651304, 0.29724154, 0.29306525, 0.3046116, 0.32035747, 0.28810984, 0.2921443], "std": [0.10470029, 0.1545591, 0.16136153, 0.11739205, 0.13036263, 0.13619603, 0.12299291, 0.10741562, 0.10945411, 0.13101591, 0.08119074, 0.0914659, 0.12692836, 0.07013365, 0.0889358, 0.09952049, 0.14890659, 0.07249837, 0.13001223, 0.17333643, 0.13909376, 0.09652117, 0.098153524, 0.12289071, 0.12007041, 0.07679916, 0.06518844, 0.12522388, 0.09299283, 0.09996971, 0.090514645, 0.11684728, 0.13383383, 0.13186105, 0.15088369, 0.12432293, 0.12135967, 0.07643067, 0.12569928, 0.12773845, 0.09841447, 0.15106873, 0.0651175, 0.07751155, 0.12646773, 0.15694171, 0.13982466, 0.12517147, 0.13870205, 0.15535058], "var": [1.0, 1.0, 1.0, 0.98, 0.96, 0.96, 0.96, 0.96, 0.94, 0.94, 0.92, 0.9, 0.88, 0.9, 0.88, 0.86, 0.84, 0.84, 0.84, 0.84, 0.82, 0.8, 0.8, 0.8, 0.8, 0.8, 0.78, 0.76, 0.78, 0.76, 0.76, 0.76, 0.74, 0.72, 0.72, 0.7, 0.7, 0.68, 0.7, 0.7, 0.68, 0.66, 0.66, 0.64, 0.64, 0.62, 0.62, 0.62, 0.6, 0.6], "best": [0.3555556, 0.40101016, 0.40101016, 0.3853175, 0.39874497, 0.37760144, 0.38998783, 0.3984754, 0.3893319, 0.39826545, 0.40052915, 0.38736832, 0.3923688, 0.3862397, 0.40163854, 0.40274435, 0.40101016, 0.40342793, 0.39084688, 0.40179437, 0.3921517, 0.39012116, 0.39494053, 0.39469844, 0.40017572, 0.38615525, 0.4005386, 0.40292835, 0.4034921, 0.4047058, 0.4055335, 0.40296078, 0.40814358, 0.4098627, 0.40441066, 0.41058344, 0.39585337, 0.40520862, 0.4118698, 0.41371888, 0.41391662, 0.40268874, 0.41634363, 0.41827464, 0.41958457, 0.4170059, 0.4206092, 0.42191932, 0.4225921, 0.42312193], "duration": [1340, 1310, 1237, 1236, 1635, 1236, 1325, 1271, 1246, 1298, 1236, 1279, 1236, 1644, 1260, 1262, 1261, 1263, 1263, 1259, 1295, 1218, 1305, 1307, 1243, 1239, 1296, 1265, 1306, 1299, 1336, 1294, 1299, 1270, 1296, 1307, 1270, 1282, 1299, 1267, 1266, 1273, 1312, 1277, 1304, 1266, 1271, 1295, 1365, 1266]}