{"avg": [0.13333334, 0.19346926, 0.18303858, 0.19813493, 0.18631212, 0.25053945, 0.24277963, 0.32076427, 0.28026107, 0.22108622, 0.30467412, 0.25069433, 0.2663593, 0.25876957, 0.3142903, 0.33011246, 0.30942032, 0.35241202, 0.33172545, 0.35112047, 0.43710133, 0.34715098, 0.37764823, 0.4131205, 0.40545115, 0.36212957, 0.41495037, 0.3897794, 0.4469272, 0.39432412, 0.41929132, 0.51228505, 0.418327, 0.47919294, 0.4858205, 0.44398534, 0.4654747, 0.5112794, 0.5038654, 0.48386705, 0.53099346, 0.52510077, 0.54972166, 0.5280572, 0.5666876, 0.52767545, 0.5090671, 0.58536714, 0.57179755, 0.53886086], "std": [0.08757195, 0.11670237, 0.13505848, 0.10326787, 0.14921118, 0.15557069, 0.11300094, 0.11774149, 0.13406225, 0.09300298, 0.11668539, 0.17699534, 0.15383458, 0.16111706, 0.103112586, 0.1378866, 0.13516267, 0.11693442, 0.117486276, 0.1495688, 0.10238004, 0.12616473, 0.11193435, 0.12528352, 0.083235756, 0.12305247, 0.10027655, 0.11427815, 0.08823183, 0.06436487, 0.12110564, 0.07136617, 0.12749624, 0.08007119, 0.11794663, 0.09696389, 0.11678528, 0.08388852, 0.107831776, 0.14041866, 0.10572574, 0.1091555, 0.07292606, 0.118687, 0.067859165, 0.118171155, 0.10794221, 0.053375077, 0.06600097, 0.10334143], "var": [1.0, 0.98, 0.94, 0.94, 0.92, 0.92, 0.88, 0.86, 0.84, 0.84, 0.84, 0.84, 0.82, 0.8, 0.78, 0.76, 0.76, 0.74, 0.74, 0.74, 0.74, 0.7, 0.66, 0.68, 0.68, 0.64, 0.68, 0.66, 0.66, 0.64, 0.64, 0.64, 0.64, 0.62, 0.6, 0.58, 0.56, 0.54, 0.52, 0.5, 0.48, 0.44, 0.46, 0.48, 0.5, 0.46, 0.44, 0.46, 0.48, 0.46], "best": [0.3555556, 0.39477128, 0.3848073, 0.38793653, 0.5378067, 0.54206353, 0.39226195, 0.54618764, 0.5488716, 0.39375004, 0.5485261, 0.5502861, 0.3981356, 0.5516107, 0.55180377, 0.5526769, 0.55496585, 0.5555438, 0.5567181, 0.558254, 0.56526464, 0.5629023, 0.56200486, 0.5653186, 0.5731281, 0.5661893, 0.5673519, 0.5684855, 0.5774148, 0.4349379, 0.58133924, 0.58379793, 0.5794341, 0.5808456, 0.58900106, 0.5851324, 0.5961032, 0.58798075, 0.5936482, 0.5937465, 0.59715694, 0.5994522, 0.60541975, 0.603233, 0.60839593, 0.60982215, 0.609002, 0.61032283, 0.61206603, 0.61387455], "duration": [2253, 3825, 3837, 3785, 7654, 5869, 1958, 8193, 2095, 3931, 5822, 7713, 3868, 7667, 11436, 6275, 5919, 4011, 7682, 3914, 5902, 4337, 2109, 4369, 2088, 6206, 3973, 6232, 2553, 5750, 3993, 2298, 4043, 2593, 4128, 2186, 2225, 4103, 2291, 2779, 2315, 2292, 2317, 2690, 2290, 2308, 2216, 2323, 2682, 2304]}