{"avg": [0.14285716, 0.18880579, 0.21352728, 0.20394717, 0.20611715, 0.18887024, 0.20526686, 0.23899767, 0.21586908, 0.22041808, 0.19239089, 0.20484355, 0.22466168, 0.23399426, 0.2249286, 0.21000901, 0.22960034, 0.24731325, 0.24520142, 0.2767297, 0.2691158, 0.24227071, 0.2471399, 0.28634486, 0.2909103, 0.280209, 0.28494608, 0.28284115, 0.31150162, 0.24304128, 0.2934778, 0.30825865, 0.32812154, 0.30597612, 0.31209195, 0.31982514, 0.30386713, 0.34255674, 0.31803027, 0.34173685, 0.35467368, 0.36954308, 0.38063818, 0.39506575, 0.387936, 0.37736106, 0.34388146, 0.36718434, 0.38805, 0.39128202], "std": [0.068346195, 0.07154402, 0.051666472, 0.06339014, 0.077400036, 0.068994485, 0.049298305, 0.05412491, 0.061241746, 0.06603131, 0.091373466, 0.08230527, 0.08739331, 0.04656624, 0.06515932, 0.09137139, 0.08899399, 0.03539702, 0.07322579, 0.04805786, 0.06691968, 0.08829931, 0.08336017, 0.052772425, 0.050623707, 0.08488678, 0.05548923, 0.093514934, 0.06641876, 0.09131461, 0.07620163, 0.048942745, 0.050478484, 0.053806555, 0.07118669, 0.08234851, 0.06788992, 0.06636072, 0.11127453, 0.062289126, 0.05712962, 0.04802419, 0.08099742, 0.039667044, 0.06692944, 0.07505459, 0.10729579, 0.098652996, 0.08147986, 0.06499173], "var": [1.0, 0.98, 0.94, 0.94, 0.9, 0.9, 0.9, 0.88, 0.84, 0.82, 0.8, 0.78, 0.76, 0.78, 0.74, 0.74, 0.74, 0.72, 0.72, 0.7, 0.68, 0.7, 0.7, 0.7, 0.68, 0.68, 0.64, 0.62, 0.58, 0.6, 0.56, 0.58, 0.56, 0.54, 0.56, 0.54, 0.52, 0.5, 0.48, 0.46, 0.42, 0.4, 0.4, 0.38, 0.38, 0.38, 0.38, 0.38, 0.38, 0.38], "best": [0.1888889, 0.3134921, 0.32211277, 0.3170912, 0.32289058, 0.31174603, 0.31840926, 0.32050142, 0.31841272, 0.3194529, 0.3201389, 0.32117915, 0.32134503, 0.32384825, 0.3254186, 0.32796094, 0.33424935, 0.3296041, 0.3319292, 0.3344716, 0.34352392, 0.3412841, 0.34599084, 0.3471993, 0.34935752, 0.34789512, 0.3533147, 0.35303456, 0.35646674, 0.35921615, 0.44199753, 0.36046475, 0.3621709, 0.3657623, 0.449431, 0.45116872, 0.45400196, 0.45497465, 0.4524023, 0.4538512, 0.4609408, 0.46332943, 0.46620804, 0.4695795, 0.47308445, 0.4767226, 0.47888675, 0.48002437, 0.48200715, 0.48429087], "duration": [2425, 2076, 3939, 2071, 4738, 2080, 2060, 4307, 2523, 4287, 3001, 4274, 3928, 5898, 2013, 3029, 2044, 3958, 3958, 3957, 2016, 2068, 4570, 3950, 2038, 2121, 4318, 1990, 2178, 2000, 7256, 7803, 2002, 5923, 3968, 2334, 3938, 3953, 4298, 2837, 3952, 3944, 3482, 2248, 2016, 3948, 3946, 2018, 5882, 3943]}