{"avg": [0.1873016, 0.20779292, 0.21822982, 0.20389158, 0.22129135, 0.25900745, 0.22580452, 0.26432663, 0.23500358, 0.25058204, 0.24768339, 0.2562257, 0.2794646, 0.24612351, 0.27501878, 0.22205894, 0.2648162, 0.29125708, 0.28118172, 0.30509058, 0.26647308, 0.31013077, 0.28712782, 0.31573832, 0.3100137, 0.33574134, 0.33497488, 0.3186226, 0.32188648, 0.3641484, 0.34278154, 0.35098308, 0.34083095, 0.34501404, 0.36241323, 0.36651602, 0.3745273, 0.3989034, 0.37334582, 0.36677182, 0.3618419, 0.40544358, 0.39071706, 0.416156, 0.391186, 0.38541898, 0.40796182, 0.40080267, 0.42187425, 0.42511997], "std": [0.086766034, 0.108141944, 0.07002982, 0.07504317, 0.075341254, 0.07962697, 0.07072539, 0.07798061, 0.077527165, 0.080958344, 0.06349685, 0.10019986, 0.0751809, 0.07192148, 0.08140868, 0.103075944, 0.07557663, 0.06364364, 0.06587722, 0.06618359, 0.109062456, 0.07760056, 0.10372648, 0.073621556, 0.062526144, 0.06730895, 0.046240736, 0.075675964, 0.054279767, 0.04970746, 0.08646642, 0.076848626, 0.08686629, 0.0819382, 0.08330191, 0.062889494, 0.05927698, 0.068203665, 0.058462806, 0.06548763, 0.07655432, 0.059588905, 0.06936272, 0.06911553, 0.07394272, 0.073483475, 0.08252793, 0.06238513, 0.067666136, 0.08136109], "var": [0.98, 0.98, 0.98, 0.96, 0.94, 0.94, 0.94, 0.94, 0.9, 0.9, 0.9, 0.9, 0.88, 0.88, 0.86, 0.86, 0.86, 0.86, 0.82, 0.82, 0.84, 0.84, 0.82, 0.8, 0.78, 0.78, 0.8, 0.8, 0.82, 0.8, 0.76, 0.78, 0.76, 0.78, 0.76, 0.76, 0.76, 0.76, 0.76, 0.78, 0.76, 0.76, 0.74, 0.72, 0.72, 0.7, 0.68, 0.68, 0.7, 0.7], "best": [0.2888889, 0.3725624, 0.32583472, 0.31970325, 0.37862107, 0.38268036, 0.37784535, 0.38399476, 0.32442105, 0.38419604, 0.3810769, 0.38928574, 0.38904592, 0.33339715, 0.3899844, 0.39375436, 0.3954001, 0.39669773, 0.3886819, 0.39480475, 0.38995573, 0.45157748, 0.401484, 0.3996573, 0.38809958, 0.44626445, 0.40185854, 0.40513474, 0.40350842, 0.40646803, 0.49715683, 0.4090641, 0.49815953, 0.5000631, 0.50188094, 0.5003761, 0.506125, 0.5066348, 0.45729586, 0.50349313, 0.5121116, 0.5140384, 0.51473045, 0.51691294, 0.5191741, 0.52119076, 0.5224031, 0.523385, 0.5244381, 0.52600074], "duration": [7391, 7510, 5132, 3627, 3211, 5265, 7161, 5354, 5677, 5733, 5039, 7278, 3699, 4913, 9464, 4100, 9448, 5623, 11676, 11301, 9176, 9012, 7394, 7535, 7292, 10074, 9845, 11050, 8199, 14864, 11854, 9140, 11345, 10049, 9469, 13306, 11403, 13086, 10259, 13109, 11183, 11961, 9506, 10364, 10129, 11956, 13528, 11425, 12907, 9515]}