{"avg": [0.37083334, 0.44382167, 0.3632971, 0.40838584, 0.44658855, 0.4129898, 0.4041877, 0.3872177, 0.4375962, 0.41814452, 0.5045199, 0.4497642, 0.44987848, 0.48461533, 0.42794746, 0.48580584, 0.47258785, 0.46335995, 0.4791676, 0.4796399, 0.4612833, 0.5072449, 0.4805301, 0.47058997, 0.45531005, 0.50624156, 0.45665777, 0.5054231, 0.5077867, 0.5186512, 0.5200726, 0.49983075, 0.511055, 0.5300056, 0.49247685, 0.49967748, 0.48276868, 0.4833871, 0.5103047, 0.50103736, 0.5430389, 0.5266141, 0.53741705, 0.5327493, 0.5239444, 0.4944966, 0.5112427, 0.5373238, 0.54719293, 0.5379243], "std": [0.11268846, 0.08903999, 0.15744904, 0.1387771, 0.14032733, 0.119986445, 0.104115285, 0.14464489, 0.12185686, 0.14431891, 0.06573489, 0.1485314, 0.11481449, 0.09579644, 0.15358648, 0.081705034, 0.090618856, 0.09194224, 0.098383486, 0.08369322, 0.11497166, 0.08997714, 0.10224582, 0.09209506, 0.1051966, 0.0690193, 0.12801826, 0.076185815, 0.06359114, 0.05988655, 0.0563683, 0.09188665, 0.062267914, 0.04837664, 0.07788698, 0.080273636, 0.10685197, 0.089243405, 0.072951935, 0.10255046, 0.007874121, 0.050886843, 0.038408447, 0.05115059, 0.061333902, 0.10324145, 0.0968341, 0.037471615, 0.008282755, 0.049188174], "var": [0.984, 0.984, 0.976, 0.976, 0.976, 0.976, 0.976, 0.976, 0.968, 0.968, 0.952, 0.944, 0.944, 0.936, 0.928, 0.92, 0.92, 0.92, 0.904, 0.888, 0.888, 0.88, 0.864, 0.856, 0.84, 0.824, 0.808, 0.8, 0.792, 0.776, 0.768, 0.76, 0.744, 0.736, 0.728, 0.72, 0.704, 0.696, 0.696, 0.688, 0.68, 0.672, 0.656, 0.64, 0.64, 0.632, 0.64, 0.632, 0.648, 0.648], "best": [0.51111114, 0.56319445, 0.5440243, 0.54052293, 0.542028, 0.54553455, 0.5375397, 0.5412292, 0.54315555, 0.54227126, 0.53948295, 0.5435904, 0.54116774, 0.54512477, 0.5469787, 0.5472064, 0.5482968, 0.550095, 0.5448874, 0.5467135, 0.54989874, 0.5466909, 0.5507723, 0.54608905, 0.5476779, 0.5502671, 0.54758644, 0.5502867, 0.5432287, 0.5475603, 0.54949987, 0.5480458, 0.55092746, 0.5514274, 0.551784, 0.55292, 0.55367607, 0.5543594, 0.5542449, 0.5537865, 0.55490935, 0.5555556, 0.55664515, 0.5574857, 0.5586661, 0.5547567, 0.5581786, 0.5585203, 0.55919933, 0.55953634], "duration": [25500, 27115, 26763, 27441, 27431, 27100, 27189, 31761, 27361, 26747, 27487, 27559, 27273, 26940, 27288, 27237, 27156, 27022, 27355, 27413, 27312, 27423, 31871, 27030, 27384, 27345, 27346, 27272, 27173, 27359, 27332, 27378, 27332, 27317, 27201, 27332, 27353, 27303, 27204, 27190, 27318, 31872, 31861, 27348, 27250, 27300, 27352, 27317, 27313, 31867]}