{"avg": [0.18461539, 0.119995706, 0.19727182, 0.2677709, 0.20674814, 0.19927496, 0.19150132, 0.21853285, 0.26590994, 0.2505869, 0.20566301, 0.2789587, 0.24808203, 0.29990175, 0.2637331, 0.31195033, 0.3077067, 0.2076111, 0.2978563, 0.34185663, 0.3385575, 0.35327742, 0.27397552, 0.31681076, 0.36170116], "std": [0.11141315, 0.12871753, 0.12281025, 0.10552889, 0.14766945, 0.13323745, 0.14209142, 0.1665843, 0.14414842, 0.12348195, 0.17532949, 0.13835104, 0.15447104, 0.13268715, 0.09080917, 0.15946685, 0.09970439, 0.14596073, 0.14208058, 0.14965478, 0.15800038, 0.13295989, 0.14077029, 0.11126436, 0.11744518], "var": [0.98, 0.96, 0.92, 0.94, 0.92, 0.88, 0.84, 0.82, 0.8, 0.76, 0.76, 0.74, 0.72, 0.68, 0.66, 0.64, 0.64, 0.62, 0.66, 0.66, 0.66, 0.7, 0.7, 0.72, 0.68], "best": [0.3555556, 0.38302812, 0.39047623, 0.3886819, 0.54512477, 0.3922987, 0.39548615, 0.5460747, 0.39892954, 0.39102358, 0.5502581, 0.55324596, 0.555754, 0.5580499, 0.3997884, 0.56215954, 0.45647132, 0.38959375, 0.5645394, 0.56792396, 0.5666667, 0.5678107, 0.5728522, 0.5702781, 0.57458246], "duration": [3216, 2949, 6865, 9417, 9330, 3331, 3152, 10024, 7292, 9491, 6907, 10871, 10324, 10787, 11417, 14507, 9123, 5357, 8747, 12680, 8952, 10915, 7896, 7207, 11730]}