{"avg": [0.16088893, 0.18202537, 0.19070475, 0.20219998, 0.20098886, 0.22340003, 0.22772062, 0.22779825, 0.2504834, 0.2545101, 0.2655883, 0.2727359, 0.27352935, 0.27601346, 0.28432631, 0.2815956, 0.29656276, 0.29677188, 0.28880164, 0.30817375, 0.3250848, 0.32085717, 0.32779282, 0.32982472, 0.33993572, 0.33980495, 0.34338585, 0.35175982, 0.36156246, 0.3678195, 0.3662791, 0.3715028, 0.38297746, 0.38471138, 0.39038327, 0.3925811, 0.4071797, 0.40933347, 0.40246078, 0.40809506, 0.40879, 0.40086898, 0.41553316, 0.41826287, 0.41857874, 0.42255893, 0.42619142, 0.44095856, 0.43448812, 0.4446279], "std": [0.11186942, 0.1397645, 0.12515347, 0.12286781, 0.13563015, 0.13333648, 0.12350439, 0.12882328, 0.11463518, 0.11397312, 0.109748304, 0.11121565, 0.11185412, 0.10595227, 0.112403974, 0.11983266, 0.10476083, 0.112088166, 0.116995335, 0.10322965, 0.09966018, 0.10299076, 0.1052779, 0.0958458, 0.10023091, 0.091643274, 0.100508064, 0.09558966, 0.08360514, 0.07764051, 0.08324328, 0.0753542, 0.064224124, 0.07211914, 0.059465066, 0.066155, 0.050206877, 0.050171472, 0.06519104, 0.056458272, 0.057403214, 0.06823511, 0.052408434, 0.062444683, 0.060115516, 0.06575645, 0.062523305, 0.059071634, 0.071368754, 0.06676155], "var": [0.98, 0.94, 0.9, 0.88, 0.84, 0.82, 0.78, 0.8, 0.8, 0.78, 0.76, 0.72, 0.7, 0.66, 0.64, 0.64, 0.64, 0.62, 0.6, 0.62, 0.6, 0.6, 0.6, 0.6, 0.6, 0.58, 0.58, 0.54, 0.52, 0.52, 0.52, 0.5, 0.5, 0.46, 0.48, 0.48, 0.5, 0.5, 0.48, 0.48, 0.48, 0.48, 0.48, 0.46, 0.5, 0.5, 0.48, 0.48, 0.5, 0.5], "best": [0.51111114, 0.54539686, 0.5487302, 0.54968256, 0.55015874, 0.550635, 0.5512699, 0.5517914, 0.55230165, 0.55285716, 0.55349207, 0.55405486, 0.5545635, 0.5550306, 0.55560094, 0.5561905, 0.55670637, 0.5571896, 0.5576191, 0.5579282, 0.55823016, 0.5585261, 0.55877346, 0.55899936, 0.55920637, 0.5593397, 0.5594445, 0.5594533, 0.5595295, 0.5596333, 0.5597778, 0.559913, 0.5600397, 0.5676912, 0.5602568, 0.5699819, 0.57111114, 0.5721665, 0.5732164, 0.5742735, 0.5752183, 0.5760821, 0.57682544, 0.59561837, 0.5967388, 0.5977143, 0.5986163, 0.59945965, 0.6003373, 0.601393], "duration": [7817, 7905, 8009, 7750, 9374, 9404, 10653, 9968, 11319, 11297, 13141, 13563, 13562, 13244, 13637, 13590, 14798, 15255, 14845, 14896, 15517, 14957, 17487, 17830, 19383, 17839, 18702, 19104, 19378, 19738, 19567, 20693, 21687, 21026, 22302, 21259, 22041, 21324, 20015, 21946, 21958, 21018, 20144, 19080, 19150, 17346, 17822, 19192, 18591, 19051]}