{"avg": [0.38000014, 0.42379054, 0.4289222, 0.4361651, 0.4405738, 0.4448267, 0.45972863, 0.46417058, 0.4726318, 0.487309, 0.4948108, 0.49213883, 0.5027596, 0.50664514, 0.51037264, 0.51418227, 0.5178772, 0.52267706, 0.52348983, 0.52769697, 0.52847284, 0.5326001, 0.53368354, 0.5349608, 0.53981006, 0.54098815, 0.5384488, 0.5425686, 0.5441013, 0.5450563, 0.55391246, 0.5554701, 0.55690557, 0.55797964, 0.56297284, 0.5645372, 0.5661506, 0.56745404, 0.5688879, 0.56978476, 0.5710253, 0.5732928, 0.5743095, 0.57669604, 0.5785289, 0.57969344, 0.58226347, 0.58340013, 0.58492434, 0.590223], "std": [0.14417069, 0.13312824, 0.13330935, 0.1298656, 0.13010839, 0.13012487, 0.1135668, 0.113152266, 0.11122577, 0.09402666, 0.09110253, 0.09249719, 0.080085725, 0.07867079, 0.07698708, 0.074998856, 0.072904274, 0.06862317, 0.0689245, 0.06626271, 0.066530235, 0.06350729, 0.06382092, 0.06421195, 0.060253616, 0.06057228, 0.06402148, 0.061035376, 0.06139258, 0.061690606, 0.03586671, 0.03610893, 0.03640501, 0.03675021, 0.02788738, 0.028125819, 0.028268699, 0.028416393, 0.028793825, 0.029082295, 0.0294278, 0.029790547, 0.029786587, 0.02979168, 0.030017424, 0.030207127, 0.029921375, 0.030206976, 0.030453665, 0.0084796455], "var": [1.0, 1.0, 0.96, 0.92, 0.88, 0.88, 0.86, 0.84, 0.82, 0.82, 0.8, 0.78, 0.78, 0.78, 0.78, 0.78, 0.76, 0.78, 0.78, 0.76, 0.72, 0.74, 0.7, 0.68, 0.66, 0.66, 0.64, 0.64, 0.6, 0.58, 0.6, 0.56, 0.58, 0.56, 0.52, 0.52, 0.54, 0.5, 0.5, 0.48, 0.5, 0.5, 0.46, 0.48, 0.5, 0.48, 0.44, 0.46, 0.44, 0.42], "best": [0.51111114, 0.54396826, 0.5449207, 0.5460318, 0.5467064, 0.54777783, 0.54928577, 0.5504989, 0.55230165, 0.5537037, 0.55506355, 0.5561328, 0.5571032, 0.5578144, 0.5588322, 0.5595238, 0.5602183, 0.560803, 0.56121695, 0.56163746, 0.5619921, 0.5623356, 0.56258297, 0.5627881, 0.56297624, 0.5633969, 0.5647009, 0.56640214, 0.5680159, 0.56950194, 0.5709683, 0.57234, 0.5736707, 0.5750217, 0.57644725, 0.5779683, 0.57958996, 0.58120126, 0.58270264, 0.5843102, 0.5858373, 0.6060976, 0.5888549, 0.59036916, 0.5919553, 0.5937778, 0.5955211, 0.597332, 0.5989286, 0.6005572], "duration": [61174, 63065, 62587, 63491, 64066, 63774, 65561, 65843, 65764, 69266, 68815, 67496, 70077, 70286, 70754, 72058, 72009, 71680, 71725, 72007, 71927, 72209, 72153, 72382, 74132, 74070, 72347, 73993, 74117, 74108, 74342, 76258, 76296, 74162, 76090, 76307, 76254, 76242, 76231, 76175, 76182, 77876, 76226, 76101, 76193, 76204, 76147, 76178, 76320, 76333]}