{"avg": [0.17539684, 0.1799509, 0.20117117, 0.21925303, 0.19046304, 0.23316856, 0.21201567, 0.2272793, 0.20174164, 0.23945247, 0.22061947, 0.23832422, 0.24551386, 0.24685428, 0.19988558, 0.2208906, 0.21270365, 0.23908575, 0.25103378, 0.2548095, 0.22100425, 0.26020354, 0.25450054, 0.26958978, 0.2620756, 0.2581455, 0.25864485, 0.26989815, 0.2982936, 0.25523126, 0.276125, 0.24667281, 0.25029764, 0.25975415, 0.25146788, 0.26704398, 0.2596884, 0.26974946, 0.2602107, 0.2917185, 0.30348897, 0.2549934, 0.307904, 0.2837236, 0.29150483, 0.2901366, 0.28460544, 0.30055872, 0.29510364, 0.296656], "std": [0.07791129, 0.082631916, 0.07432907, 0.068724796, 0.099468485, 0.062871374, 0.08831046, 0.054679785, 0.07054491, 0.0616127, 0.06393094, 0.059604805, 0.066509895, 0.04952937, 0.077022865, 0.11633416, 0.08261824, 0.06688551, 0.06312393, 0.049875174, 0.09955364, 0.05989068, 0.08029336, 0.09423977, 0.055354476, 0.09271167, 0.062362924, 0.069604106, 0.052297544, 0.07953744, 0.0556974, 0.09068784, 0.06429632, 0.08245007, 0.08503583, 0.064957134, 0.055260316, 0.06668922, 0.06283632, 0.07492107, 0.057163525, 0.05871082, 0.054588564, 0.064208195, 0.052904133, 0.056128766, 0.0600044, 0.055369392, 0.047622975, 0.0776825], "var": [1.0, 0.99, 0.98, 0.97, 0.95, 0.94, 0.93, 0.91, 0.89, 0.89, 0.88, 0.87, 0.87, 0.86, 0.85, 0.84, 0.83, 0.81, 0.81, 0.8, 0.78, 0.78, 0.78, 0.78, 0.77, 0.77, 0.77, 0.77, 0.76, 0.75, 0.75, 0.73, 0.72, 0.71, 0.71, 0.69, 0.67, 0.66, 0.64, 0.65, 0.64, 0.62, 0.62, 0.61, 0.61, 0.6, 0.59, 0.58, 0.57, 0.55], "best": [0.2777778, 0.30498868, 0.30535716, 0.30396825, 0.30407488, 0.36106443, 0.35046688, 0.3147162, 0.3176367, 0.3212131, 0.32326478, 0.32370713, 0.36414567, 0.35371575, 0.39388725, 0.35479015, 0.3140261, 0.38914418, 0.32337713, 0.3240791, 0.3624023, 0.39108497, 0.40269023, 0.44789675, 0.32922786, 0.33048385, 0.35020536, 0.3962904, 0.3973006, 0.40618917, 0.3811266, 0.3367886, 0.33800456, 0.44801223, 0.39290836, 0.33961895, 0.31483725, 0.39341807, 0.34089592, 0.4097591, 0.41061103, 0.32561147, 0.40117326, 0.39910197, 0.4163736, 0.41175467, 0.39496797, 0.39526883, 0.39482978, 0.41976008], "duration": [3709, 5612, 7642, 11343, 5703, 9354, 7586, 5361, 5668, 5998, 9005, 5686, 7543, 7404, 3139, 3831, 3925, 2984, 5400, 7389, 5661, 9700, 5250, 5561, 3892, 7333, 9124, 7526, 5498, 3799, 3696, 5556, 5464, 7345, 7358, 3676, 9177, 5583, 3449, 7160, 9262, 5670, 5682, 5706, 5585, 2942, 5450, 3535, 5533, 3729]}