{"avg": [0.14920637, 0.1944799, 0.177629, 0.16077897, 0.1981263, 0.19292635, 0.20277523, 0.20086369, 0.19411477, 0.21777089, 0.23401605, 0.26532128, 0.22129643, 0.22778934, 0.21459247, 0.246975, 0.23970295, 0.25837845, 0.2744231, 0.29485327, 0.25572783, 0.27096814, 0.318754, 0.28977296, 0.2898466, 0.281434, 0.3386394, 0.29057223, 0.34813467, 0.32113624, 0.35646698, 0.38502696, 0.36439934, 0.35931632, 0.39079565, 0.38595015, 0.41435406, 0.40970176, 0.39600405, 0.40929428, 0.40840295, 0.44302356, 0.4115405, 0.4410514, 0.45136222, 0.4706477, 0.49510652, 0.5047079, 0.46585923, 0.5121804], "std": [0.045949575, 0.05414834, 0.08604261, 0.08261836, 0.07347414, 0.059923336, 0.07257644, 0.061181974, 0.06288128, 0.06800863, 0.06594039, 0.07514226, 0.068553224, 0.07393879, 0.07344336, 0.06726393, 0.040402476, 0.071390234, 0.0907112, 0.05821591, 0.058553007, 0.07757665, 0.08014746, 0.09756349, 0.10849532, 0.12318427, 0.085195065, 0.11650581, 0.10618586, 0.13408302, 0.10025567, 0.06639801, 0.12603354, 0.12910242, 0.104837544, 0.11083181, 0.078177266, 0.12269133, 0.11675993, 0.11458471, 0.13224772, 0.07860736, 0.130254, 0.09905362, 0.10734972, 0.05890699, 0.020424344, 0.0, 0.10404935, 5.9604645e-08], "var": [0.96, 0.92, 0.9, 0.86, 0.86, 0.84, 0.82, 0.82, 0.8, 0.78, 0.74, 0.72, 0.72, 0.68, 0.68, 0.64, 0.6, 0.56, 0.54, 0.54, 0.52, 0.52, 0.5, 0.46, 0.42, 0.4, 0.38, 0.34, 0.34, 0.3, 0.28, 0.26, 0.24, 0.24, 0.22, 0.22, 0.22, 0.2, 0.2, 0.18, 0.16, 0.16, 0.14, 0.14, 0.12, 0.12, 0.12, 0.12, 0.12, 0.12], "best": [0.1888889, 0.29648528, 0.40158734, 0.30210492, 0.40005124, 0.30463982, 0.30645162, 0.30731922, 0.3088254, 0.40003455, 0.4006475, 0.40229595, 0.40405935, 0.40276602, 0.31650943, 0.40435827, 0.31720328, 0.40600652, 0.40668938, 0.40976435, 0.41082117, 0.41152015, 0.41237167, 0.41677502, 0.4198392, 0.42242068, 0.42498738, 0.4290642, 0.43190515, 0.43578744, 0.43994433, 0.44390997, 0.4477477, 0.45185697, 0.45495814, 0.45962036, 0.46323925, 0.4672688, 0.47229683, 0.47566575, 0.4789588, 0.48246533, 0.48532236, 0.48849744, 0.4924459, 0.49634925, 0.50021255, 0.5047079, 0.50911117, 0.51218045], "duration": [2090, 1986, 2013, 1930, 1937, 5887, 2058, 3914, 7769, 2309, 8412, 3956, 6201, 4005, 2105, 9693, 5886, 3886, 4011, 5901, 2001, 3892, 6144, 2303, 1949, 2037, 5808, 3927, 8083, 3913, 2282, 5912, 3910, 1976, 1966, 2257, 2365, 1982, 3904, 4255, 2336, 3953, 2361, 1968, 2036, 3943, 1988, 2361, 3885, 1999]}