{"avg": [0.14533335, 0.18201904, 0.16804606, 0.1749905, 0.16106667, 0.1836838, 0.16265874, 0.16848798, 0.16173929, 0.15773758, 0.14053969, 0.14054316, 0.15459365, 0.14123859, 0.13039684, 0.14170605, 0.14505675, 0.1492398, 0.1378677, 0.13407888, 0.1269519, 0.13522631, 0.1274091, 0.14215377, 0.1201393, 0.12320495, 0.12746644, 0.11673723, 0.12316494, 0.13510904, 0.123998076, 0.13526697, 0.13492054, 0.13218674, 0.1166744, 0.13196509, 0.12855743, 0.12116816, 0.12863769, 0.12518999, 0.13260318, 0.13654983, 0.11775804, 0.121774375, 0.10718319, 0.11898474, 0.1342479, 0.122792244, 0.10400835, 0.11603423], "std": [0.12189532, 0.1187852, 0.12404119, 0.12497743, 0.12936534, 0.11494685, 0.10724951, 0.11188295, 0.098422654, 0.10083207, 0.10011985, 0.10032302, 0.097433604, 0.094541945, 0.099641256, 0.09476609, 0.09865945, 0.09052484, 0.10236598, 0.0980622, 0.10103008, 0.092599675, 0.101310275, 0.0949015, 0.09022104, 0.094887726, 0.09399265, 0.091515355, 0.09480156, 0.08433611, 0.08907562, 0.084439725, 0.09084383, 0.08661156, 0.09140515, 0.08646103, 0.08826195, 0.09094441, 0.08830979, 0.08991913, 0.08689081, 0.08523472, 0.09225346, 0.09141341, 0.09506961, 0.09321445, 0.08796707, 0.09215285, 0.09606083, 0.09481177], "var": [0.98, 0.94, 0.92, 0.92, 0.9, 0.9, 0.92, 0.92, 0.9, 0.9, 0.9, 0.88, 0.88, 0.88, 0.88, 0.9, 0.92, 0.9, 0.86, 0.84, 0.86, 0.84, 0.86, 0.82, 0.82, 0.84, 0.84, 0.82, 0.8, 0.78, 0.78, 0.78, 0.8, 0.8, 0.8, 0.8, 0.8, 0.84, 0.84, 0.8, 0.82, 0.82, 0.84, 0.82, 0.82, 0.8, 0.78, 0.78, 0.76, 0.72], "best": [0.51111114, 0.54539686, 0.54468256, 0.5446032, 0.54456353, 0.5444445, 0.38857147, 0.54383224, 0.37918654, 0.3791535, 0.37922227, 0.37927854, 0.3791667, 0.37907207, 0.379059, 0.37911114, 0.3791568, 0.37922508, 0.3792593, 0.3792398, 0.37922227, 0.37922907, 0.3791703, 0.37911665, 0.20438492, 0.33913016, 0.3390965, 0.20506173, 0.3390193, 0.20501369, 0.20215873, 0.20183821, 0.33873016, 0.20115441, 0.2008777, 0.20053515, 0.20019843, 0.19990563, 0.19960319, 0.19929183, 0.19901985, 0.19822687, 0.19851474, 0.19896641, 0.19923522, 0.19955558, 0.19986197, 0.20015536, 0.20074406, 0.2010755], "duration": [7969, 7912, 7959, 7614, 7081, 7713, 8260, 8267, 8950, 8207, 8197, 7252, 7358, 6671, 6915, 6696, 6934, 6993, 6714, 5982, 5972, 5975, 6001, 5970, 6015, 5981, 6022, 5371, 6000, 6001, 5404, 5764, 5705, 5108, 5182, 5106, 5191, 5141, 5142, 5104, 5182, 5088, 5108, 5040, 5148, 5135, 5080, 5099, 5093, 5079]}