{"avg": [0.15422226, 0.18072066, 0.18413177, 0.20338093, 0.20451826, 0.21143238, 0.20251432, 0.20237958, 0.20068415, 0.20798732, 0.20495781, 0.20146668, 0.2129167, 0.20728211, 0.22493452, 0.2283657, 0.2338816, 0.23377086, 0.22696352, 0.237604, 0.23855987, 0.24600635, 0.2420172, 0.26553416, 0.27048177, 0.27714166, 0.26674092, 0.26487905, 0.26886907, 0.2748741, 0.27614, 0.2643446, 0.2609654, 0.2678572, 0.2691329, 0.27584606, 0.27859735, 0.28161737, 0.27953085, 0.29642355, 0.29165557, 0.28546616, 0.2998036, 0.30091465, 0.30927402, 0.301349, 0.30619034, 0.30771253, 0.32539013, 0.32675284], "std": [0.121098705, 0.124941684, 0.12708867, 0.12378875, 0.1240921, 0.12316124, 0.11790341, 0.12300681, 0.1099148, 0.11544173, 0.12514836, 0.12847042, 0.118260965, 0.11944093, 0.11265918, 0.11987858, 0.10189564, 0.10899068, 0.11043332, 0.11655115, 0.11649831, 0.12012411, 0.14111492, 0.1181544, 0.112369314, 0.12115316, 0.1251425, 0.11870563, 0.104849905, 0.11454775, 0.107209675, 0.09840855, 0.11743737, 0.119934365, 0.11161267, 0.1125268, 0.12691446, 0.112623274, 0.10780056, 0.11502561, 0.10737579, 0.10224214, 0.10727636, 0.09714989, 0.09785161, 0.10016196, 0.104279704, 0.09932975, 0.104935564, 0.10239872], "var": [0.96, 0.94, 0.92, 0.92, 0.9, 0.88, 0.86, 0.86, 0.84, 0.8, 0.76, 0.76, 0.76, 0.76, 0.76, 0.76, 0.76, 0.72, 0.72, 0.68, 0.66, 0.68, 0.64, 0.66, 0.68, 0.68, 0.68, 0.66, 0.66, 0.64, 0.62, 0.6, 0.58, 0.56, 0.56, 0.54, 0.58, 0.56, 0.56, 0.6, 0.62, 0.62, 0.58, 0.56, 0.52, 0.52, 0.52, 0.52, 0.48, 0.48], "best": [0.3555556, 0.3855556, 0.3853175, 0.38603178, 0.38615084, 0.3863175, 0.386508, 0.38684812, 0.3871032, 0.38735452, 0.38746035, 0.38832617, 0.38908735, 0.38976806, 0.39069164, 0.39152384, 0.39222226, 0.39292255, 0.3934921, 0.39405185, 0.3945794, 0.39512476, 0.54643583, 0.54711527, 0.5477977, 0.5484635, 0.5492064, 0.5497708, 0.5502778, 0.5507499, 0.55122226, 0.4041731, 0.55212307, 0.552583, 0.5530299, 0.55342406, 0.5537831, 0.5541613, 0.40771097, 0.55490845, 0.555254, 0.4099226, 0.55583906, 0.5561167, 0.55639255, 0.41172493, 0.5568668, 0.41246542, 0.55709326, 0.5572336], "duration": [8331, 8340, 8589, 8618, 8663, 8642, 8321, 7770, 7482, 7646, 7697, 7752, 7732, 7685, 7747, 8195, 9027, 8967, 9147, 9119, 8850, 8831, 8831, 9614, 9660, 9691, 9665, 8661, 9715, 9641, 9722, 9034, 8838, 9062, 9671, 10346, 10979, 10370, 9499, 10382, 10358, 9159, 9879, 10436, 9157, 8269, 8861, 8297, 8337, 8273]}