{"avg": [0.12539685, 0.1480088, 0.15613757, 0.16065761, 0.1549906, 0.16806768, 0.19239688, 0.19237657, 0.20023292, 0.21962032, 0.18415417, 0.19970787, 0.22547883, 0.26160267, 0.24380162, 0.2963323, 0.21677905, 0.2268983, 0.27462682, 0.27678573, 0.26186395, 0.30168006, 0.3353709, 0.32149392, 0.31025794, 0.31639963, 0.3421999, 0.45721805, 0.35504976, 0.32158196, 0.38928244, 0.3605148, 0.47323588, 0.4117494, 0.48734307, 0.46801123, 0.42488328, 0.37658733, 0.4270591, 0.45342797, 0.5237151, 0.5344187, 0.50323987, 0.5244356, 0.5190716, 0.5939004, 0.53197724, 0.5233915, 0.5187638, 0.5591204], "std": [0.09413381, 0.13123728, 0.12758702, 0.13763018, 0.10457324, 0.12114069, 0.097976364, 0.09152799, 0.13255289, 0.058631197, 0.113292575, 0.13934566, 0.1010172, 0.096942134, 0.15332967, 0.10794292, 0.14485031, 0.14023411, 0.15462051, 0.12193076, 0.15813696, 0.1659024, 0.1427137, 0.12026925, 0.16777396, 0.17947939, 0.14978291, 0.104597345, 0.14386924, 0.19648555, 0.14162971, 0.13338846, 0.10999077, 0.1367463, 0.12207133, 0.1155744, 0.14128506, 0.15476, 0.18597461, 0.15565977, 0.094701126, 0.114575684, 0.14819145, 0.14181638, 0.14026384, 0.054622937, 0.11403515, 0.12336922, 0.16962379, 0.12644629], "var": [1.0, 0.98, 0.98, 0.98, 0.98, 0.96, 0.94, 0.9, 0.9, 0.88, 0.86, 0.86, 0.84, 0.84, 0.82, 0.84, 0.82, 0.82, 0.82, 0.8, 0.78, 0.76, 0.74, 0.7, 0.72, 0.7, 0.66, 0.64, 0.64, 0.64, 0.66, 0.64, 0.62, 0.64, 0.64, 0.64, 0.62, 0.58, 0.54, 0.5, 0.48, 0.46, 0.44, 0.4, 0.38, 0.36, 0.36, 0.34, 0.3, 0.3], "best": [0.3555556, 0.37426308, 0.53015876, 0.38095242, 0.38178644, 0.3894255, 0.39016247, 0.39383757, 0.38996935, 0.394697, 0.39062637, 0.53360605, 0.38030675, 0.5338384, 0.5353657, 0.53731203, 0.39994127, 0.536569, 0.5407005, 0.5397633, 0.54280615, 0.5439137, 0.54668456, 0.54857415, 0.5501898, 0.5513325, 0.55395633, 0.5561936, 0.5612832, 0.5623849, 0.56485116, 0.56255585, 0.56922007, 0.5715617, 0.5737848, 0.57841456, 0.58210284, 0.5842404, 0.58605325, 0.5879784, 0.59236896, 0.59716827, 0.6018618, 0.60471845, 0.60818887, 0.6114982, 0.6152566, 0.61866796, 0.6214329, 0.6250476], "duration": [5822, 2275, 2048, 1973, 2011, 2270, 2005, 3897, 2112, 8094, 2089, 4098, 8656, 4230, 2389, 4202, 2339, 6080, 4607, 2188, 2185, 4214, 4062, 2244, 8000, 6137, 5927, 4271, 7855, 6089, 7941, 4350, 2487, 9720, 6772, 6541, 7951, 4314, 2330, 2537, 4334, 6236, 2684, 2428, 2640, 2644, 2650, 4419, 2684, 2741]}