{"avg": [0.3902778, 0.39597222, 0.4098758, 0.4320766, 0.4003973, 0.41090488, 0.42853266, 0.4333885, 0.4543059, 0.5007087, 0.5073707, 0.51155263, 0.47301018, 0.5049008, 0.5051751, 0.4688752, 0.4956551, 0.5035795, 0.5210797, 0.52927935, 0.5264344, 0.5532451, 0.48927122, 0.5426399, 0.5558199, 0.5349907, 0.53295475, 0.5530008, 0.54681855, 0.5450797, 0.5587724, 0.5664087, 0.55999655, 0.56367064, 0.57242405, 0.57431674, 0.58777577, 0.5853826, 0.58414173, 0.5923816, 0.58385265, 0.60087156, 0.6067865, 0.5999242, 0.59090334, 0.6095934, 0.6166205, 0.62520117, 0.6297347, 0.62950677], "std": [0.10942295, 0.1196949, 0.12299621, 0.11220453, 0.13254327, 0.117454, 0.1076428, 0.1049016, 0.10793736, 0.071389094, 0.06457562, 0.06799352, 0.09002036, 0.07191474, 0.075633146, 0.08614653, 0.10869418, 0.09925708, 0.0698955, 0.063497886, 0.07314615, 0.010761763, 0.09537192, 0.044628672, 0.012476728, 0.062772594, 0.06866171, 0.045863066, 0.045285244, 0.06360866, 0.04641795, 0.017433986, 0.058161687, 0.04936675, 0.020656532, 0.058025878, 0.015485543, 0.018896835, 0.061245453, 0.02134223, 0.067057826, 0.023356602, 0.018109946, 0.065815814, 0.070649415, 0.029731873, 0.020457935, 0.014558921, 0.015963005, 0.016960599], "var": [1.0, 0.98, 0.96, 0.94, 0.92, 0.92, 0.9, 0.88, 0.86, 0.82, 0.82, 0.8, 0.78, 0.76, 0.76, 0.78, 0.76, 0.72, 0.7, 0.68, 0.64, 0.64, 0.62, 0.6, 0.64, 0.64, 0.62, 0.64, 0.62, 0.58, 0.56, 0.58, 0.56, 0.54, 0.5, 0.48, 0.46, 0.44, 0.42, 0.4, 0.38, 0.34, 0.32, 0.32, 0.32, 0.28, 0.26, 0.24, 0.24, 0.2], "best": [0.5555556, 0.55128974, 0.5495136, 0.53897333, 0.5446787, 0.54807854, 0.54967225, 0.5488095, 0.5468254, 0.5502268, 0.5552198, 0.55534893, 0.5574432, 0.5525397, 0.5567275, 0.55769944, 0.558827, 0.55983335, 0.56282645, 0.56629133, 0.5675542, 0.56867504, 0.56966597, 0.571034, 0.5718445, 0.57358044, 0.57450473, 0.5760462, 0.57848936, 0.57926655, 0.58090824, 0.58415973, 0.58661866, 0.59085923, 0.5923043, 0.59487736, 0.59907526, 0.60318285, 0.6056678, 0.6104409, 0.6134883, 0.6171246, 0.6200116, 0.6232852, 0.6273251, 0.6296514, 0.6318191, 0.63420314, 0.6374774, 0.6407477], "duration": [25239, 26660, 30925, 27000, 31848, 25135, 26938, 25551, 27523, 27546, 25592, 27243, 36251, 27458, 27347, 27276, 27579, 31999, 27491, 27486, 27465, 27570, 27417, 32170, 32174, 27388, 27580, 27608, 27614, 27854, 27607, 27528, 32130, 27550, 27654, 27610, 27672, 27525, 27422, 27475, 29583, 27813, 27694, 33239, 27357, 27438, 27495, 27449, 27446, 27408]}