{"avg": [0.3806666, 0.4134001, 0.4137429, 0.42623806, 0.42664763, 0.4330629, 0.44536525, 0.45180142, 0.45840946, 0.47085512, 0.48321438, 0.49555755, 0.5077295, 0.51994586, 0.53246737, 0.54505724, 0.55733216, 0.56960505, 0.58185405, 0.5943785, 0.6010082, 0.6019528, 0.60275817, 0.6035869, 0.6045143, 0.605165, 0.6059326, 0.60694885, 0.60790384, 0.608686, 0.6098075, 0.6108415, 0.611841, 0.61331326, 0.6143157, 0.6154052, 0.61630476, 0.61719954, 0.6181898, 0.6192761, 0.6208978, 0.6222113, 0.62338084, 0.6248557, 0.6265011, 0.6278308, 0.62917656, 0.6309091, 0.63266575, 0.6341997], "std": [0.1456159, 0.14719212, 0.14711346, 0.14878415, 0.1488024, 0.14907889, 0.14926577, 0.1489071, 0.1482962, 0.1466903, 0.14413537, 0.14053634, 0.13566826, 0.12965246, 0.12228513, 0.113329574, 0.10216144, 0.08802685, 0.06961831, 0.041221827, 0.0051902966, 0.0050103758, 0.0049635535, 0.0048473487, 0.0050709504, 0.0052566873, 0.005220604, 0.005145937, 0.005253669, 0.00531514, 0.0053622937, 0.0053332853, 0.0052501434, 0.0054818005, 0.0055792653, 0.005494055, 0.005576371, 0.005667713, 0.005634303, 0.005535595, 0.005761491, 0.005707549, 0.005847833, 0.0057578185, 0.0055226283, 0.0056244256, 0.0058612977, 0.0059432033, 0.0059128962, 0.0058850944], "var": [0.98, 0.96, 0.94, 0.92, 0.94, 0.94, 0.94, 0.9, 0.88, 0.88, 0.84, 0.82, 0.82, 0.78, 0.78, 0.76, 0.76, 0.74, 0.76, 0.76, 0.78, 0.74, 0.72, 0.7, 0.7, 0.7, 0.68, 0.7, 0.66, 0.66, 0.64, 0.62, 0.58, 0.56, 0.52, 0.5, 0.5, 0.5, 0.5, 0.46, 0.42, 0.44, 0.42, 0.4, 0.4, 0.44, 0.46, 0.42, 0.42, 0.4], "best": [0.5666667, 0.5980953, 0.59904766, 0.5992064, 0.59904766, 0.59904766, 0.59888893, 0.5993198, 0.59976196, 0.6002646, 0.6008096, 0.601342, 0.6017858, 0.602381, 0.6031293, 0.60393655, 0.60508937, 0.6060505, 0.60711646, 0.6081705, 0.60942864, 0.61054426, 0.6115585, 0.61258805, 0.6135516, 0.6146858, 0.6157143, 0.6167196, 0.6178402, 0.61908054, 0.6202223, 0.62145936, 0.622634, 0.62372303, 0.62500006, 0.62612253, 0.62715614, 0.62810814, 0.62898505, 0.62989014, 0.63092864, 0.6322184, 0.6334128, 0.63464016, 0.6357901, 0.63698417, 0.6381264, 0.63927054, 0.6404465, 0.64181733], "duration": [3582, 3519, 3519, 3497, 3643, 3489, 3500, 3573, 3540, 3563, 3587, 3512, 3543, 3610, 3597, 3591, 3542, 3627, 3541, 3645, 3469, 3598, 3653, 3450, 3646, 3576, 3605, 3638, 3591, 3591, 3554, 3528, 3576, 3532, 3500, 3609, 3524, 3550, 3575, 3600, 3623, 3631, 3530, 3488, 3538, 3551, 3610, 3497, 3554, 3525]}