{"avg": [0.13911113, 0.14150794, 0.13829681, 0.16430475, 0.16564047, 0.17338032, 0.18, 0.18629435, 0.18494366, 0.20267937, 0.21276575, 0.22225024, 0.23124291, 0.2329548, 0.24320048, 0.2560635, 0.26091012, 0.2551313, 0.2712476, 0.27921268, 0.2901392, 0.2940467, 0.30923083, 0.28499404, 0.31011033, 0.32537812, 0.321185, 0.31478947, 0.32680222, 0.3396499, 0.33810005, 0.34916535, 0.34871227, 0.35371724, 0.35528848, 0.3638148, 0.36977783, 0.36829785, 0.36959457, 0.38508356, 0.38822445, 0.38664356, 0.39111775, 0.40941724, 0.4010878, 0.41227943, 0.41949666, 0.4103184, 0.4257878, 0.43338734], "std": [0.10599885, 0.120526984, 0.12212968, 0.12583654, 0.1153145, 0.117159, 0.13334592, 0.12228419, 0.115680575, 0.122738265, 0.11573319, 0.10862463, 0.13614765, 0.11442103, 0.1129276, 0.11985918, 0.12276647, 0.12151797, 0.11055206, 0.10720643, 0.11233948, 0.11580462, 0.10992779, 0.112813756, 0.109282315, 0.10454182, 0.11994527, 0.114009954, 0.091427036, 0.08961096, 0.10751301, 0.10241601, 0.0913278, 0.08327943, 0.083520345, 0.0973806, 0.09043016, 0.093516916, 0.10091832, 0.09536775, 0.09997647, 0.08452603, 0.09397072, 0.09380749, 0.08833979, 0.0868833, 0.0760006, 0.079007454, 0.07054971, 0.06682204], "var": [0.96, 0.94, 0.94, 0.94, 0.92, 0.94, 0.94, 0.94, 0.9, 0.88, 0.9, 0.9, 0.86, 0.86, 0.82, 0.78, 0.78, 0.78, 0.76, 0.74, 0.72, 0.72, 0.7, 0.66, 0.64, 0.64, 0.64, 0.64, 0.62, 0.6, 0.6, 0.58, 0.58, 0.58, 0.56, 0.58, 0.6, 0.56, 0.56, 0.54, 0.52, 0.5, 0.46, 0.46, 0.44, 0.42, 0.42, 0.4, 0.42, 0.4], "best": [0.3555556, 0.38412702, 0.38412702, 0.53904766, 0.3937699, 0.53930163, 0.53952384, 0.5404989, 0.39865083, 0.39973548, 0.54239684, 0.402482, 0.5449207, 0.4052992, 0.40691614, 0.5480953, 0.5488195, 0.5494865, 0.55010587, 0.5508605, 0.54856354, 0.5521769, 0.5527562, 0.55282956, 0.55446434, 0.5562159, 0.55790603, 0.55943567, 0.56083906, 0.56250685, 0.5640159, 0.5655658, 0.56701887, 0.56823957, 0.5694585, 0.5706758, 0.57592595, 0.5771858, 0.5785297, 0.5799878, 0.58140874, 0.5828533, 0.5843311, 0.5858066, 0.5873666, 0.5888572, 0.5903348, 0.5918609, 0.5932838, 0.5947069], "duration": [7307, 7240, 7261, 7565, 7006, 7559, 7334, 6766, 7591, 7661, 9008, 8577, 9229, 8026, 9250, 9326, 9350, 7853, 9050, 9016, 8088, 8879, 8704, 8227, 8886, 8833, 7002, 8226, 7592, 8167, 7344, 7969, 7843, 7863, 7959, 8109, 8052, 8057, 8063, 8123, 8132, 9127, 8997, 7664, 9288, 9231, 9265, 9656, 10264, 10426]}