{"avg": [0.13518518, 0.1218632, 0.20180225, 0.1615873, 0.16266088, 0.18140349, 0.19929712, 0.19831802, 0.20403913, 0.22923493, 0.23641637, 0.21925896, 0.22194646, 0.21884824, 0.25118253, 0.24332055, 0.24694727, 0.2566587, 0.24432781, 0.25383756, 0.26799953, 0.24542336, 0.27269572, 0.27256608, 0.2886482, 0.28902504, 0.2946263, 0.2835329, 0.29448676, 0.30590343, 0.32367274, 0.32914704, 0.33878773, 0.31737605, 0.33846405, 0.34892777, 0.33539, 0.34433225, 0.3550444, 0.36727348, 0.38478804, 0.37046054, 0.40059882, 0.38776457, 0.38540655, 0.36369374, 0.37060642, 0.37461326, 0.3845113, 0.39322996], "std": [0.09458958, 0.09617094, 0.06647864, 0.101963416, 0.09313053, 0.09916151, 0.07702967, 0.059487034, 0.0843975, 0.06795937, 0.06922188, 0.104279794, 0.08331606, 0.083648235, 0.10506765, 0.07079389, 0.060096573, 0.06534166, 0.067816086, 0.068550825, 0.063892655, 0.089537665, 0.082037486, 0.068118885, 0.08270671, 0.07624142, 0.07292508, 0.07724371, 0.07542718, 0.07304727, 0.0790223, 0.04897153, 0.054033965, 0.092698656, 0.040230155, 0.058707695, 0.0735514, 0.06605094, 0.056143258, 0.056704964, 0.049016766, 0.062235393, 0.0312757, 0.05396056, 0.051642723, 0.07567743, 0.07218908, 0.080136485, 0.064808466, 0.0663687], "var": [0.98, 0.96, 0.94, 0.92, 0.9, 0.86, 0.82, 0.8, 0.8, 0.78, 0.76, 0.74, 0.72, 0.7, 0.68, 0.64, 0.64, 0.64, 0.6, 0.58, 0.58, 0.58, 0.58, 0.54, 0.54, 0.5, 0.48, 0.44, 0.42, 0.4, 0.4, 0.38, 0.38, 0.38, 0.36, 0.36, 0.32, 0.3, 0.28, 0.26, 0.26, 0.28, 0.3, 0.3, 0.3, 0.28, 0.3, 0.28, 0.3, 0.3], "best": [0.2777778, 0.3134921, 0.31274801, 0.3157717, 0.28778803, 0.31210062, 0.31374538, 0.31154403, 0.31250948, 0.31567183, 0.4073871, 0.41144928, 0.31831834, 0.31808248, 0.41538352, 0.32251462, 0.32411528, 0.41675556, 0.3259182, 0.32637447, 0.32735485, 0.3303976, 0.4199856, 0.33172768, 0.42122203, 0.3358253, 0.43727148, 0.42585585, 0.3442599, 0.42752746, 0.42834717, 0.42956603, 0.4484305, 0.4502416, 0.3607736, 0.45453689, 0.45660898, 0.43799207, 0.43924525, 0.44088882, 0.46441376, 0.46610588, 0.44476733, 0.4693474, 0.47136298, 0.47308463, 0.47391754, 0.47508204, 0.47667894, 0.47805497], "duration": [3519, 2270, 2033, 1991, 2429, 2036, 3452, 2058, 2031, 2016, 1974, 2046, 2331, 2332, 2002, 1988, 2077, 1954, 2208, 1944, 1999, 1969, 2006, 2494, 1953, 1948, 2259, 1952, 1998, 1997, 5109, 1949, 1958, 1989, 1948, 1980, 2299, 3008, 2202, 1969, 1951, 1962, 1964, 2287, 3580, 2607, 1977, 1956, 1968, 2013]}