{"avg": [0.33725497, 0.40535328, 0.46470594, 0.46348572, 0.42461067, 0.41312438, 0.42190868, 0.37830976, 0.3840871, 0.41464716, 0.40403175, 0.36543667, 0.47401708, 0.4189404, 0.42400575, 0.4678842, 0.4071624, 0.44943058, 0.42420724, 0.43098572, 0.47555766, 0.44096392, 0.4310294, 0.45886186, 0.48539123, 0.40399772, 0.44238997, 0.5045319, 0.49319834, 0.4752005, 0.49354246, 0.4433496, 0.52914214, 0.5419574, 0.52748495, 0.48234728, 0.47400704, 0.52861494, 0.540974, 0.5354976, 0.47024933, 0.43432444, 0.5201522, 0.49001485, 0.5652343, 0.50492615, 0.50191164, 0.5047898, 0.5443583, 0.5467098], "std": [0.12725477, 0.14550216, 0.14945984, 0.14832602, 0.14859298, 0.14924525, 0.15038218, 0.13773166, 0.14181246, 0.14726466, 0.1471725, 0.13080575, 0.14822468, 0.14747871, 0.14963976, 0.14912878, 0.14672981, 0.150883, 0.15037684, 0.15056701, 0.14605623, 0.15193723, 0.15224728, 0.14956197, 0.14401935, 0.14529134, 0.15041146, 0.1372175, 0.14219677, 0.1473732, 0.14290828, 0.15231097, 0.124892674, 0.11252184, 0.12750012, 0.14733574, 0.1473712, 0.1266467, 0.1154936, 0.124216415, 0.14952207, 0.1528312, 0.13208032, 0.14643547, 0.0967943, 0.13961762, 0.14317685, 0.13970171, 0.1200436, 0.11427104], "var": [1.0, 1.0, 0.99333334, 0.9866667, 0.97333336, 0.96666664, 0.96, 0.9533333, 0.94, 0.94, 0.93333334, 0.93333334, 0.92, 0.91333336, 0.91333336, 0.9066667, 0.9066667, 0.8933333, 0.88666666, 0.87333333, 0.8666667, 0.86, 0.86, 0.86, 0.8466667, 0.8333333, 0.82666665, 0.82, 0.8066667, 0.79333335, 0.7866667, 0.7866667, 0.78, 0.7733333, 0.76666665, 0.76, 0.76, 0.76666665, 0.76666665, 0.76, 0.76666665, 0.76666665, 0.76, 0.74666667, 0.74, 0.73333335, 0.73333335, 0.72, 0.7133333, 0.7133333], "best": [0.5666667, 0.6058824, 0.60680276, 0.5968865, 0.59919524, 0.60090965, 0.60170716, 0.5949649, 0.60229534, 0.5993856, 0.6040422, 0.5985816, 0.60354817, 0.59069073, 0.5947135, 0.6019123, 0.5953963, 0.59813815, 0.59919083, 0.59628165, 0.59876394, 0.6018141, 0.60228527, 0.59955823, 0.5997879, 0.60020363, 0.6025717, 0.60062027, 0.6011146, 0.60324013, 0.60240465, 0.6013071, 0.604354, 0.60335326, 0.6054566, 0.6041454, 0.60603493, 0.605084, 0.6066846, 0.60691786, 0.6083334, 0.6088917, 0.6056674, 0.60933363, 0.61002374, 0.6107816, 0.61091936, 0.6074488, 0.61149675, 0.6121291], "duration": [1104, 1121, 1080, 1263, 1160, 1259, 1083, 1081, 1083, 1085, 1085, 1075, 1089, 1084, 1086, 1085, 1079, 1090, 1084, 1085, 1131, 1093, 1127, 1116, 1090, 1082, 1119, 1095, 1087, 1154, 1086, 1109, 1088, 1087, 1118, 1266, 1085, 1088, 1093, 1279, 1092, 1085, 1079, 1077, 1085, 1085, 1084, 1094, 1103, 1111]}