{"avg": [0.1715556, 0.19573656, 0.20523176, 0.20639367, 0.2133262, 0.21249647, 0.20970795, 0.21261814, 0.21353292, 0.21393648, 0.2103495, 0.21279544, 0.2055032, 0.20870724, 0.20587443, 0.20266601, 0.20046526, 0.19872288, 0.19456668, 0.19846772, 0.19854888, 0.1984545, 0.19919688, 0.20316978, 0.20215084, 0.20413437, 0.21180785, 0.21214783, 0.21604057, 0.2126474, 0.21714824, 0.21371727, 0.21530508, 0.21924824, 0.21424513, 0.21220233, 0.22008787, 0.21866469, 0.21718782, 0.21925299, 0.21968326, 0.22129971, 0.22185011, 0.2237273, 0.22746891, 0.23073313, 0.22951359, 0.23675367, 0.23444559, 0.24038929], "std": [0.07187644, 0.07289945, 0.06948086, 0.068592094, 0.07062798, 0.069444716, 0.073486574, 0.07460267, 0.07556908, 0.07540428, 0.075080246, 0.075490385, 0.07647935, 0.07398281, 0.076612696, 0.07301038, 0.07388782, 0.074765526, 0.071553186, 0.07395657, 0.07543958, 0.073273756, 0.07152222, 0.07244077, 0.071848094, 0.073362805, 0.07713453, 0.08044122, 0.07872146, 0.0778504, 0.07723152, 0.07803916, 0.07855184, 0.079001546, 0.07607004, 0.07431746, 0.07501386, 0.07391704, 0.072632216, 0.07176673, 0.07201696, 0.07364422, 0.07669579, 0.07808511, 0.07439226, 0.07701025, 0.07846723, 0.08162744, 0.08124447, 0.07778375], "var": [1.0, 1.0, 0.98, 0.98, 0.96, 0.96, 0.94, 0.96, 0.98, 0.94, 0.92, 0.9, 0.9, 0.86, 0.86, 0.86, 0.88, 0.88, 0.88, 0.84, 0.84, 0.82, 0.82, 0.82, 0.82, 0.78, 0.74, 0.72, 0.74, 0.74, 0.76, 0.78, 0.78, 0.78, 0.76, 0.74, 0.76, 0.76, 0.76, 0.8, 0.8, 0.82, 0.8, 0.8, 0.82, 0.78, 0.76, 0.74, 0.74, 0.76], "best": [0.2888889, 0.31603175, 0.31579366, 0.31761906, 0.31936508, 0.3208889, 0.38126987, 0.38201818, 0.3828175, 0.38386247, 0.3847937, 0.38590193, 0.386508, 0.38683766, 0.38678008, 0.3867302, 0.3866568, 0.386564, 0.38648152, 0.38638267, 0.3863175, 0.38623586, 0.38616166, 0.3860525, 0.38593256, 0.38582227, 0.38575706, 0.3859436, 0.38615084, 0.38637662, 0.38655558, 0.38672304, 0.38683537, 0.38694087, 0.3870262, 0.38690254, 0.38678575, 0.3866753, 0.38658315, 0.38648355, 0.38640082, 0.38633376, 0.38626987, 0.38629755, 0.38610753, 0.38651857, 0.3866322, 0.38669035, 0.38685519, 0.3871591], "duration": [11743, 10231, 11504, 10677, 11945, 11294, 10067, 8502, 7909, 7701, 7589, 10019, 8130, 9044, 8657, 7634, 8330, 8630, 7627, 8242, 9209, 8625, 8641, 9082, 7776, 8381, 9135, 9329, 9046, 9102, 9202, 7750, 8843, 8813, 9118, 7458, 7965, 8814, 8781, 8419, 9113, 9523, 9546, 9574, 8897, 9581, 8689, 10154, 10288, 10786]}