{"avg": [0.1566667, 0.18727303, 0.18268256, 0.19046348, 0.1874603, 0.19080001, 0.19331272, 0.20128256, 0.20532463, 0.21135134, 0.21493429, 0.21500294, 0.2187667, 0.22253574, 0.2312007, 0.23537402, 0.24699007, 0.24914454, 0.2531122, 0.25251162, 0.2582594, 0.25960958, 0.26338273, 0.26962966, 0.26983452, 0.27341485, 0.283038, 0.28349417, 0.2872556, 0.29185274, 0.2907848, 0.28956705, 0.2991507, 0.3025331, 0.30682623, 0.30415633, 0.30531874, 0.30573258, 0.31112874, 0.32138878, 0.3280931, 0.3316362, 0.33415532, 0.3418883, 0.34357002, 0.34588784, 0.35029918, 0.35529655, 0.36273476, 0.36410245], "std": [0.075269066, 0.07612222, 0.075820915, 0.080430254, 0.07934095, 0.08218504, 0.08001064, 0.08644306, 0.085164934, 0.08800955, 0.08837899, 0.088747896, 0.08709318, 0.08526106, 0.07897161, 0.078335695, 0.081465945, 0.0800509, 0.07882863, 0.07667, 0.080559336, 0.07548263, 0.07915072, 0.07765083, 0.07791423, 0.08036446, 0.081013836, 0.08129862, 0.08062091, 0.07789174, 0.07677135, 0.07746994, 0.081145525, 0.08049135, 0.077018544, 0.07666312, 0.07505232, 0.075125515, 0.077295765, 0.080355406, 0.08172664, 0.07907599, 0.07795118, 0.07922495, 0.07727449, 0.078758426, 0.0775192, 0.07667162, 0.07286046, 0.07309798], "var": [1.0, 0.98, 0.94, 0.94, 0.92, 0.92, 0.92, 0.92, 0.9, 0.9, 0.9, 0.9, 0.88, 0.88, 0.88, 0.86, 0.86, 0.88, 0.84, 0.8, 0.78, 0.76, 0.74, 0.76, 0.72, 0.74, 0.72, 0.76, 0.74, 0.72, 0.72, 0.74, 0.72, 0.72, 0.72, 0.72, 0.74, 0.72, 0.72, 0.72, 0.72, 0.68, 0.66, 0.64, 0.62, 0.64, 0.66, 0.64, 0.62, 0.62], "best": [0.3777778, 0.40682542, 0.40753973, 0.4076191, 0.40944448, 0.41053972, 0.41126987, 0.4124717, 0.4140278, 0.4150265, 0.41587305, 0.41665226, 0.41734132, 0.4179976, 0.41856012, 0.41923815, 0.41995043, 0.42091507, 0.42174608, 0.42258984, 0.42337304, 0.42419505, 0.42515877, 0.42601797, 0.42684528, 0.42754924, 0.42858368, 0.42962968, 0.43063498, 0.4315545, 0.43241274, 0.43321562, 0.4338939, 0.4346032, 0.43520078, 0.4357642, 0.43625665, 0.4367482, 0.4372139, 0.43766794, 0.43843257, 0.4393574, 0.44034016, 0.44159842, 0.4427778, 0.4440212, 0.44536582, 0.44669372, 0.44804567, 0.44949794], "duration": [8022, 8648, 7366, 7999, 6129, 6721, 8003, 7343, 7375, 7335, 7353, 7357, 7366, 7362, 7376, 7343, 8762, 8735, 8698, 6691, 8671, 7366, 8707, 8638, 8666, 7365, 8621, 8626, 8664, 8662, 8015, 8015, 8999, 10942, 10938, 10321, 9651, 9939, 8999, 9659, 9986, 9626, 9655, 10599, 10261, 10871, 11504, 11533, 12216, 12535]}