{"avg": [0.15138891, 0.13449247, 0.15162984, 0.1964768, 0.24471053, 0.11023488, 0.1266906, 0.1740413, 0.13421857, 0.16827148, 0.20522821, 0.14750728, 0.21374908, 0.23359728, 0.19166644, 0.22328264, 0.2602673, 0.21880218, 0.20287392, 0.24938504, 0.26991814, 0.29284105, 0.2681589, 0.25235444, 0.25658527, 0.24534012, 0.26381555, 0.2613704, 0.2493151, 0.30589682, 0.34502417, 0.3679798, 0.34748858, 0.23211432, 0.30230144, 0.40413556, 0.35650137, 0.33086511, 0.34895635, 0.30264404, 0.42904449, 0.39374694, 0.400451, 0.36329556, 0.44643635, 0.4603023, 0.41888687, 0.35163447, 0.44733825, 0.4370736], "std": [0.13949175, 0.1177832, 0.121318296, 0.100870006, 0.15486863, 0.1580909, 0.14246888, 0.17075522, 0.13032663, 0.16962035, 0.12717548, 0.10369664, 0.17105225, 0.13168712, 0.12545082, 0.1591557, 0.17088121, 0.17979331, 0.1689006, 0.15767103, 0.17519322, 0.13330135, 0.1697986, 0.18889834, 0.14057884, 0.16424201, 0.14962876, 0.20066224, 0.19225596, 0.14150037, 0.112645686, 0.16587217, 0.14228044, 0.19370146, 0.17208327, 0.15875669, 0.16801122, 0.1752598, 0.19323616, 0.17516391, 0.11136003, 0.122580536, 0.086016074, 0.12006697, 0.09074487, 0.10576747, 0.12444733, 0.14831816, 0.08788958, 0.09998384], "var": [1.0, 0.9866667, 0.9866667, 0.97333336, 0.96, 0.94666666, 0.93333334, 0.9066667, 0.8933333, 0.88, 0.85333335, 0.85333335, 0.8666667, 0.85333335, 0.82666665, 0.8, 0.7733333, 0.76, 0.74666667, 0.73333335, 0.73333335, 0.72, 0.72, 0.73333335, 0.72, 0.6933333, 0.6666667, 0.6666667, 0.6666667, 0.64, 0.6533333, 0.62666667, 0.61333334, 0.61333334, 0.6, 0.58666664, 0.58666664, 0.56, 0.5733333, 0.56, 0.5466667, 0.56, 0.53333336, 0.53333336, 0.52, 0.50666666, 0.49333334, 0.46666667, 0.45333335, 0.45333335], "best": [0.51111114, 0.37490082, 0.38888893, 0.3774977, 0.53888893, 0.5404375, 0.3896744, 0.54124177, 0.390171, 0.54351854, 0.39548463, 0.39755666, 0.54244596, 0.5454014, 0.3993277, 0.5453067, 0.5456851, 0.5470403, 0.54872215, 0.54873323, 0.5501182, 0.5512078, 0.55251324, 0.41033018, 0.41221005, 0.41328633, 0.41553077, 0.55034274, 0.55293447, 0.55263937, 0.55459154, 0.55548346, 0.5574555, 0.5581538, 0.5556788, 0.5745754, 0.5610343, 0.5623781, 0.57952535, 0.5604388, 0.56490034, 0.5660181, 0.5618057, 0.5670602, 0.5671297, 0.58602875, 0.5700666, 0.5658112, 0.5714853, 0.5903773], "duration": [3874, 4144, 3761, 5831, 7716, 5763, 3830, 5996, 3869, 3864, 1974, 1834, 9615, 7617, 3782, 3854, 9683, 3862, 5752, 11537, 7702, 5843, 3857, 3898, 5754, 1972, 1987, 6172, 7725, 3967, 3899, 9647, 3976, 5825, 3906, 9957, 7744, 8081, 9643, 7680, 11548, 9638, 3999, 9598, 9637, 11573, 7775, 9626, 11877, 13805]}