{"avg": [0.1851852, 0.17490081, 0.15729281, 0.2214286, 0.2327765, 0.17297553, 0.20132458, 0.24568363, 0.21595192, 0.2182561, 0.29080948, 0.2158461, 0.27041417, 0.2824765, 0.25487086, 0.30286127, 0.3062921, 0.29746372, 0.30533493, 0.2672459, 0.32214645, 0.3010967, 0.33861512, 0.2920723, 0.33385321], "std": [0.105070375, 0.10432089, 0.11977548, 0.13822986, 0.1266405, 0.12544248, 0.12684575, 0.08764643, 0.13621917, 0.118845396, 0.093252584, 0.09994714, 0.11117406, 0.11642047, 0.13199295, 0.09728454, 0.13998757, 0.09092796, 0.11731838, 0.13742217, 0.11596388, 0.13019332, 0.11242808, 0.085201465, 0.11077588], "var": [0.98, 0.98, 0.98, 0.98, 0.98, 0.98, 0.94, 0.94, 0.92, 0.88, 0.88, 0.86, 0.84, 0.84, 0.8, 0.8, 0.76, 0.76, 0.74, 0.72, 0.7, 0.68, 0.66, 0.62, 0.62], "best": [0.3555556, 0.40000004, 0.38090122, 0.39047623, 0.3981005, 0.38594407, 0.38747606, 0.389601, 0.3961489, 0.39903384, 0.3959081, 0.39725748, 0.3908817, 0.39997634, 0.40174165, 0.39694124, 0.40412703, 0.40506142, 0.40503874, 0.4080648, 0.40271825, 0.4078644, 0.40690136, 0.4105159, 0.4107937], "duration": [2014, 6087, 3852, 1978, 3804, 6070, 3787, 5726, 3847, 7600, 9526, 3779, 9870, 3870, 4160, 4206, 3849, 3814, 3862, 1959, 1941, 2270, 5980, 3901, 3876]}