{"avg": [0.19126987, 0.1944378, 0.21251069, 0.22437413, 0.21997084, 0.24787083, 0.26896915, 0.24501953, 0.2648562, 0.22346132, 0.2797162, 0.25733295, 0.29913208, 0.29677305, 0.27677566, 0.32543823, 0.29812318, 0.28162485, 0.2748485, 0.32401103, 0.3102956, 0.3417613, 0.30015996, 0.3553402, 0.35796872, 0.38404742, 0.35323194, 0.37594762, 0.35151353, 0.41085234, 0.37252954, 0.43629536, 0.41603088, 0.39395884, 0.4023729, 0.45756397, 0.46884748, 0.4064201, 0.4648574, 0.47960427, 0.46067584, 0.47018978, 0.49433285, 0.48847574, 0.47081414, 0.5237681, 0.5283408, 0.50917673, 0.4782705, 0.526261], "std": [0.07903503, 0.0944588, 0.10820558, 0.10083112, 0.09846717, 0.08394969, 0.07798484, 0.092015654, 0.108587414, 0.083178304, 0.11490035, 0.09072354, 0.08356367, 0.10378513, 0.095413916, 0.07784396, 0.1020882, 0.104480885, 0.09460617, 0.10977578, 0.1012874, 0.119548306, 0.08098405, 0.090333, 0.079236746, 0.07014146, 0.08096247, 0.09538121, 0.067682356, 0.074522264, 0.10017203, 0.08111583, 0.092299186, 0.11555205, 0.094639935, 0.089146554, 0.062412456, 0.11532414, 0.05041101, 0.072219245, 0.09403579, 0.07932701, 0.07935382, 0.07029503, 0.10305985, 0.03645296, 0.035024617, 0.08477723, 0.11103411, 0.09485936], "var": [1.0, 0.98, 0.96, 0.94, 0.9, 0.9, 0.86, 0.86, 0.82, 0.82, 0.82, 0.78, 0.74, 0.76, 0.72, 0.68, 0.64, 0.62, 0.6, 0.56, 0.52, 0.48, 0.46, 0.44, 0.44, 0.48, 0.44, 0.44, 0.42, 0.38, 0.4, 0.36, 0.34, 0.32, 0.28, 0.3, 0.28, 0.28, 0.26, 0.24, 0.2, 0.16, 0.2, 0.2, 0.18, 0.18, 0.18, 0.16, 0.16, 0.14], "best": [0.2888889, 0.3725624, 0.38474146, 0.37450603, 0.3816327, 0.38462177, 0.38852262, 0.39182618, 0.4922299, 0.31944448, 0.45022675, 0.39883292, 0.40097484, 0.4048248, 0.40690517, 0.502657, 0.41201818, 0.4140303, 0.41139975, 0.468794, 0.4178326, 0.5120477, 0.42435446, 0.5158594, 0.51926386, 0.5217, 0.4333254, 0.5255464, 0.43963468, 0.5297067, 0.50127673, 0.53583765, 0.5400987, 0.5437633, 0.46319827, 0.54880583, 0.5569394, 0.55560577, 0.5574391, 0.5660969, 0.5692519, 0.57210886, 0.57552177, 0.5789061, 0.581781, 0.58400345, 0.5875628, 0.5910641, 0.59374666, 0.59562814], "duration": [7207, 5365, 5592, 5112, 3787, 5204, 5068, 5328, 3925, 4971, 9256, 5433, 7597, 9426, 3157, 4881, 6453, 3161, 5396, 5704, 3275, 3778, 4983, 3420, 5539, 6595, 9466, 3947, 7666, 3486, 5102, 7686, 3211, 3564, 3247, 4060, 4117, 3994, 3574, 3816, 3334, 3716, 3326, 6033, 3758, 3703, 3770, 4758, 3888, 3132]}