{"avg": [0.15555556, 0.21464483, 0.22331351, 0.23770188, 0.23164684, 0.24928494, 0.22579367, 0.23989905, 0.23065159, 0.23427519, 0.25246873, 0.25945282, 0.26287717, 0.26426005, 0.27094945, 0.2974293, 0.2726831, 0.28669065, 0.31138644, 0.28870505, 0.3205218, 0.32910955, 0.32202727, 0.32420424, 0.32874352, 0.32079118, 0.32909435, 0.35519853, 0.3554328, 0.3499634, 0.37633193, 0.33637485, 0.3460909, 0.35959893, 0.35977304, 0.38714314, 0.3703814, 0.38652474, 0.38438237, 0.40520456, 0.37946016, 0.38409984, 0.38514045, 0.41152933, 0.40143985, 0.4134471, 0.4247317, 0.4208979, 0.43726018, 0.42551515, 0.4619691, 0.43805164, 0.4484672, 0.44607696, 0.44314256, 0.44812444, 0.46081266, 0.46007845, 0.47417924, 0.47505486, 0.47113726, 0.47010183, 0.4828133, 0.47931474, 0.49169895, 0.47299212, 0.5068581, 0.49738783, 0.5004297, 0.48850128, 0.50985056, 0.52126616, 0.52976185, 0.5104295, 0.53281254, 0.5137333, 0.54155713, 0.5342907, 0.5617675, 0.53282267, 0.55265874, 0.5411612, 0.5753298, 0.5594734, 0.58399665, 0.5740343, 0.5856671, 0.5903282, 0.57373124, 0.58078325, 0.58480966, 0.58848757, 0.5935257, 0.5981949, 0.6016234, 0.60918844, 0.6043966, 0.61917436, 0.6204831, 0.6225282, 0.6183125, 0.62638944, 0.6176203, 0.6291175, 0.6312362, 0.6157006, 0.6253723, 0.6294981, 0.62162465, 0.6373131, 0.6297775, 0.63965076, 0.64082724, 0.6420916, 0.6433149, 0.64573663, 0.6465551, 0.6478236, 0.64903826, 0.65108216, 0.6521724, 0.65345824, 0.65411144, 0.6551966, 0.6562125, 0.6577378, 0.6573891, 0.6599197, 0.66039616, 0.6613911, 0.6629643, 0.6636935, 0.6646529, 0.6643717, 0.6663901, 0.6672516, 0.6683255, 0.66915995, 0.6701463, 0.6710631, 0.6719131, 0.67280287, 0.6728806, 0.6742793, 0.6751336, 0.6758766, 0.67607546, 0.67746764, 0.678228, 0.67823744], "std": [0.08036007, 0.063800596, 0.07461525, 0.07357188, 0.074739605, 0.07947509, 0.08253798, 0.090226166, 0.091563895, 0.067628175, 0.086333096, 0.053094767, 0.061693188, 0.08396271, 0.054254174, 0.049155556, 0.0849487, 0.071118325, 0.04804397, 0.08113089, 0.05657142, 0.053784326, 0.047077473, 0.049103927, 0.051916525, 0.059899613, 0.057457004, 0.04721753, 0.06363835, 0.05048238, 0.047935136, 0.06695339, 0.04714122, 0.05661733, 0.035923008, 0.05645532, 0.054462504, 0.043378692, 0.063038856, 0.036673915, 0.04471105, 0.045022946, 0.061345637, 0.041330695, 0.050874267, 0.04027992, 0.030871557, 0.053242624, 0.048511915, 0.04322479, 0.031663556, 0.036701623, 0.03476708, 0.04792742, 0.04140619, 0.030653194, 0.037877876, 0.052166987, 0.037301134, 0.051135212, 0.033153478, 0.040673967, 0.047939513, 0.056612685, 0.043301385, 0.053752456, 0.044893496, 0.045096125, 0.04003186, 0.06010659, 0.041759018, 0.052934572, 0.037392948, 0.04549948, 0.04583352, 0.063039236, 0.040015694, 0.062196888, 0.035456695, 0.06771505, 0.04635051, 0.05987779, 0.03357625, 0.048922792, 0.030602021, 0.03890537, 0.030535657, 0.03212581, 0.04402953, 0.0425939, 0.03992387, 0.03849305, 0.038417183, 0.03805449, 0.03352026, 0.029292466, 0.029491954, 0.004813712, 0.005411708, 0.0049871947, 0.028085329, 0.004147663, 0.030837415, 0.0027895155, 0.0025265624, 0.036748394, 0.029691158, 0.02230199, 0.03801557, 0.0026797885, 0.031331703, 0.0027660474, 0.0028022695, 0.004581893, 0.002797923, 0.0016512251, 0.0022276766, 0.0021880872, 0.002347932, 1.1920929e-07, 1.1920929e-07, 0.0, 0.0018185901, 0.0018451088, 0.002000907, 0.0, 0.0031897707, 0.0, 0.002180023, 0.0019577215, 5.9604645e-08, 5.9604645e-08, 5.9604645e-08, 0.0029333483, 0.0, 0.0, 5.9604645e-08, 1.1920929e-07, 1.1920929e-07, 0.0, 0.0, 0.0, 0.0025099826, 0.0, 1.1920929e-07, 0.0, 0.0024468855, 5.9604645e-08, 1.1920929e-07, 0.002669874], "var": [0.98, 0.94, 0.9, 0.9, 0.86, 0.84, 0.8, 0.78, 0.76, 0.74, 0.72, 0.7, 0.7, 0.7, 0.7, 0.68, 0.66, 0.64, 0.6, 0.56, 0.58, 0.58, 0.54, 0.54, 0.54, 0.54, 0.54, 0.54, 0.54, 0.52, 0.52, 0.5, 0.5, 0.48, 0.48, 0.46, 0.46, 0.44, 0.42, 0.46, 0.5, 0.5, 0.46, 0.44, 0.4, 0.4, 0.4, 0.4, 0.4, 0.38, 0.36, 0.4, 0.4, 0.38, 0.36, 0.38, 0.36, 0.36, 0.4, 0.4, 0.4, 0.4, 0.38, 0.38, 0.38, 0.38, 0.38, 0.34, 0.34, 0.36, 0.34, 0.36, 0.36, 0.34, 0.32, 0.3, 0.3, 0.3, 0.28, 0.26, 0.26, 0.24, 0.24, 0.22, 0.22, 0.22, 0.22, 0.22, 0.22, 0.2, 0.2, 0.2, 0.18, 0.18, 0.16, 0.12, 0.12, 0.12, 0.12, 0.12, 0.12, 0.12, 0.12, 0.12, 0.12, 0.12, 0.12, 0.12, 0.1, 0.1, 0.08, 0.08, 0.08, 0.06, 0.06, 0.06, 0.06, 0.06, 0.06, 0.06, 0.06, 0.06, 0.06, 0.06, 0.06, 0.06, 0.06, 0.06, 0.06, 0.06, 0.06, 0.06, 0.06, 0.04, 0.04, 0.04, 0.04, 0.04, 0.04, 0.04, 0.04, 0.04, 0.04, 0.04, 0.04, 0.04, 0.04, 0.04, 0.04, 0.04], "best": [0.2777778, 0.31623933, 0.318254, 0.31556246, 0.35831383, 0.39451665, 0.35166413, 0.44890055, 0.39434206, 0.32004833, 0.4512033, 0.40440503, 0.32308024, 0.39817464, 0.407622, 0.40925136, 0.41074485, 0.38553458, 0.38979593, 0.4682378, 0.4030215, 0.4065655, 0.40837198, 0.40765566, 0.41352403, 0.421296, 0.4157245, 0.41557968, 0.47209176, 0.42321652, 0.42934823, 0.43137375, 0.42925626, 0.43045068, 0.4322408, 0.47845683, 0.48479182, 0.4369453, 0.49393028, 0.43991154, 0.4415708, 0.44358093, 0.49941105, 0.44716823, 0.51593435, 0.45165828, 0.45406994, 0.51235723, 0.5283518, 0.5087607, 0.53855985, 0.520805, 0.53517944, 0.53701067, 0.5388889, 0.47293955, 0.5416403, 0.55082005, 0.55250734, 0.5543229, 0.55644464, 0.55868894, 0.5595733, 0.5530715, 0.56268656, 0.5648006, 0.566888, 0.56887627, 0.5623869, 0.57141834, 0.5735849, 0.57852876, 0.580224, 0.57872045, 0.58353174, 0.5853833, 0.5870168, 0.5889873, 0.59101224, 0.5928431, 0.59425217, 0.5961549, 0.597509, 0.5993964, 0.60119796, 0.603132, 0.60471165, 0.6066091, 0.6084603, 0.6102076, 0.6119943, 0.6135597, 0.6152961, 0.6168542, 0.61836296, 0.6199028, 0.6214572, 0.62280977, 0.624274, 0.6259027, 0.6273232, 0.6288723, 0.6302666, 0.63153327, 0.63278335, 0.63377535, 0.63493776, 0.6362544, 0.63776535, 0.638929, 0.6401684, 0.64131874, 0.64251685, 0.6436949, 0.64486647, 0.646163, 0.64739716, 0.64859706, 0.64992553, 0.6510823, 0.6521725, 0.65345824, 0.65458095, 0.655673, 0.6567473, 0.6577378, 0.6589211, 0.6599197, 0.6610007, 0.6618659, 0.6629642, 0.66369355, 0.66465294, 0.6654803, 0.6663901, 0.6672516, 0.66832554, 0.66916007, 0.6701464, 0.6710631, 0.6719131, 0.67280287, 0.6735767, 0.6742793, 0.67513347, 0.6758766, 0.67670727, 0.6774677, 0.6782279, 0.67897785], "duration": [4189, 3788, 7540, 5727, 5611, 3467, 11029, 7527, 5393, 7332, 3792, 5605, 7394, 6307, 9113, 9284, 7948, 9436, 5452, 9261, 5817, 7441, 8315, 9355, 5548, 5846, 7597, 3797, 5822, 7648, 5881, 5789, 10041, 7428, 3750, 11935, 3829, 5698, 3619, 3963, 3865, 3729, 5150, 4190, 3933, 4558, 3985, 3910, 4050, 4830, 4181, 4120, 4214, 3959, 4151, 3998, 4710, 4248, 4119, 4153, 4243, 4165, 4058, 3919, 4013, 4064, 5564, 4136, 4207, 4190, 4120, 4194, 4093, 4181, 4220, 4847, 4031, 4674, 4137, 4067, 4110, 4033, 4171, 5514, 4118, 4781, 4568, 4092, 4781, 3962, 4258, 4080, 3958, 4117, 4674, 3929, 4030, 4186, 4759, 4164, 4174, 4110, 4025, 4155, 4148, 4284, 4372, 5500, 3896, 4156, 3945, 4790, 6939, 4242, 4061, 4150, 4184, 4255, 4122, 4080, 4800, 4002, 4055, 4145, 4072, 5522, 4837, 4145, 4248, 4154, 4103, 4833, 4022, 4132, 4828, 4731, 4113, 6159, 4101, 4224, 3968, 4152, 4150, 4050, 4213, 4675, 4201, 4143, 4042, 4013]}