{"avg": [0.1873016, 0.19729783, 0.21294953, 0.19212727, 0.2386185, 0.2729182, 0.2377579, 0.24676844, 0.23985729, 0.3028203, 0.27109987, 0.27972305, 0.3048328, 0.24962966, 0.34363076, 0.30136418, 0.34040156, 0.36006892, 0.31126824, 0.35319337, 0.34320602, 0.3230452, 0.3549483, 0.35037136, 0.39734364, 0.38205785, 0.4294332, 0.40598017, 0.4582264, 0.36881894, 0.430352, 0.434838, 0.45266283, 0.44479755, 0.45231247, 0.48156154, 0.46198276, 0.49357212, 0.48621425, 0.49746662, 0.48931962, 0.52616256, 0.51416916, 0.5213228, 0.5058901, 0.5518003, 0.55278265, 0.53682816, 0.54892606, 0.5296992], "std": [0.086766034, 0.08411859, 0.07167816, 0.082128994, 0.08949669, 0.10724875, 0.09542656, 0.07586156, 0.12741022, 0.08686634, 0.11154787, 0.0950208, 0.10604014, 0.10992536, 0.04988035, 0.1117418, 0.095569514, 0.07825283, 0.08838159, 0.07762918, 0.11005044, 0.10259593, 0.07770937, 0.11544536, 0.087301545, 0.11385593, 0.068719596, 0.08314912, 0.072504275, 0.07269717, 0.08319665, 0.06694017, 0.070636936, 0.065427095, 0.0903485, 0.06180055, 0.06250577, 0.075895585, 0.076615095, 0.0764502, 0.07590192, 0.06763959, 0.087526776, 0.057838526, 0.085210435, 0.045357548, 0.046928614, 0.056059994, 0.05338364, 0.09293007], "var": [1.0, 0.96, 0.94, 0.92, 0.88, 0.86, 0.84, 0.84, 0.8, 0.8, 0.78, 0.78, 0.74, 0.72, 0.7, 0.66, 0.62, 0.6, 0.56, 0.54, 0.5, 0.48, 0.5, 0.46, 0.46, 0.46, 0.44, 0.42, 0.42, 0.44, 0.46, 0.44, 0.42, 0.42, 0.38, 0.36, 0.36, 0.36, 0.34, 0.34, 0.32, 0.32, 0.3, 0.28, 0.24, 0.22, 0.2, 0.2, 0.2, 0.2], "best": [0.2888889, 0.3725624, 0.30312502, 0.37341273, 0.38128525, 0.4437729, 0.39984643, 0.3986292, 0.49634552, 0.4565807, 0.49805105, 0.4056097, 0.5016629, 0.41060787, 0.41085863, 0.50907695, 0.51132476, 0.51362336, 0.4235712, 0.51676905, 0.5184127, 0.5201714, 0.5206305, 0.5215933, 0.5229954, 0.5256253, 0.5281233, 0.53099823, 0.5335066, 0.53701186, 0.5371455, 0.5392263, 0.5411576, 0.5432199, 0.54513943, 0.5480481, 0.5513784, 0.55331707, 0.55714285, 0.55996907, 0.5630946, 0.56644726, 0.5703196, 0.5734179, 0.57600373, 0.57857144, 0.58250713, 0.585935, 0.58856475, 0.5911903], "duration": [5960, 6064, 6071, 5901, 6907, 7570, 7398, 6348, 5700, 7640, 8005, 3426, 12291, 8185, 15517, 8154, 13831, 9542, 7517, 9313, 6577, 10177, 5737, 11987, 5465, 5372, 7542, 3345, 7523, 9153, 11264, 9526, 11301, 7296, 7624, 3397, 5697, 4026, 5927, 5899, 5552, 3962, 5850, 5784, 5862, 3941, 4385, 5343, 4138, 4135]}