{"avg": [0.16495727, 0.20471753, 0.18576391, 0.2056217, 0.16475141, 0.19248329, 0.19850549, 0.20054115, 0.18067649, 0.17319745, 0.1899731, 0.19591792, 0.1755732, 0.2056688, 0.1994683, 0.21386375, 0.24122636, 0.24905786, 0.23696662, 0.22722109, 0.25503987, 0.19882934, 0.20224601, 0.21724765, 0.20270842, 0.2145985, 0.24354014, 0.2363503, 0.24059145, 0.22278571, 0.25522286, 0.2307898, 0.25694698, 0.24934283, 0.26554924, 0.2660029, 0.26037022, 0.24555068, 0.25594017, 0.29689342, 0.24593027, 0.29703584, 0.26036546, 0.25147593, 0.26774782, 0.23679525, 0.27090618, 0.2935869, 0.26974022, 0.26158312], "std": [0.051537823, 0.06263693, 0.044344548, 0.049131352, 0.07007095, 0.044664755, 0.08033474, 0.082937464, 0.0784585, 0.07876519, 0.07766641, 0.050276767, 0.09436204, 0.042342227, 0.053735346, 0.08558721, 0.05627149, 0.034486376, 0.035768095, 0.05058134, 0.044405453, 0.08179015, 0.07695077, 0.059903536, 0.077155, 0.05356251, 0.07183903, 0.052691843, 0.050966606, 0.08780498, 0.046353538, 0.065799855, 0.04199769, 0.04539216, 0.044602025, 0.06290456, 0.06028366, 0.055128466, 0.06447584, 0.037706245, 0.06045423, 0.04171086, 0.04297671, 0.046878293, 0.046102177, 0.032818284, 0.04410542, 0.045122378, 0.051435124, 0.04930979], "var": [0.98, 0.98, 0.98, 0.98, 0.96, 0.96, 0.94, 0.92, 0.9, 0.9, 0.9, 0.88, 0.88, 0.88, 0.86, 0.86, 0.84, 0.84, 0.82, 0.82, 0.82, 0.84, 0.84, 0.82, 0.8, 0.78, 0.78, 0.8, 0.78, 0.76, 0.74, 0.72, 0.7, 0.7, 0.68, 0.66, 0.66, 0.66, 0.66, 0.66, 0.64, 0.64, 0.64, 0.64, 0.64, 0.62, 0.62, 0.62, 0.64, 0.62], "best": [0.26666668, 0.30879122, 0.23750003, 0.3075893, 0.22622657, 0.23520926, 0.30526698, 0.3059524, 0.30603525, 0.23720825, 0.30570573, 0.23982567, 0.30836388, 0.24027637, 0.3091559, 0.3106437, 0.3134921, 0.30353305, 0.3133706, 0.30710837, 0.31442472, 0.30955878, 0.30567178, 0.31396827, 0.3144994, 0.3150296, 0.31599164, 0.31887367, 0.31918907, 0.3192744, 0.3213799, 0.32347786, 0.32388294, 0.32285538, 0.32565707, 0.3264127, 0.32792583, 0.32952464, 0.3298793, 0.3309524, 0.3333149, 0.3338384, 0.33155993, 0.33227286, 0.33254474, 0.32524955, 0.33527732, 0.33617228, 0.33792332, 0.33482143], "duration": [5530, 3269, 1280, 5147, 1282, 1273, 5465, 5151, 1326, 1590, 3217, 1280, 1265, 1336, 1335, 3218, 7409, 3287, 5139, 3211, 3197, 2575, 1262, 1322, 1270, 1276, 3217, 3209, 3206, 1348, 1281, 3207, 1275, 1262, 3240, 3213, 1302, 1269, 1314, 5142, 1272, 3209, 3213, 5150, 1281, 1278, 1658, 1278, 1326, 1282]}