{"avg": [0.39377782, 0.42993015, 0.43653336, 0.44719046, 0.45701513, 0.46452, 0.47854766, 0.48704216, 0.494904, 0.5014201, 0.5091636, 0.5206612, 0.52734756, 0.5360247, 0.5447825, 0.545221, 0.5456046, 0.5459431, 0.54624385, 0.54651326, 0.54675543, 0.54697466, 0.5471739, 0.54735583, 0.5475226, 0.5476761, 0.5478177, 0.5479489, 0.54807067, 0.54818404, 0.5482897, 0.5483889, 0.54848164, 0.5485689, 0.548651, 0.5487282, 0.5488014, 0.54887044, 0.54893595, 0.548998, 0.5490571, 0.5500022, 0.5491668, 0.54921776, 0.54926634, 0.54931283, 0.5493573, 0.5494, 0.54944086, 0.5494799], "std": [0.115900345, 0.11521793, 0.1171884, 0.11304157, 0.10964593, 0.10920919, 0.09615461, 0.09258741, 0.08935601, 0.08703693, 0.082338795, 0.06295616, 0.056361683, 0.041200433, 0.005459873, 0.0056013516, 0.005741223, 0.005876189, 0.006004641, 0.006125942, 0.0062399134, 0.006346757, 0.0064468165, 0.006540486, 0.0066281934, 0.0067104003, 0.006787518, 0.006859952, 0.0069280593, 0.006992186, 0.007052644, 0.007109723, 0.007163668, 0.007214741, 0.0072631254, 0.007309033, 0.0073526558, 0.007394123, 0.0074336086, 0.0074712485, 0.007507146, 0.0100488225, 0.007574217, 0.007605577, 0.0076356293, 0.007664416, 0.007692027, 0.0077185486, 0.007744025, 0.00776852], "var": [0.96, 0.96, 0.94, 0.9, 0.88, 0.86, 0.84, 0.82, 0.78, 0.74, 0.72, 0.7, 0.66, 0.62, 0.62, 0.62, 0.62, 0.62, 0.62, 0.62, 0.62, 0.62, 0.62, 0.62, 0.62, 0.62, 0.62, 0.62, 0.62, 0.62, 0.62, 0.62, 0.62, 0.62, 0.62, 0.62, 0.62, 0.62, 0.62, 0.62, 0.62, 0.62, 0.62, 0.62, 0.62, 0.62, 0.62, 0.62, 0.62, 0.62], "best": [0.51111114, 0.54206353, 0.5444445, 0.5461905, 0.54718256, 0.548254, 0.5487302, 0.54961455, 0.5504564, 0.5512699, 0.5518254, 0.55236655, 0.55285716, 0.5533822, 0.5545125, 0.5555556, 0.5564683, 0.5572736, 0.5579894, 0.55862993, 0.55920637, 0.5597279, 0.56020206, 0.560635, 0.56103176, 0.56139684, 0.56173384, 0.5620459, 0.5623356, 0.5626054, 0.56285715, 0.5630927, 0.5633135, 0.56352097, 0.5637162, 0.56390023, 0.5640741, 0.56423855, 0.56439435, 0.5645422, 0.56468254, 0.59658927, 0.5649433, 0.5650646, 0.5651804, 0.56529105, 0.56539685, 0.5654982, 0.56559527, 0.5656884], "duration": [61003, 62552, 63423, 65005, 67803, 67787, 69448, 71155, 71337, 73245, 73272, 75598, 75851, 75903, 76186, 76193, 76177, 76256, 76467, 77690, 76173, 76269, 76383, 76282, 76322, 76230, 76268, 76202, 76234, 76376, 76277, 76274, 76232, 76334, 76234, 76195, 76255, 76724, 76252, 76187, 76267, 76371, 76389, 76509, 76549, 76577, 76512, 76450, 76357, 76506]}