{"avg": [0.20476191, 0.17457484, 0.2074405, 0.22047965, 0.18754652, 0.17800099, 0.11649141, 0.17367083, 0.25070393, 0.23560439, 0.24286953, 0.25817832, 0.2785921, 0.21572423, 0.24210475, 0.30613548, 0.23647225, 0.2100607, 0.26589584, 0.28953943, 0.27059036, 0.23341592, 0.31044644, 0.31239843, 0.26445493, 0.28479522, 0.34242633, 0.3082087, 0.32843313, 0.31745568, 0.28844613, 0.37379664, 0.36727667, 0.3894011, 0.33015266, 0.35952076, 0.3872862, 0.3632808, 0.38542682, 0.339147, 0.35802522, 0.39857644, 0.39605737, 0.39490893, 0.3722817, 0.4236454, 0.3840872, 0.40054882, 0.41016516, 0.39100146], "std": [0.104291886, 0.12963803, 0.12907045, 0.13811179, 0.14126085, 0.12490322, 0.1195289, 0.122638315, 0.12438534, 0.124933876, 0.14597704, 0.1454734, 0.122581676, 0.13024616, 0.122376025, 0.09733408, 0.13737494, 0.15329187, 0.15980321, 0.1207528, 0.12621114, 0.12898263, 0.11695172, 0.09288377, 0.13593216, 0.12575056, 0.08601682, 0.088526815, 0.10725911, 0.119850874, 0.12156621, 0.07618452, 0.08839355, 0.048231218, 0.07642759, 0.09071524, 0.06335168, 0.08981062, 0.07637823, 0.10904103, 0.10450216, 0.05507449, 0.07999898, 0.069763646, 0.08234467, 0.056715105, 0.06973738, 0.07319754, 0.07556141, 0.06822743], "var": [1.0, 0.98, 0.98, 0.96, 0.96, 0.92, 0.92, 0.92, 0.92, 0.92, 0.94, 0.94, 0.94, 0.94, 0.92, 0.94, 0.9, 0.9, 0.86, 0.88, 0.88, 0.88, 0.86, 0.86, 0.84, 0.84, 0.84, 0.8, 0.76, 0.78, 0.8, 0.8, 0.8, 0.8, 0.82, 0.8, 0.78, 0.78, 0.78, 0.76, 0.72, 0.72, 0.7, 0.7, 0.7, 0.7, 0.68, 0.66, 0.68, 0.66], "best": [0.3555556, 0.3997733, 0.39523813, 0.39023468, 0.4901042, 0.38918656, 0.3887897, 0.39073363, 0.39240366, 0.394288, 0.3948413, 0.49399355, 0.5087054, 0.39501137, 0.40169972, 0.4027811, 0.4047374, 0.5190304, 0.40975678, 0.50715065, 0.41172543, 0.41059303, 0.41379422, 0.41395023, 0.41875905, 0.42011374, 0.41840366, 0.42270505, 0.4244751, 0.42295566, 0.42778617, 0.4263053, 0.4994814, 0.4335192, 0.43567443, 0.43792018, 0.43978858, 0.439052, 0.44431466, 0.44696093, 0.44955245, 0.45097768, 0.44892627, 0.45489636, 0.45682317, 0.45915377, 0.46152106, 0.4632272, 0.5638811, 0.46228266], "duration": [3962, 4926, 7198, 5290, 5143, 7523, 3188, 3017, 7084, 3798, 3082, 3302, 5766, 9156, 5046, 3318, 4906, 7396, 5266, 3464, 8961, 5165, 3049, 3288, 3294, 3093, 2995, 8954, 3270, 5192, 5629, 2751, 4883, 3150, 5079, 2801, 5124, 3259, 3709, 3081, 2922, 3047, 3225, 3235, 2829, 3018, 3244, 3028, 3051, 3388]}