{"avg": [0.4051282, 0.43995294, 0.43144763, 0.42526045, 0.44528598, 0.38413873, 0.5013745, 0.51829183, 0.5100958, 0.46707946, 0.44594234, 0.5209978, 0.5123503, 0.5541149, 0.5480232, 0.53278303, 0.55050623, 0.5532554, 0.54678696, 0.5183543, 0.54190713, 0.5332038, 0.5536823, 0.5940717, 0.55426085, 0.5967128, 0.5717878, 0.58161867, 0.5805921, 0.59125954, 0.63554525, 0.61123186, 0.602882, 0.6294162, 0.6337163, 0.62514025, 0.65344036, 0.6488863, 0.6403691, 0.6530486, 0.65593123, 0.6611776, 0.6769453, 0.66733676, 0.6706952, 0.6612612, 0.64420044, 0.6776202, 0.6896981, 0.68906784], "std": [0.14955558, 0.15029116, 0.14974572, 0.15118127, 0.15055752, 0.13832441, 0.14216553, 0.13523519, 0.138195, 0.15142822, 0.15404347, 0.13618967, 0.14412041, 0.10855792, 0.1178546, 0.1283924, 0.11596329, 0.12020002, 0.13195899, 0.14476727, 0.13318828, 0.13740599, 0.12461466, 0.07694947, 0.13227777, 0.08211175, 0.113744095, 0.10643368, 0.108241715, 0.10401706, 0.018252563, 0.07617553, 0.12219994, 0.08038944, 0.023747617, 0.08919131, 0.019355783, 0.025970275, 0.08792921, 0.027540939, 0.029610276, 0.025295272, 0.013267253, 0.02862679, 0.026469123, 0.08151426, 0.088551335, 0.028842647, 0.014953471, 0.018774346], "var": [1.0, 0.96, 0.94, 0.92, 0.94, 0.94, 0.92, 0.9, 0.88, 0.88, 0.88, 0.86, 0.86, 0.86, 0.84, 0.82, 0.82, 0.8, 0.76, 0.76, 0.78, 0.78, 0.78, 0.76, 0.74, 0.76, 0.74, 0.74, 0.7, 0.72, 0.68, 0.68, 0.7, 0.7, 0.66, 0.62, 0.64, 0.6, 0.56, 0.56, 0.54, 0.5, 0.52, 0.5, 0.5, 0.48, 0.44, 0.44, 0.44, 0.46], "best": [0.5666667, 0.6087913, 0.60546744, 0.6017858, 0.6057824, 0.6043651, 0.6065276, 0.60589576, 0.6095239, 0.61689264, 0.61599755, 0.6149902, 0.6178319, 0.6159118, 0.6198304, 0.6179177, 0.6227222, 0.62365204, 0.62722033, 0.63188756, 0.6338542, 0.6348778, 0.6375495, 0.6390085, 0.6407131, 0.64307314, 0.6446256, 0.6466466, 0.64905524, 0.6505992, 0.65376735, 0.657977, 0.66031754, 0.66453516, 0.6688584, 0.6711049, 0.6738511, 0.67711866, 0.67973244, 0.6834213, 0.68552774, 0.6877562, 0.69046915, 0.69389343, 0.69609284, 0.698596, 0.7014364, 0.7028165, 0.70513546, 0.7078471], "duration": [1178, 1176, 1186, 1158, 1194, 1356, 1192, 1176, 1225, 1175, 1214, 1577, 1361, 1191, 1179, 1392, 1436, 1182, 1220, 1190, 1182, 1180, 1221, 1251, 1121, 1108, 1096, 1117, 1168, 1212, 1394, 1385, 1185, 1217, 1398, 1218, 1184, 1198, 1398, 1214, 1371, 1387, 1197, 1205, 1203, 1422, 1379, 1183, 1197, 1205]}