{"avg": [0.17986111, 0.20725623, 0.21053793, 0.18647294, 0.20856136, 0.17406377, 0.24031052, 0.17090102, 0.23277749, 0.2296361, 0.26363903, 0.23732942, 0.21313797, 0.22358279, 0.2276764, 0.25036123, 0.23468025, 0.25919566, 0.25471887, 0.26469666, 0.21720496, 0.27545834, 0.26569426, 0.24538468, 0.27698615, 0.28802872, 0.2739332, 0.24744688, 0.28790668, 0.2731753, 0.26918116, 0.28995213, 0.28989735, 0.2961589, 0.31196594, 0.3174605, 0.2943617, 0.32962185, 0.32919237, 0.30189085, 0.34292853, 0.33560783, 0.36179745, 0.34428337, 0.32068697, 0.34197667, 0.33419892, 0.36329722, 0.3407454, 0.3417402], "std": [0.098147884, 0.067577444, 0.08669737, 0.09630786, 0.09335123, 0.089485936, 0.09364184, 0.09170769, 0.0912007, 0.08817411, 0.08410624, 0.093308866, 0.09629947, 0.09326636, 0.095639214, 0.06351376, 0.061520565, 0.092628784, 0.09529907, 0.076941684, 0.11400539, 0.061848465, 0.058662467, 0.089442, 0.073562026, 0.07125333, 0.04903901, 0.09768474, 0.059429098, 0.095842905, 0.092347786, 0.069187894, 0.069338575, 0.062728144, 0.04596029, 0.081070766, 0.08534007, 0.05580634, 0.046944153, 0.05739146, 0.061172158, 0.034822512, 0.044962794, 0.046013653, 0.055288814, 0.06316287, 0.059198115, 0.04475626, 0.03652159, 0.061184615], "var": [0.9866667, 0.97333336, 0.96, 0.94666666, 0.93333334, 0.92, 0.92, 0.9066667, 0.9066667, 0.9066667, 0.88, 0.8666667, 0.85333335, 0.84, 0.81333333, 0.81333333, 0.81333333, 0.8, 0.7866667, 0.7733333, 0.74666667, 0.73333335, 0.74666667, 0.73333335, 0.73333335, 0.74666667, 0.74666667, 0.74666667, 0.73333335, 0.73333335, 0.73333335, 0.72, 0.72, 0.72, 0.72, 0.6933333, 0.6666667, 0.6933333, 0.6666667, 0.6533333, 0.64, 0.6533333, 0.64, 0.64, 0.62666667, 0.64, 0.64, 0.61333334, 0.62666667, 0.62666667], "best": [0.3555556, 0.31121033, 0.32063493, 0.3808532, 0.40158734, 0.3004259, 0.40502375, 0.30453718, 0.40649465, 0.3186913, 0.40893596, 0.4091203, 0.41014388, 0.3821996, 0.3829313, 0.3246032, 0.3250137, 0.4044993, 0.40532997, 0.3835712, 0.4171966, 0.32834274, 0.32970524, 0.40611053, 0.40661582, 0.38525915, 0.33278075, 0.38624462, 0.41654593, 0.4035865, 0.40718672, 0.42534998, 0.4186976, 0.40772608, 0.41475257, 0.42873347, 0.41955453, 0.42084503, 0.4214918, 0.41004062, 0.42263165, 0.41179973, 0.43589905, 0.4372682, 0.4261818, 0.4305812, 0.43169385, 0.42857963, 0.4287458, 0.4162258], "duration": [2173, 2092, 4235, 6049, 2156, 3991, 2195, 4034, 7158, 4047, 4160, 8949, 4071, 4039, 3988, 5998, 7816, 2947, 4016, 7896, 2191, 5888, 3992, 11687, 7880, 8321, 5930, 2196, 7819, 11716, 4555, 7861, 7838, 4071, 7967, 5991, 4073, 6017, 11645, 9778, 10164, 6005, 7949, 9749, 7920, 11728, 7877, 6059, 11721, 8135]}