{"avg": [0.17481484, 0.15019843, 0.13364421, 0.2214286, 0.20966779, 0.18789893, 0.18959099, 0.19736737, 0.1989055, 0.22004184, 0.2555961, 0.21094833, 0.2549426, 0.32551688, 0.28709507, 0.24197184, 0.29323646, 0.27229434, 0.2987564, 0.30587667, 0.3170276, 0.3358483, 0.23223145, 0.32216612, 0.28047138, 0.29146188, 0.3659856, 0.35250002, 0.36904585, 0.34252295, 0.39458686, 0.3685272, 0.37403035, 0.40730745, 0.37870324, 0.42749003, 0.4045603, 0.4061398, 0.40548873, 0.42290604, 0.41918692, 0.42004433, 0.43857652, 0.4365572, 0.4418417, 0.44966182, 0.45713967, 0.44986063, 0.46382782, 0.46403268], "std": [0.0996675, 0.11845338, 0.13169402, 0.13822986, 0.1327463, 0.09358257, 0.13591717, 0.074613236, 0.12798937, 0.11706862, 0.109869696, 0.11888572, 0.13195845, 0.09375017, 0.11786786, 0.11421711, 0.096124314, 0.10199126, 0.13841206, 0.13877165, 0.09729375, 0.11460027, 0.16671935, 0.11792529, 0.13846393, 0.13150994, 0.10269255, 0.11838553, 0.113549784, 0.0913794, 0.060483694, 0.11182994, 0.114865325, 0.04123821, 0.07636798, 0.0077271555, 0.06396616, 0.060940232, 0.0695222, 0.037820797, 0.05953094, 0.05969823, 0.014207706, 0.029185561, 0.037191574, 0.016828666, 0.015123776, 0.02335126, 0.016163446, 0.0183089], "var": [0.98, 0.98, 0.98, 0.98, 0.98, 0.96, 0.94, 0.94, 0.92, 0.88, 0.86, 0.84, 0.82, 0.8, 0.78, 0.76, 0.74, 0.74, 0.7, 0.7, 0.68, 0.66, 0.64, 0.6, 0.58, 0.56, 0.58, 0.58, 0.6, 0.56, 0.54, 0.52, 0.5, 0.5, 0.5, 0.48, 0.46, 0.44, 0.42, 0.4, 0.38, 0.34, 0.3, 0.28, 0.28, 0.26, 0.26, 0.26, 0.26, 0.26], "best": [0.3555556, 0.40000004, 0.38090122, 0.39047623, 0.3981005, 0.37748542, 0.38747606, 0.3400386, 0.39536825, 0.38730162, 0.39343438, 0.394158, 0.39502248, 0.3971334, 0.39986777, 0.3964877, 0.39810675, 0.39956713, 0.401559, 0.4009224, 0.40103787, 0.40549046, 0.4080888, 0.40901095, 0.4090637, 0.41006368, 0.4121396, 0.41415504, 0.4161862, 0.41816002, 0.4200946, 0.42245838, 0.42575347, 0.42909038, 0.43109995, 0.43266743, 0.43574944, 0.43734688, 0.4400075, 0.44220984, 0.44487923, 0.4473238, 0.45122528, 0.4533924, 0.456402, 0.4607675, 0.4639119, 0.46760798, 0.4694944, 0.47339883], "duration": [2001, 6077, 1862, 1954, 3968, 6089, 1935, 3795, 1955, 5748, 7640, 5798, 4178, 1955, 2593, 3783, 5739, 3811, 1916, 1940, 3803, 6049, 5675, 4144, 4118, 5725, 3814, 1918, 2276, 1960, 4165, 2562, 2243, 1932, 3834, 1935, 3838, 5737, 2279, 2006, 1943, 1937, 2263, 3838, 2260, 2268, 1931, 1970, 1997, 2292]}