{"avg": [0.39866668, 0.43143815, 0.43772388, 0.45021266, 0.44448346, 0.45081723, 0.44518894, 0.4455579, 0.44619876, 0.45258525, 0.45889813, 0.45308566, 0.46570802, 0.47218323, 0.47254837, 0.47896835, 0.49072984, 0.48501298, 0.48567352, 0.49217248, 0.4987763, 0.5052282, 0.50573516, 0.50580126, 0.5180914, 0.51820767, 0.51892126, 0.52486914, 0.53711563, 0.54318655, 0.5379991, 0.5507745, 0.5512831, 0.5578531, 0.5701996, 0.577039, 0.57768077, 0.57855135, 0.57948333, 0.58606744, 0.59255695, 0.59419274, 0.60713404, 0.60864604, 0.60963625, 0.6117778, 0.6124914, 0.61466, 0.6227284, 0.624396], "std": [0.14891607, 0.14925323, 0.14992043, 0.1501836, 0.15081899, 0.15060255, 0.15072355, 0.15055256, 0.15031813, 0.15019384, 0.14942478, 0.14960352, 0.14860028, 0.14751564, 0.14748293, 0.14609419, 0.14303131, 0.14472519, 0.14505753, 0.14326885, 0.14131862, 0.1385911, 0.13876957, 0.13866584, 0.13336866, 0.13333565, 0.13368787, 0.13050857, 0.12339298, 0.11911614, 0.12351162, 0.11452279, 0.1146898, 0.109641336, 0.09774443, 0.09088785, 0.09113841, 0.0914489, 0.0917444, 0.08358119, 0.07335879, 0.0737518, 0.044864897, 0.04510619, 0.04535978, 0.04570087, 0.046005405, 0.046188578, 0.011568494, 0.012140986], "var": [0.96, 0.96, 0.92, 0.9, 0.9, 0.88, 0.84, 0.82, 0.8, 0.76, 0.74, 0.7, 0.7, 0.7, 0.72, 0.72, 0.74, 0.72, 0.72, 0.72, 0.7, 0.7, 0.72, 0.7, 0.7, 0.72, 0.72, 0.74, 0.74, 0.72, 0.7, 0.68, 0.7, 0.72, 0.7, 0.7, 0.66, 0.66, 0.66, 0.66, 0.64, 0.62, 0.6, 0.62, 0.58, 0.6, 0.56, 0.52, 0.5, 0.5], "best": [0.5666667, 0.5966667, 0.5988096, 0.600635, 0.60166675, 0.6019048, 0.6019048, 0.60251707, 0.60303575, 0.6034392, 0.6038096, 0.60406935, 0.60408735, 0.6047253, 0.6059865, 0.60707945, 0.608006, 0.6088236, 0.6094974, 0.61045116, 0.61128575, 0.61201817, 0.612684, 0.613292, 0.613631, 0.6140191, 0.6156777, 0.6162434, 0.61671776, 0.617225, 0.6176985, 0.6182182, 0.6187203, 0.6191631, 0.6195799, 0.61995924, 0.6205424, 0.6217761, 0.6229449, 0.624066, 0.62526196, 0.6264112, 0.62774384, 0.62911415, 0.6306061, 0.6320953, 0.6337785, 0.63534963, 0.6370338, 0.6388533], "duration": [3160, 3125, 3118, 3115, 3106, 3114, 3102, 3123, 3110, 3118, 3099, 3091, 3104, 3109, 3128, 3123, 3118, 3127, 3123, 3117, 3138, 3121, 3142, 3127, 3126, 3112, 3130, 3143, 3142, 3111, 3133, 3147, 3171, 3172, 3155, 3149, 3116, 3131, 3149, 3137, 3151, 3148, 3125, 3136, 3115, 3152, 3148, 3160, 3144, 3161]}