{"avg": [0.18174604, 0.19770576, 0.19050181, 0.21098617, 0.21114019, 0.24045533, 0.23908255, 0.24109016, 0.23084146, 0.2693176, 0.2823571, 0.25875247, 0.26223096, 0.2764256, 0.2771874, 0.31009963, 0.2946319, 0.29506126, 0.31050062, 0.33112368, 0.28221706, 0.28643176, 0.32501438, 0.31258535, 0.3428181, 0.3816419, 0.34793067, 0.35160053, 0.36404666, 0.38016665, 0.39856648, 0.41124314, 0.4008538, 0.41941005, 0.39997727, 0.4083384, 0.43153286, 0.4192353, 0.44556114, 0.43944174, 0.43986022, 0.4714777, 0.48652402, 0.4426918, 0.47301242, 0.4954703, 0.4912653, 0.492438, 0.49995297, 0.4780471], "std": [0.083950855, 0.09915744, 0.10246099, 0.09856726, 0.091553435, 0.0738779, 0.07269685, 0.076970324, 0.10280648, 0.07416217, 0.0706299, 0.06929894, 0.11290488, 0.079029396, 0.08320845, 0.040383097, 0.09450233, 0.0907846, 0.08626008, 0.08393981, 0.08314224, 0.08223452, 0.08431154, 0.083916984, 0.07880741, 0.040571723, 0.078934796, 0.06912181, 0.086746335, 0.06977798, 0.048321962, 0.052217353, 0.068328544, 0.04948609, 0.0718183, 0.055064734, 0.06940773, 0.083451234, 0.054026105, 0.054809097, 0.076366626, 0.036916416, 0.025530286, 0.09736276, 0.058739882, 0.03761988, 0.035827998, 0.050289232, 0.03488241, 0.088380605], "var": [0.98, 0.94, 0.94, 0.9, 0.88, 0.84, 0.8, 0.8, 0.8, 0.78, 0.76, 0.76, 0.74, 0.7, 0.7, 0.68, 0.68, 0.64, 0.6, 0.56, 0.54, 0.52, 0.48, 0.44, 0.42, 0.42, 0.44, 0.42, 0.38, 0.4, 0.4, 0.42, 0.38, 0.36, 0.36, 0.32, 0.3, 0.26, 0.24, 0.24, 0.22, 0.22, 0.22, 0.22, 0.22, 0.22, 0.2, 0.2, 0.18, 0.14], "best": [0.2888889, 0.3725624, 0.38474146, 0.3735342, 0.3089947, 0.38187137, 0.31452993, 0.37824202, 0.38209736, 0.3836474, 0.38123253, 0.32772112, 0.44956398, 0.4038998, 0.38392675, 0.38508356, 0.38573393, 0.413011, 0.4162568, 0.42006373, 0.4236274, 0.42482644, 0.42677033, 0.43024015, 0.43244866, 0.43327934, 0.481852, 0.4387448, 0.44289428, 0.44654775, 0.44959277, 0.45807716, 0.4580146, 0.46213156, 0.46619174, 0.46929735, 0.47230887, 0.47690874, 0.47974902, 0.4836262, 0.48714676, 0.49061435, 0.49514765, 0.49909404, 0.50208384, 0.5052106, 0.5094197, 0.5123723, 0.515456, 0.5184991], "duration": [5320, 5098, 5396, 5271, 5647, 5250, 4795, 5529, 5475, 9291, 11102, 3842, 8852, 8387, 14821, 7264, 9109, 7164, 11266, 5458, 6748, 5669, 5451, 2774, 5426, 6900, 9257, 2726, 8898, 5698, 9364, 7588, 5408, 5030, 9586, 2844, 3893, 2696, 4979, 3124, 3154, 2742, 2755, 3921, 2776, 3125, 3114, 2777, 2732, 2730]}