{"avg": [0.43410861, 0.4744984, 0.5176793, 0.55789393, 0.58644074, 0.60085016, 0.62449366, 0.63336855, 0.6448714, 0.66042835, 0.67074645, 0.687253, 0.7048748, 0.71743983, 0.7287833, 0.7419009, 0.75160414, 0.7614971, 0.76893616, 0.7755971, 0.78147125, 0.78668416, 0.7915785, 0.7966158, 0.8006041, 0.80457646, 0.8079839, 0.8113179, 0.8141189, 0.8168889, 0.81968457, 0.82229793, 0.82468843, 0.82704556, 0.8291573, 0.83143955, 0.8332616, 0.8349901, 0.83671325, 0.838347, 0.8399355, 0.84158474, 0.84291285, 0.8442138, 0.84551793, 0.84670436, 0.84772867, 0.8489016, 0.8499207, 0.8509003], "std": [0.14898247, 0.14792114, 0.1335324, 0.10768875, 0.0803706, 0.06757142, 0.008738598, 0.010382724, 0.01474934, 0.01624303, 0.022254556, 0.018528465, 0.007808034, 0.011634904, 0.012742236, 0.011067284, 0.013306364, 0.0015574507, 0.0, 4.7683716e-07, 0.0, 2.3841858e-07, 5.9604645e-08, 1.7881393e-07, 2.3841858e-07, 1.1920929e-07, 4.172325e-07, 2.9802322e-07, 2.3841858e-07, 1.1920929e-07, 1.1920929e-07, 5.9604645e-08, 2.9802322e-07, 1.1920929e-07, 5.9604645e-08, 2.3841858e-07, 3.5762787e-07, 1.7881393e-07, 5.9604645e-08, 1.7881393e-07, 2.9802322e-07, 4.172325e-07, 1.1920929e-07, 5.9604645e-08, 1.7881393e-07, 2.3841858e-07, 2.3841858e-07, 1.1920929e-07, 1.7881393e-07, 1.1920929e-07], "var": [0.9, 0.82, 0.76, 0.62, 0.62, 0.56, 0.48, 0.4, 0.28, 0.24, 0.16, 0.1, 0.1, 0.08, 0.06, 0.06, 0.04, 0.02, 0.02, 0.02, 0.02, 0.02, 0.02, 0.02, 0.02, 0.02, 0.02, 0.02, 0.02, 0.02, 0.02, 0.02, 0.02, 0.02, 0.02, 0.02, 0.02, 0.02, 0.02, 0.02, 0.02, 0.02, 0.02, 0.02, 0.02, 0.02, 0.02, 0.02, 0.02, 0.02], "best": [0.5666667, 0.600443, 0.6059801, 0.61056554, 0.61750704, 0.62624645, 0.6351307, 0.64560133, 0.6587628, 0.67185134, 0.6864461, 0.6971015, 0.70942867, 0.72206676, 0.73230356, 0.7439027, 0.7542645, 0.76175016, 0.76893616, 0.7755976, 0.78147125, 0.7866844, 0.7915784, 0.79661596, 0.80060434, 0.80457634, 0.8079843, 0.8113182, 0.8141187, 0.81688905, 0.81968445, 0.8222979, 0.82468873, 0.8270457, 0.82915723, 0.8314393, 0.83326197, 0.83499026, 0.8367132, 0.8383472, 0.8399358, 0.8415843, 0.84291273, 0.84421384, 0.84551775, 0.8467041, 0.84772843, 0.8489015, 0.84992087, 0.8509004], "duration": [6778, 6572, 6501, 6649, 6232, 6056, 5814, 7774, 7009, 5120, 4907, 5371, 6153, 4731, 5758, 7743, 6018, 5719, 5591, 5428, 5227, 5086, 5692, 6428, 5095, 5110, 5759, 4939, 5172, 5388, 6055, 5199, 4953, 5166, 5994, 5310, 5618, 5447, 4981, 5232, 7180, 5601, 6054, 5591, 5129, 5550, 5342, 6082, 5221, 7665]}