{"avg": [0.11428572, 0.15612245, 0.12547502, 0.16052578, 0.2118272, 0.17774566, 0.12837204, 0.16293155, 0.2514016, 0.17729346, 0.18895651, 0.22287624, 0.16286561, 0.20161785, 0.20998102, 0.21394442, 0.20739748, 0.1858437, 0.25396365, 0.17007159, 0.22967243, 0.25542358, 0.21240959, 0.2497769, 0.3488045, 0.2860352, 0.3027206, 0.2698174, 0.3341427, 0.36782137, 0.33243477, 0.3082206, 0.33687055, 0.309639, 0.26664615, 0.37817544, 0.39439157, 0.4239627, 0.401907, 0.4048459, 0.35396877, 0.39714053, 0.41963664, 0.38644543, 0.42786312, 0.43169, 0.45855635, 0.4854911, 0.4419872, 0.43518972], "std": [0.07315378, 0.10588319, 0.09489246, 0.15285213, 0.16275781, 0.11886425, 0.08136259, 0.09531109, 0.1451011, 0.122263275, 0.12517416, 0.127107, 0.1254644, 0.10125868, 0.14348997, 0.053741205, 0.1267226, 0.121667705, 0.14663966, 0.09480372, 0.12633298, 0.12067527, 0.12393422, 0.14806366, 0.15305972, 0.121518075, 0.14172558, 0.1272184, 0.15602729, 0.17351015, 0.17161338, 0.14695469, 0.14825995, 0.14410077, 0.14522086, 0.13944268, 0.15300903, 0.11752581, 0.15789758, 0.16074196, 0.17569314, 0.1650954, 0.15022713, 0.16535084, 0.15781853, 0.14619063, 0.15421483, 0.14092666, 0.14721335, 0.17274728], "var": [0.98, 0.98, 0.96, 0.92, 0.9, 0.9, 0.88, 0.84, 0.82, 0.78, 0.74, 0.7, 0.68, 0.68, 0.66, 0.64, 0.62, 0.6, 0.6, 0.58, 0.58, 0.56, 0.56, 0.54, 0.52, 0.52, 0.52, 0.48, 0.46, 0.44, 0.4, 0.4, 0.4, 0.38, 0.34, 0.32, 0.32, 0.32, 0.32, 0.32, 0.3, 0.28, 0.26, 0.24, 0.22, 0.22, 0.22, 0.22, 0.2, 0.2], "best": [0.20000002, 0.37936512, 0.22791463, 0.5365818, 0.53199667, 0.53089654, 0.18949097, 0.38007233, 0.539231, 0.5327229, 0.53426385, 0.5350676, 0.533048, 0.5333252, 0.5415281, 0.384042, 0.53431535, 0.53377783, 0.5357354, 0.3858277, 0.53701204, 0.53766793, 0.53846675, 0.53623575, 0.54131824, 0.54061973, 0.5415849, 0.54318464, 0.5445114, 0.5465561, 0.5488834, 0.551863, 0.5521487, 0.5529539, 0.5490148, 0.55346376, 0.5555556, 0.5572264, 0.5591802, 0.56105113, 0.56332093, 0.5644642, 0.56682765, 0.5686902, 0.57006633, 0.5718689, 0.57374644, 0.57582676, 0.5789812, 0.5799435], "duration": [2133, 1962, 1917, 3894, 5764, 4099, 1808, 1856, 5761, 3911, 3819, 5757, 3789, 3837, 5844, 2017, 5916, 5716, 7755, 2041, 5850, 3836, 3906, 4375, 9988, 5808, 11916, 5866, 13495, 11588, 14193, 7832, 9679, 5837, 5740, 9705, 13513, 11591, 11608, 13500, 13832, 11590, 9654, 9631, 13511, 13881, 15767, 13518, 13486, 13501]}