{"avg": [0.37333336, 0.41462862, 0.42873174, 0.4369556, 0.4384755, 0.44207364, 0.44640484, 0.45465624, 0.4629198, 0.47132483, 0.47687298, 0.4855978, 0.494127, 0.49907544, 0.5068764, 0.5141766, 0.5214371, 0.52873534, 0.5360582, 0.5429695, 0.54669106, 0.5508431, 0.5517622, 0.5532263, 0.554402, 0.5555162, 0.55682105, 0.55797744, 0.5590778, 0.56037223, 0.56154734, 0.56102824, 0.56350046, 0.5648792, 0.5667565, 0.56852174, 0.5697704, 0.5716017, 0.57350993, 0.57507896, 0.5772352, 0.579217, 0.58082813, 0.58239067, 0.5840223, 0.58660525, 0.58951735, 0.5914096, 0.5944075, 0.596254], "std": [0.12163495, 0.105796546, 0.09755035, 0.092053026, 0.09306709, 0.091878496, 0.091675594, 0.09052329, 0.08888094, 0.08663478, 0.08437142, 0.08089683, 0.07675596, 0.07367741, 0.069270946, 0.06482863, 0.059410226, 0.05262571, 0.044246104, 0.032584272, 0.023968833, 0.008514961, 0.0086233085, 0.008536682, 0.008569168, 0.008723923, 0.0086353, 0.008646036, 0.008672956, 0.008482799, 0.008650533, 0.011666889, 0.0094586685, 0.009210551, 0.009374948, 0.0095497435, 0.009715462, 0.009913723, 0.010155924, 0.010201873, 0.010387544, 0.010666508, 0.010963565, 0.011395611, 0.011755807, 0.012177666, 0.012735706, 0.013172596, 0.0133354645, 0.013909343], "var": [0.96, 0.94, 0.94, 0.94, 0.94, 0.92, 0.88, 0.86, 0.82, 0.78, 0.78, 0.78, 0.76, 0.74, 0.74, 0.7, 0.66, 0.66, 0.64, 0.62, 0.62, 0.64, 0.62, 0.58, 0.56, 0.58, 0.6, 0.6, 0.6, 0.6, 0.6, 0.6, 0.56, 0.56, 0.52, 0.54, 0.52, 0.48, 0.44, 0.42, 0.4, 0.38, 0.38, 0.34, 0.32, 0.28, 0.28, 0.26, 0.26, 0.22], "best": [0.51111114, 0.5463492, 0.54587305, 0.5457143, 0.58519846, 0.54606354, 0.5466667, 0.5471656, 0.5474207, 0.547672, 0.548254, 0.55046177, 0.5516667, 0.55261296, 0.5535261, 0.55476195, 0.5559326, 0.5569935, 0.55828047, 0.5599332, 0.56144446, 0.56278914, 0.56429297, 0.5656867, 0.56730163, 0.5689207, 0.5704335, 0.57194006, 0.57335603, 0.5747729, 0.5762064, 0.5776703, 0.5790427, 0.58043295, 0.58182544, 0.5834785, 0.58522487, 0.58694124, 0.5888054, 0.59078145, 0.5927897, 0.5949091, 0.5970862, 0.59926176, 0.60141414, 0.6034921, 0.60572815, 0.6081324, 0.61047626, 0.61292845], "duration": [64958, 67447, 69422, 68968, 68837, 68502, 68851, 68809, 69284, 69652, 68893, 69431, 69410, 70160, 69550, 70022, 72153, 73939, 75672, 77434, 77519, 77540, 77477, 77467, 77527, 77298, 77595, 77529, 77621, 78113, 77454, 75832, 77561, 77470, 77309, 77525, 77663, 77667, 77503, 77395, 77688, 77481, 77528, 77496, 77504, 77603, 77621, 77340, 77554, 77586]}