{"avg": [0.13518518, 0.119709015, 0.17283872, 0.17923115, 0.21234213, 0.21009493, 0.1885354, 0.180039, 0.21060826, 0.21288446, 0.23665321, 0.24693488, 0.2563691, 0.26851222, 0.23979416, 0.2792839, 0.27310756, 0.2888089, 0.27178422, 0.2735078, 0.31757477, 0.29471546, 0.30638954, 0.33959293, 0.34934592, 0.32550403, 0.3566737, 0.3684987, 0.38163224, 0.37273386, 0.3671965, 0.3710503, 0.38330933, 0.3712886, 0.38898656, 0.37516138, 0.41293848, 0.41171154, 0.40512204, 0.41734865, 0.41291246, 0.39173916, 0.44253492, 0.4280307, 0.443552, 0.46817547, 0.4800939, 0.47126478, 0.49163246, 0.47262394], "std": [0.09458958, 0.08123803, 0.106357366, 0.06788594, 0.10298153, 0.10206557, 0.10201326, 0.10125346, 0.08684933, 0.07858719, 0.08860323, 0.077070385, 0.059501793, 0.07235608, 0.097111374, 0.080715984, 0.06311028, 0.09793277, 0.0803696, 0.0931697, 0.06271376, 0.072652444, 0.07698838, 0.07409201, 0.07122767, 0.09006971, 0.08687466, 0.07502889, 0.06300778, 0.09750926, 0.0909732, 0.10876309, 0.0999573, 0.07192944, 0.07714904, 0.095031865, 0.079928264, 0.07325438, 0.08616762, 0.08492614, 0.07972088, 0.09228432, 0.074708164, 0.08025807, 0.0693364, 0.04772543, 0.032297272, 0.052975565, 0.03850386, 0.0662467], "var": [0.98, 0.96, 0.92, 0.9, 0.9, 0.9, 0.9, 0.88, 0.84, 0.84, 0.84, 0.82, 0.82, 0.78, 0.76, 0.72, 0.74, 0.72, 0.72, 0.72, 0.68, 0.7, 0.68, 0.64, 0.62, 0.58, 0.62, 0.6, 0.6, 0.6, 0.6, 0.56, 0.54, 0.56, 0.56, 0.58, 0.58, 0.54, 0.52, 0.52, 0.48, 0.44, 0.42, 0.38, 0.36, 0.36, 0.34, 0.32, 0.3, 0.32], "best": [0.2777778, 0.28386244, 0.30977184, 0.3088337, 0.3191232, 0.32383016, 0.3238771, 0.32755208, 0.3265717, 0.3237434, 0.3326389, 0.41061854, 0.41184568, 0.41443506, 0.41591716, 0.4181103, 0.34055653, 0.42585123, 0.42900696, 0.42482805, 0.43196768, 0.43490595, 0.4361359, 0.4383471, 0.44114083, 0.44438264, 0.44700402, 0.44966316, 0.44633377, 0.45534563, 0.45889512, 0.46133578, 0.4643098, 0.46742463, 0.46921363, 0.471832, 0.47407883, 0.47694284, 0.47957158, 0.48170954, 0.48419335, 0.4858738, 0.48727968, 0.49060494, 0.4927408, 0.49501497, 0.49759564, 0.500559, 0.50364184, 0.50693977], "duration": [2750, 2004, 2156, 2105, 1989, 2760, 2103, 2289, 1936, 2007, 1971, 2079, 1977, 1959, 2046, 2027, 2079, 2111, 2024, 1965, 2079, 1945, 2322, 2113, 1928, 1937, 2270, 1984, 1987, 1932, 1995, 2268, 1919, 1942, 2589, 2314, 1955, 2295, 1942, 1943, 1952, 1963, 1971, 1953, 1933, 1973, 2011, 1978, 1957, 3917]}