{"avg": [0.5047619, 0.54474914, 0.5469742, 0.5354935, 0.53789777, 0.5466385, 0.5402539, 0.53740937, 0.54438275, 0.544722, 0.5496428, 0.5513651, 0.5424001, 0.5554134, 0.5355267, 0.55959576, 0.5548495, 0.54876477, 0.56548804, 0.560709, 0.55510676, 0.55671227, 0.5553992, 0.55290776, 0.5591991], "std": [0.017169306, 0.031298537, 0.033712924, 0.02196154, 0.022226932, 0.028260838, 0.027326148, 0.01798678, 0.027585903, 0.025257599, 0.03024007, 0.028119663, 0.025210362, 0.03506179, 0.008696787, 0.02967412, 0.029200891, 0.028857062, 0.034370113, 0.033301856, 0.030127678, 0.03483411, 0.023136888, 0.026752532, 0.036387566], "var": [0.96, 0.94, 0.94, 0.9, 0.9, 0.9, 0.9, 0.88, 0.84, 0.82, 0.8, 0.78, 0.78, 0.78, 0.78, 0.76, 0.74, 0.74, 0.76, 0.74, 0.7, 0.68, 0.64, 0.6, 0.6], "best": [0.5666667, 0.602381, 0.6039683, 0.5915114, 0.59789234, 0.602381, 0.602381, 0.6011055, 0.6099738, 0.60529476, 0.61235124, 0.61278915, 0.6132833, 0.615436, 0.5514456, 0.6139894, 0.6193278, 0.6188544, 0.6214453, 0.6246032, 0.62275136, 0.62543523, 0.624539, 0.6280144, 0.6279459], "duration": [39520, 38533, 36632, 37616, 37379, 42813, 37449, 43597, 38124, 36575, 41805, 37253, 42495, 38447, 36763, 36878, 39037, 36938, 36374, 42960, 39101, 36850, 37297, 37888, 37435]}