{"avg": [0.39305556, 0.40497202, 0.40255496, 0.38690948, 0.40474266, 0.40550888, 0.4788002, 0.4456477, 0.41945267, 0.36763927, 0.4046461, 0.45870093, 0.41576162, 0.4498651, 0.45722395, 0.47530168, 0.44352978, 0.4969495, 0.4326548, 0.46154103, 0.47092608, 0.4608877, 0.47481304, 0.47092664, 0.5195756, 0.48202235, 0.4794735, 0.49566624, 0.4704848, 0.50540316, 0.4630397, 0.5072729, 0.5068517, 0.46887407, 0.52039266, 0.5108284, 0.50536036, 0.48321536, 0.50893545, 0.50681543, 0.5306671, 0.5429075, 0.50065297, 0.54476845, 0.5246923, 0.52309275, 0.48715723, 0.5463529, 0.5290338, 0.5239594], "std": [0.11645981, 0.15363434, 0.16644546, 0.14411758, 0.1128008, 0.11491318, 0.0736685, 0.081853166, 0.11808538, 0.14210238, 0.1500001, 0.10710378, 0.14534214, 0.087687135, 0.09903959, 0.07559309, 0.110541254, 0.06766672, 0.116701454, 0.13469824, 0.10554958, 0.103191294, 0.08152557, 0.08413807, 0.051873717, 0.07448933, 0.09590513, 0.06865138, 0.13427745, 0.06874242, 0.11229276, 0.07412403, 0.073487334, 0.10442256, 0.058928344, 0.06413365, 0.08586028, 0.082101345, 0.07025484, 0.06865114, 0.040947415, 0.008032382, 0.06597848, 0.010576855, 0.056879845, 0.06445561, 0.13329779, 0.0115525, 0.056963265, 0.06504781], "var": [1.0, 1.0, 0.992, 0.976, 0.968, 0.952, 0.952, 0.944, 0.944, 0.944, 0.936, 0.928, 0.92, 0.912, 0.904, 0.888, 0.88, 0.88, 0.88, 0.872, 0.864, 0.856, 0.84, 0.832, 0.824, 0.816, 0.8, 0.8, 0.8, 0.8, 0.784, 0.768, 0.776, 0.784, 0.784, 0.776, 0.76, 0.752, 0.752, 0.736, 0.736, 0.736, 0.72, 0.72, 0.712, 0.704, 0.712, 0.704, 0.696, 0.688], "best": [0.51111114, 0.5542659, 0.5558442, 0.54063493, 0.5413172, 0.5423791, 0.5411111, 0.5461132, 0.5420814, 0.5401939, 0.54366994, 0.5433316, 0.54635394, 0.5482931, 0.5496503, 0.5460755, 0.5500642, 0.54736465, 0.5386139, 0.5492064, 0.5473185, 0.5455475, 0.5493216, 0.5496948, 0.5503852, 0.54674137, 0.54994977, 0.5504306, 0.5511955, 0.5518583, 0.55301034, 0.55011725, 0.55540997, 0.55737686, 0.5518164, 0.55765873, 0.5541693, 0.55583847, 0.5587669, 0.5605562, 0.5541219, 0.5557198, 0.5497807, 0.56199175, 0.5630766, 0.56389934, 0.56492007, 0.565319, 0.565466, 0.5667049], "duration": [26773, 23178, 26910, 25104, 26689, 26383, 25077, 26963, 24767, 24469, 27050, 31546, 26704, 26715, 27017, 26981, 25125, 27006, 26699, 27037, 27068, 26978, 27047, 27007, 27172, 27035, 27060, 27030, 27029, 31520, 27029, 27042, 27054, 31510, 27085, 27003, 27028, 27073, 27125, 27031, 27087, 27078, 27065, 27063, 26993, 27018, 27053, 27122, 27087, 27153]}