{"avg": [0.38222218, 0.4085143, 0.40471435, 0.41226348, 0.41960326, 0.42297727, 0.41937786, 0.42388028, 0.4140802, 0.41761371, 0.42178708, 0.4261175, 0.426727, 0.42921007, 0.42735764, 0.43491307, 0.442573, 0.44317377, 0.4434598, 0.4468995, 0.4475303, 0.45830882, 0.45903584, 0.45981216, 0.4644437, 0.46534312, 0.46592873, 0.46491012, 0.46487522, 0.46934187, 0.46540546, 0.47017705, 0.47459644, 0.474773, 0.47846577, 0.47896722, 0.47909278, 0.48357463, 0.4835791, 0.48491898, 0.4889863, 0.49249893, 0.49354854, 0.49531636, 0.4954285, 0.49544936, 0.5043413, 0.50918216, 0.51451284, 0.51038176], "std": [0.12460306, 0.12380545, 0.12282142, 0.119969666, 0.12213114, 0.12335813, 0.12307823, 0.11865138, 0.12078572, 0.11656183, 0.11729706, 0.11273356, 0.11283036, 0.11306867, 0.11258352, 0.11406763, 0.10991651, 0.109984905, 0.10483551, 0.105550095, 0.10576921, 0.1008738, 0.10135198, 0.101894714, 0.10190141, 0.10258693, 0.10286949, 0.103863776, 0.10342063, 0.10400152, 0.105811656, 0.09945164, 0.098275915, 0.098256394, 0.09845094, 0.09885328, 0.098815575, 0.09731957, 0.0972376, 0.09771824, 0.09622585, 0.09632521, 0.09701813, 0.098208845, 0.09825015, 0.09817027, 0.09603887, 0.0943023, 0.09282268, 0.09586534], "var": [0.96, 0.96, 0.92, 0.9, 0.88, 0.88, 0.86, 0.88, 0.84, 0.84, 0.86, 0.86, 0.84, 0.82, 0.84, 0.82, 0.78, 0.78, 0.8, 0.8, 0.8, 0.8, 0.82, 0.82, 0.82, 0.82, 0.84, 0.84, 0.84, 0.82, 0.78, 0.78, 0.76, 0.8, 0.82, 0.82, 0.78, 0.76, 0.76, 0.76, 0.74, 0.74, 0.76, 0.74, 0.78, 0.78, 0.76, 0.72, 0.74, 0.72], "best": [0.51111114, 0.54206353, 0.5423016, 0.5425397, 0.5434921, 0.54558736, 0.5468254, 0.54770976, 0.54837304, 0.5488889, 0.54934925, 0.5495527, 0.55158734, 0.55275947, 0.5537642, 0.5546667, 0.55587304, 0.55746967, 0.5588096, 0.56003344, 0.5612064, 0.5623583, 0.5636653, 0.5650242, 0.56640875, 0.5677968, 0.5692613, 0.5705997, 0.57165533, 0.572474, 0.5734921, 0.5744445, 0.5753671, 0.57620496, 0.5769655, 0.5778322, 0.5786905, 0.57942516, 0.58015877, 0.5808181, 0.58164686, 0.5824352, 0.5831973, 0.58405685, 0.5851263, 0.5860847, 0.5869082, 0.58791965, 0.58897823, 0.59015876], "duration": [64888, 65041, 64425, 65664, 66304, 66554, 65970, 67315, 66201, 66035, 66719, 66009, 66458, 65529, 66796, 66871, 67796, 67640, 67913, 67961, 69136, 69215, 71087, 70611, 70394, 70523, 70589, 71168, 70503, 70442, 72172, 72104, 72982, 72175, 72380, 73238, 72153, 72432, 72455, 72556, 72859, 72421, 73900, 72974, 74461, 73005, 73763, 75221, 74881, 74737]}