{"avg": [0.1701389, 0.20648149, 0.18194926, 0.21257173, 0.24014044, 0.19844908, 0.24366504, 0.24836555, 0.24544367, 0.23409125, 0.26781464, 0.2845324, 0.2787982, 0.279314, 0.2984623, 0.29765478, 0.3245276, 0.33705112, 0.33267483, 0.36417827, 0.3721394, 0.34427097, 0.3975703, 0.364697, 0.3761334, 0.37762654, 0.39352924, 0.43571407, 0.40090066, 0.4394254, 0.42137066, 0.45725664, 0.4689756, 0.45599246, 0.44182932, 0.4592497, 0.49389616, 0.4772186, 0.50694895, 0.4867845, 0.50379187, 0.5109623, 0.52957207, 0.5133611, 0.54282326, 0.5319604, 0.5229855, 0.5401409, 0.5542351, 0.58272725], "std": [0.09865756, 0.12599182, 0.1147206, 0.083350495, 0.09079459, 0.09448977, 0.094963714, 0.10236792, 0.124179006, 0.106123164, 0.10451547, 0.08103568, 0.10953706, 0.08355515, 0.0981487, 0.12458598, 0.12724358, 0.07968464, 0.10407189, 0.11135146, 0.09357486, 0.09987214, 0.09120424, 0.1420777, 0.13125615, 0.122789755, 0.068689555, 0.11072077, 0.13251293, 0.11129574, 0.14081798, 0.11537872, 0.07282169, 0.08710827, 0.12813064, 0.121838145, 0.0740075, 0.07432777, 0.06962798, 0.10613179, 0.07897422, 0.07142394, 0.054146133, 0.077911034, 0.045362633, 0.056081902, 0.10368016, 0.08467357, 0.08445413, 0.042761616], "var": [0.96, 0.96, 0.96, 0.94, 0.92, 0.9, 0.86, 0.88, 0.86, 0.82, 0.82, 0.82, 0.82, 0.78, 0.78, 0.76, 0.76, 0.74, 0.7, 0.66, 0.64, 0.64, 0.62, 0.6, 0.58, 0.54, 0.5, 0.46, 0.46, 0.42, 0.42, 0.46, 0.44, 0.4, 0.38, 0.34, 0.34, 0.32, 0.32, 0.3, 0.26, 0.24, 0.24, 0.26, 0.28, 0.26, 0.26, 0.24, 0.22, 0.22], "best": [0.3777778, 0.44156748, 0.41209155, 0.40214753, 0.3952381, 0.40160793, 0.453124, 0.45530275, 0.40678665, 0.40238097, 0.40520835, 0.4093596, 0.46658316, 0.41358542, 0.47168112, 0.51783025, 0.47654957, 0.48085764, 0.46482876, 0.5235888, 0.4365978, 0.5315888, 0.5332376, 0.5020234, 0.5387218, 0.5095037, 0.45902923, 0.6018284, 0.52120566, 0.58084863, 0.555663, 0.6007055, 0.5602348, 0.5638928, 0.56727535, 0.5699427, 0.57215726, 0.57713133, 0.6329044, 0.58098364, 0.63932395, 0.58667856, 0.58947754, 0.5947443, 0.59494096, 0.597822, 0.6018412, 0.6045164, 0.60661095, 0.6633699], "duration": [5785, 5664, 3753, 5868, 10024, 3683, 9311, 9495, 4271, 5830, 5532, 7490, 3742, 7314, 5517, 5528, 5595, 5596, 5495, 5383, 5434, 7338, 5606, 5600, 7374, 6022, 5610, 3705, 5373, 3652, 7360, 3852, 3546, 3802, 5468, 5360, 5644, 5599, 6018, 3535, 5462, 7391, 4560, 6520, 3518, 5094, 5549, 5488, 5289, 4595]}