{"avg": [0.14385967, 0.20366606, 0.13932706, 0.2219895, 0.21013074, 0.207849, 0.20430475, 0.20403054, 0.24339795, 0.22466843, 0.2399934, 0.23314928, 0.29531103, 0.234627, 0.2794039, 0.23092236, 0.3182395, 0.27892518, 0.28174204, 0.28895217, 0.29376975, 0.30759147, 0.33442602, 0.30504242, 0.30977377, 0.2848304, 0.24601708, 0.31670547, 0.3746293, 0.3252989, 0.3573342, 0.3555538, 0.36863983, 0.35597605, 0.3619617, 0.37528214, 0.39500934, 0.37065437, 0.33996436, 0.4320108, 0.42541033, 0.405479, 0.42661968, 0.4067052, 0.4532688, 0.45567238, 0.44251138, 0.46937308, 0.4299092, 0.47689834], "std": [0.087820604, 0.13650979, 0.12132096, 0.110732585, 0.123502076, 0.13959165, 0.14311387, 0.1311923, 0.12001105, 0.09730253, 0.14274083, 0.13539545, 0.110228725, 0.14722614, 0.1314266, 0.14258902, 0.10687104, 0.13729268, 0.12958573, 0.13323271, 0.09484096, 0.123426996, 0.09196762, 0.13855647, 0.12198124, 0.14300622, 0.14045197, 0.09475655, 0.114063464, 0.12746634, 0.08879736, 0.11766163, 0.102714665, 0.091633335, 0.11831766, 0.12411929, 0.09553964, 0.07371539, 0.07960092, 0.069337875, 0.06910176, 0.08215828, 0.043469463, 0.07146435, 0.03865608, 0.03694037, 0.06759115, 0.019740364, 0.07466277, 0.015381372], "var": [1.0, 0.96, 0.94, 0.94, 0.96, 0.96, 0.94, 0.94, 0.9, 0.88, 0.88, 0.88, 0.88, 0.86, 0.82, 0.82, 0.78, 0.8, 0.78, 0.76, 0.74, 0.74, 0.74, 0.72, 0.7, 0.72, 0.7, 0.66, 0.64, 0.62, 0.6, 0.56, 0.54, 0.52, 0.48, 0.46, 0.44, 0.44, 0.42, 0.4, 0.38, 0.36, 0.36, 0.36, 0.36, 0.32, 0.32, 0.3, 0.3, 0.3], "best": [0.31111112, 0.38187137, 0.38465613, 0.387149, 0.37551358, 0.38025796, 0.38451976, 0.38863608, 0.39071184, 0.3888237, 0.39082345, 0.39065763, 0.3946181, 0.39588368, 0.3992418, 0.4022855, 0.40169233, 0.40498623, 0.4086816, 0.4104711, 0.4114024, 0.41338858, 0.41570598, 0.41877398, 0.420744, 0.4229092, 0.42227829, 0.4241639, 0.42609653, 0.42845327, 0.43081334, 0.43468305, 0.4374843, 0.44051942, 0.44385466, 0.44586325, 0.44890535, 0.4529437, 0.4549429, 0.4582745, 0.46163985, 0.4643836, 0.46724457, 0.46865082, 0.47104198, 0.47460324, 0.4777497, 0.48064303, 0.48405242, 0.48643175], "duration": [6422, 5967, 5987, 10084, 7773, 7671, 5927, 4413, 10002, 9649, 5967, 6020, 10013, 5963, 6074, 4100, 6667, 2234, 2333, 11627, 10167, 6026, 6000, 2105, 4138, 3946, 5821, 2371, 2056, 4140, 2739, 2420, 5949, 2347, 2116, 2188, 2572, 4239, 6005, 2043, 4000, 2162, 3932, 2302, 2181, 2408, 2058, 2050, 4036, 2140]}