{"avg": [0.4644445, 0.48845598, 0.4251134, 0.4824916, 0.44378313, 0.47687554, 0.43319118, 0.45524675, 0.5068519, 0.44975471, 0.49352598, 0.5236216, 0.45352477, 0.5108342, 0.49511304, 0.48016283, 0.5178657, 0.43749678, 0.5128044, 0.49766853, 0.5278189, 0.49929452, 0.48647413, 0.51549655, 0.5027962, 0.53062844, 0.5270685, 0.50693095, 0.5490394, 0.47601253, 0.51684666, 0.48764512, 0.48158985, 0.5246356, 0.50079536, 0.51747197, 0.5506945, 0.48729086, 0.5587187, 0.52677685, 0.54631805, 0.5119367, 0.52778983, 0.5545907, 0.5497846, 0.5386047, 0.564417, 0.5383436, 0.56584793, 0.56941056], "std": [0.0712845, 0.0773195, 0.11392545, 0.08083293, 0.1076734, 0.080968, 0.07353233, 0.10753454, 0.060220893, 0.11093777, 0.0788354, 0.045387097, 0.11774143, 0.06476488, 0.07129756, 0.11247569, 0.06049406, 0.11997469, 0.060262997, 0.10924481, 0.048633188, 0.079104744, 0.07806144, 0.0646, 0.06988529, 0.049469244, 0.061536413, 0.07100665, 0.010729034, 0.08491705, 0.06584337, 0.08047783, 0.08728203, 0.06599591, 0.11304062, 0.065321214, 0.013377714, 0.11509694, 0.012173577, 0.06541222, 0.04767745, 0.107267305, 0.07147877, 0.05500959, 0.052393574, 0.070881076, 0.018987676, 0.05401488, 0.01451709, 0.013913698], "var": [0.98, 0.98, 0.98, 0.98, 0.98, 0.98, 0.98, 0.98, 0.98, 0.96, 0.96, 0.96, 0.94, 0.94, 0.92, 0.92, 0.92, 0.92, 0.9, 0.9, 0.88, 0.88, 0.86, 0.84, 0.82, 0.82, 0.8, 0.8, 0.78, 0.76, 0.74, 0.74, 0.74, 0.74, 0.74, 0.74, 0.72, 0.7, 0.7, 0.7, 0.68, 0.66, 0.64, 0.62, 0.6, 0.6, 0.6, 0.58, 0.56, 0.56], "best": [0.51111114, 0.5563492, 0.55306125, 0.5551227, 0.54709, 0.5512114, 0.5413172, 0.5527778, 0.5439154, 0.548254, 0.5492922, 0.5474109, 0.5461893, 0.54944277, 0.5517923, 0.5545894, 0.5537468, 0.555107, 0.555506, 0.55697083, 0.559064, 0.5612699, 0.5549126, 0.5619944, 0.553858, 0.5611902, 0.563221, 0.5670716, 0.56518835, 0.5654149, 0.5673684, 0.56722856, 0.565873, 0.56987226, 0.5716297, 0.56783015, 0.5721534, 0.57004267, 0.57348865, 0.5719577, 0.57608104, 0.57850057, 0.57484424, 0.58087504, 0.58317924, 0.58546793, 0.58642983, 0.5884806, 0.58330774, 0.58869123], "duration": [18064, 17950, 17909, 17961, 17913, 17997, 16039, 22459, 18007, 17920, 18038, 18018, 18018, 18002, 17998, 17975, 18000, 16074, 17997, 18861, 17996, 17986, 18013, 18032, 17987, 17980, 22468, 18025, 18005, 17933, 17990, 17936, 17993, 18064, 17989, 18014, 17981, 17968, 18012, 17985, 22479, 22473, 17950, 17984, 17986, 17974, 17964, 18002, 18008, 17996]}