{"avg": [0.41666672, 0.43759048, 0.43773338, 0.43807307, 0.42638332, 0.42664197, 0.4327905, 0.42098913, 0.42714515, 0.4212446, 0.42737535, 0.4274728, 0.4334984, 0.421767, 0.4099674, 0.41604957, 0.41016677, 0.4098846, 0.40966088, 0.4037574, 0.40359905, 0.3979288, 0.40416154, 0.41015574, 0.41051978, 0.40457374, 0.4107729, 0.40464032, 0.41051906, 0.40484238, 0.40482476, 0.4045874, 0.41057646, 0.39867637, 0.39294407, 0.39897957, 0.39920345, 0.38738152, 0.38755298, 0.381676, 0.37554333, 0.36377147, 0.3577953, 0.3524638, 0.3524929, 0.3527543, 0.34699634, 0.34718826, 0.34168437, 0.33604354], "std": [0.15000004, 0.1496803, 0.1496277, 0.1499554, 0.14910486, 0.14913404, 0.14973728, 0.14832704, 0.14906129, 0.14819339, 0.14897572, 0.14907359, 0.14960296, 0.14814991, 0.14561428, 0.14686912, 0.14540337, 0.14481309, 0.14469093, 0.14268303, 0.14252438, 0.14061666, 0.14269955, 0.14440691, 0.14439663, 0.14281182, 0.1449272, 0.14322853, 0.14503671, 0.14343576, 0.1433275, 0.14339441, 0.14487836, 0.1417207, 0.13911863, 0.14126919, 0.14122626, 0.13653839, 0.13644113, 0.13379955, 0.1307445, 0.12321592, 0.11896382, 0.114145525, 0.11412992, 0.1141012, 0.10888343, 0.10880824, 0.10270433, 0.09613014], "var": [0.98, 0.96, 0.96, 0.94, 0.9, 0.9, 0.88, 0.88, 0.84, 0.88, 0.88, 0.86, 0.86, 0.84, 0.84, 0.86, 0.86, 0.84, 0.82, 0.86, 0.82, 0.78, 0.78, 0.78, 0.78, 0.76, 0.76, 0.74, 0.72, 0.72, 0.7, 0.7, 0.7, 0.7, 0.72, 0.72, 0.74, 0.76, 0.76, 0.76, 0.72, 0.74, 0.7, 0.74, 0.76, 0.76, 0.78, 0.8, 0.78, 0.76], "best": [0.5666667, 0.60047626, 0.60119057, 0.6014286, 0.60023814, 0.60123813, 0.60214293, 0.60278916, 0.6032143, 0.60359794, 0.60395247, 0.6042858, 0.60456353, 0.60487187, 0.6051361, 0.6053334, 0.605506, 0.6055743, 0.60529107, 0.6050376, 0.60452384, 0.60405904, 0.6036797, 0.6033334, 0.603135, 0.6029715, 0.6028206, 0.6028748, 0.6029592, 0.6031856, 0.60338104, 0.60354847, 0.6036905, 0.60363644, 0.6017227, 0.6018368, 0.60207677, 0.602381, 0.6026191, 0.6027839, 0.6029524, 0.5991058, 0.5990817, 0.59902555, 0.59898275, 0.5989524, 0.59904766, 0.5994023, 0.5998711, 0.6002333], "duration": [3416, 3374, 3381, 3353, 3378, 3350, 3433, 3373, 3319, 3406, 3597, 3369, 3390, 3387, 3371, 3336, 3388, 3294, 3342, 3958, 3350, 3503, 3632, 3355, 3379, 3364, 3383, 3370, 3386, 3340, 3377, 3387, 3706, 3374, 3408, 3386, 3339, 3357, 3379, 3391, 3385, 3368, 3349, 3623, 3379, 3368, 3348, 3379, 3332, 3338]}