{"avg": [0.15955563, 0.18302223, 0.19484764, 0.21637458, 0.22378178, 0.24727494, 0.25375712, 0.27873784, 0.28922546, 0.302072, 0.3192825, 0.3409634, 0.34736037, 0.37381688, 0.37503812, 0.38408062, 0.4051937, 0.4158873, 0.42302012, 0.44943488, 0.46876204, 0.4900962, 0.5023329, 0.50540864, 0.5263909, 0.53400856, 0.5386967, 0.5464013, 0.55064434, 0.5364881, 0.5550864, 0.5619424, 0.55716926, 0.56479454, 0.5660465, 0.5700353, 0.570948, 0.5596576, 0.57639134, 0.5617404, 0.5660413, 0.56974566, 0.5830885, 0.5711786, 0.58135587, 0.5853889, 0.58939654, 0.58080244, 0.5815481, 0.58194464], "std": [0.12201513, 0.14912094, 0.15800284, 0.16392715, 0.17064229, 0.19405924, 0.18860869, 0.1998348, 0.21270458, 0.20962642, 0.19231118, 0.20324633, 0.19719206, 0.193676, 0.19725011, 0.19867697, 0.21401224, 0.20308116, 0.20002218, 0.18134949, 0.18350866, 0.1584186, 0.1621501, 0.15626663, 0.13090323, 0.108882904, 0.10860244, 0.10648829, 0.105467446, 0.11121003, 0.09418184, 0.056481075, 0.062921956, 0.05649333, 0.06612527, 0.061839238, 0.056024037, 0.06505817, 0.051152695, 0.07227464, 0.068713605, 0.059327237, 0.046534803, 0.05900586, 0.051015835, 0.046825834, 0.042622145, 0.05421743, 0.053825907, 0.053452376], "var": [0.98, 0.96, 0.94, 0.92, 0.88, 0.86, 0.86, 0.86, 0.82, 0.8, 0.76, 0.74, 0.7, 0.72, 0.68, 0.66, 0.62, 0.58, 0.54, 0.52, 0.48, 0.46, 0.48, 0.44, 0.4, 0.42, 0.44, 0.46, 0.46, 0.46, 0.46, 0.46, 0.46, 0.46, 0.5, 0.52, 0.5, 0.5, 0.46, 0.46, 0.46, 0.5, 0.5, 0.5, 0.48, 0.46, 0.46, 0.48, 0.48, 0.44], "best": [0.51111114, 0.53634924, 0.53634924, 0.5385715, 0.5418254, 0.5449207, 0.5469048, 0.5492744, 0.5517659, 0.55423284, 0.55663496, 0.5588168, 0.560754, 0.5625397, 0.5641043, 0.5664762, 0.568373, 0.5702148, 0.57227516, 0.57424396, 0.5762778, 0.5782087, 0.58015877, 0.5823327, 0.5843453, 0.5862159, 0.5880159, 0.58962965, 0.59107715, 0.5923755, 0.5936667, 0.59469026, 0.5957094, 0.59670997, 0.5978618, 0.5989887, 0.6, 0.6008795, 0.6018003, 0.6027229, 0.6035516, 0.6043632, 0.60510206, 0.606316, 0.6074315, 0.60867727, 0.6099621, 0.61134416, 0.6127282, 0.6140266], "duration": [8483, 8461, 8514, 8709, 8698, 11070, 10804, 12240, 13147, 13740, 13623, 15002, 15024, 15640, 15908, 16036, 17002, 17074, 17203, 20162, 21309, 20706, 21600, 22915, 24196, 22433, 25688, 24941, 26218, 22435, 26191, 25001, 25443, 25403, 24853, 26484, 25335, 25350, 26118, 24563, 27233, 27949, 28421, 27560, 28807, 30296, 30697, 30175, 31444, 31310]}