{"avg": [0.12539685, 0.14126277, 0.15978837, 0.21051146, 0.15687004, 0.25123087, 0.19171931, 0.20073576, 0.19410484, 0.25368765, 0.2137493, 0.22700211, 0.26923722, 0.25160462, 0.2075095, 0.25731972, 0.23982094, 0.25584012, 0.27642596, 0.19496347, 0.24278949, 0.27169865, 0.30781323, 0.29026183, 0.3001694, 0.2608672, 0.3027952, 0.31784818, 0.3631734, 0.29065007, 0.33436057, 0.30236614, 0.30174005, 0.33194736, 0.3332239, 0.35418794, 0.4343446, 0.39251608, 0.37142375, 0.35910684, 0.37621757, 0.3794551, 0.41577005, 0.38155526, 0.37913588, 0.39982134, 0.37330383, 0.41476798, 0.44526944, 0.43548778, 0.44165164, 0.4175186, 0.45839328, 0.44641003, 0.4316234, 0.46658397, 0.46258152, 0.4946891, 0.4876781, 0.46240768, 0.5156604, 0.49071476, 0.46707618, 0.49807307, 0.52972955, 0.5049145, 0.5422705, 0.5313021, 0.5655762, 0.58604324, 0.56863034, 0.5786797, 0.5726431, 0.5725939, 0.5838733, 0.5837195, 0.593227, 0.56567544, 0.57005084, 0.6256211, 0.62061805, 0.6205423, 0.6135102, 0.6350855, 0.6231437, 0.60905385, 0.6065492, 0.62512285, 0.6307962, 0.61527294, 0.6399297, 0.6417617, 0.6319125, 0.6575233, 0.61010134, 0.6271954, 0.61975396, 0.6408987, 0.6561774, 0.65118134], "std": [0.09413381, 0.102297746, 0.063632555, 0.104630865, 0.10255728, 0.11997558, 0.15148303, 0.10239099, 0.08800434, 0.10229233, 0.10597767, 0.09979824, 0.102725886, 0.11779729, 0.13286103, 0.13831303, 0.121493004, 0.10522219, 0.123928785, 0.111318976, 0.12419981, 0.14335322, 0.10349386, 0.076650225, 0.116980456, 0.12732626, 0.11564709, 0.10252419, 0.09417888, 0.12230454, 0.10657447, 0.13401918, 0.08081806, 0.107200764, 0.10869944, 0.11179279, 0.09855074, 0.08994186, 0.11031762, 0.11515312, 0.12181498, 0.10982593, 0.1037203, 0.12744, 0.10748951, 0.11830376, 0.092163146, 0.10915596, 0.12844448, 0.12723333, 0.13829288, 0.1318971, 0.12648104, 0.11124809, 0.11918491, 0.12463838, 0.14545825, 0.106151864, 0.114103995, 0.1202843, 0.10668616, 0.11218492, 0.15998541, 0.119334675, 0.08586762, 0.11607608, 0.08555718, 0.112138964, 0.076064736, 0.049161237, 0.07388641, 0.073352225, 0.097854815, 0.0823508, 0.09201288, 0.09368694, 0.09088377, 0.11494061, 0.11214405, 0.005416662, 0.036529902, 0.038653523, 0.07626383, 0.006296264, 0.05742535, 0.08054379, 0.105567485, 0.052878723, 0.05903547, 0.07398824, 0.03890099, 0.039958328, 0.056124628, 1.1920929e-07, 0.11620989, 0.07672515, 0.11785356, 0.06944783, 0.036583915, 0.06632315], "var": [1.0, 0.96, 0.92, 0.9, 0.88, 0.86, 0.82, 0.8, 0.8, 0.82, 0.82, 0.8, 0.78, 0.78, 0.76, 0.72, 0.72, 0.74, 0.76, 0.78, 0.78, 0.74, 0.74, 0.7, 0.66, 0.64, 0.64, 0.66, 0.64, 0.66, 0.64, 0.6, 0.6, 0.58, 0.58, 0.58, 0.6, 0.58, 0.6, 0.62, 0.6, 0.58, 0.6, 0.58, 0.54, 0.54, 0.5, 0.48, 0.48, 0.5, 0.48, 0.48, 0.5, 0.5, 0.48, 0.48, 0.48, 0.46, 0.44, 0.42, 0.4, 0.4, 0.36, 0.36, 0.34, 0.32, 0.3, 0.3, 0.28, 0.26, 0.26, 0.22, 0.2, 0.2, 0.2, 0.2, 0.18, 0.18, 0.18, 0.18, 0.16, 0.16, 0.14, 0.14, 0.12, 0.12, 0.1, 0.1, 0.1, 0.1, 0.08, 0.08, 0.08, 0.08, 0.08, 0.08, 0.08, 0.08, 0.08, 0.08], "best": [0.3555556, 0.33662134, 0.21190478, 0.3746032, 0.3821429, 0.5321011, 0.5349207, 0.38340825, 0.38487476, 0.53697616, 0.39010274, 0.39267045, 0.53635186, 0.395077, 0.3892672, 0.53857565, 0.390633, 0.3805602, 0.5413745, 0.38093045, 0.40013015, 0.54094744, 0.54203534, 0.39126986, 0.54227644, 0.3993404, 0.5427183, 0.5432769, 0.5432817, 0.5406992, 0.54437214, 0.5448246, 0.4063686, 0.54477125, 0.5452864, 0.54310656, 0.54532665, 0.5480138, 0.5491577, 0.548113, 0.5513477, 0.55274016, 0.5537119, 0.5553697, 0.5540172, 0.5568829, 0.55452263, 0.55908847, 0.56074363, 0.5630791, 0.5644064, 0.5668068, 0.5685652, 0.5704905, 0.5726875, 0.57384384, 0.5754487, 0.5773707, 0.5799146, 0.58155733, 0.5828195, 0.5848956, 0.5868195, 0.5891079, 0.59083265, 0.5933686, 0.5951583, 0.5980962, 0.6001071, 0.60245794, 0.6051783, 0.6072922, 0.6101064, 0.6126554, 0.6152086, 0.6181934, 0.62087405, 0.6232774, 0.6257187, 0.62757075, 0.6303668, 0.63318163, 0.6355256, 0.63735276, 0.6398916, 0.6421169, 0.64390993, 0.64586365, 0.6480159, 0.6500595, 0.6520877, 0.65403473, 0.6558441, 0.6575234, 0.65954965, 0.6612084, 0.6630506, 0.6645156, 0.66639733, 0.6683059], "duration": [3813, 2254, 1969, 3917, 2029, 7796, 4059, 7681, 2206, 9612, 5939, 11581, 5854, 9991, 3997, 11870, 9616, 7748, 7723, 4031, 7739, 11858, 9653, 7675, 7752, 9585, 5921, 11478, 7773, 6297, 6003, 7811, 6220, 7884, 4090, 9727, 9861, 7788, 9683, 4192, 2279, 5968, 7821, 4132, 5893, 2305, 9632, 2324, 2607, 4223, 6093, 6362, 2394, 11972, 4190, 4244, 4253, 5027, 6067, 4214, 4184, 4543, 2827, 2828, 4244, 4169, 4653, 4183, 2405, 2413, 4421, 4303, 2365, 4251, 2353, 2440, 2410, 2448, 2397, 2831, 2458, 2421, 6030, 2412, 2803, 2392, 2418, 2446, 2790, 2384, 2434, 2418, 2390, 2382, 2379, 2405, 2438, 2417, 2809, 2418]}