{"avg": [0.16944447, 0.20030473, 0.18550263, 0.2056217, 0.18995392, 0.19882356, 0.22243789, 0.22975951, 0.23188892, 0.23684779, 0.22718634, 0.24318966, 0.2353514, 0.2372386, 0.26418945, 0.26077285, 0.25215778, 0.28092864, 0.26502317, 0.27765733, 0.29435465, 0.28765255, 0.30081344, 0.28181884, 0.29941797, 0.28077957, 0.3158653, 0.3109174, 0.3380729, 0.3078775, 0.32529333, 0.32931256, 0.34396452, 0.33477068, 0.34733188, 0.3463963, 0.33578393, 0.3635633, 0.36329952, 0.34806454, 0.36744353, 0.3805082, 0.38288695, 0.38498053, 0.3805965, 0.39313853, 0.40550163, 0.41493, 0.3969003, 0.4027682], "std": [0.047385342, 0.040626004, 0.05922959, 0.062099446, 0.0839588, 0.058017768, 0.062076118, 0.064742185, 0.05988439, 0.045868233, 0.055199288, 0.054411482, 0.057767134, 0.057121158, 0.06036102, 0.058113996, 0.039789937, 0.055077154, 0.048231218, 0.04434266, 0.041924454, 0.062854014, 0.04051784, 0.060188, 0.046639323, 0.046689373, 0.047518242, 0.051973097, 0.035222746, 0.048249535, 0.055525903, 0.03875919, 0.050139703, 0.047218822, 0.048074815, 0.057283416, 0.06009134, 0.044308826, 0.027454317, 0.06969373, 0.050129756, 0.0369948, 0.03512163, 0.030545412, 0.022627078, 0.030660495, 0.027049234, 0.02943414, 0.03126821, 0.03512357], "var": [0.98, 0.98, 0.98, 0.98, 0.98, 0.98, 0.96, 0.96, 0.94, 0.92, 0.9, 0.88, 0.88, 0.84, 0.84, 0.82, 0.84, 0.84, 0.84, 0.84, 0.82, 0.84, 0.84, 0.82, 0.8, 0.76, 0.74, 0.72, 0.7, 0.66, 0.64, 0.64, 0.64, 0.62, 0.64, 0.62, 0.62, 0.6, 0.6, 0.56, 0.56, 0.52, 0.52, 0.52, 0.48, 0.46, 0.48, 0.46, 0.48, 0.44], "best": [0.26666668, 0.24692462, 0.29285717, 0.30211642, 0.29984388, 0.31523812, 0.3052105, 0.30800867, 0.30704764, 0.30888215, 0.31902742, 0.32252327, 0.3129357, 0.31733245, 0.3257185, 0.32786307, 0.33041915, 0.40080246, 0.33172953, 0.33419773, 0.3349506, 0.33773667, 0.33713007, 0.41239756, 0.34273183, 0.34502715, 0.4146729, 0.41774046, 0.4205054, 0.35548246, 0.42572573, 0.36084014, 0.4303721, 0.42871743, 0.4350387, 0.43383583, 0.44038743, 0.4413513, 0.4217944, 0.44579136, 0.44743547, 0.4500577, 0.45187593, 0.4537875, 0.44594234, 0.4668794, 0.45645952, 0.46170104, 0.46378642, 0.47515908], "duration": [6197, 1925, 4804, 5834, 8067, 6141, 6754, 9710, 9693, 7752, 5822, 10003, 11961, 12282, 9674, 11650, 3945, 11618, 13578, 11958, 11607, 13586, 11618, 11629, 13556, 9716, 13561, 13566, 13744, 11610, 16147, 13556, 13568, 11647, 15829, 11608, 13597, 13578, 13574, 13560, 13557, 13661, 13565, 13568, 16109, 15859, 13587, 13669, 15848, 13578]}