{"avg": [0.15416667, 0.20294312, 0.14586535, 0.21362983, 0.16241384, 0.17583701, 0.21216963, 0.23313947, 0.22903441, 0.2615616, 0.19518849, 0.25271994, 0.18529312, 0.1872901, 0.2638129, 0.2892605, 0.19959366, 0.26150846, 0.28556782, 0.23802352, 0.31406257, 0.27093256, 0.22180723, 0.3083858, 0.3094775, 0.31699878, 0.29675937, 0.22168137, 0.3140396, 0.24909249, 0.2603206, 0.34708494, 0.3423984, 0.31451538, 0.40165746, 0.3570212, 0.39856595, 0.2998887, 0.29657534, 0.35266325, 0.3700903, 0.2892683, 0.3941901, 0.37749872, 0.3786479, 0.42990956, 0.41161022, 0.3692562, 0.42055365, 0.39124858], "std": [0.116393544, 0.14322762, 0.14232932, 0.12199728, 0.1332073, 0.1182918, 0.092786185, 0.16135933, 0.1407664, 0.14227475, 0.16335537, 0.11385091, 0.122174345, 0.11163014, 0.12461613, 0.16482899, 0.17932513, 0.16652027, 0.17719686, 0.18874258, 0.18066362, 0.16282919, 0.17610137, 0.14100571, 0.14454511, 0.13012166, 0.14465003, 0.1831037, 0.1692162, 0.14287896, 0.18783359, 0.15722094, 0.17769857, 0.16700013, 0.16171011, 0.16631263, 0.13946627, 0.16522598, 0.09243826, 0.13982716, 0.14896879, 0.19850986, 0.16876467, 0.14676748, 0.1585404, 0.14547786, 0.17013879, 0.18497317, 0.15147507, 0.14967853], "var": [1.0, 1.0, 1.0, 0.98, 0.96, 0.95, 0.93, 0.91, 0.89, 0.88, 0.88, 0.87, 0.86, 0.84, 0.82, 0.82, 0.81, 0.82, 0.82, 0.8, 0.78, 0.78, 0.79, 0.78, 0.77, 0.76, 0.75, 0.74, 0.74, 0.73, 0.71, 0.7, 0.7, 0.69, 0.68, 0.67, 0.67, 0.66, 0.65, 0.64, 0.62, 0.61, 0.59, 0.57, 0.57, 0.55, 0.55, 0.55, 0.54, 0.54], "best": [0.3555556, 0.5378969, 0.5326165, 0.5394799, 0.37792212, 0.3864513, 0.38337266, 0.5425881, 0.392769, 0.5499002, 0.55192745, 0.39541066, 0.39701498, 0.3967602, 0.55015475, 0.55204844, 0.5542494, 0.5527571, 0.5557831, 0.55807084, 0.559987, 0.5631614, 0.56335276, 0.5330985, 0.5637366, 0.56515765, 0.56636214, 0.5660442, 0.5662146, 0.56715065, 0.56495154, 0.5672563, 0.56798214, 0.5695062, 0.57100827, 0.5737318, 0.5753342, 0.57258093, 0.42178395, 0.5773574, 0.5778484, 0.57968396, 0.5803569, 0.58175266, 0.58257174, 0.5838833, 0.5850798, 0.58735543, 0.58853596, 0.5899784], "duration": [2024, 4032, 5790, 6102, 3898, 3998, 3954, 2262, 2026, 5850, 3966, 3820, 6021, 6678, 5886, 4005, 3946, 6143, 7690, 5894, 8561, 4012, 2186, 4039, 4062, 2162, 4011, 4061, 5847, 3924, 2077, 4038, 5947, 4128, 6002, 3977, 7844, 7705, 5864, 7844, 4076, 4089, 4097, 7772, 8198, 4121, 2277, 4131, 8264, 4042]}