{"avg": [0.20317462, 0.21529102, 0.22323297, 0.20407373, 0.23312126, 0.29231644, 0.2749247, 0.27976707, 0.29581496, 0.29320234, 0.33196148, 0.32258666, 0.35079467, 0.39464775, 0.39827996, 0.41361946, 0.3963907, 0.42774406, 0.4822972, 0.48055124, 0.4645623, 0.47488737, 0.5037889, 0.51068753, 0.5369182, 0.54272664, 0.54972565, 0.55467147, 0.55860895, 0.563322, 0.56711864, 0.57157767, 0.5754777, 0.578637, 0.5818833, 0.5849604, 0.58788127, 0.5904489, 0.5932998, 0.59600586, 0.5985781, 0.60085535, 0.6031961, 0.60542876, 0.60726213, 0.60902584, 0.6108622, 0.6127587, 0.61444896, 0.616075], "std": [0.112407416, 0.071504965, 0.08961318, 0.10922377, 0.10866901, 0.11240259, 0.08642884, 0.105704956, 0.092381775, 0.09283257, 0.10161614, 0.09802278, 0.08629277, 0.083508275, 0.08342061, 0.07789919, 0.09921432, 0.096631974, 0.05559106, 0.05022155, 0.09346279, 0.09566829, 0.07442923, 0.0735234, 5.9604645e-08, 5.9604645e-08, 1.1920929e-07, 5.9604645e-08, 0.0, 0.0, 0.0, 5.9604645e-08, 5.9604645e-08, 1.1920929e-07, 1.1920929e-07, 0.0, 5.9604645e-08, 5.9604645e-08, 5.9604645e-08, 0.0, 5.9604645e-08, 0.0, 5.9604645e-08, 0.0, 0.0, 1.1920929e-07, 0.0, 5.9604645e-08, 0.0, 5.9604645e-08], "var": [0.92, 0.88, 0.8, 0.72, 0.68, 0.68, 0.72, 0.64, 0.6, 0.6, 0.6, 0.56, 0.48, 0.48, 0.4, 0.36, 0.32, 0.28, 0.24, 0.2, 0.16, 0.08, 0.08, 0.04, 0.04, 0.04, 0.04, 0.04, 0.04, 0.04, 0.04, 0.04, 0.04, 0.04, 0.04, 0.04, 0.04, 0.04, 0.04, 0.04, 0.04, 0.04, 0.04, 0.04, 0.04, 0.04, 0.04, 0.04, 0.04, 0.04], "best": [0.42222226, 0.41258505, 0.41182268, 0.40670997, 0.41470343, 0.41904762, 0.42948937, 0.42943725, 0.46499512, 0.43642116, 0.43826532, 0.4466974, 0.452907, 0.45989978, 0.4691057, 0.47690803, 0.48479462, 0.48925227, 0.49850747, 0.5076794, 0.51433384, 0.51861614, 0.52527475, 0.5310792, 0.5369183, 0.5427267, 0.5497258, 0.5546715, 0.55860895, 0.563322, 0.56711864, 0.5715777, 0.5754778, 0.5786369, 0.5818832, 0.5849604, 0.5878813, 0.590449, 0.59329975, 0.59600586, 0.59857816, 0.60085535, 0.603196, 0.60542876, 0.60726213, 0.6090257, 0.6108622, 0.61275876, 0.61444896, 0.6160749], "duration": [5805, 8062, 5709, 3934, 6372, 11544, 6345, 3994, 12570, 3981, 4733, 8446, 5350, 4821, 4056, 6063, 4050, 5478, 4829, 3821, 4151, 3934, 4152, 4750, 4765, 4902, 4033, 3997, 4149, 4259, 6752, 4231, 4613, 4134, 4181, 4900, 4271, 4089, 4885, 5306, 4174, 5619, 4041, 4180, 4090, 4075, 4803, 4697, 3993, 4865]}