{"avg": [0.4466667, 0.4848214, 0.4661291, 0.5006945, 0.5160448, 0.44311306, 0.53817827, 0.47645557, 0.50879496, 0.50635445, 0.58314294, 0.5194806, 0.4983069, 0.51453, 0.54190356, 0.5248118, 0.5270246, 0.5564647, 0.5734471, 0.5258736, 0.53459483, 0.6158235, 0.60860795, 0.5962034, 0.6039393, 0.6013433, 0.61029655, 0.6271513, 0.6299178, 0.60414773, 0.6040828, 0.5985966, 0.64570165, 0.62043786, 0.6486694, 0.6473931, 0.62567234, 0.60688144, 0.6049982, 0.63301384, 0.6601226, 0.639079, 0.66387475, 0.63925374, 0.67204875, 0.6793092, 0.680634, 0.67829585, 0.6915172, 0.6902064], "std": [0.14696941, 0.1526432, 0.14935842, 0.14330055, 0.13744658, 0.15353483, 0.12468045, 0.15309477, 0.14635955, 0.14451785, 0.078428656, 0.13778298, 0.14947686, 0.14262421, 0.1316356, 0.14164555, 0.13520715, 0.12217071, 0.10753051, 0.14246872, 0.13988139, 0.015568254, 0.01607977, 0.08446024, 0.07660943, 0.082425535, 0.08082651, 0.021984622, 0.019552235, 0.09058704, 0.1018397, 0.1150084, 0.014769345, 0.081042245, 0.020241976, 0.024178727, 0.097682565, 0.11868253, 0.12596364, 0.09267779, 0.023357192, 0.0976111, 0.0222579, 0.10074706, 0.01570553, 0.013086125, 0.017368875, 0.02037631, 0.0052058417, 0.014726254], "var": [1.0, 1.0, 1.0, 0.98, 0.98, 0.98, 0.98, 0.98, 0.98, 0.98, 0.98, 0.98, 0.98, 0.98, 0.98, 0.94, 0.94, 0.96, 0.96, 0.96, 0.92, 0.88, 0.88, 0.88, 0.88, 0.88, 0.88, 0.88, 0.86, 0.84, 0.8, 0.8, 0.8, 0.76, 0.74, 0.76, 0.76, 0.76, 0.76, 0.74, 0.74, 0.76, 0.74, 0.7, 0.68, 0.66, 0.62, 0.58, 0.58, 0.54], "best": [0.5666667, 0.61746037, 0.61505383, 0.61111116, 0.61311483, 0.60927325, 0.612933, 0.6147481, 0.61771595, 0.62157077, 0.6226985, 0.6217894, 0.62619054, 0.6264958, 0.6273867, 0.6260304, 0.6275911, 0.62478447, 0.63194525, 0.6339473, 0.6348629, 0.6363732, 0.63982165, 0.64036614, 0.6416568, 0.6451755, 0.64645267, 0.65057796, 0.65255904, 0.6526605, 0.6562781, 0.65620685, 0.6607757, 0.664466, 0.6667583, 0.6673241, 0.6725587, 0.6747999, 0.67368686, 0.6780969, 0.6767663, 0.68002737, 0.6811228, 0.68712556, 0.68883693, 0.69139814, 0.69441855, 0.69735456, 0.699417, 0.70231754], "duration": [1153, 1338, 1116, 1114, 1113, 1149, 1144, 1178, 1119, 1126, 1123, 1124, 1116, 1126, 1135, 1120, 1137, 1312, 1135, 1127, 1127, 1156, 1160, 1115, 1328, 1308, 1125, 1130, 1325, 1136, 1123, 1303, 1125, 1305, 1128, 1139, 1120, 1128, 1137, 1134, 1145, 1129, 1135, 1132, 1128, 1134, 1177, 1125, 1130, 1514]}