{"avg": [0.1621083, 0.19400258, 0.21235625, 0.24132209, 0.27047557, 0.30041316, 0.32422817, 0.35190272, 0.3769433, 0.41087636, 0.42675334, 0.44277442, 0.4616472, 0.48110732, 0.50382984, 0.5167266, 0.5397003, 0.55824494, 0.5839885, 0.59828585, 0.6173351, 0.6309645, 0.64497405, 0.6508861, 0.6607649, 0.6680902, 0.6727652, 0.6775727, 0.68255234, 0.6861757, 0.6895815, 0.6927897, 0.69573545, 0.6989861, 0.7021123, 0.7051187, 0.70762634, 0.7103082, 0.71266735, 0.7149597, 0.7172376, 0.71925014, 0.7212142, 0.7231732, 0.7249107, 0.72653013, 0.72800404, 0.7296809, 0.7311034, 0.73250365], "std": [0.07347556, 0.075932965, 0.06650947, 0.067823164, 0.062797636, 0.06630867, 0.06179234, 0.052645538, 0.059223298, 0.046446756, 0.046070285, 0.043569505, 0.03669837, 0.02832652, 0.031564448, 0.031229362, 0.038020648, 0.04187443, 0.04245973, 0.041761804, 0.037353624, 0.03232371, 0.022775378, 0.024060177, 0.015302547, 1.7881393e-07, 1.7881393e-07, 2.9802322e-07, 0.0, 2.9802322e-07, 1.1920929e-07, 2.3841858e-07, 2.3841858e-07, 0.0, 2.3841858e-07, 3.5762787e-07, 0.0, 2.3841858e-07, 1.7881393e-07, 1.7881393e-07, 2.3841858e-07, 1.7881393e-07, 2.3841858e-07, 1.7881393e-07, 1.1920929e-07, 1.7881393e-07, 3.5762787e-07, 2.9802322e-07, 3.5762787e-07, 2.3841858e-07], "var": [0.9, 0.84, 0.74, 0.7, 0.68, 0.54, 0.58, 0.52, 0.5, 0.46, 0.46, 0.34, 0.28, 0.22, 0.16, 0.12, 0.1, 0.08, 0.08, 0.08, 0.06, 0.04, 0.04, 0.04, 0.02, 0.02, 0.02, 0.02, 0.02, 0.02, 0.02, 0.02, 0.02, 0.02, 0.02, 0.02, 0.02, 0.02, 0.02, 0.02, 0.02, 0.02, 0.02, 0.02, 0.02, 0.02, 0.02, 0.02, 0.02, 0.02], "best": [0.3777778, 0.40463984, 0.4039389, 0.40595242, 0.40791646, 0.41325635, 0.41976032, 0.4347536, 0.44444448, 0.5323413, 0.5434524, 0.55364436, 0.5620042, 0.5728517, 0.5840287, 0.59413624, 0.60490847, 0.61480725, 0.62360924, 0.63205135, 0.6389219, 0.6451824, 0.6512907, 0.6578319, 0.6633892, 0.66809005, 0.672765, 0.677573, 0.68255234, 0.6861754, 0.68958163, 0.6927899, 0.6957352, 0.6989861, 0.70211256, 0.7051191, 0.70762634, 0.71030843, 0.71266717, 0.7149595, 0.71723783, 0.7192503, 0.72121394, 0.7231734, 0.72491056, 0.7265303, 0.7280037, 0.7296806, 0.73110306, 0.7325034], "duration": [10191, 33293, 12851, 23765, 27809, 24454, 19140, 17576, 21082, 9399, 11297, 12978, 13713, 11346, 8366, 8725, 11829, 10097, 9697, 10047, 10051, 10705, 9670, 8362, 8027, 9330, 10024, 9810, 10633, 9112, 10488, 8863, 9786, 8360, 9603, 7425, 13218, 9375, 9051, 9076, 8070, 10340, 10324, 8802, 9402, 9053, 9740, 10050, 9060, 9716]}