{"avg": [0.39523813, 0.42056695, 0.44186103, 0.49107558, 0.49408144, 0.51768714, 0.5191552, 0.55379647, 0.5776784, 0.587929, 0.56817687, 0.6228303, 0.65842384, 0.6584326, 0.64386463, 0.6820067, 0.660344, 0.69078326, 0.6992003, 0.71342397, 0.71542317, 0.7253435, 0.73174626, 0.7361234, 0.74880606, 0.7548366, 0.7600211, 0.7655611, 0.77035034, 0.7748099, 0.77897286, 0.7844619, 0.7875224, 0.7906602, 0.7936277, 0.7964383, 0.7995023, 0.8023901, 0.80476195, 0.8073594, 0.80933756, 0.8119994, 0.8143657, 0.81619674, 0.81808287, 0.81963354, 0.8211265, 0.8226823, 0.8241781, 0.82539934], "std": [0.1484615, 0.1520546, 0.15797639, 0.15069374, 0.15514542, 0.14692414, 0.14770749, 0.133677, 0.12210261, 0.11547341, 0.14215602, 0.08626517, 0.007175356, 0.01805196, 0.09222644, 0.011569472, 0.09425519, 0.021167997, 0.021976199, 0.015404691, 0.026156971, 0.022524223, 0.022032296, 0.026707131, 5.9604645e-08, 5.9604645e-08, 1.1920929e-07, 0.0, 1.1920929e-07, 5.9604645e-08, 1.7881393e-07, 1.1920929e-07, 5.9604645e-08, 0.0, 5.9604645e-08, 5.9604645e-08, 5.9604645e-08, 0.0, 5.9604645e-08, 0.0, 5.9604645e-08, 5.9604645e-08, 1.1920929e-07, 5.9604645e-08, 1.7881393e-07, 0.0, 5.9604645e-08, 0.0, 0.0, 1.1920929e-07], "var": [0.92, 0.88, 0.8, 0.76, 0.72, 0.72, 0.64, 0.56, 0.48, 0.44, 0.44, 0.36, 0.32, 0.24, 0.2, 0.2, 0.16, 0.12, 0.12, 0.12, 0.08, 0.08, 0.08, 0.04, 0.04, 0.04, 0.04, 0.04, 0.04, 0.04, 0.04, 0.04, 0.04, 0.04, 0.04, 0.04, 0.04, 0.04, 0.04, 0.04, 0.04, 0.04, 0.04, 0.04, 0.04, 0.04, 0.04, 0.04, 0.04, 0.04], "best": [0.5666667, 0.6176871, 0.6167488, 0.6218615, 0.6314119, 0.6370749, 0.6363741, 0.6364118, 0.64083445, 0.6481104, 0.65244853, 0.65775734, 0.6637149, 0.6727744, 0.67927605, 0.6867299, 0.69724876, 0.7040901, 0.71018004, 0.7174014, 0.7265665, 0.73213494, 0.7376345, 0.7441759, 0.7488061, 0.75483656, 0.760021, 0.7655611, 0.7703502, 0.77480996, 0.77897304, 0.7844618, 0.78752244, 0.7906602, 0.7936276, 0.79643834, 0.79950225, 0.8023901, 0.804762, 0.8073594, 0.8093375, 0.81199944, 0.8143658, 0.8161968, 0.81808305, 0.81963354, 0.82112646, 0.8226823, 0.8241781, 0.8253992], "duration": [1208, 1379, 1179, 1195, 1386, 1381, 1187, 1199, 1183, 1181, 1117, 1301, 1136, 1191, 1384, 1167, 1396, 1172, 1186, 1185, 1183, 1170, 1191, 1171, 1362, 1371, 1179, 1385, 1390, 1187, 1762, 1195, 1151, 1138, 1150, 1344, 1149, 1186, 1181, 1212, 1594, 1377, 1456, 1174, 1175, 1213, 1195, 1184, 1219, 1197]}