{"avg": [0.40915036, 0.40695614, 0.45556977, 0.4390362, 0.49083176, 0.4488199, 0.47127977, 0.4376385, 0.47657636, 0.43694142, 0.51354986, 0.4647989, 0.54643726, 0.5057096, 0.51884466, 0.53247756, 0.5138814, 0.5004027, 0.5429848, 0.52554226, 0.51114756, 0.5389723, 0.5510416, 0.5383906, 0.5703776, 0.5463886, 0.56804526, 0.54617935, 0.55615383, 0.5516668, 0.554393, 0.5563626, 0.5596712, 0.59089327, 0.58083445, 0.5718862, 0.5984198, 0.5464534, 0.59112656, 0.5776942, 0.58405435, 0.60111564, 0.6039453, 0.6038652, 0.5651441, 0.6193942, 0.5915277, 0.58955586, 0.613912, 0.60715544], "std": [0.10590657, 0.13127272, 0.108460106, 0.10628318, 0.07430999, 0.12338814, 0.10411319, 0.13142703, 0.13320477, 0.12467668, 0.062986605, 0.12846874, 0.007225843, 0.10262651, 0.07261268, 0.05852488, 0.072120205, 0.10823544, 0.04415607, 0.099423006, 0.11039976, 0.06245923, 0.05612584, 0.06965975, 0.014811119, 0.07210785, 0.019532401, 0.076124616, 0.060637623, 0.082047746, 0.06842682, 0.09850484, 0.07853802, 0.02181146, 0.07442181, 0.06663291, 0.02307338, 0.119435236, 0.020138778, 0.066859946, 0.06988915, 0.025080347, 0.02796496, 0.02010322, 0.11865884, 0.016619163, 0.07194902, 0.0734952, 0.021961818, 0.026889574], "var": [1.0, 0.98, 0.98, 0.96, 0.96, 0.96, 0.96, 0.94, 0.92, 0.9, 0.88, 0.88, 0.88, 0.88, 0.86, 0.82, 0.8, 0.78, 0.78, 0.78, 0.76, 0.74, 0.74, 0.74, 0.76, 0.72, 0.68, 0.68, 0.64, 0.66, 0.64, 0.64, 0.66, 0.66, 0.66, 0.66, 0.66, 0.66, 0.64, 0.64, 0.66, 0.64, 0.64, 0.62, 0.62, 0.62, 0.64, 0.62, 0.6, 0.6], "best": [0.51111114, 0.55732965, 0.5526078, 0.5507937, 0.5535219, 0.5554149, 0.5537699, 0.55447847, 0.556254, 0.55804, 0.55780256, 0.5549263, 0.5601536, 0.5638492, 0.56695926, 0.56935763, 0.57163894, 0.57158554, 0.5731706, 0.57585347, 0.5789837, 0.581434, 0.58373725, 0.58726114, 0.5890391, 0.59269106, 0.5953285, 0.59809226, 0.60049266, 0.6025312, 0.60512036, 0.60644805, 0.6084529, 0.61143476, 0.6148238, 0.6179914, 0.61940193, 0.6225116, 0.6237129, 0.6246491, 0.6262097, 0.62772536, 0.62971985, 0.63109386, 0.6330778, 0.63489324, 0.6373993, 0.63858926, 0.64009553, 0.6423316], "duration": [31198, 29513, 26958, 26640, 31492, 25070, 26964, 24749, 27083, 25107, 27034, 26962, 27102, 26965, 27054, 27011, 26960, 27015, 27063, 27029, 26972, 31512, 27018, 27019, 27015, 27012, 26942, 26977, 27034, 26944, 31513, 31496, 31493, 27002, 27004, 26994, 27015, 27105, 26988, 27010, 27055, 31491, 27053, 27072, 36033, 31533, 27022, 27001, 27096, 33438]}