{"avg": [0.37380958, 0.3679209, 0.4324339, 0.45312178, 0.42599213, 0.3747787, 0.45586613, 0.43663073, 0.49852207, 0.4822028, 0.418558, 0.51609975, 0.4380988, 0.4837467, 0.44256657, 0.5849567, 0.53390956, 0.55429304, 0.5339037, 0.57014686, 0.5296904, 0.57922506, 0.5566523, 0.57212484, 0.5762577, 0.58422273, 0.60021055, 0.6220464, 0.6259577, 0.581582, 0.6119078, 0.6333641, 0.5690512, 0.64165443, 0.6298699, 0.62762505, 0.656671, 0.66098624, 0.65020424, 0.6599668, 0.67823046, 0.6746558, 0.68813735, 0.6816495, 0.6943522, 0.6995753, 0.6975636, 0.70689124, 0.7001914, 0.7175293], "std": [0.14374724, 0.12594557, 0.14754164, 0.15047306, 0.1470627, 0.13104214, 0.14825274, 0.14803332, 0.1399662, 0.14295794, 0.14927812, 0.13693367, 0.15020238, 0.15021971, 0.15364923, 0.0762165, 0.12344137, 0.11731245, 0.13009009, 0.10917542, 0.13520253, 0.09947702, 0.12700315, 0.11042363, 0.11005027, 0.11110831, 0.08198174, 0.022714661, 0.023240462, 0.12357115, 0.09020021, 0.02288175, 0.13635843, 0.022350753, 0.087979734, 0.0927527, 0.026700625, 0.025009746, 0.03555868, 0.033614796, 0.01625804, 0.032485817, 0.016133491, 0.034065194, 0.027678795, 0.021320833, 0.03445964, 0.013876256, 0.03701948, 0.009067499], "var": [1.0, 0.96, 0.92, 0.9, 0.88, 0.88, 0.84, 0.86, 0.86, 0.84, 0.8, 0.78, 0.78, 0.76, 0.74, 0.7, 0.68, 0.66, 0.66, 0.64, 0.62, 0.58, 0.54, 0.5, 0.46, 0.44, 0.42, 0.38, 0.38, 0.38, 0.38, 0.36, 0.34, 0.32, 0.28, 0.26, 0.26, 0.24, 0.24, 0.24, 0.24, 0.24, 0.22, 0.18, 0.18, 0.16, 0.14, 0.14, 0.14, 0.12], "best": [0.5666667, 0.5921769, 0.6007937, 0.6031747, 0.59841275, 0.5951755, 0.5988488, 0.6012579, 0.60228264, 0.6046935, 0.6077498, 0.6096089, 0.61232346, 0.6140441, 0.6170935, 0.61875653, 0.6097182, 0.61980146, 0.62325746, 0.6241184, 0.6264998, 0.6278072, 0.6327189, 0.635761, 0.6381593, 0.6404885, 0.64376706, 0.6458803, 0.64832294, 0.6513287, 0.65343463, 0.65664166, 0.6600213, 0.6616236, 0.6649946, 0.669224, 0.6725011, 0.67693144, 0.68068475, 0.68290627, 0.68571436, 0.690228, 0.6943823, 0.6986722, 0.70202893, 0.7055271, 0.70972395, 0.7135572, 0.7170678, 0.71987045], "duration": [1172, 1130, 1138, 1138, 1301, 1319, 1360, 1371, 1342, 1342, 1298, 1375, 1332, 1298, 1489, 1536, 1342, 1556, 1486, 1353, 1293, 1236, 1279, 1355, 1360, 1370, 1312, 1361, 1343, 1397, 1289, 1569, 1333, 1295, 1538, 1343, 1588, 1331, 1352, 1346, 1304, 1303, 1316, 1257, 1284, 1315, 1332, 1572, 1334, 1623]}