{"avg": [0.12539685, 0.19078091, 0.12124184, 0.1364573, 0.2143085, 0.18031563, 0.12301967, 0.21962844, 0.2227608, 0.22305205, 0.23043108, 0.22134441, 0.21786153, 0.23623122, 0.24084309, 0.24792261, 0.25849012, 0.32962555, 0.27761018, 0.31293494, 0.29086816, 0.2985126, 0.3312264, 0.3185086, 0.36008328, 0.4117027, 0.38542977, 0.36901894, 0.422288, 0.41010526, 0.38696268, 0.4239982, 0.38752863, 0.41332737, 0.34643182, 0.35926035, 0.4027024, 0.4457311, 0.44088462, 0.44084033, 0.46137303, 0.48894787, 0.39946023, 0.46173784, 0.41059935, 0.44015676, 0.49973533, 0.48556694, 0.521615, 0.490693], "std": [0.11098634, 0.11825902, 0.15382802, 0.115327366, 0.14689209, 0.1541521, 0.1270524, 0.12942791, 0.13081664, 0.16556895, 0.16133699, 0.15193173, 0.15316546, 0.15806754, 0.14721937, 0.13930595, 0.13450566, 0.13857713, 0.14072359, 0.14374152, 0.16350658, 0.15011734, 0.104058966, 0.12824129, 0.12176079, 0.058879115, 0.08641682, 0.1246766, 0.047049534, 0.11139804, 0.12790741, 0.079069875, 0.1296652, 0.088677295, 0.17306152, 0.16670772, 0.12752433, 0.073403046, 0.12426825, 0.1210627, 0.08951502, 0.038802385, 0.14570661, 0.13180436, 0.16105466, 0.14088982, 0.041212805, 0.06108797, 0.0, 0.09326902], "var": [0.96, 0.92, 0.92, 0.9, 0.88, 0.86, 0.84, 0.8, 0.76, 0.74, 0.7, 0.68, 0.66, 0.62, 0.6, 0.58, 0.58, 0.54, 0.52, 0.48, 0.44, 0.42, 0.4, 0.38, 0.38, 0.36, 0.36, 0.32, 0.3, 0.3, 0.28, 0.28, 0.26, 0.26, 0.24, 0.2, 0.18, 0.16, 0.16, 0.16, 0.16, 0.16, 0.16, 0.16, 0.14, 0.14, 0.12, 0.12, 0.12, 0.12], "best": [0.3555556, 0.3963719, 0.40396827, 0.3976022, 0.53999484, 0.3812204, 0.4019215, 0.40295002, 0.40773815, 0.5422057, 0.41220048, 0.41599515, 0.41494858, 0.4156178, 0.41631478, 0.41664582, 0.4177739, 0.5365754, 0.4195111, 0.42245293, 0.42479837, 0.4293577, 0.43095243, 0.43336052, 0.43355456, 0.438141, 0.44319618, 0.4470645, 0.45162424, 0.45639908, 0.46084318, 0.46456248, 0.4689159, 0.47213376, 0.47592092, 0.47916156, 0.48122174, 0.48312452, 0.48673183, 0.49087304, 0.49555713, 0.49931833, 0.50372016, 0.50591636, 0.5100545, 0.5122874, 0.51463133, 0.51793194, 0.521615, 0.52448386], "duration": [5668, 3820, 7670, 1885, 3850, 5768, 1841, 3861, 9556, 6469, 1962, 3879, 1956, 5700, 4244, 4233, 3850, 6095, 5798, 2362, 1922, 5774, 3854, 3830, 2289, 2248, 3913, 2018, 3884, 4281, 3958, 2059, 1947, 3862, 1972, 3891, 7625, 1975, 2011, 1999, 1999, 1945, 2060, 2278, 2042, 1933, 1988, 2079, 1984, 3898]}