{"avg": [0.4466667, 0.43357757, 0.4739343, 0.46234086, 0.40113, 0.4606024, 0.40573543, 0.45462868, 0.46857363, 0.41367337, 0.46488285, 0.49461982, 0.5080454, 0.5382493, 0.4902604, 0.54839087, 0.48505956, 0.5301342, 0.4980313, 0.51346505, 0.53617215, 0.55816853, 0.5849936, 0.6059835, 0.5907659, 0.59407806, 0.59118897, 0.61203426, 0.61792976, 0.5940148, 0.5968339, 0.55784076, 0.5976525, 0.55142057, 0.59952146, 0.58962137, 0.60911477, 0.6252109, 0.6079483, 0.630807, 0.61172235, 0.6399825, 0.6270631, 0.643656, 0.6426296, 0.6331303, 0.65053177, 0.6587243, 0.6411408, 0.6669183], "std": [0.14696941, 0.15636934, 0.1461196, 0.15223548, 0.14700343, 0.15083216, 0.14705266, 0.15086143, 0.1503344, 0.14896992, 0.1504662, 0.14266136, 0.1375278, 0.12255297, 0.14784569, 0.11728936, 0.14743285, 0.13203973, 0.1455572, 0.13944517, 0.128537, 0.10547356, 0.07352509, 0.010210752, 0.0801614, 0.0783193, 0.07805337, 0.01049265, 0.011599635, 0.07959938, 0.085011505, 0.13155907, 0.086434685, 0.12659207, 0.08596646, 0.11280922, 0.08297236, 0.01611204, 0.07913546, 0.015857853, 0.086868085, 0.016649332, 0.07968691, 0.021437384, 0.021080656, 0.08482546, 0.021435909, 0.015168392, 0.08450274, 0.0153287705], "var": [1.0, 0.96, 0.94, 0.92, 0.92, 0.9, 0.88, 0.84, 0.82, 0.8, 0.78, 0.74, 0.72, 0.68, 0.64, 0.6, 0.58, 0.56, 0.52, 0.5, 0.46, 0.42, 0.4, 0.38, 0.38, 0.36, 0.36, 0.36, 0.36, 0.34, 0.34, 0.32, 0.32, 0.3, 0.26, 0.24, 0.22, 0.2, 0.2, 0.2, 0.2, 0.2, 0.18, 0.16, 0.16, 0.16, 0.16, 0.16, 0.14, 0.14], "best": [0.5666667, 0.61746037, 0.6091837, 0.60542643, 0.60298634, 0.60207576, 0.60535717, 0.60620755, 0.6062243, 0.60246545, 0.6080282, 0.60168886, 0.60766494, 0.6082167, 0.6065667, 0.60978955, 0.61304766, 0.61231655, 0.6151271, 0.61500484, 0.61359894, 0.6180376, 0.6174696, 0.6196429, 0.6214855, 0.6231536, 0.6270659, 0.62852645, 0.6286151, 0.6309629, 0.6318643, 0.6344058, 0.63599586, 0.6374455, 0.63796, 0.64015996, 0.64428234, 0.64653045, 0.6473997, 0.6476507, 0.6483934, 0.64998114, 0.65294385, 0.6572942, 0.6607794, 0.6623183, 0.6658058, 0.6683176, 0.67090595, 0.67428195], "duration": [1267, 1227, 1137, 1136, 1503, 1314, 1215, 1278, 1345, 1321, 1310, 1221, 1549, 1327, 1286, 1325, 1335, 1264, 1276, 1326, 1485, 1254, 1286, 1572, 1336, 1285, 1289, 1322, 1336, 1272, 1297, 1327, 1301, 1445, 1339, 1309, 1266, 1342, 1512, 1252, 1327, 1324, 1516, 1289, 1296, 1280, 1265, 1359, 1491, 1325]}