{"avg": [0.4431373, 0.48681837, 0.4983019, 0.4940635, 0.4457614, 0.48100895, 0.5118073, 0.48891702, 0.49437162, 0.48376435, 0.5420642, 0.5460967, 0.56025565, 0.60029775, 0.5875951, 0.58453006, 0.54767615, 0.5883148, 0.5721381, 0.53098047, 0.618063, 0.6178727, 0.6153601, 0.62045985, 0.5814181, 0.63257605, 0.6280722, 0.6342468, 0.6334552, 0.6395678, 0.6513228, 0.6525599, 0.65449846, 0.6614327, 0.6348504, 0.6594, 0.67041403, 0.6709097, 0.6536108, 0.690471, 0.6891802, 0.6971464, 0.7021412, 0.70889676, 0.7067298, 0.69666064, 0.71932846, 0.7141284, 0.7217752, 0.7159721], "std": [0.14764592, 0.14516902, 0.13935679, 0.14291893, 0.1523573, 0.14885095, 0.1372251, 0.14416128, 0.14405152, 0.14865422, 0.11909671, 0.115919195, 0.1008606, 0.006905499, 0.07121088, 0.07590463, 0.12512958, 0.08139619, 0.107220784, 0.1394009, 0.0117624495, 0.012469373, 0.017182352, 0.015840383, 0.115558244, 0.016339231, 0.019669266, 0.01649784, 0.02305762, 0.02284486, 0.02071591, 0.025126591, 0.019630017, 0.02546233, 0.0966998, 0.033583216, 0.025783246, 0.025657244, 0.10280169, 0.012545746, 0.028776083, 0.019668493, 0.023571819, 0.010926895, 0.02519982, 0.041279644, 0.012419654, 0.02957701, 0.026149485, 0.04037619], "var": [1.0, 1.0, 0.96, 0.94, 0.92, 0.9, 0.86, 0.84, 0.84, 0.82, 0.8, 0.78, 0.76, 0.74, 0.72, 0.7, 0.68, 0.64, 0.62, 0.6, 0.6, 0.56, 0.56, 0.54, 0.5, 0.48, 0.48, 0.46, 0.42, 0.38, 0.36, 0.36, 0.34, 0.32, 0.32, 0.3, 0.28, 0.26, 0.22, 0.22, 0.2, 0.18, 0.18, 0.16, 0.14, 0.14, 0.14, 0.14, 0.14, 0.12], "best": [0.5666667, 0.61288524, 0.60168076, 0.6014286, 0.6051283, 0.60464144, 0.6070176, 0.6031185, 0.60734916, 0.60344833, 0.6063, 0.6090396, 0.60999024, 0.6119048, 0.6174463, 0.6190477, 0.62131006, 0.6228813, 0.6259459, 0.6299784, 0.6311876, 0.6336003, 0.63634163, 0.63939285, 0.64199024, 0.64522606, 0.650262, 0.65312994, 0.6557901, 0.65903306, 0.66261256, 0.66817564, 0.6729084, 0.67591316, 0.6801333, 0.68304455, 0.68592805, 0.689752, 0.6930154, 0.6965512, 0.7008027, 0.70485973, 0.7086788, 0.71225727, 0.7164068, 0.7199534, 0.72253525, 0.7262168, 0.72902775, 0.7318197], "duration": [1468, 1241, 1223, 1263, 1260, 1240, 1240, 1232, 1459, 1228, 1839, 1222, 1213, 1278, 1424, 1237, 1293, 1240, 1282, 1250, 1291, 1240, 1285, 1266, 1236, 1253, 1223, 1250, 1251, 1241, 1459, 1244, 1239, 1243, 1239, 1264, 1246, 1251, 1265, 1260, 1252, 1278, 1254, 1244, 1259, 1550, 1236, 1243, 1239, 1241]}