{"avg": [0.16319445, 0.21477073, 0.19411474, 0.17997025, 0.19106944, 0.19364081, 0.18434212, 0.21327302, 0.19846094, 0.1962496, 0.22512402, 0.25067797, 0.2258382, 0.24259083, 0.21596879, 0.22471659, 0.29626226, 0.2881729, 0.2720495, 0.2775318, 0.26617992, 0.26169834, 0.2847403, 0.286419, 0.30228686, 0.31185517, 0.3218053, 0.3705532, 0.2847693, 0.2900706, 0.29614785, 0.30640382, 0.35079774, 0.36920443, 0.34455112, 0.3548443, 0.34420496, 0.37054935, 0.34096488, 0.3683358, 0.39208555, 0.43295458, 0.3904439, 0.38881013, 0.39665687, 0.3906128, 0.41790023, 0.4380097, 0.4535307, 0.42972586], "std": [0.090328515, 0.08511844, 0.11442258, 0.09365685, 0.07460309, 0.09988773, 0.08491434, 0.0681282, 0.082939684, 0.07657921, 0.11270833, 0.06755133, 0.088152416, 0.07702835, 0.0870972, 0.092724495, 0.072992474, 0.08440897, 0.10511037, 0.10000802, 0.07736581, 0.075806424, 0.0889113, 0.08373587, 0.1026165, 0.10703348, 0.10812723, 0.07205733, 0.10741539, 0.11487675, 0.12074153, 0.0951602, 0.09422234, 0.076180965, 0.09151021, 0.08553266, 0.12001052, 0.10229088, 0.115613356, 0.10987897, 0.07888512, 0.067072175, 0.094926484, 0.11573864, 0.10062779, 0.106370814, 0.10891955, 0.07857722, 0.056942843, 0.08384412], "var": [0.98, 0.94, 0.9, 0.86, 0.86, 0.86, 0.84, 0.82, 0.78, 0.74, 0.72, 0.7, 0.66, 0.66, 0.64, 0.62, 0.62, 0.6, 0.58, 0.58, 0.56, 0.54, 0.54, 0.52, 0.52, 0.48, 0.48, 0.48, 0.46, 0.46, 0.42, 0.38, 0.36, 0.36, 0.36, 0.34, 0.32, 0.3, 0.28, 0.28, 0.26, 0.26, 0.24, 0.22, 0.22, 0.2, 0.2, 0.2, 0.2, 0.18], "best": [0.3777778, 0.4164683, 0.4169935, 0.37936512, 0.41746035, 0.4171769, 0.3200063, 0.41725686, 0.38220805, 0.31477907, 0.41378248, 0.4162699, 0.41701493, 0.417086, 0.38452736, 0.41635895, 0.4176428, 0.41918567, 0.4215096, 0.42348903, 0.42539686, 0.42491516, 0.42480654, 0.42539686, 0.42551774, 0.4270892, 0.42988923, 0.43308085, 0.4368045, 0.43740252, 0.4388141, 0.44159862, 0.44196793, 0.44506943, 0.4476276, 0.44912314, 0.45094755, 0.45280552, 0.45593768, 0.45755666, 0.46011907, 0.46204627, 0.4670197, 0.4697024, 0.47284967, 0.47519225, 0.47722322, 0.48023376, 0.48326808, 0.486033], "duration": [4207, 2335, 4534, 7819, 10330, 6209, 1949, 7941, 9964, 2030, 5817, 5955, 7747, 8080, 4563, 3928, 3904, 8458, 4003, 7807, 3911, 2329, 5814, 1957, 3883, 3907, 4589, 3930, 3876, 4023, 4187, 5861, 1993, 7948, 1955, 2038, 3920, 2078, 1982, 2035, 3933, 1945, 2323, 4223, 2400, 2033, 2055, 2057, 2356, 3889]}