{"avg": [0.15555556, 0.19027069, 0.21522819, 0.19036621, 0.21926269, 0.21860573, 0.2097389, 0.25362143, 0.21789263, 0.24332477, 0.25447693, 0.24165228, 0.2569944, 0.29652628, 0.2714624, 0.2560597, 0.27423716, 0.2899702, 0.29594037, 0.29124954, 0.31800464, 0.30338404, 0.31144804, 0.3239641, 0.33728194, 0.35556918, 0.330721, 0.31140366, 0.36428878, 0.3896814, 0.37462547, 0.3817131, 0.38841894, 0.38882023, 0.3935143, 0.3910067, 0.4294905, 0.4145724, 0.424983, 0.38214257, 0.42277217, 0.44929397, 0.43001926, 0.4245695, 0.45645693, 0.44245943, 0.44261223, 0.46162912, 0.4450285, 0.44620726], "std": [0.07071068, 0.060164977, 0.07646653, 0.065701425, 0.11243983, 0.10197265, 0.06939362, 0.076586105, 0.08700016, 0.08723504, 0.07654568, 0.06421643, 0.08013587, 0.06251617, 0.09472622, 0.05848147, 0.078824006, 0.08619239, 0.07275002, 0.06563244, 0.078399606, 0.062613994, 0.061012886, 0.08328916, 0.06498789, 0.065831915, 0.0884102, 0.08062458, 0.062721655, 0.05180304, 0.0662991, 0.065976985, 0.07252677, 0.0948222, 0.072977856, 0.08734608, 0.0516139, 0.08990487, 0.06948793, 0.119530775, 0.061849564, 0.041673623, 0.07728644, 0.09965075, 0.06618951, 0.09423819, 0.09574229, 0.0530462, 0.08470364, 0.0747947], "var": [0.98, 0.96, 0.94, 0.9, 0.86, 0.82, 0.8, 0.8, 0.78, 0.78, 0.74, 0.7, 0.66, 0.64, 0.62, 0.62, 0.62, 0.58, 0.56, 0.56, 0.54, 0.52, 0.5, 0.48, 0.46, 0.46, 0.46, 0.44, 0.42, 0.44, 0.4, 0.38, 0.34, 0.36, 0.38, 0.38, 0.36, 0.38, 0.38, 0.36, 0.36, 0.32, 0.3, 0.3, 0.3, 0.3, 0.28, 0.3, 0.3, 0.28], "best": [0.2777778, 0.3015873, 0.39523813, 0.31349206, 0.40197137, 0.40560713, 0.3151562, 0.40643743, 0.40855598, 0.40800408, 0.40962693, 0.32233363, 0.41003588, 0.41212988, 0.41409558, 0.3286668, 0.41570026, 0.4166487, 0.4194867, 0.4207783, 0.42096543, 0.42247415, 0.42281184, 0.4231075, 0.42451966, 0.42629647, 0.42476118, 0.42930007, 0.4303415, 0.43340224, 0.43707794, 0.43978882, 0.44292593, 0.44667634, 0.44990796, 0.45207036, 0.4545251, 0.45945656, 0.46228984, 0.4655395, 0.4675791, 0.47071528, 0.47468615, 0.47813773, 0.48120046, 0.48425746, 0.48772275, 0.4906432, 0.49294007, 0.495638], "duration": [3934, 6095, 7743, 4185, 1930, 6123, 1937, 2016, 2953, 5800, 4489, 7740, 3938, 3861, 1978, 5808, 2305, 5049, 4251, 1981, 3871, 3914, 3899, 6109, 3974, 1924, 3869, 2009, 8473, 2240, 2019, 1926, 2255, 2609, 1930, 2000, 3856, 3872, 1932, 5816, 1932, 1943, 3881, 6118, 1924, 1935, 1959, 1929, 1938, 5812]}