{"avg": [0.40000007, 0.42822915, 0.45705783, 0.42279804, 0.42923397, 0.39470792, 0.4237965, 0.4129111, 0.45741522, 0.46636474, 0.44135806, 0.39582503, 0.45610917, 0.5022347, 0.49047074, 0.45911703, 0.39579833, 0.42076308, 0.43077964, 0.41344544, 0.4503768, 0.4043151, 0.4410265, 0.44145235, 0.44982114, 0.4509654, 0.5241663, 0.52540374, 0.49064124, 0.46151945, 0.50903845, 0.4493602, 0.5368967, 0.5579983, 0.474745, 0.5565407, 0.46960068, 0.54455066, 0.48740786, 0.5602011, 0.49153906, 0.5545424, 0.5421155, 0.5224671, 0.55126375, 0.5100413, 0.56358856, 0.5070272, 0.49517828, 0.48946413], "std": [0.14907122, 0.14721067, 0.14781386, 0.14893082, 0.1500889, 0.14337698, 0.14928015, 0.14808825, 0.14954379, 0.1483226, 0.15022528, 0.14310446, 0.15105517, 0.13663864, 0.14384, 0.15008557, 0.14534129, 0.15004395, 0.15081297, 0.14868525, 0.15057413, 0.14699185, 0.15071413, 0.1518688, 0.15036692, 0.15020591, 0.12563328, 0.12633377, 0.14310141, 0.1508528, 0.13536932, 0.1502686, 0.117473744, 0.09516524, 0.14812985, 0.10068639, 0.1498152, 0.11367184, 0.14591777, 0.09813999, 0.14247876, 0.09964707, 0.11466803, 0.129632, 0.104547046, 0.1386999, 0.09800815, 0.1417679, 0.14509591, 0.14749104], "var": [0.9866667, 0.9866667, 0.98, 0.98, 0.98, 0.97333336, 0.96, 0.96, 0.9533333, 0.94666666, 0.94666666, 0.94, 0.93333334, 0.92, 0.9066667, 0.9066667, 0.8933333, 0.88, 0.88, 0.8666667, 0.86, 0.86, 0.85333335, 0.8466667, 0.84, 0.8466667, 0.8333333, 0.8333333, 0.8333333, 0.82666665, 0.81333333, 0.8, 0.8, 0.8, 0.8, 0.79333335, 0.78, 0.78, 0.76666665, 0.76666665, 0.75333333, 0.74666667, 0.74666667, 0.74666667, 0.74, 0.73333335, 0.72, 0.72, 0.7133333, 0.7133333], "best": [0.5666667, 0.591799, 0.5925171, 0.5970122, 0.5963424, 0.59161, 0.59542674, 0.5936775, 0.59677875, 0.59666055, 0.59771657, 0.59236586, 0.5953306, 0.5956846, 0.5952184, 0.5958081, 0.5965369, 0.5934932, 0.59681517, 0.5951649, 0.59604573, 0.5982359, 0.5988572, 0.59883684, 0.60020864, 0.5988207, 0.6002676, 0.5994755, 0.5994853, 0.60001916, 0.6004161, 0.60119724, 0.6014286, 0.6021286, 0.6021364, 0.6023415, 0.60319006, 0.60386205, 0.6048057, 0.60543716, 0.5988286, 0.6004391, 0.60117567, 0.6062525, 0.6061811, 0.606855, 0.6069947, 0.6083112, 0.6093327, 0.609864], "duration": [1209, 1184, 1184, 1163, 1211, 1184, 1213, 1178, 1192, 1096, 1113, 1103, 1135, 1190, 1176, 1198, 1204, 1173, 1198, 1201, 1182, 1185, 1182, 1192, 1211, 1183, 1207, 1192, 1202, 1185, 1211, 1223, 1206, 1201, 1187, 1190, 1210, 1176, 1178, 1101, 1100, 1093, 1116, 1173, 1194, 1184, 1233, 1211, 1323, 1162]}