{"avg": [0.4466667, 0.46746033, 0.46514156, 0.48022488, 0.49292225, 0.43631703, 0.5153363, 0.45693687, 0.51592386, 0.50855345, 0.54020226, 0.5322023, 0.5630889, 0.5508684, 0.5597836, 0.56416076, 0.56333333, 0.5837737, 0.5732569, 0.566003, 0.5525519, 0.57527065, 0.5754654, 0.6171304, 0.5990952, 0.60204595, 0.6031469, 0.623107, 0.62403214, 0.5869078, 0.6293174, 0.6073512, 0.6302005, 0.6318801, 0.63553965, 0.63319796, 0.64121574, 0.64980805, 0.6239952, 0.6194665, 0.657856, 0.6543415, 0.6596828, 0.64351237, 0.66790307, 0.67169654, 0.6728045, 0.6510044, 0.6812417, 0.66170853], "std": [0.14696941, 0.15352377, 0.14863583, 0.14817673, 0.14412776, 0.15215269, 0.13726269, 0.15312202, 0.13411258, 0.14067475, 0.12283636, 0.12522258, 0.10220395, 0.116159335, 0.10444016, 0.10681827, 0.10618067, 0.081227124, 0.09936506, 0.106957905, 0.12353072, 0.10619136, 0.106647216, 0.007914603, 0.07713371, 0.0774158, 0.08245461, 0.014033613, 0.015631514, 0.107951835, 0.01116258, 0.08784315, 0.01738408, 0.017331604, 0.018715907, 0.020953082, 0.012315593, 0.005758206, 0.08956324, 0.09187196, 0.006901563, 0.0155110285, 0.014281415, 0.09128109, 0.010579673, 0.01151467, 0.022801107, 0.097304896, 0.010827214, 0.096501864], "var": [0.96, 0.94, 0.94, 0.94, 0.92, 0.9, 0.88, 0.86, 0.82, 0.78, 0.76, 0.74, 0.7, 0.68, 0.66, 0.62, 0.6, 0.56, 0.54, 0.56, 0.54, 0.56, 0.52, 0.54, 0.56, 0.54, 0.54, 0.56, 0.6, 0.58, 0.56, 0.52, 0.48, 0.44, 0.4, 0.36, 0.38, 0.4, 0.38, 0.36, 0.36, 0.32, 0.28, 0.26, 0.26, 0.26, 0.26, 0.26, 0.28, 0.26], "best": [0.5666667, 0.61746037, 0.61198163, 0.60423285, 0.6053084, 0.60896, 0.60324013, 0.6089711, 0.6028572, 0.60425174, 0.6082196, 0.6087487, 0.61070156, 0.61133903, 0.60941565, 0.61306995, 0.6124762, 0.6136568, 0.6156463, 0.6173219, 0.61869776, 0.61969703, 0.62226814, 0.6248093, 0.6280172, 0.62971675, 0.63139164, 0.63486123, 0.637395, 0.6384079, 0.6400543, 0.6431488, 0.64607906, 0.6483777, 0.650311, 0.65321934, 0.65480006, 0.6568293, 0.659201, 0.6610784, 0.6624049, 0.667428, 0.66985345, 0.6729212, 0.6759962, 0.67911, 0.6827753, 0.6860051, 0.68862724, 0.69158137], "duration": [1150, 1308, 1111, 1129, 1123, 1675, 1121, 1149, 1123, 1306, 1125, 1133, 1118, 1121, 1129, 1155, 1119, 1121, 1318, 1307, 1125, 1128, 1139, 1130, 1127, 1327, 1131, 1321, 1125, 1130, 1133, 1138, 1135, 1131, 1320, 1131, 1130, 1131, 1132, 1134, 1507, 1136, 1334, 1121, 1127, 1322, 1323, 1123, 1312, 1123]}