{"avg": [0.31666672, 0.3597417, 0.38926685, 0.41413775, 0.47320488, 0.45491827, 0.39477304, 0.4401106, 0.40571693, 0.40701813, 0.41357046, 0.42225498, 0.41302785, 0.42257348, 0.406843, 0.49016175, 0.44924036, 0.46762374, 0.43032724, 0.47371054, 0.37363288, 0.5245353, 0.47177312, 0.46783304, 0.41092595, 0.45968804, 0.52566665, 0.4682076, 0.50908095, 0.4592115, 0.5234752, 0.4587871, 0.5405927, 0.54013604, 0.5271914, 0.52329624, 0.5249294, 0.46841043, 0.51036274, 0.524069, 0.43222773, 0.50140816, 0.5211941, 0.5188445, 0.53339744, 0.5136174, 0.50924563, 0.4737716, 0.53022885, 0.5245174], "std": [0.1118034, 0.12763658, 0.13987413, 0.14611247, 0.14636934, 0.14775416, 0.14293745, 0.15046297, 0.14594948, 0.14665425, 0.14765757, 0.14991714, 0.147037, 0.1494061, 0.1457375, 0.14134827, 0.15081972, 0.14864638, 0.14934058, 0.14670327, 0.13615367, 0.12490084, 0.14785726, 0.14929575, 0.1472833, 0.14994417, 0.12552427, 0.14971988, 0.1366658, 0.14882647, 0.1302067, 0.15059592, 0.11629959, 0.11647931, 0.1262774, 0.13030721, 0.12665024, 0.15052062, 0.13586017, 0.12934335, 0.15290119, 0.14203028, 0.12856053, 0.13290271, 0.121428296, 0.13879734, 0.13492586, 0.14990355, 0.12967648, 0.13056462], "var": [0.99333334, 0.99333334, 0.9866667, 0.98, 0.97333336, 0.96666664, 0.9533333, 0.94, 0.9266667, 0.9266667, 0.9266667, 0.91333336, 0.9, 0.9, 0.8933333, 0.88666666, 0.87333333, 0.8666667, 0.85333335, 0.85333335, 0.8466667, 0.8333333, 0.8333333, 0.8333333, 0.8333333, 0.8333333, 0.82, 0.82666665, 0.82, 0.8066667, 0.8066667, 0.8, 0.7866667, 0.78, 0.78, 0.76666665, 0.76, 0.75333333, 0.75333333, 0.74, 0.74666667, 0.73333335, 0.7266667, 0.7133333, 0.70666665, 0.7, 0.7, 0.6933333, 0.68, 0.6666667], "best": [0.5666667, 0.5944445, 0.5925171, 0.5949686, 0.5979592, 0.5920996, 0.59159935, 0.59473485, 0.5941912, 0.59541786, 0.59693307, 0.59293085, 0.5921609, 0.5928676, 0.5928861, 0.5957772, 0.59434634, 0.59642863, 0.59220374, 0.5969633, 0.598052, 0.5982626, 0.59919006, 0.60034275, 0.59461457, 0.6009853, 0.60219705, 0.603114, 0.6039423, 0.59654623, 0.6037494, 0.6050093, 0.6055656, 0.60623866, 0.6066313, 0.60752213, 0.5986536, 0.607483, 0.60769403, 0.6082545, 0.60026, 0.60845894, 0.60888195, 0.60894144, 0.60948646, 0.60933435, 0.59973717, 0.60993284, 0.6098968, 0.61125344], "duration": [1261, 1113, 1229, 1217, 1141, 1255, 1246, 1155, 1194, 1140, 1250, 1173, 1160, 1288, 1211, 1143, 1267, 1332, 1233, 1168, 1133, 1319, 1299, 1163, 1211, 1210, 1156, 1197, 1141, 1197, 1140, 1233, 1157, 1213, 1138, 1165, 1211, 1136, 1262, 1228, 1137, 1212, 1155, 1422, 1168, 1155, 1231, 1144, 1282, 1237]}