{"avg": [0.30555558, 0.39623636, 0.4539617, 0.43238983, 0.45833716, 0.4171022, 0.41824758, 0.45926103, 0.46117312, 0.4814745, 0.49155128, 0.50289977, 0.49414155, 0.49287215, 0.51719815, 0.4653109, 0.5206786, 0.4748094, 0.5083159, 0.51879185, 0.54334015, 0.5393451, 0.5493432, 0.5549808, 0.5344092, 0.54963183, 0.5514136, 0.5584682, 0.5534477, 0.5519167, 0.5540283, 0.5685549, 0.57106405, 0.57183087, 0.5827887, 0.58009344, 0.57364786, 0.57920796, 0.5847527, 0.58560604, 0.58865666, 0.59417, 0.60246444, 0.5920201, 0.6118985, 0.61850935, 0.6232293, 0.62835366, 0.61859834, 0.62878376], "std": [0.13528663, 0.12774698, 0.092882216, 0.086148374, 0.110092804, 0.1588838, 0.15295139, 0.12101243, 0.094860986, 0.09002006, 0.08775035, 0.07713056, 0.08286709, 0.08345715, 0.071664006, 0.14447291, 0.06370356, 0.13979715, 0.07066606, 0.0704885, 0.042224597, 0.043549553, 0.0075553334, 0.008677001, 0.060489703, 0.043874864, 0.04735545, 0.014874722, 0.044045545, 0.044022307, 0.048181873, 0.0123111205, 0.015692035, 0.017338647, 0.013884332, 0.019725624, 0.023619309, 0.020971792, 0.022449037, 0.02537043, 0.0230689, 0.023619482, 0.020421878, 0.03272996, 0.0207942, 0.016152412, 0.014551418, 0.01708713, 0.0304352, 0.026065595], "var": [0.96, 0.96, 0.94, 0.9, 0.9, 0.88, 0.86, 0.84, 0.8, 0.8, 0.78, 0.76, 0.72, 0.68, 0.64, 0.64, 0.66, 0.62, 0.6, 0.6, 0.58, 0.58, 0.58, 0.58, 0.54, 0.54, 0.5, 0.48, 0.5, 0.48, 0.44, 0.42, 0.42, 0.4, 0.4, 0.42, 0.4, 0.4, 0.38, 0.34, 0.34, 0.34, 0.3, 0.26, 0.22, 0.18, 0.18, 0.16, 0.14, 0.14], "best": [0.51111114, 0.5468254, 0.5520338, 0.5521446, 0.554573, 0.5446887, 0.555146, 0.5558905, 0.54722226, 0.5536532, 0.55447286, 0.5562919, 0.55663705, 0.55800503, 0.55940723, 0.5591535, 0.5570507, 0.5576053, 0.55837876, 0.55889785, 0.5611032, 0.56434566, 0.5648792, 0.5646997, 0.56598514, 0.5690245, 0.5721457, 0.57601976, 0.57805794, 0.58027214, 0.5820708, 0.5834477, 0.58570457, 0.5886689, 0.59160566, 0.5965322, 0.5994661, 0.6012081, 0.6033987, 0.6058682, 0.60915035, 0.611073, 0.61421156, 0.6180731, 0.62001044, 0.62466425, 0.62935054, 0.63348025, 0.63795626, 0.6403179], "duration": [30428, 29513, 27470, 29990, 27469, 27504, 26918, 27430, 27030, 32224, 32228, 27517, 27638, 27510, 27825, 27774, 28592, 27591, 29591, 27506, 32296, 27609, 27505, 27590, 32480, 27594, 27625, 27765, 27751, 27710, 27496, 27601, 32455, 27552, 27663, 27727, 27504, 27544, 27595, 32040, 27475, 27606, 27762, 27822, 32093, 27511, 37081, 32123, 32287, 27622]}