{"avg": [0.4466667, 0.46746033, 0.46514156, 0.48022488, 0.49292228, 0.43676457, 0.5154673, 0.45575947, 0.5157969, 0.50844336, 0.56049544, 0.5761351, 0.54698884, 0.5520454, 0.5589104, 0.5427716, 0.5635954, 0.5388386, 0.5679046, 0.5898105, 0.5697718, 0.5926577, 0.5898029, 0.58226, 0.6175352, 0.5984295, 0.59980184, 0.6218116, 0.6233484, 0.62635225, 0.6240616, 0.6181019, 0.62650424, 0.6343707, 0.6325442, 0.6350697, 0.6146863, 0.64004356, 0.62067, 0.62382656, 0.64081806, 0.6389122, 0.64989305, 0.6471421, 0.6566639, 0.65329933, 0.66229326, 0.65861803, 0.6685666, 0.6719818, 0.66606545, 0.675917, 0.649757, 0.68058145, 0.6764421, 0.6848014, 0.6793766, 0.6813748, 0.67852104, 0.6948185, 0.69990605, 0.68816316, 0.7001185, 0.70604753, 0.70839477, 0.7085548, 0.7136545, 0.71450734, 0.71621543, 0.7182652, 0.72556657, 0.7315035, 0.7332913, 0.73118365, 0.7317732], "std": [0.14696941, 0.15352377, 0.14863583, 0.14817673, 0.14401177, 0.15273224, 0.13720766, 0.15212938, 0.13404752, 0.14020874, 0.10506158, 0.08507794, 0.11739892, 0.11518706, 0.10791044, 0.12105965, 0.10620237, 0.12894212, 0.10516791, 0.08019812, 0.10491566, 0.07585029, 0.082819395, 0.09820967, 0.010117808, 0.079433896, 0.0795274, 0.010317273, 0.012174588, 0.010594714, 0.012907423, 0.011246796, 0.012349472, 0.0094262585, 0.011347259, 0.0155395875, 0.086857386, 0.00878931, 0.087633215, 0.085528985, 0.0148649085, 0.017853964, 0.01103571, 0.017795175, 0.0139016565, 0.016223118, 0.010761955, 0.01946037, 0.013439956, 0.013366154, 0.02512687, 0.015660027, 0.09922382, 0.014074963, 0.016992722, 0.014735479, 0.027724905, 0.02540449, 0.03752882, 0.01772691, 0.018326845, 0.032014485, 0.0147706345, 0.012256073, 0.010470868, 0.01510831, 0.019645292, 0.022697289, 0.02350357, 0.025079107, 0.009863432, 0.0, 5.9604645e-08, 0.012253689, 0.014629651], "var": [0.98, 0.98, 0.98, 0.98, 0.98, 0.96, 0.94, 0.92, 0.88, 0.88, 0.86, 0.86, 0.84, 0.82, 0.8, 0.8, 0.78, 0.74, 0.72, 0.7, 0.68, 0.64, 0.64, 0.62, 0.6, 0.62, 0.58, 0.56, 0.54, 0.54, 0.56, 0.54, 0.52, 0.52, 0.48, 0.44, 0.42, 0.44, 0.44, 0.46, 0.48, 0.44, 0.44, 0.44, 0.42, 0.42, 0.4, 0.4, 0.4, 0.38, 0.34, 0.34, 0.3, 0.32, 0.32, 0.32, 0.3, 0.3, 0.28, 0.28, 0.26, 0.22, 0.22, 0.2, 0.2, 0.18, 0.18, 0.18, 0.16, 0.14, 0.14, 0.14, 0.14, 0.14, 0.14], "best": [0.5666667, 0.61746037, 0.61198163, 0.60423285, 0.6029665, 0.61083966, 0.60594016, 0.60535717, 0.60495245, 0.60680276, 0.61064607, 0.6104098, 0.61389756, 0.6158257, 0.61700374, 0.6139792, 0.61925805, 0.6173521, 0.6204274, 0.62200993, 0.6252048, 0.62647915, 0.62807745, 0.6277033, 0.6304289, 0.6314982, 0.6337139, 0.6346543, 0.6368619, 0.63881993, 0.64179677, 0.6337883, 0.64308304, 0.6446303, 0.64785767, 0.64883965, 0.65043944, 0.65260935, 0.65441954, 0.65697205, 0.65970933, 0.6629046, 0.6620855, 0.66619194, 0.6665287, 0.6700546, 0.6732834, 0.67512876, 0.6767344, 0.6799864, 0.68264705, 0.6852084, 0.68813616, 0.69010335, 0.6925614, 0.6944177, 0.6972114, 0.6994455, 0.70154375, 0.7032107, 0.7058004, 0.70880234, 0.7104311, 0.7124245, 0.7148994, 0.7170932, 0.719504, 0.7223792, 0.7246166, 0.7272935, 0.72942984, 0.7315035, 0.73329127, 0.73547333, 0.73765314], "duration": [1158, 1319, 1132, 1126, 1163, 1683, 1156, 1117, 1118, 1346, 1876, 1132, 1303, 1131, 1128, 1123, 1157, 1344, 1127, 1134, 1131, 1138, 3512, 1512, 1122, 1124, 1140, 1324, 1128, 1138, 1126, 1125, 1116, 1122, 1130, 1325, 1124, 1138, 1135, 1120, 1124, 1126, 1132, 1501, 1314, 1136, 1127, 1131, 1125, 1157, 1132, 1127, 1152, 1123, 1134, 1125, 1130, 1128, 1143, 1135, 1124, 1132, 1128, 1328, 1127, 1133, 1322, 1134, 1317, 1137, 1135, 1127, 1125, 1137, 1124]}