{"avg": [0.16319446, 0.1984477, 0.1966721, 0.22927196, 0.22946683, 0.22575647, 0.21819818, 0.25704148, 0.23490569, 0.2635221, 0.22266714, 0.28925574, 0.2872915, 0.28064013, 0.31646523, 0.27471754, 0.3327511, 0.3103741, 0.3296088, 0.32921705, 0.3580829, 0.3394917, 0.33430415, 0.3380994, 0.37612143, 0.3504477, 0.39678043, 0.41528627, 0.40456417, 0.35351923, 0.39680967, 0.40426835, 0.463578, 0.42433092, 0.41415432, 0.4305886, 0.4571896, 0.43554026, 0.44801158, 0.45275483, 0.4366795, 0.44902214, 0.49315295, 0.48202568, 0.48185694, 0.46723583, 0.50498706, 0.49271882, 0.49550304, 0.5178957], "std": [0.09507297, 0.12313152, 0.086562745, 0.11157294, 0.0849795, 0.09602279, 0.10752673, 0.09457638, 0.103194155, 0.07501187, 0.11097934, 0.09839094, 0.10196304, 0.10717841, 0.098368384, 0.100513615, 0.09832638, 0.1006843, 0.09439202, 0.09255848, 0.099246345, 0.109659985, 0.118786424, 0.103559315, 0.14300732, 0.115482256, 0.089641325, 0.073598646, 0.08435524, 0.117550105, 0.11065804, 0.096778, 0.057462372, 0.070601456, 0.09658412, 0.082264416, 0.082848586, 0.07663544, 0.068330035, 0.07190691, 0.10777555, 0.06947968, 0.038662106, 0.034310095, 0.02665731, 0.11798515, 0.06816547, 0.040419575, 0.042006627, 0.04155858], "var": [0.96, 0.96, 0.94, 0.94, 0.9, 0.9, 0.88, 0.86, 0.86, 0.84, 0.84, 0.86, 0.82, 0.82, 0.78, 0.78, 0.8, 0.78, 0.76, 0.74, 0.7, 0.66, 0.66, 0.62, 0.6, 0.6, 0.6, 0.6, 0.62, 0.62, 0.58, 0.58, 0.56, 0.56, 0.54, 0.52, 0.5, 0.48, 0.48, 0.46, 0.42, 0.38, 0.38, 0.38, 0.38, 0.36, 0.34, 0.34, 0.32, 0.32], "best": [0.3777778, 0.41279763, 0.40851372, 0.40845484, 0.39865693, 0.4092262, 0.40213296, 0.4149235, 0.46488893, 0.40573442, 0.4059976, 0.41899225, 0.41732523, 0.42296505, 0.42341813, 0.41801858, 0.47371507, 0.43054372, 0.48040468, 0.43196368, 0.47877926, 0.52346534, 0.436922, 0.5259921, 0.52682376, 0.5293041, 0.44303352, 0.5324532, 0.4940331, 0.50213164, 0.5367187, 0.5032538, 0.5406927, 0.5433343, 0.54559255, 0.5478395, 0.54982877, 0.5527987, 0.55481863, 0.5569461, 0.5592593, 0.4811916, 0.56249, 0.5654691, 0.56782234, 0.569705, 0.5716025, 0.57416934, 0.5762864, 0.5779449], "duration": [5881, 5036, 3101, 11252, 8158, 3197, 9169, 3313, 7166, 5455, 6270, 3523, 5369, 5353, 2926, 4815, 4048, 3065, 7358, 9837, 5368, 5056, 3681, 6958, 3316, 5294, 5191, 3323, 3321, 3955, 3701, 3703, 3295, 2788, 2906, 2947, 3353, 9525, 3438, 5526, 3112, 3339, 3333, 3293, 2817, 2782, 3068, 4076, 3341, 3150]}