{"avg": [0.11250001, 0.18289684, 0.12599526, 0.15224797, 0.16297555, 0.18582012, 0.23974986, 0.16532949, 0.1785397, 0.22351353, 0.16898039, 0.20904693, 0.23715106, 0.19759406, 0.18963704, 0.26726043, 0.26587844, 0.29093698, 0.26795036, 0.2432487, 0.30455264, 0.28669807, 0.2110241, 0.33503792, 0.3377551, 0.3455738, 0.27728543, 0.31754988, 0.2809925, 0.3583866, 0.3279635, 0.2877125, 0.31963888, 0.3585902, 0.32795012, 0.33085823, 0.37073618, 0.37397432, 0.36104918, 0.43437627, 0.349827, 0.37759656, 0.40182212, 0.47459897, 0.47316775, 0.41447592, 0.43813694, 0.49224854, 0.45901906, 0.46981812], "std": [0.09921568, 0.14609975, 0.12643692, 0.07488152, 0.102751635, 0.13217574, 0.14189702, 0.09268967, 0.047435373, 0.10856093, 0.1619025, 0.1032191, 0.16081648, 0.017924687, 0.15385494, 0.14718746, 0.15734789, 0.1390984, 0.14283961, 0.13092306, 0.14133619, 0.17071562, 0.1065859, 0.13901247, 0.13806653, 0.17376949, 0.12932321, 0.10280261, 0.16354382, 0.14731315, 0.14141357, 0.1420622, 0.16673982, 0.13026904, 0.14424321, 0.13486238, 0.14005578, 0.14942995, 0.13448584, 0.122713186, 0.14395513, 0.12731285, 0.15232119, 0.10428474, 0.12962551, 0.15425675, 0.12330646, 0.13162164, 0.13083957, 0.14204684], "var": [0.98, 0.96, 0.94, 0.92, 0.92, 0.9, 0.88, 0.88, 0.86, 0.88, 0.86, 0.82, 0.82, 0.78, 0.78, 0.74, 0.72, 0.74, 0.72, 0.7, 0.68, 0.72, 0.7, 0.66, 0.64, 0.62, 0.62, 0.58, 0.54, 0.56, 0.56, 0.58, 0.54, 0.5, 0.5, 0.48, 0.46, 0.46, 0.46, 0.46, 0.46, 0.42, 0.4, 0.4, 0.38, 0.34, 0.34, 0.32, 0.34, 0.34], "best": [0.3555556, 0.5259921, 0.39319, 0.24204662, 0.3725624, 0.533157, 0.5324405, 0.35028863, 0.22476192, 0.5328943, 0.5341672, 0.52238935, 0.5238435, 0.23956585, 0.5343746, 0.54448515, 0.54545, 0.5475891, 0.5392886, 0.5513856, 0.55325323, 0.5353562, 0.3969786, 0.5559369, 0.55740744, 0.5467046, 0.54928845, 0.53288954, 0.55155474, 0.5621915, 0.5538566, 0.55549014, 0.5691912, 0.5569802, 0.569593, 0.5594191, 0.5605295, 0.57442653, 0.5725397, 0.5765487, 0.5680125, 0.56978726, 0.5804442, 0.58461773, 0.58643895, 0.5882135, 0.5895773, 0.59189, 0.5937201, 0.59554076], "duration": [3932, 5793, 3854, 7930, 3842, 7670, 9534, 5658, 1840, 5771, 3873, 5750, 5870, 5692, 9596, 15994, 5912, 9733, 11495, 11786, 9653, 5870, 5690, 12267, 11540, 13492, 9556, 11615, 5959, 11583, 9645, 6144, 9585, 11912, 7764, 7744, 7799, 11546, 9681, 11599, 11553, 7717, 11593, 13546, 13522, 11971, 11630, 11610, 13540, 11631]}