{"avg": [0.13456792, 0.19342153, 0.17370853, 0.18208615, 0.19603007, 0.18992648, 0.19917941, 0.21343327, 0.22841658, 0.22116667, 0.23356548, 0.25625274, 0.2332652, 0.24453403, 0.23996167, 0.2416465, 0.23876405, 0.24609, 0.24930944, 0.2533977, 0.26656753, 0.2604067, 0.28234398, 0.29582986, 0.2707826, 0.30005825, 0.3087409, 0.30960786, 0.32072243, 0.29372495, 0.29283476, 0.29796168, 0.31485564, 0.33654025, 0.3233783, 0.35155883, 0.35165304, 0.31506765, 0.33140433, 0.35053846, 0.3556819, 0.35265175, 0.36892074, 0.4037915, 0.37903666, 0.37312004, 0.39828494, 0.39716762, 0.37598574, 0.38976282], "std": [0.07218792, 0.08852976, 0.08097506, 0.08925547, 0.047925472, 0.08588717, 0.061462875, 0.049953353, 0.056806926, 0.06503328, 0.05322319, 0.062237848, 0.04343213, 0.047723114, 0.06245533, 0.05367463, 0.0540613, 0.053690832, 0.04398321, 0.045576483, 0.0370441, 0.048606478, 0.05215639, 0.04817734, 0.046549715, 0.05780365, 0.06134387, 0.050569635, 0.05238609, 0.06677231, 0.05643578, 0.05324323, 0.053041514, 0.06631758, 0.047779374, 0.055355422, 0.040384192, 0.06352, 0.06999133, 0.06976843, 0.058876477, 0.06507318, 0.05048282, 0.051996857, 0.042668592, 0.06517907, 0.054699857, 0.07054118, 0.067284435, 0.061816484], "var": [0.98, 0.96, 0.92, 0.9, 0.9, 0.88, 0.84, 0.84, 0.82, 0.8, 0.78, 0.76, 0.74, 0.74, 0.7, 0.7, 0.68, 0.68, 0.66, 0.64, 0.64, 0.6, 0.62, 0.62, 0.58, 0.58, 0.54, 0.52, 0.52, 0.52, 0.48, 0.48, 0.5, 0.5, 0.48, 0.48, 0.48, 0.5, 0.48, 0.5, 0.48, 0.48, 0.48, 0.46, 0.44, 0.44, 0.44, 0.42, 0.4, 0.38], "best": [0.24444446, 0.28544974, 0.2936508, 0.30009922, 0.27670252, 0.34576377, 0.2961698, 0.30044094, 0.32702285, 0.30542424, 0.3199181, 0.35359478, 0.32123554, 0.32354236, 0.38613856, 0.3326742, 0.36114287, 0.36558852, 0.3136856, 0.3594097, 0.3343229, 0.3634447, 0.36404222, 0.38929117, 0.36654648, 0.40520352, 0.40667436, 0.3998527, 0.39523813, 0.40994048, 0.40367484, 0.41187242, 0.41287833, 0.45873016, 0.4268655, 0.41098106, 0.4131129, 0.42960584, 0.41880715, 0.43144682, 0.42132798, 0.4275422, 0.42535585, 0.4783297, 0.43103316, 0.43310565, 0.4867006, 0.4929422, 0.4533928, 0.44103366], "duration": [6880, 5615, 5538, 3943, 5609, 6317, 5686, 5591, 3880, 7625, 9405, 4073, 6300, 4126, 8968, 5610, 5711, 6434, 4004, 5444, 4732, 7646, 5901, 4106, 3825, 3935, 4128, 4584, 4116, 5857, 4761, 6215, 4105, 4304, 4108, 4227, 4323, 4443, 4721, 4478, 4334, 4494, 4619, 4297, 4253, 4485, 4259, 5213, 4417, 4326]}