{"avg": [0.14285716, 0.17029482, 0.21846808, 0.16415688, 0.18002658, 0.21069305, 0.2281056, 0.19456492, 0.21577317, 0.21726121, 0.22646609, 0.22952999, 0.22100042, 0.23134564, 0.21530981, 0.24438699, 0.23952475, 0.25419202, 0.25979507, 0.2573999, 0.24587367, 0.26050112, 0.2664749, 0.2760847, 0.2627115, 0.275218, 0.28204617, 0.27036044, 0.28297082, 0.29066858, 0.29176804, 0.29544526, 0.3098005, 0.2876778, 0.29442206, 0.31057364, 0.3267152, 0.34146544, 0.32695746, 0.33424214, 0.3462727, 0.34462765, 0.34033388, 0.33045387, 0.35120273, 0.334288, 0.34833336, 0.350079, 0.3403149, 0.37152988], "std": [0.068346195, 0.07891584, 0.047898132, 0.065960184, 0.060926024, 0.054998998, 0.04675761, 0.061336152, 0.04607222, 0.02662257, 0.047003772, 0.04117012, 0.04406185, 0.012651276, 0.049486883, 0.04117978, 0.043059107, 0.039093375, 0.062432867, 0.05190147, 0.047999337, 0.034791064, 0.038205557, 0.04367914, 0.03620591, 0.031344756, 0.04372183, 0.043438498, 0.05466252, 0.040787082, 0.043101598, 0.05156413, 0.05342378, 0.05240779, 0.056353886, 0.04887562, 0.023505738, 0.039590586, 0.048695154, 0.04701546, 0.04424236, 0.042302724, 0.039206248, 0.04307655, 0.042131323, 0.049360216, 0.033798125, 0.05378412, 0.04775496, 0.04910365], "var": [1.0, 1.0, 1.0, 1.0, 0.98, 0.98, 0.98, 0.98, 0.98, 0.98, 0.96, 0.96, 0.96, 0.96, 0.94, 0.9, 0.9, 0.9, 0.9, 0.88, 0.86, 0.82, 0.84, 0.84, 0.82, 0.78, 0.76, 0.78, 0.78, 0.76, 0.72, 0.72, 0.68, 0.64, 0.68, 0.66, 0.62, 0.64, 0.66, 0.66, 0.68, 0.68, 0.64, 0.6, 0.56, 0.56, 0.56, 0.54, 0.52, 0.48], "best": [0.1888889, 0.23990932, 0.3147236, 0.23547275, 0.24041116, 0.30734128, 0.31371158, 0.22728445, 0.31500256, 0.24747062, 0.3107015, 0.31532854, 0.31613615, 0.25226426, 0.28806233, 0.31068194, 0.3130809, 0.32267147, 0.32494092, 0.3315543, 0.3292286, 0.32051432, 0.33491603, 0.3373016, 0.32349208, 0.32466394, 0.32519254, 0.3414183, 0.4167036, 0.34396183, 0.3462388, 0.3977725, 0.41907018, 0.3507003, 0.33867657, 0.42126754, 0.35330713, 0.42311147, 0.41596213, 0.43795097, 0.4280721, 0.41936064, 0.44434285, 0.36279762, 0.43303388, 0.43468428, 0.42288363, 0.45040494, 0.36973348, 0.442346], "duration": [2394, 2021, 6249, 2084, 4362, 2076, 5891, 2022, 2034, 2043, 4022, 4007, 4347, 2061, 7989, 5904, 5910, 4067, 7822, 6557, 9880, 6047, 5875, 9793, 8192, 5914, 3951, 3930, 7822, 9723, 3988, 12091, 9726, 7796, 7837, 9740, 9563, 12007, 2326, 10061, 3914, 5842, 7787, 7796, 5864, 5893, 9723, 3932, 5855, 3917]}