{"avg": [0.15555556, 0.19853178, 0.18205966, 0.20835447, 0.21809858, 0.19992553, 0.21454082, 0.20549783, 0.20194048, 0.21363612, 0.2699371, 0.22195944, 0.28984758, 0.24932308, 0.25155723, 0.2691672, 0.2762661, 0.2795043, 0.2887548, 0.33070433, 0.32539865, 0.33625755, 0.2902045, 0.34549972, 0.30201444, 0.29776943, 0.3202314, 0.32076192, 0.35447064, 0.3610382, 0.37678915, 0.40818867, 0.38969868, 0.37471408, 0.4171821, 0.37821725, 0.36757562, 0.44076452, 0.41402125, 0.42044652, 0.42673925, 0.42803246, 0.4551382, 0.46693277, 0.45880768, 0.4870182, 0.46629676, 0.48217267, 0.4947342, 0.4806612], "std": [0.07071068, 0.08268012, 0.070527464, 0.08422884, 0.084712386, 0.05985432, 0.069228865, 0.09181442, 0.08403872, 0.09199638, 0.0732981, 0.12110925, 0.063814245, 0.09066757, 0.098011516, 0.08199404, 0.112974174, 0.08790791, 0.10289978, 0.074585296, 0.086179584, 0.07753073, 0.11595666, 0.06869134, 0.11036685, 0.08478708, 0.1115148, 0.08899017, 0.09107445, 0.08284422, 0.06119852, 0.046452936, 0.0799539, 0.1105171, 0.057582166, 0.10292837, 0.118981466, 0.057118125, 0.10914511, 0.09776516, 0.09660685, 0.09758409, 0.052336622, 0.061957266, 0.10054391, 0.044450205, 0.099613436, 0.05914626, 0.07393086, 0.07904171], "var": [0.98, 0.96, 0.94, 0.92, 0.92, 0.9, 0.88, 0.84, 0.82, 0.84, 0.8, 0.76, 0.76, 0.78, 0.76, 0.74, 0.7, 0.7, 0.7, 0.66, 0.68, 0.66, 0.62, 0.6, 0.6, 0.56, 0.56, 0.54, 0.5, 0.46, 0.42, 0.4, 0.38, 0.38, 0.38, 0.36, 0.34, 0.34, 0.3, 0.28, 0.26, 0.24, 0.2, 0.18, 0.18, 0.18, 0.16, 0.16, 0.16, 0.14], "best": [0.2777778, 0.3896826, 0.30926782, 0.40057418, 0.31836736, 0.31628454, 0.31031746, 0.31320348, 0.31504762, 0.31864238, 0.40731367, 0.40952384, 0.41024536, 0.41209155, 0.41327566, 0.41539288, 0.4167045, 0.41988868, 0.42120504, 0.42197275, 0.42539686, 0.42647585, 0.4287095, 0.43113488, 0.43447623, 0.43723994, 0.43860462, 0.44001374, 0.4423488, 0.44471902, 0.44736308, 0.4510494, 0.45571303, 0.45966393, 0.4624691, 0.46707454, 0.4693694, 0.47193176, 0.4771937, 0.48121524, 0.48497838, 0.48835152, 0.49210742, 0.49597, 0.49957538, 0.5037543, 0.5076661, 0.51108515, 0.51382315, 0.5175497], "duration": [6314, 6806, 2057, 8175, 5905, 3991, 4015, 5895, 5911, 5921, 11215, 5907, 11668, 10751, 8140, 12050, 5943, 10453, 15612, 10181, 9765, 11392, 5884, 10067, 2050, 7842, 7833, 7927, 12254, 9817, 7824, 11708, 7846, 9769, 7843, 9741, 7798, 4047, 5866, 4055, 5906, 6110, 6278, 3903, 2080, 2066, 5922, 10099, 2047, 5936]}