{"avg": [0.14488891, 0.17694287, 0.17431274, 0.18972065, 0.19580877, 0.20227492, 0.23137139, 0.25556737, 0.2514139, 0.2560826, 0.2674606, 0.28249034, 0.2840643, 0.3152796, 0.31814808, 0.3398679, 0.34136865, 0.34035128, 0.36175025, 0.37469268, 0.3771422, 0.3999139, 0.40058956, 0.4254688, 0.4394286, 0.43841544, 0.47129422, 0.47834924, 0.49474597, 0.49277964, 0.5232243, 0.5421, 0.549954, 0.5549897, 0.57298535, 0.58833164, 0.58700174, 0.5930807, 0.58270377, 0.6069071, 0.61035013, 0.6070105, 0.61925364, 0.5906492, 0.60884976, 0.6128455, 0.6091528, 0.614713, 0.63223165, 0.64789474], "std": [0.12650986, 0.12783237, 0.12203017, 0.12669735, 0.15016888, 0.1295157, 0.13121271, 0.15026028, 0.14565513, 0.14021592, 0.14843674, 0.14438212, 0.14773926, 0.15373348, 0.14851552, 0.1568622, 0.16221686, 0.1626625, 0.16012385, 0.16529883, 0.16555017, 0.16597675, 0.16197945, 0.15913619, 0.15763825, 0.15497373, 0.14628506, 0.13449939, 0.13250999, 0.12636188, 0.10775321, 0.10069491, 0.08992018, 0.08390595, 0.07230501, 0.05912713, 0.065592036, 0.06404419, 0.0781923, 0.05481315, 0.056909606, 0.05825996, 0.049386933, 0.08725602, 0.078342415, 0.06931337, 0.077751234, 0.07510384, 0.05967989, 0.042344123], "var": [1.0, 0.98, 0.96, 0.94, 0.94, 0.92, 0.9, 0.88, 0.84, 0.8, 0.8, 0.78, 0.74, 0.72, 0.72, 0.72, 0.7, 0.68, 0.66, 0.64, 0.62, 0.62, 0.6, 0.58, 0.58, 0.54, 0.5, 0.5, 0.46, 0.44, 0.44, 0.4, 0.36, 0.36, 0.32, 0.3, 0.28, 0.26, 0.26, 0.26, 0.24, 0.22, 0.22, 0.22, 0.22, 0.22, 0.2, 0.2, 0.2, 0.2], "best": [0.51111114, 0.54063493, 0.54015875, 0.5398413, 0.5405159, 0.53615874, 0.53833336, 0.54199547, 0.5424802, 0.54423285, 0.5454921, 0.54855704, 0.5507143, 0.5525397, 0.5545805, 0.5567937, 0.55929565, 0.56183946, 0.564418, 0.5669006, 0.5695635, 0.5721542, 0.61715734, 0.57833683, 0.58140874, 0.62810796, 0.629475, 0.59123456, 0.5947846, 0.5984346, 0.60225403, 0.60587305, 0.609504, 0.6132612, 0.61713356, 0.62113833, 0.6252646, 0.6293222, 0.6334796, 0.63760686, 0.6413969, 0.6450252, 0.64844674, 0.651687, 0.6547475, 0.657672, 0.6605728, 0.68826073, 0.66613096, 0.669012], "duration": [7335, 7412, 6719, 7350, 7975, 7398, 8610, 11600, 10834, 11846, 12260, 12207, 13452, 14754, 14758, 16644, 15799, 16537, 16997, 19161, 19864, 21281, 19996, 22896, 23474, 23621, 25871, 25506, 27377, 26452, 29009, 30884, 31224, 32539, 34189, 34462, 34488, 36373, 34499, 34471, 36397, 33898, 36505, 34340, 34948, 34931, 34634, 34436, 34561, 36384]}