{"avg": [0.15679012, 0.1762052, 0.12694934, 0.13116884, 0.1884281, 0.1835422, 0.09793028, 0.15482894, 0.17789924, 0.16317241, 0.13651745, 0.17574686, 0.15089995, 0.17274733, 0.16266097, 0.21528925, 0.16937086, 0.19334854, 0.22211596, 0.24077104, 0.15384054, 0.18866287, 0.26128572, 0.23975731, 0.21285483, 0.23233078, 0.19591452, 0.1947124, 0.18454742, 0.23526624, 0.23632103, 0.23129866, 0.20045564, 0.26103055, 0.2154246, 0.26085448, 0.25632423, 0.24530408, 0.2897401, 0.20951715, 0.24160309, 0.13632941, 0.14910096, 0.32121342, 0.22552387, 0.29676875, 0.30602244, 0.24313746, 0.2517685, 0.29911035], "std": [0.10669553, 0.117447495, 0.10631895, 0.11546943, 0.13841219, 0.14911374, 0.114788495, 0.13028298, 0.14717981, 0.12255562, 0.12856494, 0.14808777, 0.12000807, 0.1139505, 0.12111964, 0.12662548, 0.121878244, 0.12536141, 0.115771614, 0.10366398, 0.102115855, 0.14483415, 0.13450292, 0.10205036, 0.13783358, 0.113694414, 0.14286204, 0.1336311, 0.16466449, 0.11725348, 0.11683428, 0.14123356, 0.1303641, 0.110252954, 0.134277, 0.09396864, 0.13258415, 0.13366888, 0.15452698, 0.1409411, 0.12485222, 0.11639173, 0.12368536, 0.086179815, 0.14514624, 0.10799419, 0.088434674, 0.1347353, 0.12280231, 0.08162752], "var": [0.984, 0.968, 0.96, 0.952, 0.952, 0.952, 0.952, 0.944, 0.936, 0.928, 0.928, 0.912, 0.904, 0.896, 0.896, 0.888, 0.88, 0.88, 0.872, 0.856, 0.848, 0.84, 0.824, 0.816, 0.816, 0.808, 0.8, 0.792, 0.8, 0.808, 0.808, 0.8, 0.8, 0.792, 0.776, 0.768, 0.776, 0.768, 0.768, 0.76, 0.752, 0.752, 0.752, 0.744, 0.744, 0.736, 0.736, 0.728, 0.728, 0.736], "best": [0.3555556, 0.3820106, 0.377381, 0.39235213, 0.38405997, 0.38765833, 0.38377428, 0.38222227, 0.38585863, 0.38278773, 0.3828429, 0.38528666, 0.38038552, 0.3837899, 0.38397026, 0.3845849, 0.38462737, 0.3847652, 0.38616782, 0.3853175, 0.38711545, 0.48727494, 0.38761908, 0.37991315, 0.4463819, 0.38758308, 0.38483047, 0.39049008, 0.38840672, 0.38645014, 0.38973528, 0.39205754, 0.3905543, 0.3917326, 0.3917999, 0.39271587, 0.49568576, 0.3931259, 0.50659233, 0.39320374, 0.3954573, 0.38900393, 0.3948744, 0.39670467, 0.39486974, 0.3947858, 0.39012462, 0.39807048, 0.39509383, 0.39797777], "duration": [7300, 2903, 3517, 2951, 6674, 3907, 3058, 2476, 2506, 5055, 6927, 5181, 6984, 7037, 4613, 4893, 3137, 3276, 4714, 3149, 5105, 5327, 2978, 4910, 5162, 3142, 3273, 2552, 4951, 4937, 2457, 3174, 2778, 5117, 5006, 2760, 2981, 2474, 3040, 2790, 2577, 2918, 4935, 7120, 3480, 3377, 4950, 4766, 4928, 8829]}