{"avg": [0.4051282, 0.3964663, 0.44503972, 0.4900134, 0.40989706, 0.44448847, 0.4011352, 0.45654202, 0.5038152, 0.47483847, 0.50977194, 0.5622267, 0.49101105, 0.5279015, 0.49837652, 0.54048645, 0.5566907, 0.55373925, 0.5833317, 0.56229067, 0.5963473, 0.6084163, 0.60773396, 0.60399264, 0.59457016, 0.57833576, 0.63229686, 0.59029734, 0.6065057, 0.63263243, 0.65480965, 0.65563595, 0.6635863, 0.6352793, 0.66580784, 0.680845, 0.65651083, 0.6872711, 0.68586314, 0.6904684, 0.7043432, 0.6870273, 0.7113365, 0.71500146, 0.71838146, 0.7210709, 0.72230047, 0.7272679, 0.73599994, 0.73416495], "std": [0.14955558, 0.14988421, 0.14940506, 0.14439707, 0.14523578, 0.15193737, 0.14625384, 0.14967605, 0.14033315, 0.15028141, 0.14281717, 0.09963379, 0.15429474, 0.13708265, 0.14552334, 0.12944147, 0.11769289, 0.12724799, 0.09706116, 0.12649031, 0.091525674, 0.078067824, 0.08251827, 0.082215466, 0.11128077, 0.13593297, 0.023972036, 0.12638365, 0.112384915, 0.09099818, 0.026464408, 0.024307199, 0.018527526, 0.09006228, 0.024256524, 0.011809548, 0.093039475, 0.020504447, 0.02811055, 0.030090054, 0.013056677, 0.098990485, 0.013595725, 0.018655656, 0.019187344, 0.020734899, 0.021585708, 0.021736925, 1.1920929e-07, 0.015468238], "var": [0.96, 0.92, 0.88, 0.84, 0.8, 0.8, 0.8, 0.78, 0.76, 0.74, 0.72, 0.7, 0.68, 0.64, 0.62, 0.6, 0.6, 0.56, 0.58, 0.54, 0.5, 0.48, 0.5, 0.48, 0.46, 0.44, 0.42, 0.38, 0.34, 0.3, 0.28, 0.24, 0.24, 0.22, 0.2, 0.2, 0.2, 0.18, 0.16, 0.14, 0.14, 0.12, 0.12, 0.1, 0.1, 0.1, 0.08, 0.08, 0.08, 0.08], "best": [0.5666667, 0.6179488, 0.61349213, 0.61376816, 0.618443, 0.6179024, 0.6177945, 0.61726195, 0.61672294, 0.6186148, 0.6179024, 0.6211084, 0.6214159, 0.62578005, 0.6284193, 0.6283273, 0.62926275, 0.63218766, 0.6358157, 0.6392779, 0.6411555, 0.6435457, 0.6469388, 0.6498049, 0.6506233, 0.65325224, 0.6553644, 0.657752, 0.6605612, 0.66464216, 0.669858, 0.6735905, 0.67708635, 0.680403, 0.6826937, 0.68584394, 0.69079536, 0.694454, 0.69932544, 0.703069, 0.7074208, 0.71258664, 0.7166418, 0.7201755, 0.72350943, 0.72682166, 0.7297636, 0.73307735, 0.7359998, 0.7393856], "duration": [1205, 1162, 1186, 1415, 1178, 1185, 1174, 1145, 1186, 1186, 1204, 1187, 1151, 1153, 1178, 1174, 1402, 1166, 1699, 1145, 1133, 1355, 1195, 1181, 1167, 1189, 1165, 1141, 1365, 1171, 1195, 1184, 1171, 1177, 1197, 1180, 1374, 1380, 1175, 1184, 1579, 1417, 1194, 1199, 1178, 1175, 1135, 1198, 1362, 1182]}