{"avg": [0.15069446, 0.14717884, 0.21170343, 0.20020771, 0.16750276, 0.20341486, 0.18569025, 0.19489303, 0.2118011, 0.17691286, 0.20627706, 0.212927, 0.21040316, 0.20050439, 0.23296149, 0.2449956, 0.21810572, 0.2247759, 0.20593709, 0.21930805, 0.2332579, 0.27229327, 0.21314286, 0.22634493, 0.24167526, 0.2647425, 0.22770166, 0.2318517, 0.28051525, 0.22269991, 0.24785773, 0.2402287, 0.21650513, 0.24666649, 0.23846202, 0.28872526, 0.24938661, 0.2661431, 0.25257406, 0.27425805, 0.2752027, 0.31012937, 0.28073227, 0.2925782, 0.29017854, 0.32157597, 0.27738956, 0.3206846, 0.300448, 0.31525916], "std": [0.086063504, 0.07039264, 0.08834632, 0.06431122, 0.075731635, 0.065396085, 0.07964163, 0.08096413, 0.091570355, 0.09250163, 0.068777435, 0.06275994, 0.085293934, 0.096880704, 0.0731708, 0.10046982, 0.052014455, 0.08215247, 0.08581552, 0.09758055, 0.09436888, 0.06225134, 0.10653743, 0.07553576, 0.08956771, 0.07312919, 0.09808858, 0.086599156, 0.0698018, 0.0959421, 0.07800401, 0.08472285, 0.09793185, 0.08204091, 0.08898927, 0.086279504, 0.11402873, 0.07956105, 0.08676034, 0.08446107, 0.094145305, 0.08590925, 0.1113698, 0.09322954, 0.090582944, 0.09601464, 0.10404303, 0.07625359, 0.1097508, 0.068359], "var": [0.98, 0.98, 0.98, 0.97, 0.97, 0.96, 0.94, 0.92, 0.9, 0.9, 0.88, 0.87, 0.86, 0.85, 0.83, 0.82, 0.83, 0.82, 0.82, 0.81, 0.81, 0.8, 0.78, 0.77, 0.77, 0.76, 0.75, 0.74, 0.73, 0.71, 0.72, 0.7, 0.7, 0.69, 0.67, 0.67, 0.67, 0.65, 0.65, 0.64, 0.63, 0.62, 0.61, 0.61, 0.6, 0.59, 0.59, 0.6, 0.62, 0.62], "best": [0.3777778, 0.23055558, 0.40158734, 0.30450276, 0.2950938, 0.30416906, 0.3030303, 0.39641136, 0.39834058, 0.40367872, 0.30808082, 0.31092697, 0.4021886, 0.4033675, 0.3987801, 0.40584594, 0.3036695, 0.41023755, 0.3149498, 0.40059528, 0.41080627, 0.40628022, 0.4063887, 0.314403, 0.40363675, 0.411874, 0.40823185, 0.30777994, 0.41282213, 0.40819833, 0.40371233, 0.3165092, 0.31759638, 0.40823287, 0.4042707, 0.40801343, 0.4140743, 0.405679, 0.41538775, 0.41046983, 0.4170401, 0.41767105, 0.41838402, 0.41901872, 0.4198119, 0.42012703, 0.4211897, 0.42130125, 0.41784018, 0.42290142], "duration": [7836, 1960, 5897, 9767, 5920, 2059, 7828, 1977, 2838, 2461, 5974, 9753, 5970, 9685, 5868, 5849, 7832, 5806, 6204, 1956, 7041, 5887, 5854, 3927, 1928, 7811, 7769, 5870, 7788, 7771, 5842, 5878, 3873, 7738, 4240, 7753, 5882, 5826, 5864, 4054, 5819, 7780, 5849, 5880, 6547, 2044, 7829, 5832, 3957, 7805]}