{"avg": [0.4466667, 0.4521693, 0.42311513, 0.47482407, 0.41294825, 0.49479955, 0.4702558, 0.4248953, 0.5022226, 0.4740363, 0.54755086, 0.4708014, 0.51204675, 0.5115084, 0.5470252, 0.54856, 0.5003732, 0.5610377, 0.56979364, 0.52937675, 0.5458003, 0.5657717, 0.5685689, 0.58853453, 0.5952587, 0.6135785, 0.53587705, 0.59651244, 0.572868, 0.5989551, 0.5810265, 0.5857097, 0.60625577, 0.60058635, 0.60323536, 0.6304054, 0.61204135, 0.63885975, 0.6177012, 0.61912334, 0.6461549, 0.6228307, 0.6265241, 0.65066046, 0.6307489, 0.63172376, 0.6326825, 0.65205574, 0.65882194, 0.6538339], "std": [0.14696941, 0.15012762, 0.14909787, 0.14677247, 0.14812984, 0.14003484, 0.15109755, 0.14971678, 0.13943073, 0.14744522, 0.110688366, 0.15122114, 0.13961136, 0.13796991, 0.11973446, 0.11600952, 0.14288735, 0.09952398, 0.10074902, 0.13226269, 0.120320715, 0.10825136, 0.10234928, 0.07982861, 0.07738818, 0.009826426, 0.13723381, 0.08379859, 0.11026793, 0.080528565, 0.10676572, 0.104661, 0.08323043, 0.08746708, 0.08093843, 0.016344868, 0.08615087, 0.015465649, 0.08762562, 0.08667612, 0.010514771, 0.09150993, 0.09600586, 0.0204487, 0.08522144, 0.08171574, 0.083537325, 0.020477057, 0.0202273, 0.029883634], "var": [1.0, 1.0, 1.0, 1.0, 0.98, 0.96, 0.96, 0.96, 0.94, 0.9, 0.9, 0.9, 0.9, 0.92, 0.9, 0.9, 0.92, 0.92, 0.9, 0.88, 0.88, 0.88, 0.86, 0.84, 0.84, 0.82, 0.8, 0.8, 0.78, 0.76, 0.74, 0.76, 0.78, 0.78, 0.76, 0.74, 0.74, 0.72, 0.7, 0.7, 0.68, 0.7, 0.7, 0.72, 0.7, 0.7, 0.68, 0.64, 0.64, 0.64], "best": [0.5666667, 0.6095239, 0.59841275, 0.6018634, 0.60023427, 0.6083334, 0.6012036, 0.5997355, 0.6071813, 0.60595244, 0.6099847, 0.61263424, 0.615559, 0.6166549, 0.6181084, 0.62079775, 0.6154241, 0.6173291, 0.6226444, 0.6258322, 0.620257, 0.6282406, 0.6229124, 0.6311701, 0.63220626, 0.6349976, 0.6327587, 0.6387159, 0.6350372, 0.64232814, 0.6436645, 0.6453073, 0.6475428, 0.6498148, 0.6519842, 0.65300363, 0.64951026, 0.65763235, 0.6597182, 0.66182584, 0.66395, 0.6660932, 0.668254, 0.6706615, 0.673421, 0.675949, 0.67830545, 0.6801665, 0.6818699, 0.6835902], "duration": [1236, 1312, 1317, 1320, 1334, 1454, 1573, 1361, 1314, 1362, 1299, 1258, 1275, 1500, 1288, 1150, 1134, 1155, 1169, 1236, 1349, 1398, 1341, 1336, 1279, 1251, 1234, 1475, 1273, 1372, 1360, 1331, 1310, 1318, 1372, 1343, 1351, 1330, 1471, 1322, 1234, 1304, 1312, 1304, 1578, 1368, 1213, 1235, 1283, 1298]}