{"avg": [0.42962965, 0.4632937, 0.41506106, 0.41308644, 0.46269846, 0.4626764, 0.43065584, 0.4621886, 0.43821767, 0.42726827, 0.4822058, 0.4344642, 0.453676, 0.44399747, 0.5160415, 0.46945527, 0.50551265, 0.48894233, 0.4849712, 0.49152815, 0.48646584, 0.5245453, 0.5418457, 0.54112923, 0.51098293, 0.5346524, 0.5106384, 0.50728184, 0.5472857, 0.54615134, 0.5641662, 0.55732274, 0.5346657, 0.554668, 0.56797475, 0.56917024, 0.5662617, 0.5634681, 0.5690301, 0.58596957, 0.5870941, 0.5949657, 0.5833578, 0.59983176, 0.5662641, 0.5920541, 0.6145998, 0.6149494, 0.6195422, 0.6246193], "std": [0.10507036, 0.0960709, 0.15897052, 0.11879716, 0.11318902, 0.08915168, 0.12201602, 0.12542295, 0.09315756, 0.109702, 0.07518625, 0.13008122, 0.090558276, 0.1192998, 0.07215223, 0.10692708, 0.073693655, 0.09082209, 0.081166916, 0.089245275, 0.10710436, 0.057912007, 0.042687014, 0.040592708, 0.073491454, 0.05507333, 0.09865069, 0.10525585, 0.041267198, 0.044217445, 0.01130243, 0.046108898, 0.06962169, 0.047178097, 0.04664139, 0.04855585, 0.05752782, 0.05212608, 0.056348145, 0.017932013, 0.020576878, 0.0152344, 0.058115777, 0.016678367, 0.076807596, 0.05886848, 0.007669001, 0.019370602, 0.013149545, 0.012113368], "var": [0.98, 0.94, 0.9, 0.9, 0.9, 0.9, 0.88, 0.84, 0.8, 0.78, 0.76, 0.74, 0.74, 0.7, 0.68, 0.68, 0.64, 0.6, 0.56, 0.52, 0.5, 0.52, 0.52, 0.5, 0.46, 0.44, 0.44, 0.4, 0.38, 0.4, 0.4, 0.4, 0.38, 0.38, 0.38, 0.36, 0.34, 0.34, 0.3, 0.3, 0.3, 0.3, 0.3, 0.26, 0.22, 0.18, 0.18, 0.18, 0.16, 0.14], "best": [0.51111114, 0.5619048, 0.5571941, 0.5645503, 0.56428576, 0.56468254, 0.5536643, 0.5593795, 0.55015874, 0.5573599, 0.55842495, 0.5573459, 0.55718577, 0.55742717, 0.55784833, 0.5592478, 0.5585366, 0.55937123, 0.5617495, 0.56267107, 0.5639434, 0.5643324, 0.56459427, 0.56695896, 0.56707644, 0.56764317, 0.568373, 0.5688935, 0.5704696, 0.57185733, 0.5728927, 0.57619053, 0.5791315, 0.5817059, 0.5836628, 0.5878065, 0.591895, 0.59417623, 0.596375, 0.5991473, 0.60130227, 0.6041265, 0.60810745, 0.61156875, 0.61392343, 0.6156123, 0.61894244, 0.6228353, 0.62646365, 0.6302844], "duration": [26799, 31236, 26946, 24859, 26937, 31436, 26610, 24967, 26289, 27522, 26892, 26851, 26629, 26850, 27030, 27038, 26971, 26950, 26945, 26998, 26970, 26949, 26974, 27069, 26946, 27464, 27497, 26985, 27049, 27056, 31539, 27004, 31461, 27019, 31518, 31461, 26949, 27042, 31461, 26989, 31489, 31473, 26985, 27028, 27067, 26945, 31467, 27380, 27072, 26992]}