{"avg": [0.10317462, 0.18003781, 0.124353215, 0.15440598, 0.18784684, 0.18859717, 0.24888977, 0.21920963, 0.20250767, 0.20944485, 0.26254168, 0.21731311, 0.2838801, 0.2936508, 0.2917315, 0.33916694, 0.25829548, 0.23788856, 0.280223, 0.33955973, 0.3095403, 0.3415922, 0.32099345, 0.33939332, 0.29608163, 0.33401442, 0.36122838, 0.3433404, 0.38410485, 0.3887869, 0.35002518, 0.37673262, 0.41501087, 0.39505687, 0.38448983, 0.40980414, 0.42420232, 0.44376108, 0.4628517, 0.40972662, 0.41335684, 0.3941058, 0.41595456, 0.4659931, 0.4593314, 0.4290922, 0.5038266, 0.49946433, 0.46117574, 0.48371282], "std": [0.102390185, 0.11406311, 0.14891155, 0.1462069, 0.11440033, 0.13988465, 0.15580626, 0.15206483, 0.16297685, 0.15081516, 0.16926242, 0.16183476, 0.15604578, 0.13779354, 0.14965695, 0.13512158, 0.15103489, 0.15806177, 0.13769062, 0.13859782, 0.142439, 0.080573514, 0.15174665, 0.15916312, 0.15229718, 0.11833118, 0.11343348, 0.17061064, 0.11246274, 0.09619363, 0.1529917, 0.10857139, 0.088598095, 0.089380525, 0.13159886, 0.09135959, 0.08345467, 0.124210365, 0.06403459, 0.075180836, 0.12365132, 0.12133196, 0.11948732, 0.04975223, 0.035468023, 0.07683507, 0.06131543, 0.062259067, 0.13378996, 0.044040654], "var": [0.96, 0.96, 0.94, 0.92, 0.92, 0.88, 0.88, 0.88, 0.88, 0.88, 0.84, 0.8, 0.78, 0.76, 0.72, 0.7, 0.68, 0.66, 0.64, 0.66, 0.64, 0.64, 0.62, 0.6, 0.6, 0.62, 0.62, 0.6, 0.64, 0.6, 0.6, 0.6, 0.62, 0.6, 0.58, 0.6, 0.56, 0.56, 0.58, 0.56, 0.56, 0.52, 0.5, 0.48, 0.46, 0.44, 0.42, 0.4, 0.38, 0.36], "best": [0.3555556, 0.3963719, 0.40399566, 0.39722228, 0.5369384, 0.40124413, 0.54776174, 0.5507937, 0.5527278, 0.553222, 0.5540961, 0.5566852, 0.5570106, 0.5614164, 0.41530615, 0.5618127, 0.5642627, 0.56551963, 0.42223984, 0.5672454, 0.5689793, 0.42705926, 0.5717432, 0.5741686, 0.57475585, 0.4309315, 0.4339236, 0.5728099, 0.57766706, 0.5774033, 0.5781172, 0.5779783, 0.5785312, 0.5495046, 0.5747393, 0.5816138, 0.5824537, 0.58507884, 0.58355546, 0.4608959, 0.58504397, 0.4654313, 0.58746207, 0.5836769, 0.58174026, 0.47324848, 0.59396434, 0.595223, 0.5963225, 0.59534824], "duration": [5703, 3924, 5748, 1955, 3781, 9570, 7704, 8059, 3864, 5779, 7994, 3886, 7694, 4239, 1951, 11919, 11519, 7687, 5841, 9652, 7664, 6164, 7705, 8050, 7682, 8095, 9939, 5802, 7676, 8036, 5767, 5810, 9944, 11441, 5810, 5816, 5806, 11513, 9625, 8059, 6154, 7705, 5780, 11562, 13781, 9666, 11554, 10163, 15704, 9616]}