{"avg": [0.0920635, 0.1666596, 0.16307192, 0.14991076, 0.18739918, 0.15463251, 0.16610648, 0.15889381, 0.14398444, 0.15122947, 0.23317882, 0.25577822, 0.18917122, 0.18243335, 0.21802804, 0.20552042, 0.27133113, 0.28024167, 0.3444936, 0.26982486, 0.28461275, 0.32002062, 0.28111416, 0.31877586, 0.24772951, 0.36070988, 0.31019297, 0.3810621, 0.34593058, 0.36845568, 0.37702066, 0.33597833, 0.37667963, 0.38193268, 0.39070517, 0.3785775, 0.41155723, 0.43714195, 0.46002942, 0.45514506, 0.44906968, 0.4549259, 0.49069843, 0.47708255, 0.45626044, 0.48949808, 0.5197608, 0.4792841, 0.5242925, 0.4993588], "std": [0.11992272, 0.13396777, 0.14039037, 0.1334795, 0.1764571, 0.10965836, 0.15681583, 0.17621073, 0.12153133, 0.13664302, 0.1643722, 0.118225686, 0.118628584, 0.13446742, 0.12730156, 0.11026068, 0.13392137, 0.13185215, 0.116161175, 0.16517183, 0.15507741, 0.15545455, 0.123176515, 0.14074141, 0.17935495, 0.1300894, 0.18861733, 0.093309775, 0.16347076, 0.13862574, 0.117038235, 0.1625417, 0.10803746, 0.14505927, 0.14296238, 0.12703268, 0.14203733, 0.13906874, 0.104957424, 0.12408192, 0.1339619, 0.13378567, 0.08028065, 0.110631846, 0.12917498, 0.11327025, 0.077949174, 0.115416266, 0.080393754, 0.114414826], "var": [0.96, 0.92, 0.92, 0.9, 0.86, 0.84, 0.86, 0.86, 0.86, 0.82, 0.8, 0.78, 0.76, 0.74, 0.72, 0.68, 0.66, 0.62, 0.6, 0.58, 0.58, 0.54, 0.52, 0.5, 0.5, 0.5, 0.48, 0.44, 0.44, 0.42, 0.42, 0.44, 0.44, 0.48, 0.48, 0.44, 0.4, 0.36, 0.32, 0.3, 0.3, 0.28, 0.26, 0.28, 0.26, 0.24, 0.2, 0.22, 0.2, 0.18], "best": [0.3555556, 0.3963719, 0.4039683, 0.40013513, 0.5364819, 0.37534532, 0.5389307, 0.54066044, 0.40511036, 0.38599777, 0.5352259, 0.4040052, 0.40900037, 0.41017744, 0.41111115, 0.4136227, 0.53604996, 0.5377636, 0.53826237, 0.5394145, 0.54023665, 0.42769703, 0.43366992, 0.54640144, 0.43753827, 0.5393209, 0.56237096, 0.4465102, 0.56527245, 0.56737405, 0.56958455, 0.57099867, 0.5409199, 0.57399386, 0.5756673, 0.57733005, 0.5788509, 0.5802527, 0.5831704, 0.5855111, 0.58736956, 0.5892581, 0.59246635, 0.59490097, 0.59732634, 0.59853566, 0.60095286, 0.60284686, 0.6045856, 0.6066593], "duration": [5743, 3916, 5848, 1966, 3963, 3856, 4563, 3872, 3933, 3878, 2139, 2039, 3936, 2394, 2321, 2018, 4042, 2453, 4522, 5848, 2131, 2132, 4262, 3983, 2439, 3999, 3994, 3960, 2193, 2152, 2140, 2153, 2153, 2516, 4011, 2151, 4100, 2938, 2310, 2335, 3081, 2308, 2281, 2617, 2218, 4102, 2294, 4160, 2288, 2346]}