{"avg": [0.39841273, 0.4594884, 0.47698417, 0.43594196, 0.45688576, 0.44318393, 0.49592438, 0.4869314, 0.4796821, 0.5055692, 0.5438543, 0.48221824, 0.5203855, 0.5255561, 0.55540615, 0.51071817, 0.5032371, 0.5665726, 0.5221108, 0.5067529, 0.52457285, 0.52656657, 0.56924576, 0.57712954, 0.5403724, 0.5908132, 0.58561486, 0.5615883, 0.5394521, 0.59164613, 0.5824339, 0.60162747, 0.5663777, 0.61106294, 0.616508, 0.60425025, 0.58822, 0.6231154, 0.62962335, 0.6268562, 0.6271268, 0.63386214, 0.642466, 0.6418897, 0.64638084, 0.66428465, 0.6683274, 0.6598145, 0.66923976, 0.6581439], "std": [0.12750883, 0.1451013, 0.117588535, 0.14002924, 0.113414936, 0.14597465, 0.11164769, 0.10573471, 0.11302004, 0.104068086, 0.048052575, 0.11138814, 0.1087538, 0.091990985, 0.017936911, 0.11165631, 0.12380222, 0.018970707, 0.11031314, 0.11772363, 0.1299424, 0.11333505, 0.06445261, 0.05433954, 0.073324315, 0.019900694, 0.02847366, 0.05838063, 0.11365763, 0.026316699, 0.071809284, 0.031733055, 0.104781985, 0.027605284, 0.0194625, 0.03665453, 0.10849832, 0.027643446, 0.031608548, 0.037205264, 0.037615795, 0.032396555, 0.028778333, 0.029819354, 0.03140294, 5.9604645e-08, 5.9604645e-08, 0.022499058, 0.013928307, 0.036082108], "var": [0.98, 0.94, 0.92, 0.88, 0.86, 0.82, 0.82, 0.8, 0.78, 0.78, 0.76, 0.76, 0.74, 0.7, 0.68, 0.64, 0.6, 0.6, 0.56, 0.56, 0.56, 0.54, 0.52, 0.52, 0.52, 0.54, 0.52, 0.5, 0.48, 0.48, 0.46, 0.42, 0.4, 0.38, 0.36, 0.34, 0.32, 0.28, 0.26, 0.24, 0.2, 0.2, 0.18, 0.16, 0.14, 0.14, 0.14, 0.12, 0.1, 0.1], "best": [0.51111114, 0.5621315, 0.5595238, 0.5698044, 0.5708301, 0.5678877, 0.5664996, 0.5709626, 0.5698909, 0.5693122, 0.57011735, 0.57455814, 0.5747677, 0.57887673, 0.5780554, 0.57933843, 0.58291763, 0.58451635, 0.5878307, 0.5923531, 0.5937532, 0.5965625, 0.59954655, 0.60522175, 0.6097233, 0.6102464, 0.61332786, 0.61594075, 0.6170526, 0.6176219, 0.6200855, 0.62340534, 0.6267574, 0.6283951, 0.63227415, 0.6360893, 0.63775575, 0.6401447, 0.64356923, 0.64715433, 0.65010834, 0.65292335, 0.65614927, 0.6590576, 0.6614742, 0.6642846, 0.66832745, 0.6721929, 0.6750613, 0.6776836], "duration": [31761, 27390, 27406, 31811, 27327, 27374, 27442, 32039, 27345, 27480, 27410, 27505, 27353, 32021, 27643, 27357, 32164, 27538, 27400, 27453, 27388, 27405, 27485, 27506, 27412, 27438, 27424, 27408, 27473, 27510, 27425, 27415, 27405, 27617, 27410, 27449, 27478, 27446, 27409, 27309, 27467, 31991, 27391, 27457, 27479, 32098, 27429, 27340, 27505, 27506]}