{"avg": [0.14622226, 0.1768159, 0.17161745, 0.18244445, 0.18523096, 0.1848457, 0.18836984, 0.18664947, 0.18590635, 0.19744764, 0.1926324, 0.19244215, 0.19415481, 0.19053459, 0.19408594, 0.19202608, 0.19548117, 0.20082223, 0.20234498, 0.19594318, 0.19765036, 0.19864672, 0.20531343, 0.20473795, 0.20986587, 0.20811504, 0.20891188, 0.20833017, 0.20871484, 0.20889445, 0.20909144, 0.22026652, 0.2201819, 0.22643578, 0.22223355, 0.22629146, 0.22302385, 0.21976838, 0.22231899, 0.22882418, 0.22485037, 0.22345085, 0.22615805, 0.2274928, 0.2290452, 0.22652294, 0.2270928, 0.23286507, 0.23114046, 0.22897223], "std": [0.07679893, 0.082264274, 0.08040707, 0.07305015, 0.070106246, 0.073886745, 0.076083556, 0.079436466, 0.077033125, 0.08124732, 0.07391715, 0.075043954, 0.07384356, 0.07416307, 0.065565206, 0.06805137, 0.065543056, 0.05908597, 0.06207438, 0.0606574, 0.06054814, 0.058660507, 0.0587364, 0.05645547, 0.050870772, 0.05503314, 0.05283864, 0.05539366, 0.055130042, 0.057002943, 0.05688064, 0.060114652, 0.061396766, 0.059841856, 0.05636276, 0.063675426, 0.060863048, 0.05996943, 0.062349908, 0.06003126, 0.064318456, 0.05998697, 0.06486283, 0.058144893, 0.060963206, 0.05885185, 0.056941427, 0.055657554, 0.05727411, 0.05841939], "var": [0.96, 0.94, 0.94, 0.94, 0.92, 0.9, 0.9, 0.86, 0.84, 0.86, 0.86, 0.84, 0.86, 0.84, 0.86, 0.84, 0.82, 0.82, 0.8, 0.8, 0.82, 0.82, 0.78, 0.76, 0.72, 0.72, 0.74, 0.74, 0.74, 0.76, 0.74, 0.7, 0.68, 0.68, 0.68, 0.68, 0.72, 0.72, 0.72, 0.72, 0.7, 0.72, 0.74, 0.74, 0.74, 0.74, 0.74, 0.72, 0.72, 0.7], "best": [0.2777778, 0.3025397, 0.3027778, 0.30285716, 0.31210318, 0.31355557, 0.31460318, 0.31541952, 0.31603175, 0.3524868, 0.35255557, 0.35248196, 0.3198016, 0.3205739, 0.32103175, 0.3214286, 0.32174605, 0.32202616, 0.32259262, 0.32309943, 0.32376987, 0.3242404, 0.32462484, 0.3251001, 0.32567462, 0.32629842, 0.3269658, 0.32756615, 0.3280896, 0.3285605, 0.32903177, 0.32950336, 0.3855754, 0.3861039, 0.3311718, 0.33158278, 0.33189154, 0.33520806, 0.35271096, 0.35428572, 0.3370913, 0.33785522, 0.3904762, 0.33553344, 0.33602095, 0.3365397, 0.337098, 0.33763257, 0.3937996, 0.3388403], "duration": [12253, 13121, 12369, 13180, 13248, 13102, 11464, 11645, 11552, 10337, 10800, 10865, 10802, 11382, 11140, 9670, 10951, 10756, 10770, 10648, 10274, 11263, 10823, 10438, 10740, 11139, 11635, 11514, 11649, 11194, 11520, 11188, 11894, 10893, 10919, 10614, 10804, 10371, 10573, 10012, 9055, 9692, 10148, 9867, 10492, 10784, 11351, 9973, 10537, 10623]}