{"avg": [0.10000001, 0.16989417, 0.15152206, 0.1783447, 0.1826474, 0.1725385, 0.18894687, 0.19907454, 0.18395567, 0.22963685, 0.24442017, 0.25063074, 0.23375246, 0.2534871, 0.21348777, 0.29959938, 0.20272642, 0.26832938, 0.33726442, 0.24803972, 0.26551428, 0.2596273, 0.24999855, 0.295417, 0.26439598, 0.29870084, 0.35810688, 0.36138353, 0.3566374, 0.3133811, 0.38997695, 0.3759075, 0.4195134, 0.46949503, 0.3892308, 0.4225239, 0.42372382, 0.44553843, 0.41970688, 0.49944773, 0.5011494, 0.42416105, 0.4218401, 0.5257544, 0.47145522, 0.4569237, 0.47245705, 0.5291345, 0.55137956, 0.5746941], "std": [0.09114208, 0.097807705, 0.11394486, 0.13403292, 0.1404229, 0.1252051, 0.105736956, 0.14259396, 0.12177115, 0.14944953, 0.17638718, 0.18296827, 0.12428308, 0.16760857, 0.13977273, 0.16125566, 0.16663374, 0.1658004, 0.12596753, 0.17059863, 0.15867347, 0.17673738, 0.13890105, 0.15981789, 0.14389351, 0.18425392, 0.19480976, 0.1465771, 0.19632225, 0.16870151, 0.14559503, 0.17386541, 0.122858874, 0.12304738, 0.16494465, 0.1338334, 0.15856887, 0.16345881, 0.13495, 0.13415521, 0.10501107, 0.114485085, 0.14584054, 0.078600615, 0.13773334, 0.1437247, 0.13183229, 0.10971081, 0.09612703, 0.052883886], "var": [1.0, 1.0, 1.0, 1.0, 1.0, 0.96, 0.96, 0.92, 0.92, 0.92, 0.9, 0.86, 0.84, 0.84, 0.84, 0.82, 0.82, 0.84, 0.84, 0.86, 0.82, 0.82, 0.84, 0.82, 0.82, 0.82, 0.8, 0.8, 0.78, 0.78, 0.78, 0.78, 0.76, 0.72, 0.72, 0.76, 0.74, 0.74, 0.72, 0.7, 0.7, 0.68, 0.66, 0.64, 0.6, 0.58, 0.58, 0.54, 0.54, 0.54], "best": [0.26666668, 0.37936512, 0.39003834, 0.39353746, 0.52556694, 0.53860945, 0.39289325, 0.533987, 0.53332, 0.5390693, 0.53605443, 0.5413478, 0.5400036, 0.54149306, 0.5423971, 0.54324865, 0.54506737, 0.54587305, 0.547452, 0.54838187, 0.54987085, 0.55089414, 0.5518247, 0.5530875, 0.55337304, 0.5542222, 0.55639833, 0.5602587, 0.5612812, 0.561982, 0.5648694, 0.56520015, 0.56890565, 0.57095015, 0.5744623, 0.57391906, 0.5776716, 0.58052343, 0.58016294, 0.58424914, 0.58770704, 0.5869604, 0.5915579, 0.59371185, 0.5960939, 0.59405935, 0.6003457, 0.60281944, 0.60517985, 0.607589], "duration": [2394, 1993, 2251, 2029, 4074, 3856, 2048, 5778, 3923, 5804, 7707, 7761, 3958, 7723, 4576, 7750, 5738, 7736, 7864, 5775, 9747, 6003, 5928, 7896, 5976, 11818, 9688, 7737, 9678, 5797, 9791, 9700, 11705, 13945, 13559, 11753, 11746, 13604, 11708, 14116, 13635, 11705, 12546, 11782, 13624, 11734, 13583, 13684, 13565, 15931]}