{"avg": [0.11428573, 0.16356294, 0.11679896, 0.14742684, 0.16086882, 0.16300248, 0.21101832, 0.17559434, 0.20158732, 0.2610084, 0.1588802, 0.213798, 0.28318948, 0.30124718, 0.21257713, 0.29532754, 0.23865055, 0.25263286, 0.27925208, 0.29995865, 0.335317, 0.2866915, 0.31860805, 0.3088645, 0.28495574, 0.3244804, 0.33672994, 0.28984907, 0.33808222, 0.34121233, 0.34618995, 0.3874403, 0.4196321, 0.403263, 0.38521016, 0.40973824, 0.40958768, 0.3701245, 0.41098335, 0.43555847, 0.40697515, 0.4255888, 0.42468572, 0.45067978, 0.4680598, 0.43749523, 0.48743892, 0.47071725, 0.48723158, 0.48098916], "std": [0.11512042, 0.110527955, 0.11334066, 0.11483668, 0.1275778, 0.13007966, 0.12707002, 0.10348854, 0.15257914, 0.118363194, 0.14703539, 0.090050995, 0.08710873, 0.093670994, 0.15673488, 0.09893525, 0.12807207, 0.12291894, 0.13140887, 0.13619758, 0.11329003, 0.14237568, 0.12739491, 0.10476677, 0.12089738, 0.10440689, 0.11809197, 0.11487531, 0.10828212, 0.10495598, 0.102776594, 0.097999915, 0.066972904, 0.08424569, 0.10983775, 0.09165071, 0.07469775, 0.117678225, 0.093737, 0.07500854, 0.13356814, 0.086282864, 0.09462232, 0.06268208, 0.051984224, 0.09339157, 0.036654282, 0.056912813, 0.03674749, 0.05696588], "var": [1.0, 1.0, 1.0, 0.96, 0.92, 0.92, 0.9, 0.9, 0.9, 0.92, 0.9, 0.88, 0.86, 0.84, 0.82, 0.82, 0.82, 0.8, 0.8, 0.82, 0.84, 0.82, 0.82, 0.84, 0.84, 0.82, 0.78, 0.78, 0.8, 0.78, 0.74, 0.72, 0.7, 0.68, 0.66, 0.64, 0.66, 0.62, 0.6, 0.6, 0.56, 0.52, 0.48, 0.48, 0.48, 0.44, 0.42, 0.42, 0.42, 0.4], "best": [0.3555556, 0.3963719, 0.38174608, 0.38333338, 0.38754964, 0.3938982, 0.3944701, 0.39662156, 0.5379683, 0.40267164, 0.40980515, 0.41129464, 0.408507, 0.4108811, 0.41351724, 0.41473073, 0.41817278, 0.41374677, 0.4169591, 0.42075586, 0.42301592, 0.42591166, 0.42910513, 0.43339443, 0.4347741, 0.43530244, 0.4387448, 0.4413032, 0.44223297, 0.44468603, 0.4472849, 0.45040497, 0.45404044, 0.45827407, 0.46150357, 0.46476138, 0.46532083, 0.47212476, 0.4736095, 0.47650644, 0.4806405, 0.4835318, 0.48733023, 0.49001145, 0.49474975, 0.49851224, 0.50039685, 0.5039757, 0.50700283, 0.51008886], "duration": [5701, 3819, 5952, 1934, 1966, 3871, 3910, 2338, 5770, 7627, 1896, 9887, 7635, 3989, 3873, 3939, 9543, 11764, 7649, 7689, 9640, 3932, 6112, 7634, 3955, 6519, 7683, 7633, 7634, 9832, 7696, 3820, 6080, 3917, 4227, 3856, 3863, 2048, 3862, 4148, 3871, 3920, 2001, 2594, 1998, 1992, 1978, 2291, 1969, 2007]}