{"avg": [0.4466667, 0.46746033, 0.46514156, 0.48022488, 0.49292228, 0.43676457, 0.5154673, 0.45575947, 0.5157969, 0.50844336, 0.56049544, 0.5761351, 0.54698884, 0.5520454, 0.5589104, 0.5427716, 0.5635954, 0.5388386, 0.5679046, 0.5898105, 0.5697718, 0.5926577, 0.5898029, 0.58226, 0.6175352, 0.5984295, 0.59980184, 0.6218116, 0.6233484, 0.62635225, 0.6240616, 0.6181019, 0.62650424, 0.6343707, 0.6325442, 0.6350697, 0.6146863, 0.64004356, 0.62067, 0.62382656, 0.64081806, 0.6389122, 0.64989305, 0.6471421, 0.6566639, 0.65329933, 0.66229326, 0.65861803, 0.6685666, 0.6719818], "std": [0.14696941, 0.15352377, 0.14863583, 0.14817673, 0.14401177, 0.15273224, 0.13720766, 0.15212938, 0.13404752, 0.14020874, 0.10506158, 0.08507794, 0.11739892, 0.11518706, 0.10791044, 0.12105965, 0.10620237, 0.12894212, 0.10516791, 0.08019812, 0.10491566, 0.07585029, 0.082819395, 0.09820967, 0.010117808, 0.079433896, 0.0795274, 0.010317273, 0.012174588, 0.010594714, 0.012907423, 0.011246796, 0.012349472, 0.0094262585, 0.011347259, 0.0155395875, 0.086857386, 0.00878931, 0.087633215, 0.085528985, 0.0148649085, 0.017853964, 0.01103571, 0.017795175, 0.0139016565, 0.016223118, 0.010761955, 0.01946037, 0.013439956, 0.013366154], "var": [0.98, 0.98, 0.98, 0.98, 0.98, 0.96, 0.94, 0.92, 0.88, 0.88, 0.86, 0.86, 0.84, 0.82, 0.8, 0.8, 0.78, 0.74, 0.72, 0.7, 0.68, 0.64, 0.64, 0.62, 0.6, 0.62, 0.58, 0.56, 0.54, 0.54, 0.56, 0.54, 0.52, 0.52, 0.48, 0.44, 0.42, 0.44, 0.44, 0.46, 0.48, 0.44, 0.44, 0.44, 0.42, 0.42, 0.4, 0.4, 0.4, 0.38], "best": [0.5666667, 0.61746037, 0.61198163, 0.60423285, 0.6029665, 0.61083966, 0.60594016, 0.60535717, 0.60495245, 0.60680276, 0.61064607, 0.6104098, 0.61389756, 0.6158257, 0.61700374, 0.6139792, 0.61925805, 0.6173521, 0.6204274, 0.62200993, 0.6252048, 0.62647915, 0.62807745, 0.6277033, 0.6304289, 0.6314982, 0.6337139, 0.6346543, 0.6368619, 0.63881993, 0.64179677, 0.6337883, 0.64308304, 0.6446303, 0.64785767, 0.64883965, 0.65043944, 0.65260935, 0.65441954, 0.65697205, 0.65970933, 0.6629046, 0.6620855, 0.66619194, 0.6665287, 0.6700546, 0.6732834, 0.67512876, 0.6767344, 0.6799864], "duration": [1153, 1318, 1120, 1124, 1135, 1695, 1178, 1120, 1127, 1315, 1129, 1170, 1308, 1126, 1128, 1114, 1131, 1313, 1120, 1139, 1126, 1185, 1321, 1502, 1128, 1118, 1677, 1314, 1130, 1144, 1137, 1123, 1122, 1128, 1126, 1313, 1126, 1120, 1139, 1121, 1122, 1132, 1124, 1497, 1328, 1123, 1122, 1121, 1150, 1118]}