{"avg": [0.17361112, 0.22781278, 0.20564574, 0.25149822, 0.21874708, 0.24313188, 0.21987084, 0.29013208, 0.23454487, 0.2220203, 0.25523645, 0.23775563, 0.26272458, 0.2714462, 0.27160582, 0.28029677, 0.3038902, 0.31278247, 0.29363415, 0.26599228, 0.25117198, 0.30433238, 0.31860593, 0.3138713, 0.30974814, 0.31272516, 0.3274833, 0.32608482, 0.3460542, 0.32494736, 0.35069495, 0.32124618, 0.35003564, 0.36152777, 0.37637794, 0.34937996, 0.3661114, 0.3591118, 0.40936872, 0.40954426, 0.3987028, 0.4134808, 0.40817586, 0.41393974, 0.39010856, 0.39478245, 0.4131538, 0.4309433, 0.4258691, 0.4478115], "std": [0.10362824, 0.12892409, 0.09591724, 0.09179235, 0.10943246, 0.077725716, 0.08548857, 0.07455012, 0.09817091, 0.10567619, 0.10782941, 0.093843535, 0.1041159, 0.07701508, 0.09203283, 0.10545647, 0.10183805, 0.072845966, 0.07015636, 0.07347937, 0.10688055, 0.090950266, 0.06474882, 0.08935749, 0.07957576, 0.07688828, 0.08994246, 0.070721574, 0.07319514, 0.07673086, 0.072280295, 0.07330378, 0.07510701, 0.073053114, 0.065298215, 0.07381087, 0.07596391, 0.08395779, 0.05304187, 0.057802465, 0.067983754, 0.062436532, 0.053930324, 0.044021524, 0.06609292, 0.071297966, 0.06942087, 0.037747942, 0.059637237, 0.023186041], "var": [0.96, 0.96, 0.94, 0.94, 0.94, 0.9, 0.88, 0.86, 0.88, 0.84, 0.86, 0.82, 0.8, 0.8, 0.8, 0.82, 0.78, 0.78, 0.8, 0.78, 0.78, 0.74, 0.74, 0.7, 0.68, 0.66, 0.64, 0.64, 0.62, 0.58, 0.58, 0.54, 0.54, 0.56, 0.56, 0.54, 0.54, 0.52, 0.5, 0.48, 0.46, 0.46, 0.48, 0.46, 0.42, 0.38, 0.36, 0.34, 0.32, 0.3], "best": [0.43333334, 0.41279763, 0.4049062, 0.407483, 0.3978022, 0.40238097, 0.39883485, 0.4034632, 0.45493615, 0.4039116, 0.40589136, 0.40644425, 0.4063056, 0.40365, 0.45837247, 0.4069436, 0.46662116, 0.41024086, 0.41139457, 0.41324356, 0.4099498, 0.41551974, 0.41069704, 0.41818786, 0.41885716, 0.42051283, 0.423141, 0.42457867, 0.42494023, 0.42637444, 0.42841947, 0.43006015, 0.43162787, 0.43213123, 0.4896599, 0.49078488, 0.4359113, 0.4948996, 0.4401674, 0.5203259, 0.49781847, 0.48526296, 0.4469367, 0.44649863, 0.44782913, 0.4495895, 0.5053714, 0.4521973, 0.5098554, 0.51124096], "duration": [5743, 7633, 7481, 11531, 9330, 5699, 5543, 13050, 9205, 3791, 3700, 4884, 5595, 7328, 6083, 3600, 5592, 8528, 5327, 3676, 4874, 3960, 2790, 3481, 2924, 3427, 2877, 5288, 5527, 4715, 5348, 8081, 3207, 7335, 5905, 3829, 2878, 2994, 3524, 3378, 5045, 3653, 2978, 5237, 5107, 2806, 3926, 2814, 2692, 3926]}