{"avg": [0.14920637, 0.20355019, 0.16641867, 0.19924316, 0.21441434, 0.20902778, 0.19629444, 0.24300393, 0.2444369, 0.22456445, 0.225349, 0.21887532, 0.26473966, 0.22992402, 0.2354625, 0.28700802, 0.26047957, 0.28591454, 0.24155866, 0.31055784, 0.27623662, 0.22331949, 0.30176994, 0.3174332, 0.31536362, 0.32779363, 0.3507865, 0.33829552, 0.34618995, 0.3266506, 0.30774108, 0.34427923, 0.33399278, 0.33802187, 0.37748328, 0.37294468, 0.38599193, 0.3685024, 0.4085933, 0.39075184, 0.41992342, 0.36433, 0.40547848, 0.47094107, 0.43278095, 0.40446815, 0.43239063, 0.45168987, 0.46304524, 0.45605803, 0.48951852, 0.46859625, 0.48017645, 0.47545913, 0.52286464, 0.52858675, 0.5351598, 0.5228036, 0.52141017, 0.54031295, 0.5231875, 0.552566, 0.57046777, 0.5629376, 0.554845, 0.57345635, 0.55657613, 0.5689143, 0.5944103, 0.5925184, 0.5922821, 0.59762377, 0.6127923, 0.61476046, 0.61753064, 0.60655236, 0.6196194, 0.62240773, 0.62854916, 0.64181536, 0.6281221, 0.6407328, 0.6478611, 0.6429719, 0.65046394, 0.6464275, 0.6542879, 0.661615, 0.6560767, 0.6646763, 0.66632545, 0.667841, 0.66923136, 0.6705924, 0.6721013, 0.67357546, 0.67493224, 0.676506, 0.67780083, 0.6789903], "std": [0.045949575, 0.049279656, 0.085915096, 0.123785846, 0.08904316, 0.09086749, 0.060748767, 0.09835223, 0.10063907, 0.078848235, 0.07279999, 0.10459616, 0.11561038, 0.12020272, 0.08125911, 0.085754365, 0.08195429, 0.08593712, 0.07011716, 0.08768189, 0.096189335, 0.07012304, 0.081093356, 0.08029464, 0.08756105, 0.08620012, 0.0679726, 0.08249437, 0.11060459, 0.10225231, 0.08525863, 0.109462455, 0.079348676, 0.092141986, 0.103625566, 0.099955104, 0.0844926, 0.106970504, 0.075222775, 0.0918702, 0.07083923, 0.0961129, 0.09122159, 0.046394296, 0.09425837, 0.08989087, 0.08182527, 0.07179957, 0.05470507, 0.075901106, 0.037094556, 0.07350242, 0.085337065, 0.100838214, 0.044693433, 0.052087046, 0.07024914, 0.07237146, 0.06271357, 0.061958544, 0.06908103, 0.041358035, 0.045664072, 0.046799514, 0.06973251, 0.047696874, 0.041353386, 0.07545521, 0.046036333, 0.042375043, 0.048509344, 0.041519236, 0.04284625, 0.037055887, 0.037479233, 0.04188877, 0.037544362, 0.037448674, 0.03640625, 0.021867894, 0.046514224, 0.028923921, 0.020748429, 0.0307818, 0.024736121, 0.031976853, 0.021651106, 1.1920929e-07, 0.02680033, 5.9604645e-08, 1.1920929e-07, 1.1920929e-07, 5.9604645e-08, 1.1920929e-07, 5.9604645e-08, 5.9604645e-08, 5.9604645e-08, 1.1920929e-07, 1.1920929e-07, 1.1920929e-07], "var": [0.96, 0.94, 0.94, 0.92, 0.92, 0.9, 0.86, 0.82, 0.8, 0.78, 0.8, 0.78, 0.78, 0.78, 0.74, 0.76, 0.74, 0.74, 0.7, 0.7, 0.72, 0.72, 0.7, 0.7, 0.7, 0.7, 0.7, 0.7, 0.66, 0.66, 0.66, 0.64, 0.6, 0.58, 0.56, 0.54, 0.54, 0.54, 0.52, 0.48, 0.48, 0.48, 0.48, 0.46, 0.44, 0.4, 0.38, 0.36, 0.36, 0.36, 0.32, 0.3, 0.28, 0.24, 0.22, 0.2, 0.2, 0.2, 0.2, 0.18, 0.16, 0.16, 0.14, 0.14, 0.14, 0.12, 0.12, 0.1, 0.1, 0.1, 0.1, 0.1, 0.1, 0.1, 0.1, 0.1, 0.1, 0.1, 0.1, 0.1, 0.08, 0.08, 0.08, 0.06, 0.06, 0.06, 0.04, 0.04, 0.02, 0.02, 0.02, 0.02, 0.02, 0.02, 0.02, 0.02, 0.02, 0.02, 0.02, 0.02], "best": [0.1888889, 0.29648528, 0.4007937, 0.40521052, 0.41173565, 0.41654462, 0.3058933, 0.41561794, 0.41802725, 0.420331, 0.4198212, 0.420771, 0.42188808, 0.4247, 0.33553833, 0.4278874, 0.42961508, 0.42987764, 0.33567834, 0.43109217, 0.43442023, 0.32535848, 0.43589503, 0.43700483, 0.43867403, 0.43960875, 0.4421407, 0.44383925, 0.53307986, 0.5363984, 0.45188046, 0.5383923, 0.45251194, 0.4559493, 0.54252285, 0.54555213, 0.46264726, 0.55068326, 0.55196726, 0.47072956, 0.4722851, 0.47515652, 0.56091577, 0.56279856, 0.5659196, 0.48415208, 0.5700977, 0.57284606, 0.5764003, 0.49548715, 0.5811908, 0.58412504, 0.5867444, 0.58886766, 0.5911127, 0.59389275, 0.5971396, 0.59997314, 0.6028793, 0.6053221, 0.60819966, 0.61015105, 0.61271, 0.61519045, 0.61734045, 0.6195054, 0.62162644, 0.6237453, 0.6256981, 0.6278765, 0.63035166, 0.6323386, 0.63471764, 0.637106, 0.6391461, 0.64072394, 0.6426106, 0.6440066, 0.6459791, 0.6478804, 0.64958555, 0.65128094, 0.65321845, 0.65502894, 0.65664804, 0.6584456, 0.6600744, 0.6616149, 0.66323936, 0.66467625, 0.66632533, 0.66784114, 0.6692313, 0.67059255, 0.6721014, 0.6735755, 0.6749322, 0.67650586, 0.6778007, 0.6789902], "duration": [2050, 2756, 2041, 3909, 2009, 8120, 3880, 2041, 3940, 1966, 3899, 2110, 1986, 5868, 4643, 1980, 3907, 2006, 2002, 2003, 1964, 1961, 1994, 2001, 1980, 1955, 1966, 2446, 2002, 1938, 2590, 1969, 2000, 2041, 2664, 2048, 2281, 1998, 2911, 1956, 1952, 3233, 2003, 1958, 2416, 2026, 1971, 2651, 2050, 1993, 2008, 2138, 1951, 1952, 3171, 1971, 2734, 2272, 2298, 1984, 1956, 2009, 1947, 1938, 1966, 1998, 2222, 2303, 1956, 1958, 1946, 3704, 1970, 1970, 1945, 1956, 1940, 1966, 1971, 1983, 2006, 1953, 1977, 1943, 2001, 1946, 2302, 3206, 1959, 1939, 2041, 1949, 2237, 2277, 3485, 1963, 2644, 2291, 1980, 1966]}