{"avg": [0.17481484, 0.18412699, 0.1738827, 0.19963625, 0.16883512, 0.17531191, 0.22006586, 0.18805632, 0.172907, 0.23030719, 0.19756785, 0.19135864, 0.20493011, 0.27936825, 0.27533, 0.25249285, 0.26386917, 0.28062087, 0.28119832, 0.29086885, 0.32953566, 0.24776475, 0.26557454, 0.25936872, 0.30236602, 0.2976522, 0.31000483, 0.29730225, 0.33032972, 0.36544213, 0.2938333, 0.3177035, 0.35152498, 0.32036287, 0.3612496, 0.360606, 0.37136057, 0.35040575, 0.35274944, 0.37723225, 0.3854794, 0.40145022, 0.37816605, 0.38418812, 0.345596, 0.3625491, 0.33703804, 0.37066677, 0.41544953, 0.36682907], "std": [0.0996675, 0.11596132, 0.130475, 0.1408261, 0.12198404, 0.14546978, 0.15018487, 0.13061412, 0.1390882, 0.122564174, 0.13759677, 0.15216713, 0.12551084, 0.119113915, 0.14633776, 0.13475478, 0.13102578, 0.093577735, 0.13332473, 0.13070948, 0.09020259, 0.13850416, 0.15376328, 0.11532975, 0.114732236, 0.1205141, 0.09724972, 0.11874348, 0.11521838, 0.07076511, 0.15765412, 0.11852451, 0.085691854, 0.14058855, 0.0735901, 0.07623882, 0.07224828, 0.13856919, 0.11447748, 0.07252608, 0.07491074, 0.04187649, 0.11025244, 0.106165074, 0.14813426, 0.12410047, 0.17246789, 0.09471493, 0.050623816, 0.15720865], "var": [1.0, 1.0, 1.0, 1.0, 1.0, 1.0, 1.0, 1.0, 1.0, 1.0, 1.0, 1.0, 1.0, 0.96, 0.96, 0.96, 0.96, 0.94, 0.94, 0.94, 0.94, 0.94, 0.94, 0.9, 0.9, 0.92, 0.9, 0.9, 0.9, 0.86, 0.86, 0.86, 0.86, 0.86, 0.86, 0.82, 0.78, 0.78, 0.74, 0.7, 0.68, 0.68, 0.68, 0.66, 0.66, 0.62, 0.6, 0.56, 0.56, 0.52], "best": [0.3555556, 0.40000004, 0.39242196, 0.39470905, 0.382878, 0.3868839, 0.38930756, 0.3898235, 0.38710806, 0.3877584, 0.3865848, 0.38841552, 0.38802314, 0.38992107, 0.39356345, 0.39547455, 0.3958705, 0.3984484, 0.40040803, 0.4014286, 0.40205508, 0.3967971, 0.40606675, 0.4005363, 0.40628293, 0.4044184, 0.40797082, 0.40827668, 0.4092064, 0.40996265, 0.41192302, 0.41346806, 0.4146849, 0.41478574, 0.41556263, 0.41763043, 0.41889557, 0.42110276, 0.42330596, 0.4251734, 0.42664564, 0.42871642, 0.4312936, 0.43416202, 0.43685642, 0.4383029, 0.44088948, 0.4437343, 0.44583076, 0.44792914], "duration": [2002, 6126, 3778, 1968, 2075, 4129, 3858, 1974, 3778, 5731, 7609, 3782, 5733, 2012, 2264, 1935, 5762, 7930, 3899, 2285, 3847, 4464, 1911, 2024, 4178, 3856, 1925, 6199, 1986, 3837, 1948, 2331, 1971, 1966, 3885, 6433, 3864, 1968, 1973, 3831, 1939, 1955, 1956, 1938, 1935, 1955, 1925, 3845, 1931, 1915]}