{"avg": [0.17863248, 0.20580384, 0.2026644, 0.24624321, 0.21714436, 0.25548342, 0.2588174, 0.28927386, 0.2831095, 0.31201547, 0.3770857, 0.33261362, 0.351711, 0.4152086, 0.38356185, 0.42126065, 0.43126756, 0.46057987, 0.47897726, 0.48383528, 0.49867657, 0.5347177, 0.514609, 0.53878903, 0.5384578, 0.5255493, 0.5571942, 0.5636442, 0.58560616, 0.5681197, 0.57666427, 0.58409005, 0.5902407, 0.6030286, 0.6061231, 0.61759883, 0.607554, 0.6103858, 0.616352, 0.6204147, 0.6178536, 0.6201562, 0.62574506, 0.6242905, 0.6310587, 0.63203347, 0.6373036, 0.639178, 0.6400961, 0.63976675], "std": [0.07363336, 0.08677951, 0.10211421, 0.09069012, 0.0657078, 0.10494778, 0.10664965, 0.10693601, 0.11966596, 0.10874952, 0.10247547, 0.11910933, 0.1208709, 0.07390284, 0.09168753, 0.0793909, 0.08173572, 0.04709758, 0.051380076, 0.0632284, 0.048437968, 0.027000103, 0.05247257, 0.042152785, 0.074592814, 0.081415586, 0.050715726, 0.049649447, 0.015354752, 0.04093797, 0.04383121, 0.030727277, 0.039601326, 0.014803844, 0.014803844, 0.023406958, 5.9604645e-08, 5.9604645e-08, 0.013447835, 0.015354734, 5.9604645e-08, 0.0, 0.013857966, 5.9604645e-08, 0.015354737, 0.014307734, 0.01888527, 0.018885247, 0.017899418, 0.014803842], "var": [0.96, 0.92, 0.92, 0.92, 0.96, 0.88, 0.8, 0.72, 0.72, 0.64, 0.56, 0.56, 0.48, 0.4, 0.36, 0.32, 0.28, 0.28, 0.28, 0.28, 0.28, 0.28, 0.28, 0.2, 0.2, 0.16, 0.12, 0.08, 0.08, 0.08, 0.08, 0.08, 0.04, 0.04, 0.04, 0.04, 0.04, 0.04, 0.04, 0.04, 0.04, 0.04, 0.04, 0.04, 0.04, 0.04, 0.04, 0.04, 0.04, 0.04], "best": [0.2888889, 0.42173386, 0.48180273, 0.48095238, 0.33024693, 0.4860029, 0.43485963, 0.4435128, 0.45383602, 0.46042246, 0.52161974, 0.47677532, 0.5372294, 0.48698238, 0.49694878, 0.54294914, 0.566538, 0.51769674, 0.52466726, 0.5329471, 0.5390488, 0.5450968, 0.5517585, 0.5569837, 0.6186769, 0.623399, 0.6269666, 0.631935, 0.6365322, 0.5848325, 0.6442664, 0.59261215, 0.6517113, 0.65431064, 0.6574052, 0.6603339, 0.6075541, 0.6103857, 0.66843534, 0.6713406, 0.61785364, 0.6201562, 0.6775968, 0.6242906, 0.68198454, 0.68362087, 0.68545187, 0.687326, 0.68911564, 0.69104874], "duration": [3869, 4042, 3440, 3679, 3118, 3408, 3289, 5077, 4654, 4203, 3825, 3452, 4340, 3067, 3507, 6288, 3734, 4131, 5562, 4204, 3613, 3390, 2973, 3828, 6368, 3449, 3529, 4546, 3782, 2983, 4146, 4249, 3667, 3550, 3610, 3511, 3654, 3650, 5428, 3613, 3569, 3455, 4602, 4762, 3370, 3645, 5422, 4850, 4179, 4142]}