{"avg": [0.16319445, 0.16840278, 0.18320225, 0.20154047, 0.21031748, 0.21470715, 0.21749957, 0.22665866, 0.2355639, 0.23348342, 0.20913965, 0.23430207, 0.23275912, 0.24601194, 0.24802177, 0.25081152, 0.24966732, 0.27703497, 0.2814939, 0.30125505, 0.30058414, 0.2936057, 0.31250483, 0.33534414, 0.28668204, 0.3308878, 0.29946226, 0.31477523, 0.31996423, 0.34661582, 0.31938598, 0.38964942, 0.35691842, 0.37957245, 0.3886996, 0.39187306, 0.40531978, 0.40364727, 0.38374722, 0.41034204, 0.42675892, 0.41006142, 0.43293747, 0.41224664, 0.3858016, 0.4342491, 0.42124996, 0.46291628, 0.45640254, 0.4433943], "std": [0.090328515, 0.07061215, 0.068268076, 0.08083704, 0.060984164, 0.078438476, 0.06991006, 0.079797335, 0.07016847, 0.095204614, 0.040649515, 0.08682757, 0.096366405, 0.06112433, 0.06326449, 0.07647473, 0.07513261, 0.08244415, 0.052100368, 0.09194889, 0.084909625, 0.07916678, 0.069499016, 0.072577715, 0.07062746, 0.0938043, 0.069266774, 0.08510337, 0.0883267, 0.07070872, 0.072621875, 0.070445195, 0.07216658, 0.069802314, 0.07703911, 0.065984465, 0.06488211, 0.07746958, 0.07221704, 0.06225977, 0.07243355, 0.074081704, 0.062426586, 0.0873869, 0.08727518, 0.060810927, 0.07266857, 0.04510779, 0.05953082, 0.070501804], "var": [1.0, 1.0, 0.96, 0.94, 0.92, 0.88, 0.86, 0.86, 0.84, 0.8, 0.76, 0.74, 0.72, 0.74, 0.74, 0.72, 0.7, 0.72, 0.68, 0.68, 0.68, 0.7, 0.68, 0.66, 0.66, 0.66, 0.64, 0.6, 0.58, 0.58, 0.56, 0.54, 0.54, 0.52, 0.54, 0.52, 0.5, 0.48, 0.46, 0.44, 0.44, 0.4, 0.36, 0.34, 0.32, 0.32, 0.32, 0.3, 0.34, 0.32], "best": [0.3777778, 0.32093257, 0.3216766, 0.40779853, 0.32619047, 0.41188335, 0.416501, 0.4187213, 0.4211726, 0.4226758, 0.2428774, 0.42581704, 0.427445, 0.38126987, 0.4280671, 0.43013814, 0.430333, 0.4324852, 0.38327667, 0.43590808, 0.43880856, 0.43997118, 0.44026062, 0.4430067, 0.44541708, 0.44590968, 0.3863851, 0.44791484, 0.44850293, 0.4541667, 0.4511779, 0.45808616, 0.45544222, 0.4604485, 0.4624685, 0.46684787, 0.46880186, 0.47058973, 0.47361717, 0.4750846, 0.4781342, 0.48143232, 0.48342586, 0.48555654, 0.48723936, 0.48848194, 0.49021354, 0.49201113, 0.4947397, 0.49764103], "duration": [3998, 2564, 4320, 8273, 2092, 3983, 5903, 5883, 4129, 4358, 4000, 5836, 2122, 5985, 3973, 3955, 10113, 3944, 8316, 2016, 3978, 3933, 5875, 2059, 5849, 8392, 3885, 7796, 7781, 5073, 7771, 7829, 7749, 5912, 3900, 5911, 7851, 2085, 3975, 4312, 3923, 5865, 2046, 3983, 2027, 1971, 4304, 3938, 4336, 4260]}