{"avg": [0.3850877, 0.46799847, 0.50208634, 0.5478293, 0.57859594, 0.6102861, 0.63450897, 0.65180343, 0.6727369, 0.6938622, 0.7113624, 0.7287117, 0.74366474, 0.7580467, 0.7621953, 0.77563906, 0.7833519, 0.7901632, 0.795792, 0.8012621, 0.80653614, 0.8108557, 0.81517744, 0.8189243, 0.82243526, 0.8252851, 0.8283445, 0.83097446, 0.83353573, 0.8357489, 0.8380757, 0.8398576, 0.84172094, 0.8435996, 0.84532154, 0.84686613, 0.8483255, 0.84974086, 0.85098475, 0.85216916, 0.85332644, 0.8545114, 0.8555598, 0.8565352, 0.8576601, 0.8585925, 0.85946256, 0.8603593, 0.86119795, 0.86198205], "std": [0.14663827, 0.14887132, 0.141864, 0.11926917, 0.09502967, 0.052785084, 0.0156096015, 0.021742454, 0.021171855, 0.019320797, 0.023028357, 0.020523127, 0.018628497, 1.7881393e-07, 0.024568746, 4.7683716e-07, 0.0, 1.7881393e-07, 1.7881393e-07, 2.9802322e-07, 4.7683716e-07, 2.9802322e-07, 4.7683716e-07, 2.3841858e-07, 2.3841858e-07, 1.1920929e-07, 2.3841858e-07, 1.1920929e-07, 4.172325e-07, 0.0, 5.9604645e-08, 1.1920929e-07, 2.3841858e-07, 5.9604645e-08, 2.9802322e-07, 2.9802322e-07, 5.9604645e-08, 5.9604645e-08, 2.9802322e-07, 5.9604645e-08, 1.1920929e-07, 1.1920929e-07, 4.7683716e-07, 2.3841858e-07, 0.0, 3.5762787e-07, 2.9802322e-07, 5.9604645e-08, 4.172325e-07, 1.7881393e-07], "var": [0.88, 0.76, 0.74, 0.68, 0.58, 0.44, 0.3, 0.22, 0.16, 0.1, 0.06, 0.06, 0.06, 0.06, 0.02, 0.02, 0.02, 0.02, 0.02, 0.02, 0.02, 0.02, 0.02, 0.02, 0.02, 0.02, 0.02, 0.02, 0.02, 0.02, 0.02, 0.02, 0.02, 0.02, 0.02, 0.02, 0.02, 0.02, 0.02, 0.02, 0.02, 0.02, 0.02, 0.02, 0.02, 0.02, 0.02, 0.02, 0.02, 0.02], "best": [0.5666667, 0.59987473, 0.60487956, 0.6127245, 0.62567294, 0.63738453, 0.6495555, 0.6672429, 0.68564063, 0.70202583, 0.7189768, 0.73418754, 0.7466099, 0.7580465, 0.76759386, 0.77563953, 0.7833519, 0.7901634, 0.79579216, 0.8012624, 0.8065366, 0.8108554, 0.81517696, 0.81892455, 0.822435, 0.82528496, 0.82834476, 0.83097434, 0.8335353, 0.8357489, 0.83807576, 0.8398577, 0.8417212, 0.8435997, 0.84532124, 0.84686583, 0.84832555, 0.8497408, 0.85098505, 0.8521691, 0.8533263, 0.8545115, 0.85555935, 0.85653496, 0.8576601, 0.85859215, 0.85946226, 0.8603594, 0.86119753, 0.86198187], "duration": [5343, 5594, 5848, 5624, 5072, 5571, 5510, 6234, 6262, 5836, 5203, 5416, 5615, 5364, 6416, 6837, 5397, 5604, 5541, 6200, 6505, 5363, 6934, 5556, 5383, 6596, 6102, 5405, 5825, 6245, 5596, 6005, 5576, 6427, 6313, 5382, 6161, 5999, 5458, 5831, 5532, 6695, 5601, 6806, 5856, 6142, 10713, 6945, 5825, 7892]}