{"avg": [0.43541667, 0.42885256, 0.43622512, 0.39277935, 0.4778596, 0.43853033, 0.42947674, 0.47703832, 0.44990084, 0.42386428, 0.448438, 0.4873607, 0.50264555, 0.43347782, 0.5490328, 0.48992363, 0.53342706, 0.5463846, 0.5091842, 0.503957, 0.5600689, 0.51239556, 0.5627559, 0.6002365, 0.54055995, 0.6054076, 0.6061042, 0.6386219, 0.6352266, 0.60888207, 0.59962004, 0.606366, 0.58133745, 0.6456949, 0.6611112, 0.6268395, 0.65829057, 0.6535158, 0.66172117, 0.6676395, 0.6699226, 0.6515866, 0.65616906, 0.68111557, 0.69229394, 0.6898354, 0.7037212, 0.6917778, 0.7040655, 0.70765895], "std": [0.14882353, 0.15578632, 0.15381047, 0.14348468, 0.1500691, 0.15708482, 0.15687525, 0.14751053, 0.1532639, 0.15711536, 0.15387675, 0.14986445, 0.14763933, 0.1536971, 0.11985984, 0.14769286, 0.13387528, 0.12437997, 0.14999136, 0.15192047, 0.117079265, 0.14753792, 0.12253566, 0.076746434, 0.1398926, 0.076889046, 0.08479789, 0.0113405185, 0.019628132, 0.08827832, 0.11664703, 0.11269758, 0.13157555, 0.024276003, 0.017425207, 0.09152389, 0.027743913, 0.025475947, 0.02582063, 0.024959454, 0.021693025, 0.101161234, 0.09618721, 0.025138808, 0.013113517, 0.020593248, 0.01176299, 0.034805514, 0.027811388, 0.019275567], "var": [0.98, 0.96, 0.96, 0.96, 0.96, 0.96, 0.92, 0.9, 0.9, 0.92, 0.92, 0.92, 0.92, 0.9, 0.92, 0.92, 0.88, 0.86, 0.84, 0.84, 0.82, 0.8, 0.8, 0.76, 0.72, 0.68, 0.64, 0.6, 0.58, 0.56, 0.54, 0.52, 0.52, 0.5, 0.46, 0.44, 0.42, 0.4, 0.4, 0.38, 0.36, 0.36, 0.36, 0.32, 0.32, 0.28, 0.26, 0.24, 0.24, 0.22], "best": [0.5666667, 0.6098215, 0.61498606, 0.6030813, 0.61103904, 0.61663735, 0.6202381, 0.61322284, 0.62129945, 0.6164204, 0.62111014, 0.620479, 0.6214664, 0.6226891, 0.6251083, 0.62619054, 0.6244095, 0.6306879, 0.6321638, 0.6348413, 0.6363513, 0.6396778, 0.63611686, 0.6440314, 0.64703166, 0.64921844, 0.6523117, 0.654673, 0.65937877, 0.66263103, 0.66482437, 0.6677963, 0.671485, 0.6735592, 0.67611086, 0.6802894, 0.68232495, 0.6855109, 0.68777096, 0.69008195, 0.6935509, 0.6966164, 0.6989776, 0.7015873, 0.7042899, 0.70748115, 0.7102771, 0.7140682, 0.7163625, 0.719183], "duration": [1121, 1267, 1278, 1083, 1091, 1088, 1260, 1087, 1086, 1077, 1088, 1084, 1268, 1103, 1275, 1272, 1261, 1085, 1090, 1084, 1122, 1083, 1081, 1272, 1414, 1089, 1095, 1093, 1100, 1103, 1100, 1097, 1267, 1095, 1089, 1087, 1088, 1276, 1088, 1520, 1269, 1089, 1097, 1088, 1131, 1086, 1120, 1084, 1085, 1263]}