{"avg": [0.12000001, 0.18963587, 0.16738041, 0.180127, 0.19182801, 0.2239841, 0.21311058, 0.18942101, 0.2090632, 0.24935766, 0.26489815, 0.25192872, 0.2074262, 0.20294511, 0.28579777, 0.27785513, 0.2577704, 0.3053085, 0.2732489, 0.27557462, 0.28966707, 0.3017265, 0.32550186, 0.29439598, 0.3396262, 0.29554316, 0.32718953, 0.3604213, 0.34134284, 0.35009205, 0.3416281, 0.37634167, 0.38332537, 0.3609688, 0.39546713, 0.37990975, 0.39470193, 0.40743, 0.37880033, 0.37718093, 0.34733915, 0.38084573, 0.36557394, 0.44650155, 0.4344746, 0.4108432, 0.44644603, 0.43223128, 0.43528417, 0.43413994, 0.45507872, 0.46504602, 0.43849033, 0.47483343, 0.4760947, 0.46485576, 0.47757563, 0.48616296, 0.4656539, 0.47373813, 0.4720632, 0.4654637, 0.50144297, 0.49993068, 0.5051814, 0.50712615, 0.51324564, 0.508971, 0.5142098, 0.4944434, 0.52217966, 0.5206515, 0.52196735, 0.5286545, 0.51585656], "std": [0.097979605, 0.15820935, 0.12749124, 0.130736, 0.12823874, 0.121446945, 0.13710254, 0.13549988, 0.1272837, 0.1473219, 0.12002709, 0.11141558, 0.13488534, 0.12485784, 0.09171126, 0.09697508, 0.111398466, 0.10023139, 0.10209075, 0.12257223, 0.097779766, 0.09847665, 0.09479807, 0.10362723, 0.09536756, 0.12530644, 0.09836715, 0.08174726, 0.09522686, 0.09259572, 0.13352676, 0.07680141, 0.0761735, 0.0969981, 0.07808785, 0.09294186, 0.08407028, 0.07810644, 0.09930947, 0.096411794, 0.13665915, 0.12651102, 0.107116506, 0.011463282, 0.06062363, 0.09148247, 0.041814253, 0.06796871, 0.0774821, 0.07492197, 0.05166736, 0.012845707, 0.08554699, 0.019253748, 0.020207103, 0.06892995, 0.024572516, 0.008167469, 0.06345777, 0.04777707, 0.06552054, 0.08136562, 0.0062090964, 0.0112842005, 0.007772247, 0.0139152035, 0.0, 0.015862497, 0.014722056, 0.07866094, 0.0, 0.015028474, 0.0125736855, 0.0, 0.040965557], "var": [0.96, 0.92, 0.9, 0.9, 0.92, 0.92, 0.9, 0.9, 0.9, 0.9, 0.88, 0.86, 0.84, 0.8, 0.82, 0.78, 0.74, 0.7, 0.66, 0.64, 0.6, 0.58, 0.56, 0.54, 0.52, 0.5, 0.48, 0.48, 0.46, 0.46, 0.46, 0.44, 0.44, 0.42, 0.4, 0.38, 0.4, 0.38, 0.36, 0.34, 0.32, 0.3, 0.3, 0.28, 0.26, 0.24, 0.24, 0.22, 0.22, 0.2, 0.18, 0.18, 0.18, 0.16, 0.16, 0.16, 0.16, 0.16, 0.14, 0.14, 0.12, 0.12, 0.12, 0.1, 0.1, 0.1, 0.1, 0.1, 0.1, 0.08, 0.08, 0.08, 0.08, 0.08, 0.08], "best": [0.3555556, 0.40000004, 0.39796633, 0.38174608, 0.39291823, 0.39383167, 0.39264834, 0.39516598, 0.39618295, 0.394791, 0.39665356, 0.39617184, 0.3961342, 0.39677805, 0.39911497, 0.39849412, 0.4021228, 0.40254572, 0.40402195, 0.4049383, 0.40613186, 0.40764794, 0.40912703, 0.4113757, 0.41282544, 0.41644254, 0.41769266, 0.4188066, 0.42193204, 0.423233, 0.4252727, 0.42698416, 0.429187, 0.4316643, 0.4332685, 0.43585354, 0.43761268, 0.44093728, 0.44469374, 0.44679368, 0.4478455, 0.44999278, 0.45270982, 0.45405623, 0.45755273, 0.4609599, 0.4631669, 0.4659481, 0.4687205, 0.47154373, 0.47403845, 0.47687078, 0.4784712, 0.48064694, 0.48395598, 0.4867924, 0.4893779, 0.49161002, 0.49417025, 0.49616084, 0.4981637, 0.50088173, 0.5031025, 0.5057096, 0.50782907, 0.51084507, 0.51324564, 0.51555026, 0.51814437, 0.52034086, 0.52217966, 0.52453184, 0.5266943, 0.5286545, 0.5305556], "duration": [1973, 2230, 2184, 1839, 1854, 1923, 1968, 1958, 1924, 2202, 1971, 1935, 1857, 2187, 2569, 1869, 1933, 1870, 1929, 2194, 1896, 1883, 2219, 1896, 2246, 2026, 2219, 1902, 1911, 1916, 2214, 1977, 1896, 1904, 1913, 2210, 2220, 2224, 2264, 1906, 1918, 1907, 1912, 1911, 2554, 2275, 1897, 1931, 1927, 1899, 1898, 1913, 1891, 1909, 1911, 1904, 1915, 2941, 1897, 1899, 2219, 2232, 1943, 1913, 2260, 1897, 1901, 2303, 1950, 1909, 1920, 1912, 1914, 1915, 1931]}