{"avg": [0.1030303, 0.15209237, 0.116204284, 0.23011065, 0.24800456, 0.17306471, 0.23310931, 0.24073362, 0.14692655, 0.12953201, 0.18904398, 0.20897567, 0.23574822, 0.29904366, 0.24289633, 0.18469775, 0.16354452, 0.22997722, 0.24305455, 0.18061727, 0.28764737, 0.2770677, 0.27387866, 0.23518732, 0.18995388, 0.3675636, 0.3371528, 0.25445098, 0.27171066, 0.27587247, 0.24524543, 0.35221115, 0.27587026, 0.3043739, 0.2901974, 0.24775957, 0.30502445, 0.42670244, 0.3110279, 0.38104877, 0.4351336, 0.35380965, 0.36736724, 0.35064006, 0.39876816, 0.36423773, 0.40701365, 0.3338257, 0.44250357, 0.4484323], "std": [0.07886555, 0.14341354, 0.09579515, 0.14352372, 0.11021236, 0.105467096, 0.14697011, 0.15360759, 0.086205855, 0.08502866, 0.08155854, 0.095195614, 0.10726557, 0.16386327, 0.13387896, 0.12729251, 0.1350798, 0.09911012, 0.12953743, 0.0710283, 0.17614608, 0.16038385, 0.19523178, 0.10523986, 0.15089758, 0.16797893, 0.17500894, 0.14436539, 0.15609507, 0.21281785, 0.18345557, 0.16952077, 0.16370684, 0.1545526, 0.17865407, 0.1405478, 0.14678934, 0.13869822, 0.20244202, 0.19722489, 0.16088721, 0.18372577, 0.18329425, 0.1534917, 0.19118033, 0.17696953, 0.1475831, 0.23040602, 0.14661162, 0.1915222], "var": [1.0, 0.98, 0.98, 0.96, 0.96, 0.94, 0.94, 0.94, 0.92, 0.9, 0.88, 0.88, 0.86, 0.86, 0.84, 0.82, 0.82, 0.8, 0.78, 0.76, 0.76, 0.74, 0.74, 0.72, 0.72, 0.72, 0.74, 0.72, 0.7, 0.68, 0.68, 0.68, 0.68, 0.68, 0.7, 0.68, 0.66, 0.68, 0.66, 0.66, 0.66, 0.66, 0.66, 0.66, 0.66, 0.64, 0.66, 0.66, 0.66, 0.64], "best": [0.20000002, 0.5349207, 0.21863356, 0.54502165, 0.52698416, 0.39218563, 0.54336923, 0.5461819, 0.229972, 0.19801997, 0.3778075, 0.38521662, 0.5351038, 0.53697616, 0.5440661, 0.5390359, 0.39209092, 0.5358167, 0.5364919, 0.2381636, 0.5465511, 0.5490184, 0.5498639, 0.5436826, 0.5504884, 0.54722375, 0.553203, 0.54992396, 0.5506097, 0.55493885, 0.54737484, 0.55617154, 0.55365264, 0.5585968, 0.55543053, 0.5510659, 0.55598295, 0.5602183, 0.5582656, 0.55890024, 0.5603913, 0.5660934, 0.5650235, 0.5640041, 0.56539685, 0.56691164, 0.56741875, 0.5682257, 0.5697763, 0.57381564], "duration": [1566, 3184, 1241, 3231, 5139, 1346, 5505, 3244, 1341, 1216, 1327, 1326, 3237, 7418, 3330, 3177, 1283, 3232, 3237, 1292, 5164, 7086, 7071, 3582, 3158, 9005, 9363, 3218, 5129, 8991, 5136, 8998, 5159, 7076, 9301, 3214, 5136, 9008, 7095, 9005, 11274, 9002, 8996, 7086, 7077, 8996, 7086, 8992, 9011, 9011]}