{"avg": [0.31111115, 0.38276142, 0.3984297, 0.41375348, 0.3968459, 0.39097464, 0.4455736, 0.43763733, 0.4373334, 0.4343021, 0.48186535, 0.42302918, 0.4874332, 0.47441292, 0.45462304, 0.4508669, 0.5079019, 0.45663017, 0.49321657, 0.50740224, 0.48339224, 0.5011555, 0.4984563, 0.51436156, 0.5029467, 0.5115275, 0.51595217, 0.48053217, 0.54238945, 0.5334358, 0.5139276, 0.51794076, 0.52223325, 0.513356, 0.55412847, 0.5503643, 0.5604778, 0.5609147, 0.5440497, 0.5514804, 0.5646621, 0.56429577, 0.5715968, 0.5681497, 0.5739438, 0.58008164, 0.5824381, 0.5826918, 0.5758546, 0.5822654], "std": [0.103934936, 0.124753766, 0.13013017, 0.14666805, 0.15061711, 0.13178182, 0.11639465, 0.108194895, 0.109827906, 0.10701767, 0.106077224, 0.10873312, 0.078501575, 0.088131316, 0.14290819, 0.116915636, 0.06779745, 0.14448704, 0.14181885, 0.077536084, 0.09431359, 0.084363826, 0.080065124, 0.101206504, 0.08518821, 0.14199348, 0.07850177, 0.1575422, 0.041198865, 0.09037758, 0.13373691, 0.10620309, 0.075333305, 0.13980456, 0.013699535, 0.051316872, 0.014147655, 0.0137802465, 0.05866287, 0.058046885, 0.014900893, 0.015362371, 0.015468171, 0.01592404, 0.01557004, 0.011372169, 0.013555267, 0.016109746, 0.01864641, 0.0206669], "var": [1.0, 1.0, 1.0, 1.0, 1.0, 1.0, 1.0, 0.96, 0.96, 0.96, 0.96, 0.96, 0.96, 0.96, 0.96, 0.96, 0.94, 0.94, 0.94, 0.94, 0.94, 0.94, 0.92, 0.92, 0.92, 0.92, 0.94, 0.94, 0.94, 0.9, 0.9, 0.86, 0.86, 0.86, 0.86, 0.84, 0.84, 0.84, 0.84, 0.84, 0.84, 0.84, 0.8, 0.76, 0.78, 0.76, 0.76, 0.76, 0.76, 0.78], "best": [0.51111114, 0.5349207, 0.5406927, 0.5468254, 0.54806924, 0.5450833, 0.54876906, 0.5502268, 0.55166173, 0.54318786, 0.5507444, 0.5475018, 0.54738057, 0.5466545, 0.54857147, 0.5508266, 0.55097824, 0.5530819, 0.5522441, 0.5545147, 0.55367064, 0.5571712, 0.55717885, 0.55840755, 0.5606473, 0.55878943, 0.5620498, 0.5637456, 0.5642574, 0.5651818, 0.56663376, 0.5689683, 0.5699646, 0.5710175, 0.5733654, 0.57467407, 0.5772991, 0.57909256, 0.5802684, 0.5800938, 0.58138466, 0.5828674, 0.5858091, 0.58643264, 0.58784586, 0.59218955, 0.5949635, 0.5976392, 0.5996089, 0.6006423], "duration": [24567, 26761, 30681, 25151, 26741, 26715, 27031, 27152, 26749, 27022, 27043, 26977, 26829, 31672, 29448, 28400, 34757, 31526, 27251, 27259, 27139, 27155, 31518, 27163, 31660, 27189, 29185, 27188, 31784, 27228, 40005, 27206, 27227, 27171, 27208, 27958, 27134, 27266, 27907, 28099, 27196, 27233, 32970, 27517, 31740, 27210, 27486, 27228, 27156, 31800]}