{"avg": [0.15955557, 0.1610254, 0.18155399, 0.18844765, 0.18933971, 0.19792575, 0.21375716, 0.23480046, 0.22570916, 0.2371545, 0.255034, 0.26701555, 0.27545476, 0.2822203, 0.2788864, 0.30239496, 0.29369247, 0.31168252, 0.29471585, 0.31971216, 0.3118676, 0.31193793, 0.3139807, 0.3213879, 0.33387187, 0.32322416, 0.3376999, 0.3316787, 0.35002562, 0.34347007, 0.32414734, 0.35537434, 0.3503407, 0.36168918, 0.35064316, 0.35780692, 0.36910632, 0.3800317, 0.35986698, 0.39666295, 0.4073214, 0.42740646, 0.42573425, 0.4355339, 0.41148072, 0.42818114, 0.45495337, 0.4747294, 0.47557464, 0.49702245], "std": [0.111969136, 0.12676084, 0.12892948, 0.13812742, 0.14274994, 0.12582505, 0.14141685, 0.13404426, 0.13570382, 0.12960064, 0.12165286, 0.11764311, 0.11923298, 0.11956381, 0.12074754, 0.114477314, 0.1097759, 0.09726739, 0.10247606, 0.08905046, 0.09748754, 0.098846324, 0.105852306, 0.08667977, 0.08963818, 0.09419881, 0.08220187, 0.09517804, 0.06422653, 0.069213, 0.088884726, 0.058616534, 0.07664861, 0.081012644, 0.08433385, 0.08668229, 0.07523997, 0.083804235, 0.094964944, 0.105379544, 0.09275217, 0.08476854, 0.11530067, 0.098393686, 0.13623816, 0.14141674, 0.10404713, 0.105423264, 0.12155993, 0.103093006], "var": [1.0, 0.96, 0.94, 0.9, 0.86, 0.84, 0.8, 0.76, 0.74, 0.7, 0.7, 0.7, 0.68, 0.66, 0.66, 0.66, 0.64, 0.6, 0.58, 0.6, 0.58, 0.58, 0.56, 0.58, 0.58, 0.62, 0.62, 0.6, 0.62, 0.62, 0.62, 0.62, 0.62, 0.66, 0.66, 0.66, 0.62, 0.6, 0.6, 0.58, 0.58, 0.56, 0.54, 0.52, 0.5, 0.5, 0.48, 0.44, 0.44, 0.42], "best": [0.3555556, 0.38269845, 0.38269845, 0.38285717, 0.38317463, 0.3830794, 0.38611114, 0.38712022, 0.3878175, 0.38825402, 0.38874608, 0.38919196, 0.38980162, 0.3903175, 0.39116785, 0.3927937, 0.39415678, 0.39544356, 0.39669317, 0.3978363, 0.39286512, 0.3978685, 0.4001227, 0.40075228, 0.39928573, 0.39976513, 0.40308306, 0.40379193, 0.40446717, 0.40512866, 0.40558735, 0.4060164, 0.5674504, 0.568254, 0.5589683, 0.56984586, 0.57063496, 0.5714715, 0.57243943, 0.57356536, 0.5747659, 0.5761518, 0.5776871, 0.57931715, 0.5811436, 0.58309, 0.5855936, 0.5876968, 0.58974206, 0.59190804], "duration": [9695, 9903, 11313, 11530, 11673, 11619, 9584, 10866, 11746, 9356, 11808, 12477, 12427, 14652, 13290, 13444, 14850, 15746, 13625, 15402, 16015, 17353, 15368, 18302, 18755, 18816, 15169, 14477, 15758, 16403, 14576, 15711, 16142, 15048, 16224, 16345, 14689, 14671, 14624, 13533, 13601, 13342, 12069, 12404, 10633, 10282, 10439, 10558, 10400, 9508]}