{"avg": [0.15866672, 0.19640955, 0.20157465, 0.20762223, 0.2122516, 0.21503428, 0.2195968, 0.2248553, 0.23302782, 0.23696084, 0.23854162, 0.24367824, 0.24608648, 0.24971186, 0.25055835, 0.2529696, 0.25173926, 0.25075355, 0.25786984, 0.26059452, 0.26278937, 0.2651374, 0.26619682, 0.2669326, 0.2712099, 0.27929246, 0.2800713, 0.27975342, 0.28759673, 0.29045713, 0.29260626, 0.2973665, 0.29954016, 0.30057347, 0.30144402, 0.3061158, 0.30879506, 0.31470603, 0.31557533, 0.3155094, 0.31968263, 0.32315734, 0.3339725, 0.33750314, 0.33642828, 0.33851638, 0.35066465, 0.35717735, 0.3581157, 0.36292], "std": [0.078851014, 0.079212286, 0.07436405, 0.071392745, 0.068928994, 0.06535195, 0.06474398, 0.060228527, 0.062005505, 0.058555983, 0.068548456, 0.059336882, 0.059344623, 0.057561863, 0.057255957, 0.056985177, 0.05957783, 0.05932716, 0.06417838, 0.061132926, 0.06096262, 0.0606747, 0.06023893, 0.059956666, 0.06287864, 0.06780361, 0.06760296, 0.065446265, 0.06852265, 0.06784762, 0.06725808, 0.0688972, 0.06827033, 0.06789055, 0.067667745, 0.067606665, 0.0716518, 0.069369115, 0.06922412, 0.06785034, 0.06804702, 0.07163949, 0.07506912, 0.07692239, 0.078414984, 0.07427868, 0.079054065, 0.07963424, 0.07470327, 0.077977516], "var": [0.98, 0.94, 0.92, 0.9, 0.88, 0.88, 0.84, 0.8, 0.8, 0.8, 0.76, 0.74, 0.7, 0.72, 0.7, 0.72, 0.7, 0.66, 0.66, 0.64, 0.66, 0.62, 0.6, 0.6, 0.58, 0.58, 0.56, 0.56, 0.54, 0.52, 0.52, 0.52, 0.52, 0.5, 0.48, 0.46, 0.48, 0.44, 0.42, 0.4, 0.44, 0.4, 0.42, 0.42, 0.42, 0.42, 0.44, 0.48, 0.48, 0.44], "best": [0.3777778, 0.408254, 0.408254, 0.40841272, 0.4087302, 0.40892068, 0.4089683, 0.4090023, 0.40914688, 0.40989423, 0.41034925, 0.4107648, 0.4111905, 0.41147745, 0.4117914, 0.41203177, 0.41221234, 0.41242766, 0.41253972, 0.41266504, 0.4127778, 0.41287985, 0.41299427, 0.41309872, 0.41323417, 0.41360638, 0.41444448, 0.4152205, 0.4159751, 0.41669407, 0.41757149, 0.41839224, 0.4195189, 0.42057723, 0.42162937, 0.42259413, 0.4237831, 0.42506224, 0.42627406, 0.42742372, 0.428504, 0.49676347, 0.49722221, 0.49795866, 0.4986616, 0.49933332, 0.5009489, 0.50177646, 0.50174606, 0.50362164], "duration": [8140, 8083, 7449, 8071, 8076, 7412, 7498, 8078, 8058, 8103, 8085, 7431, 7459, 8206, 8430, 8853, 8759, 8094, 9347, 9393, 10673, 11551, 11566, 11640, 11629, 11620, 11623, 10661, 11346, 11372, 11663, 11003, 11655, 11648, 11941, 11055, 10702, 11008, 10981, 10323, 10997, 11025, 12340, 12921, 12304, 11631, 13708, 15248, 13284, 12916]}