{"avg": [0.15111114, 0.17982857, 0.1937873, 0.18744762, 0.19877066, 0.19532762, 0.20297621, 0.19964717, 0.22387344, 0.2323535, 0.23318572, 0.22652844, 0.23921907, 0.25033388, 0.2550687, 0.25980252, 0.2641123, 0.26140764, 0.2672328, 0.26359233, 0.26841238, 0.27603492, 0.28032696, 0.27532825, 0.27567855, 0.28491214, 0.29914156, 0.30727518, 0.31532124, 0.31598142, 0.31410637, 0.30989376, 0.32210556, 0.32726005, 0.32454845, 0.32597256, 0.33317253, 0.33794892, 0.3380983, 0.34432802, 0.3519007, 0.36160815, 0.36779118, 0.37765515, 0.3830471, 0.3883172, 0.39049366, 0.40020257, 0.41141716, 0.41025165], "std": [0.123007596, 0.11638834, 0.12053445, 0.120748304, 0.12730975, 0.13050753, 0.12443448, 0.12768024, 0.10573146, 0.10920821, 0.10916374, 0.11807112, 0.098956205, 0.11873923, 0.13144429, 0.12660106, 0.12167379, 0.13240285, 0.11243412, 0.12801501, 0.12906028, 0.12860842, 0.12931287, 0.12400552, 0.13028674, 0.118646584, 0.12493857, 0.12533802, 0.124920905, 0.13150162, 0.112984605, 0.13162698, 0.118085384, 0.11711366, 0.12439472, 0.11703849, 0.1217769, 0.12106481, 0.12183122, 0.11565458, 0.11822813, 0.11427583, 0.11723963, 0.112115204, 0.10966194, 0.10690365, 0.10536245, 0.09934014, 0.09618844, 0.094121166], "var": [0.96, 0.96, 0.94, 0.94, 0.94, 0.92, 0.9, 0.9, 0.88, 0.88, 0.84, 0.84, 0.82, 0.82, 0.78, 0.76, 0.76, 0.72, 0.72, 0.74, 0.76, 0.74, 0.76, 0.72, 0.74, 0.72, 0.7, 0.66, 0.64, 0.62, 0.62, 0.64, 0.64, 0.62, 0.62, 0.64, 0.62, 0.6, 0.6, 0.58, 0.6, 0.64, 0.62, 0.6, 0.58, 0.58, 0.56, 0.54, 0.5, 0.52], "best": [0.51111114, 0.54063493, 0.54063493, 0.5409524, 0.5411111, 0.5427302, 0.5438889, 0.5449207, 0.54206353, 0.54693127, 0.5477302, 0.54842716, 0.54464287, 0.5500489, 0.5509751, 0.5519683, 0.5528671, 0.5535761, 0.55428576, 0.5549457, 0.5555635, 0.55616784, 0.5567172, 0.5571981, 0.5576191, 0.5580064, 0.55845547, 0.5588536, 0.55915534, 0.55943626, 0.55965084, 0.55983615, 0.55999506, 0.5615585, 0.5603548, 0.5605533, 0.56068784, 0.56081516, 0.56087303, 0.5609402, 0.561004, 0.5611228, 0.5612699, 0.5614655, 0.56164145, 0.56180954, 0.56196, 0.5620939, 0.5622322, 0.5624134], "duration": [7250, 6744, 7258, 7236, 7882, 8132, 8133, 7847, 7235, 7859, 7865, 7864, 7205, 8501, 9149, 9179, 9182, 9212, 7950, 8563, 9208, 9174, 9184, 8568, 8594, 8517, 9202, 9219, 9205, 9213, 7303, 8036, 8029, 7904, 7947, 8588, 8550, 8661, 8559, 8094, 8823, 8647, 9293, 9240, 9286, 9268, 9287, 9317, 9965, 9310]}