{"avg": [0.4431373, 0.48681837, 0.4983019, 0.4940635, 0.4457614, 0.48100895, 0.5118073, 0.51087236, 0.53553814, 0.53922045, 0.5405093, 0.54616445, 0.56189007, 0.530275, 0.54987985, 0.56434596, 0.54493237, 0.5689415, 0.5919155, 0.59050727, 0.5757928, 0.5899695, 0.62326866, 0.60380423, 0.59854317, 0.59111035, 0.60739315, 0.6296938, 0.5939054, 0.62286764, 0.649016, 0.64794195, 0.65568894, 0.6547875, 0.6484478, 0.66748315, 0.6634506, 0.66154313, 0.6705042, 0.6790941, 0.68437207, 0.6872048, 0.6801194, 0.69116044, 0.6904853, 0.6892607, 0.6987273, 0.7034272, 0.7193596, 0.72208804], "std": [0.14764592, 0.14516902, 0.13935679, 0.14291893, 0.1523573, 0.14885095, 0.1372251, 0.13632715, 0.12088096, 0.121770956, 0.121131204, 0.12060977, 0.10590402, 0.13304606, 0.12079372, 0.11111434, 0.12323222, 0.101308934, 0.07560269, 0.07493976, 0.10336988, 0.083538085, 0.012075181, 0.07747096, 0.08435419, 0.11695334, 0.07975806, 0.021027897, 0.10818697, 0.083168164, 0.01725835, 0.022868434, 0.021896515, 0.021807957, 0.03004368, 0.022307182, 0.028897397, 0.034465697, 0.027092203, 0.024804046, 0.02260776, 0.026989084, 0.035992887, 0.034651157, 0.034885596, 0.037047163, 0.031437308, 0.023482949, 0.0064365747, 0.013180313], "var": [1.0, 1.0, 0.96, 0.94, 0.92, 0.9, 0.86, 0.82, 0.82, 0.8, 0.8, 0.78, 0.78, 0.74, 0.74, 0.72, 0.72, 0.7, 0.66, 0.66, 0.66, 0.64, 0.62, 0.6, 0.62, 0.6, 0.58, 0.56, 0.52, 0.5, 0.48, 0.46, 0.44, 0.42, 0.4, 0.38, 0.38, 0.36, 0.36, 0.34, 0.32, 0.3, 0.3, 0.3, 0.26, 0.22, 0.2, 0.2, 0.2, 0.18], "best": [0.5666667, 0.61288524, 0.60168076, 0.6014286, 0.6051283, 0.60464144, 0.6070176, 0.6035399, 0.60472447, 0.60724354, 0.60752505, 0.6137507, 0.61723125, 0.6177034, 0.6197641, 0.6245738, 0.62771916, 0.61951864, 0.624959, 0.6304173, 0.63295126, 0.63250947, 0.63735753, 0.6404762, 0.64400154, 0.64763093, 0.6501999, 0.6527431, 0.65542096, 0.6583283, 0.6625949, 0.6665131, 0.67050785, 0.6746454, 0.67793894, 0.68024284, 0.68475866, 0.68802243, 0.69072896, 0.6936251, 0.6979003, 0.70128214, 0.70480484, 0.707499, 0.7107519, 0.7133641, 0.7157379, 0.71872807, 0.72170985, 0.72561055], "duration": [1474, 1244, 1254, 1254, 1255, 1253, 1359, 1285, 1339, 1448, 1469, 1284, 1272, 1256, 1233, 1268, 1263, 1450, 1453, 1458, 1389, 1214, 1246, 1681, 1247, 1247, 1238, 1254, 1470, 1438, 1233, 1257, 1423, 1218, 1256, 1687, 1264, 1214, 1230, 1426, 1220, 1230, 1285, 1279, 1297, 1226, 1243, 1444, 1433, 1446]}