{"avg": [0.13333334, 0.17657435, 0.18524747, 0.23240505, 0.16609979, 0.2216026, 0.23642267, 0.2256128, 0.24544328, 0.26453325, 0.2376059, 0.2932688, 0.22640598, 0.23129453, 0.22283112, 0.28175732, 0.33616543, 0.31578484, 0.30943108, 0.26252237, 0.29102418, 0.32361528, 0.345082, 0.33872035, 0.35119087, 0.3432342, 0.37777779, 0.4102729, 0.40799117, 0.37850347, 0.3573211, 0.40826413, 0.3885954, 0.4341677, 0.40098512, 0.44362354, 0.47061366, 0.458558, 0.48640326, 0.50207263, 0.48227736, 0.49253258, 0.45872092, 0.46531323, 0.49586856, 0.5455589, 0.55372894, 0.5324458, 0.5379905, 0.5335863], "std": [0.06331441, 0.0958014, 0.10890665, 0.10356161, 0.13857631, 0.11193528, 0.1255564, 0.13427553, 0.121661365, 0.15438, 0.1355607, 0.108731106, 0.13457952, 0.09454099, 0.12537232, 0.1232361, 0.11057614, 0.107763425, 0.121311486, 0.14382957, 0.09042587, 0.1233106, 0.12608714, 0.096008554, 0.13406375, 0.1316399, 0.07473312, 0.092531994, 0.122982726, 0.14825612, 0.10665399, 0.09323713, 0.12964693, 0.10945487, 0.10585396, 0.10177395, 0.10667204, 0.10611715, 0.115259856, 0.088694915, 0.10626635, 0.084987335, 0.07349482, 0.1248409, 0.13177107, 0.067839555, 0.06821034, 0.0980695, 0.085160755, 0.111420915], "var": [1.0, 0.98, 0.96, 0.94, 0.94, 0.92, 0.92, 0.92, 0.92, 0.92, 0.92, 0.94, 0.9, 0.88, 0.86, 0.84, 0.86, 0.84, 0.82, 0.8, 0.8, 0.8, 0.78, 0.8, 0.8, 0.8, 0.78, 0.76, 0.74, 0.74, 0.72, 0.72, 0.72, 0.72, 0.7, 0.7, 0.7, 0.72, 0.72, 0.7, 0.66, 0.7, 0.68, 0.66, 0.66, 0.66, 0.62, 0.62, 0.6, 0.56], "best": [0.20000002, 0.37236232, 0.3827665, 0.3876069, 0.37211874, 0.53807616, 0.3890833, 0.54060966, 0.54414916, 0.5474777, 0.5471906, 0.38934118, 0.5468254, 0.38989624, 0.39558932, 0.55105937, 0.55329335, 0.54770726, 0.5487537, 0.54798007, 0.40514612, 0.56068414, 0.5593531, 0.55333686, 0.5566516, 0.55806714, 0.55549395, 0.56012416, 0.5699061, 0.5717551, 0.5741334, 0.5631123, 0.57667017, 0.57799804, 0.5707687, 0.571871, 0.57293975, 0.57600135, 0.58358186, 0.5799985, 0.58942395, 0.59120446, 0.57946867, 0.59548813, 0.5951712, 0.597332, 0.59939104, 0.6013026, 0.6034441, 0.6052642], "duration": [2212, 3788, 3789, 4140, 5687, 7648, 5754, 7766, 7684, 2100, 9550, 11497, 7627, 6066, 5755, 7645, 9621, 3977, 9594, 11515, 9548, 7761, 6294, 7650, 11879, 7785, 7678, 7711, 7921, 4394, 9950, 11522, 4046, 9753, 7773, 4047, 4119, 6001, 6017, 9748, 4197, 7859, 7751, 4136, 5999, 7960, 4170, 10115, 6039, 2331]}