{"avg": [0.16355558, 0.18717462, 0.18402223, 0.18051429, 0.17525238, 0.17725718, 0.16956031, 0.16806167, 0.16652898, 0.16757354, 0.1688197, 0.16410099, 0.16763414, 0.16426618, 0.16267642, 0.1630457, 0.15466073, 0.15717107, 0.15739526, 0.15772665, 0.15938905, 0.15649934, 0.15647416, 0.15451983, 0.149104, 0.15421677, 0.15463589, 0.15426596, 0.15103458, 0.15099433, 0.14920668, 0.14552267, 0.14838031, 0.14702542, 0.14545578, 0.14413345, 0.14764366, 0.14762971, 0.14914379, 0.14945641, 0.15108356, 0.1497096, 0.15205692, 0.150899, 0.14659274, 0.14478539, 0.14317289, 0.14164054, 0.1420153, 0.13932525], "std": [0.09417714, 0.09300008, 0.09206793, 0.08831524, 0.0837156, 0.07694687, 0.07647779, 0.07639095, 0.06983909, 0.06596352, 0.065993235, 0.063783646, 0.06596495, 0.06403527, 0.06596282, 0.06701076, 0.0630562, 0.06327944, 0.06282294, 0.06338105, 0.06327587, 0.06090978, 0.061107963, 0.060773525, 0.06300126, 0.06455981, 0.06473349, 0.06503165, 0.0643487, 0.06441484, 0.064223796, 0.062671475, 0.0593371, 0.064104185, 0.06250553, 0.062032465, 0.06332444, 0.0636654, 0.06406795, 0.06443673, 0.06490094, 0.06256099, 0.0608626, 0.060639434, 0.063357726, 0.06312081, 0.062448215, 0.061279368, 0.06132318, 0.053856205], "var": [0.98, 0.96, 0.96, 0.94, 0.92, 0.92, 0.9, 0.88, 0.9, 0.92, 0.92, 0.92, 0.96, 0.92, 0.9, 0.88, 0.86, 0.84, 0.82, 0.8, 0.8, 0.8, 0.78, 0.78, 0.76, 0.74, 0.72, 0.7, 0.7, 0.68, 0.68, 0.64, 0.66, 0.68, 0.68, 0.68, 0.66, 0.66, 0.66, 0.68, 0.66, 0.64, 0.64, 0.66, 0.68, 0.7, 0.72, 0.72, 0.72, 0.7], "best": [0.3777778, 0.40111116, 0.40111116, 0.3977778, 0.3975, 0.3937143, 0.39380953, 0.3940136, 0.30337304, 0.30338627, 0.30392066, 0.30440116, 0.30476192, 0.30503052, 0.30536282, 0.3151746, 0.30602184, 0.30640525, 0.30679896, 0.30720136, 0.30789685, 0.30850342, 0.30881676, 0.3093099, 0.28714287, 0.28713652, 0.28713065, 0.28716052, 0.2871542, 0.28708267, 0.287127, 0.28715312, 0.2732391, 0.28711402, 0.2870962, 0.28709298, 0.28708997, 0.2870871, 0.2870844, 0.28706962, 0.28703177, 0.23002711, 0.28710887, 0.28716132, 0.28710318, 0.28704762, 0.2869945, 0.28693348, 0.286875, 0.23212506], "duration": [9005, 11863, 11499, 10260, 11188, 12520, 12591, 12281, 13838, 12397, 12999, 11828, 12770, 11595, 11507, 11024, 9385, 10942, 11717, 11217, 11543, 10510, 10509, 11392, 8376, 8630, 8714, 8505, 7897, 9531, 9669, 9719, 10929, 9742, 10440, 9576, 10339, 10399, 11048, 10522, 11347, 10481, 10893, 10402, 10556, 10018, 9777, 9875, 10080, 9431]}