{"avg": [0.1382114, 0.20376255, 0.24473083, 0.27165985, 0.29957536, 0.31853834, 0.32924753, 0.36676234, 0.3781538, 0.40778327, 0.46274522, 0.51400656, 0.522184, 0.5784316, 0.59461606, 0.60551876, 0.6279469, 0.6436268, 0.6535195, 0.65153325, 0.67246395, 0.6728509, 0.6880627, 0.6909048, 0.69257426, 0.7063775, 0.7120757, 0.71311086, 0.71310526, 0.7211168, 0.72548765, 0.73312193, 0.736519, 0.7287828, 0.7390631, 0.7458535, 0.7488595, 0.75156355, 0.7540588, 0.7528621, 0.75503355, 0.7609524, 0.755326, 0.76471704, 0.7626825, 0.7606104, 0.7656841, 0.7713507, 0.7730159, 0.77056473], "std": [0.109143816, 0.10925362, 0.113193505, 0.124748684, 0.1048081, 0.10675536, 0.10634873, 0.098315984, 0.12367592, 0.12146355, 0.12307054, 0.09669313, 0.101551466, 0.05868299, 0.051673926, 0.049763788, 0.036872067, 0.0034716474, 0.0013803642, 0.04246038, 2.3841858e-07, 0.03431127, 1.7881393e-07, 0.023444537, 0.03563178, 3.5762787e-07, 2.9802322e-07, 0.024900187, 0.03517489, 0.025563318, 0.02318287, 5.9604645e-08, 1.7881393e-07, 0.03962848, 0.024286093, 1.7881393e-07, 3.5762787e-07, 2.3841858e-07, 0.0, 0.02344455, 0.023995604, 1.7881393e-07, 0.03312692, 5.9604645e-08, 0.023715258, 0.033508025, 0.025225228, 2.9802322e-07, 0.0, 0.023995595], "var": [0.88, 0.74, 0.68, 0.7, 0.66, 0.56, 0.58, 0.56, 0.62, 0.54, 0.42, 0.36, 0.24, 0.2, 0.16, 0.12, 0.08, 0.06, 0.02, 0.02, 0.02, 0.02, 0.02, 0.02, 0.02, 0.02, 0.02, 0.02, 0.02, 0.02, 0.02, 0.02, 0.02, 0.02, 0.02, 0.02, 0.02, 0.02, 0.02, 0.02, 0.02, 0.02, 0.02, 0.02, 0.02, 0.02, 0.02, 0.02, 0.02, 0.02], "best": [0.3555556, 0.538405, 0.5422903, 0.5465351, 0.5498571, 0.55472267, 0.5567786, 0.5606584, 0.5693122, 0.573603, 0.57726175, 0.58370376, 0.59179896, 0.60123426, 0.61138177, 0.62241966, 0.63489133, 0.64471483, 0.6539024, 0.6641457, 0.6724637, 0.68082815, 0.6880629, 0.69452214, 0.70121646, 0.70637786, 0.7120754, 0.7172041, 0.7215135, 0.725438, 0.7290231, 0.733122, 0.73651916, 0.7396355, 0.74295175, 0.74585366, 0.7488599, 0.7515633, 0.7540588, 0.75647986, 0.75882775, 0.7609526, 0.7627332, 0.764717, 0.7663864, 0.7681987, 0.7698885, 0.7713504, 0.7730159, 0.7743588], "duration": [11984, 32187, 37663, 43405, 35776, 35062, 37658, 59328, 38816, 47462, 33459, 26669, 17306, 21781, 27962, 18216, 9861, 10542, 10740, 10244, 10092, 9687, 9353, 10094, 10042, 10344, 10957, 10013, 8916, 10649, 11701, 12880, 10066, 10816, 9954, 10448, 10422, 11686, 11616, 10797, 10786, 10923, 9177, 10384, 10379, 11181, 8483, 12325, 10306, 9641]}