{"avg": [0.42962965, 0.45724872, 0.4159298, 0.41973984, 0.44129637, 0.44017863, 0.45757312, 0.5125118, 0.49336714, 0.4926052, 0.4824041, 0.44978365, 0.5113897, 0.5258766, 0.5295726, 0.51945174, 0.5090709, 0.5316803, 0.5335698, 0.52825165, 0.5370244, 0.56056947, 0.56681347, 0.5655402, 0.5594609, 0.5441433, 0.5395497, 0.5624606, 0.5754839, 0.5727352, 0.57690454, 0.58488417, 0.5928298, 0.58840424, 0.6004544, 0.6062956, 0.6065128, 0.61008275, 0.61211485, 0.6091402, 0.622967, 0.6268786, 0.6310788, 0.6296655, 0.62716234, 0.6373188, 0.63987, 0.6395786, 0.6464062, 0.65169454], "std": [0.10507036, 0.09623023, 0.13992536, 0.11650187, 0.11642261, 0.10843717, 0.12859456, 0.06617999, 0.08835925, 0.08669882, 0.11245573, 0.12069249, 0.08212432, 0.06067949, 0.061797563, 0.075052954, 0.08695367, 0.06565169, 0.06548167, 0.06717223, 0.058900658, 0.014241944, 0.015087597, 0.01804894, 0.049425535, 0.07459929, 0.08122842, 0.052316394, 0.015648855, 0.052603375, 0.052706588, 0.052577075, 0.021969473, 0.02335796, 0.020946125, 0.023688441, 0.020118566, 0.01924881, 0.022881947, 0.02864702, 0.023462225, 0.019046003, 0.011910722, 0.01671278, 0.02842692, 0.016200077, 0.01519484, 0.018213006, 0.018168095, 0.014574788], "var": [1.0, 1.0, 1.0, 0.98, 0.98, 0.98, 0.98, 0.96, 0.92, 0.88, 0.86, 0.86, 0.86, 0.82, 0.8, 0.82, 0.82, 0.82, 0.82, 0.84, 0.84, 0.84, 0.82, 0.82, 0.8, 0.78, 0.74, 0.74, 0.76, 0.76, 0.76, 0.72, 0.7, 0.7, 0.66, 0.62, 0.58, 0.54, 0.5, 0.46, 0.42, 0.38, 0.38, 0.34, 0.32, 0.3, 0.3, 0.28, 0.26, 0.26], "best": [0.51111114, 0.5619048, 0.55158734, 0.5549423, 0.5488095, 0.5514286, 0.55428225, 0.55446243, 0.55612916, 0.55819714, 0.5600085, 0.5622145, 0.5647495, 0.5654457, 0.5679578, 0.57063496, 0.5736482, 0.5760128, 0.5790639, 0.5807335, 0.5764706, 0.5822439, 0.58430076, 0.5873151, 0.5900687, 0.59308743, 0.59301126, 0.5977529, 0.6, 0.60138446, 0.6044383, 0.60804284, 0.6117474, 0.614317, 0.6163456, 0.6194246, 0.62275326, 0.625422, 0.6282801, 0.6314286, 0.63379794, 0.6374297, 0.6406467, 0.64332235, 0.6457265, 0.64774805, 0.65051866, 0.652874, 0.6554605, 0.65828574], "duration": [26814, 26888, 26910, 24688, 26629, 31095, 27034, 26971, 26996, 26732, 26953, 26875, 35918, 26978, 27349, 26922, 31513, 27011, 31481, 27036, 26960, 26993, 27054, 31561, 27011, 36005, 31483, 26993, 27028, 26953, 27029, 26983, 27018, 31526, 27045, 27055, 27033, 27002, 31551, 27000, 36040, 27046, 27058, 27077, 27015, 27086, 27059, 31633, 27073, 27094]}