{"avg": [0.14135805, 0.20820108, 0.18354593, 0.16916901, 0.21189187, 0.16638324, 0.1796676, 0.20955287, 0.20657188, 0.17744243, 0.17073119, 0.19603638, 0.19003174, 0.18814367, 0.19961563, 0.21403378, 0.22083336, 0.22183707, 0.20708428, 0.22648123, 0.20655325, 0.21727474, 0.23283713, 0.22026464, 0.2154246, 0.2257581, 0.23205188, 0.27493277, 0.25114617, 0.23571849, 0.254821, 0.26791805, 0.267402, 0.251952, 0.22288463, 0.27215832, 0.2776589, 0.27165946, 0.26835716, 0.28489622, 0.2667484, 0.266671, 0.25318864, 0.26992252, 0.29473153, 0.29367465, 0.28526735, 0.26678663, 0.28619915, 0.30047432], "std": [0.046526182, 0.066095546, 0.05252365, 0.059907828, 0.07567606, 0.082810074, 0.091101, 0.060089402, 0.06669475, 0.05780719, 0.0682704, 0.06519961, 0.07513132, 0.053401515, 0.07630011, 0.059061963, 0.06123146, 0.1014157, 0.05738787, 0.055383593, 0.08219869, 0.055237744, 0.045500003, 0.07673953, 0.07443805, 0.08141652, 0.07734652, 0.065753676, 0.068230726, 0.08708161, 0.061248038, 0.053615425, 0.050218403, 0.074575745, 0.05822334, 0.045012947, 0.06616434, 0.08645903, 0.07291994, 0.060679212, 0.071862414, 0.07866025, 0.060456987, 0.070573546, 0.06809133, 0.07921291, 0.076438494, 0.074346244, 0.061418813, 0.07050617], "var": [0.98, 0.97, 0.96, 0.94, 0.94, 0.94, 0.92, 0.92, 0.91, 0.89, 0.88, 0.87, 0.86, 0.84, 0.82, 0.81, 0.79, 0.78, 0.77, 0.76, 0.74, 0.73, 0.73, 0.72, 0.71, 0.73, 0.74, 0.72, 0.72, 0.73, 0.72, 0.71, 0.71, 0.7, 0.68, 0.68, 0.69, 0.68, 0.68, 0.68, 0.67, 0.67, 0.68, 0.67, 0.68, 0.69, 0.68, 0.68, 0.69, 0.68], "best": [0.1888889, 0.36746037, 0.27868482, 0.30298787, 0.30695283, 0.29705217, 0.3748861, 0.3104599, 0.37809286, 0.31253645, 0.30507162, 0.30629689, 0.3060142, 0.30575672, 0.31269842, 0.30659488, 0.31349206, 0.37262186, 0.30791542, 0.30875257, 0.3775061, 0.31301314, 0.3098291, 0.37823433, 0.31758058, 0.3736001, 0.31912532, 0.40535232, 0.32091025, 0.3737571, 0.3229305, 0.32170224, 0.37415263, 0.38438442, 0.3177512, 0.3234598, 0.3855336, 0.40713778, 0.39035985, 0.39121568, 0.46903116, 0.38699108, 0.38260266, 0.38815784, 0.40875268, 0.3895737, 0.39033043, 0.40936312, 0.39454886, 0.391994], "duration": [2030, 3953, 3966, 2313, 5842, 3911, 5926, 3908, 3926, 2033, 1980, 4292, 7685, 1963, 7796, 3919, 1969, 3962, 3955, 5849, 7776, 2598, 9757, 5842, 5841, 4333, 8454, 9711, 5856, 4345, 6220, 5852, 3966, 3983, 3919, 5846, 7968, 4334, 6025, 4007, 7833, 9712, 5847, 5881, 5935, 7793, 5932, 7771, 2131, 4011]}