{"avg": [0.4431373, 0.46777067, 0.4768441, 0.486931, 0.4741318, 0.49619836, 0.55808204, 0.48396882, 0.53200775, 0.50895137, 0.54267865, 0.52726537, 0.56745774, 0.590618, 0.5456382, 0.5859627, 0.5568675, 0.59453815, 0.56376135, 0.60183877, 0.58933246, 0.60807455, 0.63661873, 0.634077, 0.62340987, 0.6032095, 0.6357839, 0.62067235, 0.62079257, 0.6315879, 0.6463567, 0.6336317, 0.6386844, 0.6631046, 0.6474098, 0.64102566, 0.6588714, 0.678046, 0.62656397, 0.687506, 0.6784888, 0.6534295, 0.7027514, 0.6961736, 0.6727715, 0.69987595, 0.7116448, 0.6834867, 0.7163525, 0.7232897], "std": [0.14764592, 0.15075536, 0.14738445, 0.14461116, 0.14938311, 0.1457501, 0.105131485, 0.14867882, 0.13130897, 0.14578235, 0.123554826, 0.14033799, 0.10530711, 0.08029727, 0.12594678, 0.084870316, 0.13000292, 0.0804534, 0.122473784, 0.082129605, 0.113490954, 0.0832647, 0.020457292, 0.022712315, 0.088046625, 0.12434338, 0.08159724, 0.09528004, 0.090742014, 0.08613908, 0.034470163, 0.096477754, 0.10237248, 0.028458083, 0.090712525, 0.100850254, 0.09463344, 0.026752913, 0.13679427, 0.019084163, 0.03198476, 0.09753392, 0.009088658, 0.031624507, 0.10571067, 0.03228561, 0.014461524, 0.104951434, 0.015996695, 0.004088835], "var": [0.98, 0.96, 0.92, 0.88, 0.86, 0.86, 0.84, 0.82, 0.82, 0.82, 0.78, 0.74, 0.72, 0.74, 0.76, 0.74, 0.72, 0.68, 0.68, 0.68, 0.66, 0.66, 0.62, 0.62, 0.58, 0.54, 0.54, 0.52, 0.48, 0.48, 0.46, 0.5, 0.48, 0.46, 0.46, 0.44, 0.42, 0.38, 0.36, 0.34, 0.3, 0.28, 0.28, 0.26, 0.26, 0.22, 0.22, 0.18, 0.14, 0.14], "best": [0.5666667, 0.61288524, 0.6058824, 0.61062276, 0.6088745, 0.6087008, 0.6135417, 0.61771774, 0.61897266, 0.62619054, 0.62529767, 0.6272109, 0.6344612, 0.6357837, 0.63281626, 0.6381962, 0.6371391, 0.6426047, 0.64175177, 0.64664435, 0.6492774, 0.648806, 0.65408367, 0.65892035, 0.66139823, 0.6649417, 0.66822284, 0.67305326, 0.6745418, 0.67622197, 0.67894053, 0.68134516, 0.68389755, 0.68645984, 0.68844587, 0.6916667, 0.6935073, 0.6966131, 0.6999838, 0.7018395, 0.70494807, 0.70687413, 0.7083795, 0.71179664, 0.7142928, 0.71665287, 0.71881706, 0.72161126, 0.7240958, 0.72699904], "duration": [1475, 1239, 1260, 1246, 1243, 1236, 1270, 1248, 1254, 1223, 1254, 1242, 1234, 1242, 1239, 1222, 1464, 1233, 1448, 1456, 1251, 1221, 1259, 1236, 1245, 1450, 1707, 1227, 1256, 1258, 1261, 1244, 1242, 1231, 1415, 1240, 1232, 1266, 1277, 1243, 1238, 1266, 1272, 1249, 1472, 1245, 1270, 1223, 1454, 1202]}