{"avg": [0.45629635, 0.4472456, 0.41128165, 0.44460317, 0.44376004, 0.485086, 0.4588065, 0.48794204, 0.4691337, 0.47897336, 0.4668222, 0.48379502, 0.5309839, 0.5149917, 0.52196115, 0.5261997, 0.54787177, 0.5182922, 0.52758586, 0.5462407, 0.5422584, 0.5474436, 0.511278, 0.54563767, 0.53243804, 0.5609343, 0.5551979, 0.5684786, 0.54584503, 0.5463433, 0.5619494, 0.5792508, 0.54569656, 0.5953953, 0.5922798, 0.56365067, 0.610893, 0.5839417, 0.6020699, 0.6029785, 0.59787935, 0.60767996, 0.60967004, 0.61920923, 0.62303793, 0.63052666, 0.6398453, 0.6269427, 0.6352609, 0.63900495], "std": [0.07819641, 0.12478315, 0.13629612, 0.13184111, 0.11972128, 0.12371147, 0.14499737, 0.106096745, 0.11048311, 0.10810482, 0.1369202, 0.10224018, 0.04203233, 0.07133334, 0.059991963, 0.06551047, 0.01030959, 0.09857331, 0.057250924, 0.044591382, 0.04361042, 0.045726478, 0.10439343, 0.044667438, 0.09476397, 0.014359148, 0.04760137, 0.01399892, 0.08943425, 0.091598034, 0.05066407, 0.018217595, 0.10376499, 0.009700761, 0.01768858, 0.10190719, 0.005838119, 0.06435071, 0.028002096, 0.0286937, 0.03129524, 0.030373571, 0.03152854, 0.02378573, 0.028942643, 0.019916726, 0.010536204, 0.028258406, 0.024444971, 0.02589195], "var": [0.96, 0.92, 0.9, 0.9, 0.9, 0.9, 0.88, 0.86, 0.86, 0.86, 0.82, 0.8, 0.76, 0.74, 0.72, 0.74, 0.74, 0.7, 0.68, 0.66, 0.64, 0.62, 0.62, 0.58, 0.6, 0.58, 0.56, 0.54, 0.5, 0.46, 0.44, 0.42, 0.4, 0.4, 0.38, 0.36, 0.36, 0.38, 0.38, 0.36, 0.36, 0.34, 0.3, 0.28, 0.26, 0.26, 0.26, 0.26, 0.26, 0.24], "best": [0.51111114, 0.5555556, 0.55798614, 0.555754, 0.54890406, 0.5537331, 0.5557847, 0.55235267, 0.55910224, 0.5625331, 0.5629765, 0.55522877, 0.5624029, 0.5637736, 0.55807185, 0.5687716, 0.5692258, 0.57127595, 0.55933404, 0.572755, 0.5748094, 0.5768813, 0.57937914, 0.57992405, 0.5809995, 0.5830332, 0.5854491, 0.58853495, 0.59168875, 0.5935979, 0.59571636, 0.5985767, 0.60175943, 0.6041301, 0.6092243, 0.61315197, 0.61600864, 0.6200791, 0.62332153, 0.62631476, 0.6289721, 0.63094366, 0.6336645, 0.6361824, 0.6391527, 0.6422341, 0.64530724, 0.648892, 0.6512729, 0.65434474], "duration": [26742, 31506, 27005, 26615, 35921, 26957, 26974, 27008, 26946, 27105, 27074, 31472, 27009, 27861, 27000, 26987, 27031, 27086, 31477, 26986, 27020, 27022, 27051, 27019, 27041, 27036, 27108, 27038, 31524, 27068, 26978, 27027, 27381, 27039, 27012, 27064, 27067, 31533, 27032, 27081, 27057, 26977, 31559, 27584, 27058, 27067, 27023, 26981, 27025, 27198]}