{"avg": [0.37777784, 0.42827386, 0.43291005, 0.4928958, 0.44878697, 0.4516713, 0.47259775, 0.43551874, 0.48057872, 0.49667075, 0.46707678, 0.47876295, 0.48665243, 0.49310827, 0.48744482, 0.50289875, 0.5151612, 0.47820058, 0.46506226, 0.5277031, 0.49483496, 0.52336115, 0.5137526, 0.52258605, 0.5361879, 0.50738937, 0.51387376, 0.5389961, 0.5079234, 0.5400195, 0.52189577, 0.55389154, 0.5363273, 0.5853197, 0.525457, 0.54400915, 0.54853463, 0.54765123, 0.5477632, 0.5810724, 0.56557477, 0.5954599, 0.6055559, 0.59504193, 0.6098939, 0.58857185, 0.6098327, 0.6034298, 0.6185976, 0.6265128], "std": [0.15772301, 0.124543644, 0.12792228, 0.0833558, 0.09899743, 0.09021548, 0.08851801, 0.143489, 0.09069168, 0.08449639, 0.12880665, 0.09031087, 0.085211344, 0.081855714, 0.08520419, 0.07429332, 0.07492473, 0.114655316, 0.11960245, 0.05050106, 0.10650373, 0.06682172, 0.07913241, 0.0706458, 0.05834433, 0.0871688, 0.078291334, 0.07213333, 0.0910085, 0.07000553, 0.0838125, 0.057190258, 0.103325754, 0.021102324, 0.101538695, 0.08609864, 0.07896942, 0.07616752, 0.07701467, 0.031262953, 0.05966194, 0.032630015, 0.029539142, 0.035127085, 0.029313533, 0.065885454, 0.036395665, 0.043536384, 0.033706695, 0.029967321], "var": [1.0, 0.9866667, 0.96, 0.93333334, 0.93333334, 0.9066667, 0.88, 0.85333335, 0.85333335, 0.84, 0.81333333, 0.81333333, 0.7866667, 0.76, 0.76, 0.76, 0.73333335, 0.70666665, 0.6933333, 0.68, 0.6533333, 0.6533333, 0.62666667, 0.6, 0.58666664, 0.5733333, 0.5733333, 0.56, 0.5733333, 0.5466667, 0.53333336, 0.53333336, 0.52, 0.50666666, 0.49333334, 0.46666667, 0.48, 0.45333335, 0.42666668, 0.4, 0.37333333, 0.36, 0.36, 0.34666666, 0.33333334, 0.30666667, 0.29333332, 0.28, 0.26666668, 0.26666668], "best": [0.51111114, 0.555754, 0.54905754, 0.5521446, 0.5532657, 0.55231994, 0.55670387, 0.5628057, 0.56152034, 0.5630592, 0.5667169, 0.5679819, 0.5667489, 0.56602114, 0.5688889, 0.56788015, 0.5686585, 0.56902146, 0.5699781, 0.55040467, 0.56978196, 0.57084626, 0.57201767, 0.5741707, 0.57703567, 0.5803483, 0.5818562, 0.58319503, 0.58685917, 0.58860683, 0.5912469, 0.5921588, 0.5952259, 0.5979825, 0.60271287, 0.60504746, 0.6076946, 0.6094548, 0.6108475, 0.61213154, 0.614666, 0.616132, 0.6197443, 0.6235812, 0.62614596, 0.6291749, 0.6316328, 0.63473266, 0.63687825, 0.63964045], "duration": [27451, 27060, 25563, 27324, 26957, 27297, 27199, 36348, 27230, 27325, 27225, 27187, 27165, 27178, 27279, 27297, 27225, 27296, 26963, 27396, 31672, 27398, 27364, 27445, 27351, 27212, 27183, 27223, 27377, 27355, 27282, 27345, 27331, 28043, 27325, 27309, 27405, 27371, 27358, 27361, 27366, 27392, 27361, 27378, 27346, 27425, 27363, 27418, 31895, 27388]}