{"avg": [0.38333336, 0.4036069, 0.43518525, 0.43564427, 0.46704024, 0.370253, 0.37824517, 0.43423626, 0.4506157, 0.42081204, 0.40949053, 0.4775592, 0.46198934, 0.43830898, 0.50087464, 0.48957965, 0.4448952, 0.53174454, 0.46796784, 0.44982088, 0.49033427, 0.512478, 0.47807977, 0.49590197, 0.52494025, 0.4938184, 0.52150357, 0.51128024, 0.5218338, 0.5246348, 0.49918866, 0.5389428, 0.5137509, 0.53014684, 0.5358621, 0.53528357, 0.5230596, 0.53785616, 0.5573269, 0.5462125, 0.5585007, 0.5514911, 0.52747226, 0.54030836, 0.5574946, 0.569142, 0.5572607, 0.5437242, 0.56565195, 0.5774872], "std": [0.13205406, 0.12611343, 0.099176005, 0.10779777, 0.08466716, 0.14102328, 0.18859558, 0.12519479, 0.089795984, 0.12576963, 0.13866235, 0.08012224, 0.10678748, 0.13680907, 0.068640575, 0.098191, 0.11138008, 0.038391232, 0.11029813, 0.13654476, 0.10232178, 0.08898227, 0.08583267, 0.09821416, 0.052980356, 0.1045597, 0.09037883, 0.07020785, 0.056189638, 0.05865346, 0.10775784, 0.050412767, 0.09687432, 0.05037152, 0.050658103, 0.061988145, 0.065227255, 0.05158342, 0.010617393, 0.038972918, 0.011839886, 0.04091851, 0.07726166, 0.064316146, 0.04041611, 0.0151571585, 0.0501072, 0.07210704, 0.052601017, 0.015033422], "var": [0.9866667, 0.96, 0.94666666, 0.93333334, 0.92, 0.8933333, 0.8933333, 0.8933333, 0.8933333, 0.8666667, 0.85333335, 0.84, 0.84, 0.84, 0.84, 0.82666665, 0.82666665, 0.8, 0.8, 0.7866667, 0.7733333, 0.7733333, 0.76, 0.76, 0.74666667, 0.74666667, 0.76, 0.74666667, 0.72, 0.6933333, 0.68, 0.6666667, 0.6533333, 0.6533333, 0.64, 0.62666667, 0.6, 0.58666664, 0.5733333, 0.5733333, 0.56, 0.5466667, 0.52, 0.52, 0.50666666, 0.50666666, 0.48, 0.46666667, 0.45333335, 0.44], "best": [0.51111114, 0.5498016, 0.5460318, 0.5468254, 0.5466423, 0.5398568, 0.5425299, 0.5420846, 0.542009, 0.5401037, 0.5427102, 0.5433952, 0.54417306, 0.54586625, 0.54661655, 0.5452641, 0.54659736, 0.54554075, 0.5472724, 0.54805434, 0.54968405, 0.55054134, 0.5514042, 0.5519006, 0.553472, 0.55287725, 0.5532273, 0.55456877, 0.5564048, 0.55765015, 0.5581576, 0.5591463, 0.56123644, 0.5613854, 0.5626562, 0.5645394, 0.5675942, 0.5690283, 0.5708233, 0.57291305, 0.5739826, 0.57524323, 0.57701373, 0.57877153, 0.5805529, 0.5830801, 0.58537567, 0.58736265, 0.63375264, 0.59189343], "duration": [23529, 26928, 24979, 26700, 26912, 24949, 26652, 26680, 26711, 26629, 26320, 27006, 26637, 25180, 27008, 26962, 26692, 27129, 27158, 31519, 31584, 27054, 26692, 40597, 27096, 27181, 27413, 31485, 27090, 27019, 26982, 27046, 27063, 27030, 27049, 27005, 27043, 27097, 27075, 27053, 31627, 27108, 27102, 27153, 31707, 27136, 27134, 27183, 27142, 27157]}