{"avg": [0.15069446, 0.19312379, 0.17993988, 0.18697551, 0.21613419, 0.19681758, 0.17190291, 0.1664149, 0.19803832, 0.20045708, 0.19060168, 0.19595553, 0.21140766, 0.23461308, 0.22420792, 0.21614155, 0.23219623, 0.21101168, 0.24127047, 0.2329189, 0.2662096, 0.23586003, 0.23046109, 0.23837538, 0.24172792, 0.2498327, 0.27518505, 0.2779149, 0.27216986, 0.2506285, 0.29745516, 0.2571473, 0.26609275, 0.26642522, 0.29295325, 0.28193954, 0.2827835, 0.27839392, 0.3120474, 0.28772718, 0.2866921, 0.3079553, 0.30777147, 0.29136488, 0.33120644, 0.31527364, 0.376158, 0.31820765, 0.34770662, 0.3446167], "std": [0.07092519, 0.07152202, 0.07574537, 0.0560501, 0.07990855, 0.040292025, 0.08831645, 0.08361017, 0.06113273, 0.05544489, 0.0706429, 0.05731188, 0.06232747, 0.059130758, 0.061155543, 0.06219671, 0.045039386, 0.07414167, 0.05251931, 0.0814524, 0.050547376, 0.057154614, 0.06241007, 0.072741464, 0.03972962, 0.060557514, 0.04249007, 0.05556299, 0.038223464, 0.052709952, 0.061616365, 0.08448824, 0.067247294, 0.0646283, 0.085769944, 0.06629929, 0.074599646, 0.04473515, 0.090615496, 0.06805807, 0.058189247, 0.05775454, 0.10122112, 0.0659273, 0.11734428, 0.07601636, 0.077872545, 0.07078077, 0.0867798, 0.09430032], "var": [1.0, 0.9866667, 0.9866667, 0.97333336, 0.97333336, 0.96, 0.94666666, 0.92, 0.9066667, 0.9066667, 0.9066667, 0.9066667, 0.88, 0.85333335, 0.82666665, 0.8, 0.7866667, 0.7733333, 0.7733333, 0.76, 0.74666667, 0.73333335, 0.70666665, 0.70666665, 0.6933333, 0.68, 0.6933333, 0.6933333, 0.70666665, 0.6933333, 0.6933333, 0.6666667, 0.6666667, 0.6533333, 0.64, 0.64, 0.6533333, 0.62666667, 0.6, 0.6, 0.58666664, 0.58666664, 0.5733333, 0.56, 0.5733333, 0.5733333, 0.58666664, 0.6, 0.58666664, 0.56], "best": [0.2777778, 0.28968257, 0.30530757, 0.28658894, 0.31200397, 0.22974724, 0.30778772, 0.29664117, 0.30730897, 0.30991232, 0.30203375, 0.2982244, 0.31306472, 0.30978966, 0.3104762, 0.3112292, 0.30961612, 0.3132333, 0.3141828, 0.3109274, 0.3123235, 0.31474522, 0.31532615, 0.3153016, 0.3132491, 0.31640992, 0.317628, 0.31767485, 0.31499967, 0.31359255, 0.48831785, 0.4896027, 0.31871745, 0.3192354, 0.49058715, 0.49153805, 0.49277043, 0.32124084, 0.4933774, 0.49265411, 0.32295114, 0.49100608, 0.4967934, 0.41586632, 0.49528193, 0.4969411, 0.4977163, 0.5017632, 0.5001683, 0.50140655], "duration": [3943, 5852, 5046, 1989, 9737, 2009, 3918, 3999, 1920, 3865, 3946, 4238, 4280, 7808, 8130, 3966, 2103, 3897, 4293, 1981, 5905, 3939, 1959, 7785, 2028, 4013, 3999, 2192, 3994, 2327, 4053, 2016, 5849, 5917, 4340, 4383, 4010, 4048, 2063, 4011, 3918, 2171, 4006, 3866, 4012, 5846, 2168, 2294, 2058, 4772]}