{"avg": [0.3166667, 0.3829365, 0.45393378, 0.47427073, 0.43334725, 0.4922147, 0.5262031, 0.53196806, 0.5189974, 0.55522436, 0.5909091, 0.58034223, 0.6286208, 0.5841278, 0.5954687, 0.6275273, 0.66134703, 0.66539186, 0.64191574, 0.6418301, 0.6897923, 0.6900444, 0.6995182, 0.70721436, 0.71132994, 0.71571946, 0.7308844, 0.7267504, 0.7434091, 0.73713297, 0.7350778, 0.7547025, 0.76004565, 0.7636071, 0.7683688, 0.76097053, 0.76240146, 0.76559913, 0.78191954, 0.7727863, 0.7871388, 0.79050165, 0.7927949, 0.79535186, 0.79761904, 0.7994623, 0.8017143, 0.8026469, 0.8047873, 0.806712], "std": [0.111803405, 0.13428327, 0.14703214, 0.14563245, 0.15285784, 0.14637981, 0.13678321, 0.13756326, 0.1464916, 0.12590837, 0.08516778, 0.10511621, 0.01546712, 0.11401054, 0.11228948, 0.07702713, 0.01717442, 0.020326717, 0.10106179, 0.09801239, 0.017698132, 0.03220095, 0.031020626, 0.025117636, 0.03332579, 0.036007635, 0.0045788563, 0.04101355, 0.0016324037, 0.037197325, 0.046439014, 0.0053721583, 0.0025250847, 0.002330673, 1.1920929e-07, 0.04638542, 0.048578843, 0.04938425, 5.9604645e-08, 0.046491522, 0.0028017752, 5.9604645e-08, 0.0, 1.1920929e-07, 5.9604645e-08, 0.0, 5.9604645e-08, 0.0029723095, 0.0033279567, 0.0031526585], "var": [1.0, 1.0, 0.96, 0.96, 0.96, 0.92, 0.84, 0.84, 0.76, 0.8, 0.8, 0.76, 0.68, 0.6, 0.52, 0.52, 0.48, 0.48, 0.4, 0.32, 0.28, 0.28, 0.24, 0.2, 0.2, 0.2, 0.2, 0.2, 0.2, 0.2, 0.2, 0.16, 0.16, 0.12, 0.12, 0.12, 0.12, 0.12, 0.12, 0.08, 0.08, 0.08, 0.08, 0.08, 0.08, 0.08, 0.08, 0.08, 0.08, 0.04], "best": [0.5666667, 0.61230165, 0.615321, 0.6046333, 0.61963075, 0.6263795, 0.6308898, 0.6323392, 0.6380953, 0.63933754, 0.6419414, 0.6451875, 0.6477107, 0.6526064, 0.65667194, 0.6621453, 0.6695853, 0.67874825, 0.68571436, 0.69187677, 0.69589317, 0.70447594, 0.7113615, 0.7173328, 0.7225712, 0.7284584, 0.7334014, 0.73972607, 0.74388033, 0.74902326, 0.7541009, 0.7567442, 0.7608442, 0.76425344, 0.7683689, 0.7733675, 0.7765703, 0.7792957, 0.7819196, 0.78503275, 0.7879476, 0.7905017, 0.7927949, 0.79535174, 0.7976191, 0.7994623, 0.80171436, 0.8034143, 0.805748, 0.80755466], "duration": [1248, 1253, 1282, 1256, 1270, 1332, 1342, 1325, 1539, 1442, 1336, 1546, 1596, 1568, 1579, 2244, 1593, 1346, 1369, 1370, 1312, 1818, 1368, 1356, 1324, 1280, 1541, 1300, 1296, 1792, 1358, 1533, 1319, 1326, 1999, 1541, 1579, 1595, 1330, 2270, 1305, 1237, 1680, 1540, 1551, 1348, 1537, 1517, 1349, 1765]}