{"avg": [0.39841273, 0.44201812, 0.4748221, 0.4575964, 0.4145105, 0.44244912, 0.44633016, 0.4495249, 0.49340287, 0.5198388, 0.51278776, 0.52980727, 0.5082358, 0.45914593, 0.5265883, 0.5380757, 0.5155849, 0.5584959, 0.52759534, 0.5052712, 0.54811805, 0.5607156, 0.5498152, 0.54719204, 0.55688196, 0.5761863, 0.57603455, 0.5764928, 0.5829563, 0.58130527, 0.56749374, 0.5780841, 0.59016013, 0.5941108, 0.6008743, 0.58984363, 0.6048855, 0.60585344, 0.61964494, 0.6230435, 0.629244, 0.63303345, 0.64187133, 0.62358415, 0.64346105, 0.6432642, 0.642434, 0.65300727, 0.66612977, 0.66797954], "std": [0.12750883, 0.13718842, 0.114432745, 0.09423553, 0.1381182, 0.11982399, 0.14693004, 0.13097224, 0.1036472, 0.05936041, 0.07822915, 0.054741964, 0.07590624, 0.13521135, 0.06767176, 0.055100963, 0.07656165, 0.010627469, 0.07885402, 0.091185495, 0.052120093, 0.014862874, 0.047444765, 0.06079829, 0.044200268, 0.011313789, 0.013813678, 0.015258037, 0.014119134, 0.02199553, 0.06502018, 0.06257712, 0.021014605, 0.020639475, 0.022732478, 0.059080813, 0.027416037, 0.032637086, 0.018649437, 0.020885976, 0.019650076, 0.013891807, 0.008400953, 0.03839346, 0.024087505, 0.02193417, 0.03727882, 0.026363276, 0.0, 0.0051446413], "var": [0.98, 0.96, 0.94, 0.94, 0.94, 0.92, 0.92, 0.88, 0.86, 0.86, 0.82, 0.8, 0.76, 0.76, 0.72, 0.7, 0.7, 0.68, 0.64, 0.6, 0.62, 0.58, 0.6, 0.58, 0.58, 0.56, 0.56, 0.58, 0.54, 0.52, 0.52, 0.52, 0.5, 0.46, 0.42, 0.38, 0.38, 0.34, 0.34, 0.32, 0.3, 0.26, 0.24, 0.22, 0.2, 0.18, 0.18, 0.14, 0.14, 0.14], "best": [0.51111114, 0.5621315, 0.5595512, 0.5615647, 0.55913377, 0.56123644, 0.56087035, 0.5578144, 0.5599307, 0.5575047, 0.56158733, 0.5631766, 0.5614624, 0.56416893, 0.5623241, 0.56691146, 0.56778175, 0.5687357, 0.5728074, 0.5754299, 0.57593906, 0.57868487, 0.5803031, 0.581714, 0.58260584, 0.5859411, 0.5909003, 0.59441537, 0.5976658, 0.6018141, 0.60493946, 0.6077141, 0.61132586, 0.614144, 0.6172467, 0.6207955, 0.62382686, 0.6274196, 0.6310588, 0.63586354, 0.63939655, 0.6423289, 0.6465117, 0.6510191, 0.6530539, 0.6568501, 0.6597444, 0.6624858, 0.66612977, 0.67012364], "duration": [31730, 27402, 27408, 27149, 31343, 27185, 27162, 25417, 27249, 27472, 27375, 32068, 27558, 27304, 27533, 27552, 27609, 41483, 27568, 27365, 27562, 27682, 27596, 27558, 32159, 27587, 27682, 27640, 27529, 27396, 27381, 31938, 27545, 36702, 27608, 27621, 27617, 27622, 36895, 27932, 27772, 27734, 27544, 27589, 27386, 27489, 27481, 32019, 27545, 27503]}