{"avg": [0.31965813, 0.38750142, 0.43065482, 0.39166322, 0.37150797, 0.44062883, 0.42394835, 0.45916647, 0.4761894, 0.4878597, 0.4997075, 0.50711256, 0.4949522, 0.5383859, 0.56517446, 0.55685747, 0.57659894, 0.56908154, 0.5654716, 0.57478917, 0.61714303, 0.6172052, 0.6266439, 0.6413812, 0.63083035, 0.66057134, 0.6434316, 0.6719748, 0.6658958, 0.6831891, 0.6894513, 0.6790833, 0.6981241, 0.70137584, 0.70569235, 0.71003735, 0.7141186, 0.71771044, 0.7218141, 0.7247773, 0.72760063, 0.7300911, 0.73286563, 0.7356929, 0.7380296, 0.7404365, 0.7424144, 0.74462897, 0.7464523, 0.7484968], "std": [0.086523436, 0.09584449, 0.07426263, 0.08763193, 0.13884228, 0.08465146, 0.091312334, 0.08164075, 0.10268527, 0.08057783, 0.08080612, 0.07190183, 0.07741453, 0.062940605, 0.05605633, 0.06686601, 0.05998791, 0.08331216, 0.074493796, 0.073652595, 0.021297984, 0.05582629, 0.030314501, 0.023136918, 0.060821787, 0.0012429253, 0.06878628, 0.001499925, 0.032984372, 5.9604645e-08, 1.1920929e-07, 0.03974481, 5.9604645e-08, 1.1920929e-07, 1.1920929e-07, 1.1920929e-07, 5.9604645e-08, 1.1920929e-07, 0.0, 0.0, 0.0, 0.0, 5.9604645e-08, 5.9604645e-08, 1.1920929e-07, 5.9604645e-08, 0.0, 5.9604645e-08, 5.9604645e-08, 5.9604645e-08], "var": [1.0, 1.0, 0.96, 0.88, 0.84, 0.76, 0.72, 0.72, 0.64, 0.64, 0.56, 0.48, 0.48, 0.48, 0.48, 0.44, 0.4, 0.36, 0.36, 0.28, 0.24, 0.2, 0.2, 0.2, 0.2, 0.2, 0.16, 0.12, 0.12, 0.12, 0.12, 0.04, 0.04, 0.04, 0.04, 0.04, 0.04, 0.04, 0.04, 0.04, 0.04, 0.04, 0.04, 0.04, 0.04, 0.04, 0.04, 0.04, 0.04, 0.04], "best": [0.51111114, 0.5550672, 0.55674607, 0.54807854, 0.54968256, 0.55128974, 0.55130905, 0.5535542, 0.55895483, 0.56547624, 0.5713352, 0.5793861, 0.5815235, 0.580791, 0.5899802, 0.59864616, 0.60448396, 0.61133987, 0.61845076, 0.62265456, 0.6280733, 0.63553244, 0.64340377, 0.64835715, 0.6545526, 0.66093016, 0.6675833, 0.67240775, 0.67821527, 0.68318903, 0.6894514, 0.6945451, 0.6981242, 0.7013757, 0.70569247, 0.71003747, 0.71411866, 0.7177103, 0.7218141, 0.7247773, 0.72760063, 0.7300911, 0.7328657, 0.73569286, 0.7380297, 0.74043643, 0.7424144, 0.744629, 0.7464522, 0.7484967], "duration": [21136, 23273, 24812, 24796, 26666, 26357, 27492, 25529, 32002, 31642, 30304, 27361, 31988, 36498, 27613, 27450, 27542, 27491, 27503, 27479, 32262, 27733, 27531, 27728, 32263, 27650, 27437, 27753, 32348, 32031, 27483, 27481, 27496, 27401, 31986, 31946, 27316, 31995, 27346, 32464, 27574, 32109, 27627, 27799, 31957, 27475, 27440, 31977, 32014, 32056]}