{"avg": [0.3412698, 0.3903416, 0.42008555, 0.4165296, 0.42665, 0.3961582, 0.4344291, 0.4493331, 0.45823368, 0.45804965, 0.45702267, 0.48683852, 0.5345444, 0.53720975, 0.51142716, 0.5357374, 0.534917, 0.53810024, 0.5434408, 0.5284809, 0.5150482, 0.5468784, 0.5282217, 0.5189863, 0.55013746, 0.5665649, 0.5675407, 0.57110965, 0.56390566, 0.54669404, 0.5826854, 0.55657756, 0.5732002, 0.5683756, 0.5949171, 0.5730207, 0.5808618, 0.58900905, 0.5779877, 0.595992, 0.6050253, 0.6179406, 0.6224528, 0.63721555, 0.63164896, 0.6393618, 0.6405033, 0.6506853, 0.63715756, 0.65547025], "std": [0.0842467, 0.14870574, 0.13555852, 0.12547599, 0.12126738, 0.12708095, 0.107417524, 0.10790538, 0.10306483, 0.110569336, 0.110550955, 0.08621999, 0.04160453, 0.041556932, 0.061120693, 0.052414723, 0.05305134, 0.05104539, 0.038893092, 0.064525686, 0.07610935, 0.046136804, 0.07822523, 0.08258167, 0.057257283, 0.012833336, 0.016295955, 0.017087309, 0.06386391, 0.08271991, 0.018051438, 0.08667357, 0.06377796, 0.06730924, 0.027068371, 0.09506298, 0.0706633, 0.06914195, 0.09801372, 0.069951236, 0.07533042, 0.030289913, 0.031778567, 0.01668763, 0.031277463, 0.027997583, 0.03410693, 0.023350643, 0.08364126, 0.027164754], "var": [0.96, 0.92, 0.88, 0.86, 0.84, 0.82, 0.82, 0.8, 0.76, 0.72, 0.7, 0.66, 0.64, 0.62, 0.6, 0.62, 0.58, 0.56, 0.54, 0.5, 0.46, 0.46, 0.44, 0.42, 0.4, 0.4, 0.38, 0.36, 0.34, 0.34, 0.3, 0.3, 0.28, 0.26, 0.24, 0.24, 0.22, 0.2, 0.2, 0.2, 0.16, 0.12, 0.12, 0.12, 0.12, 0.12, 0.1, 0.1, 0.1, 0.1], "best": [0.51111114, 0.55362815, 0.5436508, 0.54544115, 0.5562239, 0.5503647, 0.5482335, 0.5514551, 0.5525858, 0.5520014, 0.5529304, 0.55540794, 0.5570925, 0.5614146, 0.5513373, 0.5644282, 0.56685793, 0.56681645, 0.56663865, 0.5700757, 0.57312137, 0.572583, 0.5750863, 0.5765212, 0.5779561, 0.57967037, 0.5820694, 0.58571434, 0.58996654, 0.59441805, 0.59650934, 0.60026073, 0.6045767, 0.60722935, 0.60904974, 0.61336493, 0.6178273, 0.62090874, 0.62414587, 0.6274433, 0.6307712, 0.6345693, 0.63809526, 0.64126277, 0.6461011, 0.64957166, 0.6533408, 0.6567143, 0.66035545, 0.663312], "duration": [31528, 25639, 27467, 25380, 26774, 31925, 27385, 27551, 27524, 27427, 25468, 27409, 27457, 27565, 32047, 27642, 27475, 27595, 27646, 32554, 27496, 27440, 27326, 27370, 27561, 27529, 27448, 31995, 32045, 27428, 27536, 27331, 33952, 27525, 32183, 27634, 27664, 32134, 27485, 27482, 27547, 32285, 27623, 32221, 27623, 27591, 27644, 27590, 27583, 27645]}