{"avg": [0.16944447, 0.20661378, 0.20664792, 0.22578096, 0.19790521, 0.17824367, 0.19471511, 0.20699702, 0.21374634, 0.22079152, 0.21342798, 0.22798704, 0.23819068, 0.20798121, 0.20842801, 0.22683886, 0.24512006, 0.23145199, 0.2372457, 0.24736077, 0.24513793, 0.23764898, 0.23848563, 0.23027276, 0.24979192, 0.2629556, 0.25804764, 0.25493616, 0.2591261, 0.28677347, 0.27411935, 0.29897693, 0.2696781, 0.2852838, 0.29334697, 0.30385894, 0.3039407, 0.28920564, 0.33170632, 0.34182438, 0.34918442, 0.3226714, 0.3185589, 0.35238773, 0.33815122, 0.35277057, 0.34821206, 0.3825946, 0.384697, 0.38228866], "std": [0.047385342, 0.052306104, 0.053026117, 0.021297622, 0.07778152, 0.0792855, 0.05991699, 0.040954463, 0.055388685, 0.026576694, 0.044841878, 0.030025996, 0.03335329, 0.07560785, 0.065386355, 0.03492431, 0.042293027, 0.050910976, 0.049223885, 0.039368965, 0.019697879, 0.068078175, 0.034028847, 0.07760354, 0.04809668, 0.025150264, 0.058084004, 0.050165225, 0.043247383, 0.04443736, 0.058087714, 0.056990135, 0.041052837, 0.03752246, 0.049519904, 0.060194388, 0.068630196, 0.07706848, 0.06198259, 0.06717059, 0.07739407, 0.06410845, 0.06421675, 0.09201531, 0.051967718, 0.09165179, 0.060526498, 0.09028264, 0.096648775, 0.08484939], "var": [0.98, 0.98, 0.96, 0.94, 0.94, 0.92, 0.9, 0.88, 0.86, 0.88, 0.86, 0.82, 0.78, 0.74, 0.72, 0.68, 0.66, 0.64, 0.62, 0.6, 0.6, 0.58, 0.58, 0.56, 0.56, 0.6, 0.62, 0.58, 0.6, 0.6, 0.56, 0.54, 0.54, 0.52, 0.54, 0.54, 0.52, 0.52, 0.5, 0.5, 0.48, 0.46, 0.46, 0.48, 0.48, 0.46, 0.44, 0.42, 0.4, 0.4], "best": [0.26666668, 0.30833334, 0.30967742, 0.29624233, 0.3086168, 0.3009689, 0.3008109, 0.2378307, 0.3223403, 0.24323674, 0.30347946, 0.29635686, 0.32635963, 0.30387208, 0.24976042, 0.2992696, 0.30503085, 0.30001846, 0.30516312, 0.30651343, 0.2984127, 0.30045846, 0.26667613, 0.30050814, 0.30801004, 0.30873019, 0.40438002, 0.36022186, 0.3120349, 0.40615433, 0.40689656, 0.4076885, 0.31051588, 0.37324795, 0.37625653, 0.5101336, 0.5112247, 0.51185906, 0.52323747, 0.5242339, 0.5254864, 0.5150043, 0.41296905, 0.5286262, 0.41456544, 0.5312139, 0.4165533, 0.5336652, 0.5234865, 0.5373594], "duration": [6147, 3869, 8083, 2017, 7738, 3877, 5919, 2291, 4071, 1941, 2334, 3871, 3930, 1966, 5375, 1916, 5895, 3905, 6221, 3898, 3873, 3855, 2238, 5785, 2003, 6164, 3923, 4258, 3871, 2052, 6226, 4594, 3920, 3944, 1977, 2081, 2043, 5851, 2053, 2014, 5893, 2072, 3858, 4097, 2747, 5822, 3980, 2175, 2081, 2128]}