{"avg": [0.11428572, 0.113416485, 0.1682896, 0.17921542, 0.2252381, 0.2246813, 0.2033018, 0.2180776, 0.21109168, 0.26674774, 0.2484863, 0.30989328, 0.29535788, 0.3039755, 0.3380813, 0.34764713, 0.3790221, 0.30836442, 0.40190023, 0.4240372, 0.38616017, 0.41426843, 0.45166498, 0.4243451, 0.43753546, 0.47434562, 0.49341574, 0.49769735, 0.5018698, 0.5037017, 0.51119125, 0.525487, 0.5408749, 0.5451795, 0.51843274, 0.553935, 0.5569832, 0.54904425, 0.5636684, 0.5669951, 0.5590383, 0.5731446, 0.56582004, 0.55685794, 0.5686838, 0.58375305, 0.5857781, 0.5742184, 0.5900611, 0.5663644], "std": [0.093852356, 0.096419595, 0.07778012, 0.114715524, 0.09274978, 0.11218726, 0.13311614, 0.12887268, 0.14490633, 0.10683545, 0.1350235, 0.08963049, 0.09415707, 0.13125597, 0.09762637, 0.09756705, 0.09123347, 0.15753086, 0.081187166, 0.069963776, 0.13932073, 0.13772167, 0.08093999, 0.105211794, 0.10241643, 0.072901525, 0.06016096, 0.06602115, 0.0692287, 0.07396094, 0.070159554, 0.037654024, 0.0, 5.9604645e-08, 0.062222227, 5.9604645e-08, 5.9604645e-08, 0.04006168, 1.1920929e-07, 5.9604645e-08, 0.040061697, 0.0, 0.038802367, 0.0544331, 0.042993285, 5.9604645e-08, 1.1920929e-07, 0.044719078, 5.9604645e-08, 0.05797213], "var": [0.92, 0.88, 0.84, 0.8, 0.84, 0.84, 0.8, 0.76, 0.76, 0.76, 0.72, 0.72, 0.72, 0.72, 0.68, 0.6, 0.56, 0.48, 0.4, 0.4, 0.36, 0.32, 0.24, 0.24, 0.2, 0.16, 0.16, 0.16, 0.12, 0.08, 0.04, 0.04, 0.04, 0.04, 0.04, 0.04, 0.04, 0.04, 0.04, 0.04, 0.04, 0.04, 0.04, 0.04, 0.04, 0.04, 0.04, 0.04, 0.04, 0.04], "best": [0.31111112, 0.21507937, 0.23113555, 0.37936512, 0.38412702, 0.3869237, 0.3937119, 0.39761907, 0.4036415, 0.4109023, 0.41571555, 0.41910237, 0.42531598, 0.4285248, 0.4337497, 0.43901038, 0.44785982, 0.45700943, 0.46081352, 0.4670745, 0.47513825, 0.48112753, 0.48735547, 0.49361992, 0.49811512, 0.5033315, 0.50894916, 0.51600826, 0.5215924, 0.52665615, 0.5306499, 0.5352093, 0.5408749, 0.54517955, 0.5495438, 0.55393493, 0.55698323, 0.5601553, 0.5636685, 0.566995, 0.5701494, 0.5731446, 0.5761905, 0.5790802, 0.5816467, 0.583753, 0.585778, 0.58835983, 0.59006107, 0.5922903], "duration": [5750, 1792, 1960, 1948, 4686, 2029, 2324, 2028, 2006, 4239, 7956, 4213, 5725, 4142, 6178, 2695, 3848, 2270, 4617, 4305, 2324, 2273, 1978, 5790, 4529, 5749, 2925, 1950, 2633, 1978, 2278, 2644, 1967, 2400, 1997, 1937, 1954, 1992, 1970, 1973, 1944, 2283, 2259, 1962, 1966, 2325, 2638, 2290, 1950, 1964]}