{"avg": [0.1448889, 0.17218733, 0.1813762, 0.17278731, 0.19547938, 0.200854, 0.21270798, 0.20514196, 0.21936907, 0.22152701, 0.2286067, 0.23536451, 0.23764686, 0.25368476, 0.25452206, 0.26150984, 0.2594014, 0.2740545, 0.27488098, 0.28971663, 0.2845889, 0.30806586, 0.2992186, 0.3053429, 0.31142816, 0.3325714, 0.3338402, 0.3311555, 0.3270512, 0.37450024, 0.33958036, 0.37844062, 0.37774658, 0.3741328, 0.3660325, 0.38400856, 0.38812515, 0.40272647, 0.38282153, 0.38618687, 0.3932535, 0.38937005, 0.3943769, 0.3924296, 0.4137051, 0.410868, 0.4235324, 0.40915358, 0.4111907, 0.42614034], "std": [0.12034848, 0.1319106, 0.12121734, 0.117016196, 0.12512933, 0.12652849, 0.122264676, 0.13033533, 0.10563654, 0.09812912, 0.11195225, 0.11176445, 0.11434245, 0.09144911, 0.08993521, 0.09616442, 0.1218855, 0.10161506, 0.09991633, 0.11682969, 0.098844275, 0.094203204, 0.08521607, 0.08320563, 0.11651076, 0.09685414, 0.09618683, 0.10831154, 0.10833361, 0.095993325, 0.104015194, 0.08819741, 0.103683054, 0.10421954, 0.094040826, 0.08631681, 0.09025773, 0.093043506, 0.10271194, 0.09281946, 0.084118575, 0.094765864, 0.08454461, 0.0924213, 0.1025397, 0.101698205, 0.087202914, 0.099650055, 0.09294606, 0.083094604], "var": [1.0, 0.98, 0.98, 0.98, 0.96, 0.94, 0.9, 0.86, 0.84, 0.82, 0.82, 0.78, 0.76, 0.74, 0.76, 0.76, 0.74, 0.72, 0.7, 0.68, 0.68, 0.68, 0.68, 0.68, 0.7, 0.68, 0.66, 0.68, 0.68, 0.68, 0.68, 0.68, 0.68, 0.66, 0.64, 0.64, 0.6, 0.6, 0.6, 0.6, 0.6, 0.58, 0.56, 0.54, 0.56, 0.58, 0.58, 0.56, 0.54, 0.54], "best": [0.3555556, 0.49476194, 0.38865083, 0.40761906, 0.38817465, 0.38898417, 0.3896826, 0.39038554, 0.39067465, 0.39169317, 0.3925556, 0.452785, 0.42214286, 0.39570212, 0.3970522, 0.50946033, 0.45516866, 0.40096176, 0.40227517, 0.49884716, 0.50028574, 0.4062812, 0.41212845, 0.40897176, 0.55871034, 0.5599302, 0.5633639, 0.56486773, 0.5649037, 0.56735086, 0.5686191, 0.5699437, 0.57134926, 0.572987, 0.5744585, 0.575873, 0.57731485, 0.5788589, 0.58050966, 0.5821368, 0.583754, 0.58540845, 0.5871542, 0.5888299, 0.59057003, 0.58787304, 0.5896205, 0.59127325, 0.59764886, 0.59914804], "duration": [11192, 11568, 12716, 14971, 14301, 14769, 15121, 14840, 14764, 15283, 14475, 14524, 13738, 14913, 15942, 15872, 15614, 16098, 15627, 13977, 14090, 13894, 14026, 13844, 12787, 12759, 12881, 12766, 11479, 12666, 10619, 9790, 9691, 10223, 9127, 8451, 8615, 8489, 8614, 8527, 8066, 7907, 8282, 8173, 8193, 8779, 8724, 8217, 8587, 8707]}