{"avg": [0.15555556, 0.18884481, 0.24511366, 0.23360261, 0.2069063, 0.23870665, 0.2072775, 0.25655213, 0.20656888, 0.23740162, 0.24943396, 0.23895615, 0.240232, 0.26011667, 0.267158, 0.27858388, 0.27978525, 0.28298053, 0.3049973, 0.27192482, 0.30059147, 0.25643316, 0.3018549, 0.33220324, 0.27320945, 0.33171862, 0.33098522, 0.32004747, 0.3391171, 0.3391812, 0.3299859, 0.35871094, 0.33681864, 0.3147711, 0.36481804, 0.37414488, 0.37866524, 0.40443698, 0.38268957, 0.40283898, 0.39841273, 0.3978248, 0.40874028, 0.41376197, 0.42773876, 0.4145124, 0.41883433, 0.4179109, 0.41227654, 0.42362165], "std": [0.07071068, 0.0941384, 0.08391209, 0.07697258, 0.094227284, 0.09859497, 0.10793721, 0.08536508, 0.09786735, 0.07676495, 0.09818938, 0.062477138, 0.09993532, 0.09578811, 0.08063828, 0.073112495, 0.09231896, 0.08901885, 0.046642415, 0.08815717, 0.092623174, 0.095230475, 0.07988976, 0.0596937, 0.0761939, 0.04930003, 0.07135276, 0.072460376, 0.06129101, 0.05656614, 0.07654764, 0.07703695, 0.0807097, 0.106549054, 0.078014806, 0.06918441, 0.083130874, 0.02948782, 0.057337064, 0.04653764, 0.053516883, 0.044231422, 0.05034361, 0.044244368, 0.042307638, 0.06638688, 0.048916627, 0.03921323, 0.048138864, 0.07483166], "var": [1.0, 0.98, 0.98, 0.98, 0.96, 0.94, 0.94, 0.92, 0.92, 0.9, 0.92, 0.9, 0.9, 0.9, 0.9, 0.88, 0.86, 0.84, 0.84, 0.82, 0.82, 0.8, 0.78, 0.78, 0.76, 0.76, 0.74, 0.72, 0.72, 0.7, 0.68, 0.66, 0.66, 0.66, 0.64, 0.64, 0.64, 0.64, 0.62, 0.6, 0.62, 0.62, 0.58, 0.6, 0.62, 0.62, 0.62, 0.62, 0.62, 0.62], "best": [0.2777778, 0.30982143, 0.3889823, 0.39770007, 0.32759464, 0.40188128, 0.41374013, 0.40440118, 0.40612248, 0.33227143, 0.40605164, 0.33831048, 0.41599515, 0.41753632, 0.3845503, 0.34203362, 0.41876754, 0.4192468, 0.34813905, 0.3480354, 0.43041754, 0.42126226, 0.43395114, 0.43457747, 0.3558064, 0.41221553, 0.43940157, 0.4414888, 0.4440741, 0.44588873, 0.41467765, 0.4494496, 0.4527894, 0.44845766, 0.43619168, 0.45816532, 0.460547, 0.46200284, 0.44404054, 0.46601057, 0.46806943, 0.4625724, 0.47014332, 0.4718929, 0.4715936, 0.47129542, 0.4721037, 0.46480298, 0.4739572, 0.5690738], "duration": [4045, 10170, 7853, 3985, 5860, 5886, 5884, 3979, 4013, 10142, 4313, 6225, 5942, 7831, 8221, 7846, 5895, 8213, 5883, 4388, 11813, 2006, 8157, 9766, 6004, 3960, 6431, 9748, 7829, 11671, 5978, 7837, 3983, 6255, 3988, 4309, 9759, 5906, 5887, 11383, 3969, 6291, 11671, 5926, 10073, 9776, 9744, 5904, 7853, 7859]}