{"avg": [0.16458336, 0.20661378, 0.20664792, 0.22578096, 0.19790521, 0.17824367, 0.19471511, 0.20699702, 0.21374634, 0.22079152, 0.21861316, 0.22798704, 0.23819068, 0.20798121, 0.21398355, 0.22683886, 0.24512006, 0.23145199, 0.2372457, 0.24736077, 0.24513793, 0.23764898, 0.23848563, 0.22471718, 0.24702652, 0.2532127, 0.2522168, 0.25971383, 0.274359, 0.27566436, 0.2687298, 0.27402356, 0.29493955, 0.29017815, 0.2942246, 0.2869449, 0.28316393, 0.2823465, 0.28378862, 0.30896065, 0.31377327, 0.30447608, 0.3058145, 0.3159259, 0.31180042, 0.32949558, 0.3329413, 0.3440728, 0.32876748, 0.32902718, 0.33562544, 0.33793193, 0.34248188, 0.33892772, 0.35547093, 0.34479752, 0.35449183, 0.34241715, 0.36180934, 0.36711523, 0.3529205, 0.3870527, 0.38570094, 0.37842393, 0.3950824, 0.37882653, 0.39908338, 0.41920623, 0.4270269, 0.42922556, 0.43685216, 0.4570827, 0.4046367, 0.46200895, 0.42363104, 0.456889, 0.470674, 0.4546813, 0.46169636, 0.46413922, 0.49837825, 0.4899739, 0.48752975, 0.48256472, 0.4909488, 0.5082616, 0.50249356, 0.5095303, 0.50965136, 0.50858, 0.5182302, 0.50942963, 0.5295409, 0.5314113, 0.53348535, 0.5352759, 0.53703076, 0.53886425, 0.54043734, 0.5354812], "std": [0.040676907, 0.052306104, 0.053026117, 0.021297622, 0.07778152, 0.0792855, 0.05991699, 0.040954463, 0.055388685, 0.026576694, 0.036260158, 0.030025996, 0.03335329, 0.07560785, 0.069606766, 0.03492431, 0.042293027, 0.050910976, 0.049223885, 0.039368965, 0.019697879, 0.068078175, 0.034028847, 0.075249165, 0.04514295, 0.055208445, 0.04545123, 0.044634547, 0.026876062, 0.02419522, 0.031076888, 0.03298648, 0.026686775, 0.022242507, 0.033425834, 0.038591437, 0.044435967, 0.05062438, 0.05243259, 0.009095367, 0.0127573665, 0.03188788, 0.031365894, 0.014159912, 0.040157665, 0.040242407, 0.04104762, 0.037644606, 0.038626328, 0.048998572, 0.052693494, 0.05178234, 0.032667387, 0.04431976, 0.04982388, 0.031090487, 0.05423374, 0.036086764, 0.066360384, 0.0645622, 0.052487858, 0.057908453, 0.055184226, 0.054029122, 0.04886833, 0.039912023, 0.047718074, 0.06088875, 0.04676766, 0.050082777, 0.060446013, 0.04644805, 0.0653722, 0.04096065, 0.06623543, 0.055598117, 0.041252423, 0.06744792, 0.053383596, 0.053012308, 0.022931246, 0.03661918, 0.04770348, 0.05767389, 0.04796911, 0.026082028, 0.04065296, 0.038870357, 0.043962717, 0.03453587, 0.023920352, 0.039131384, 1.1920929e-07, 1.1920929e-07, 5.9604645e-08, 0.0, 0.0, 1.1920929e-07, 5.9604645e-08, 0.025600836], "var": [0.98, 0.98, 0.96, 0.94, 0.94, 0.92, 0.9, 0.88, 0.86, 0.88, 0.86, 0.82, 0.78, 0.74, 0.72, 0.68, 0.66, 0.64, 0.62, 0.6, 0.6, 0.58, 0.58, 0.56, 0.56, 0.58, 0.54, 0.52, 0.5, 0.5, 0.46, 0.44, 0.44, 0.44, 0.42, 0.44, 0.4, 0.38, 0.38, 0.36, 0.38, 0.34, 0.36, 0.34, 0.3, 0.3, 0.28, 0.3, 0.32, 0.36, 0.34, 0.34, 0.34, 0.34, 0.34, 0.36, 0.36, 0.38, 0.36, 0.34, 0.32, 0.32, 0.32, 0.3, 0.3, 0.3, 0.32, 0.3, 0.3, 0.28, 0.28, 0.28, 0.28, 0.28, 0.24, 0.22, 0.22, 0.18, 0.18, 0.18, 0.16, 0.16, 0.14, 0.14, 0.12, 0.12, 0.12, 0.1, 0.08, 0.08, 0.06, 0.04, 0.04, 0.04, 0.04, 0.04, 0.04, 0.04, 0.04, 0.04], "best": [0.1888889, 0.30833334, 0.30967742, 0.29624233, 0.3086168, 0.3009689, 0.3008109, 0.2378307, 0.3223403, 0.24323674, 0.30347946, 0.29635686, 0.32635963, 0.30387208, 0.30137017, 0.2992696, 0.30503085, 0.30001846, 0.30516312, 0.30651343, 0.2984127, 0.30045846, 0.26667613, 0.30050814, 0.30119807, 0.32867587, 0.30908403, 0.32953227, 0.33095795, 0.33088997, 0.3323245, 0.33285648, 0.33361024, 0.33439884, 0.3351422, 0.33703804, 0.31411412, 0.3362595, 0.33783743, 0.3389439, 0.3392552, 0.33983457, 0.341714, 0.34262025, 0.43254322, 0.4336164, 0.43519884, 0.43712395, 0.43946755, 0.44062752, 0.44186866, 0.4434706, 0.4454285, 0.44690317, 0.44841647, 0.45025966, 0.4517613, 0.45353055, 0.45448864, 0.45618325, 0.45845008, 0.46044767, 0.4625545, 0.46481243, 0.46726632, 0.4696045, 0.47176522, 0.47588673, 0.47823966, 0.47931647, 0.48192543, 0.48394203, 0.48669103, 0.48828918, 0.49142915, 0.49324995, 0.49558285, 0.49801296, 0.5000678, 0.5020392, 0.5043873, 0.50692475, 0.50944465, 0.51186883, 0.51360977, 0.5157908, 0.5176256, 0.51991874, 0.52184445, 0.523594, 0.52542394, 0.5275404, 0.5295408, 0.5314114, 0.5334853, 0.5352759, 0.53703076, 0.5388644, 0.5404374, 0.54209125], "duration": [4214, 3874, 8074, 2001, 7748, 3870, 5906, 2266, 3864, 1918, 4270, 3927, 3948, 1973, 3873, 1925, 5852, 3845, 6139, 3852, 3859, 3856, 2234, 3856, 1925, 3907, 2052, 1978, 1971, 1996, 1924, 3856, 3861, 1934, 1918, 2309, 3080, 1938, 2397, 2303, 3904, 1977, 1972, 5802, 4239, 1934, 6480, 1938, 2098, 1923, 2010, 1969, 1969, 1957, 2012, 2433, 2008, 2060, 1918, 1911, 2252, 1954, 1921, 3434, 1921, 1967, 1946, 2000, 1918, 1950, 1960, 1972, 1926, 2079, 1972, 1950, 1925, 1975, 1944, 1920, 2075, 1940, 2566, 1931, 2267, 1958, 1938, 1948, 1964, 1930, 1946, 1937, 1950, 1942, 1944, 1936, 1981, 1943, 1952, 1941]}