{"avg": [0.35959598, 0.39572877, 0.48344675, 0.46733975, 0.4077922, 0.37480828, 0.40349934, 0.38209096, 0.4809984, 0.35028866, 0.40168306, 0.41581866, 0.42138192, 0.41865993, 0.41915634, 0.50286573, 0.46095708, 0.4586317, 0.48561507, 0.4634468, 0.36691922, 0.39429775, 0.45040998, 0.49046373, 0.42019433, 0.5134642, 0.4850422, 0.48442522, 0.48861358, 0.48162952, 0.45210332, 0.48618442, 0.53141195, 0.48005757, 0.50232035, 0.47105646, 0.53057176, 0.47651595, 0.48179203, 0.51609296, 0.48124593, 0.48456705, 0.5388033, 0.5188703, 0.4961589, 0.51919633, 0.5441687, 0.5575544, 0.49309835, 0.548166], "std": [0.1054383, 0.101465225, 0.08427718, 0.11709487, 0.15937635, 0.09829007, 0.0851888, 0.0736846, 0.08133171, 0.10582664, 0.15536708, 0.11432015, 0.11878896, 0.15594144, 0.09022971, 0.07534473, 0.14224814, 0.09361035, 0.086371325, 0.09726985, 0.1607771, 0.17874172, 0.09167087, 0.07754504, 0.11639287, 0.06529907, 0.1149399, 0.11439545, 0.08586532, 0.09162642, 0.09573677, 0.11477984, 0.05029144, 0.11549376, 0.08102419, 0.1170305, 0.05250786, 0.120941274, 0.12807062, 0.11214687, 0.117127284, 0.086355425, 0.048612174, 0.107316084, 0.11703296, 0.106571265, 0.050321124, 0.010346207, 0.11768263, 0.046466433], "var": [0.98, 0.98, 0.98, 0.98, 0.96, 0.96, 0.94, 0.92, 0.9, 0.88, 0.86, 0.84, 0.84, 0.84, 0.82, 0.84, 0.84, 0.82, 0.82, 0.8, 0.8, 0.8, 0.78, 0.76, 0.74, 0.76, 0.78, 0.78, 0.76, 0.74, 0.74, 0.72, 0.7, 0.7, 0.7, 0.7, 0.7, 0.68, 0.68, 0.66, 0.64, 0.64, 0.64, 0.62, 0.62, 0.62, 0.62, 0.62, 0.62, 0.64], "best": [0.51111114, 0.53275615, 0.55192745, 0.55452853, 0.557695, 0.55705935, 0.54157335, 0.54335946, 0.54931104, 0.5367881, 0.542506, 0.55085766, 0.5496265, 0.55101264, 0.55342233, 0.55365837, 0.55471736, 0.55646265, 0.5530159, 0.5539683, 0.5411977, 0.55541754, 0.55617213, 0.5565742, 0.55827755, 0.55899185, 0.55973977, 0.55372614, 0.5601262, 0.5555954, 0.55664414, 0.5569846, 0.5598124, 0.5605718, 0.56152385, 0.5622461, 0.5616017, 0.5629422, 0.56243265, 0.56351435, 0.564601, 0.5600057, 0.5671854, 0.5656557, 0.5687085, 0.5688444, 0.5696173, 0.5712151, 0.5730612, 0.5738777], "duration": [17644, 18075, 27633, 18349, 18278, 17559, 17649, 17696, 18305, 21798, 18250, 26898, 18409, 18059, 17797, 18426, 18290, 18423, 18329, 18536, 16237, 18235, 18052, 18574, 16392, 18318, 18484, 18270, 18265, 18242, 18280, 16458, 18431, 21061, 18365, 18417, 18318, 18296, 18393, 18280, 18395, 18549, 18366, 18401, 18369, 18410, 18349, 23120, 18322, 18503]}