{"avg": [0.15314011, 0.22012116, 0.21428573, 0.22574203, 0.24918376, 0.25098953, 0.2547581, 0.2730943, 0.29148868, 0.28707072, 0.3051357, 0.30439216, 0.31818742, 0.3208847, 0.31728372, 0.34968024, 0.35249522, 0.35156673, 0.36360726, 0.37974975, 0.39560047, 0.395813, 0.4282667, 0.42940438, 0.4361337, 0.43700445, 0.44526556, 0.46477637, 0.48306847, 0.4916992, 0.5190779, 0.51503855, 0.5256284, 0.53430337, 0.5385725, 0.5575324, 0.55963486, 0.5700851, 0.5765054, 0.58159405, 0.58942753, 0.5952809, 0.5987944, 0.60324615, 0.6070305, 0.6111171, 0.61431247, 0.6181317, 0.6213323, 0.6192992], "std": [0.071855746, 0.0697154, 0.074533656, 0.07058425, 0.06482093, 0.057629656, 0.09148132, 0.05842683, 0.06704278, 0.07021951, 0.038704135, 0.045106076, 0.055294096, 0.06792525, 0.056628373, 0.04995667, 0.056415692, 0.048022684, 0.05953518, 0.06549978, 0.062580064, 0.06641404, 0.058938306, 0.061283227, 0.060828365, 0.05954851, 0.067545034, 0.04790821, 0.04699851, 0.03744101, 0.037793856, 0.040979438, 0.03916757, 0.037912842, 0.041692723, 0.026544312, 0.030743074, 0.024109371, 0.018256774, 0.01833114, 0.005284521, 0.0029768066, 0.006193382, 0.0030515608, 0.003945964, 0.00024454226, 0.001801648, 0.00040265376, 0.0017409878, 0.026632858], "var": [0.92, 0.88, 0.84, 0.84, 0.8, 0.78, 0.78, 0.78, 0.78, 0.76, 0.72, 0.7, 0.72, 0.74, 0.76, 0.74, 0.78, 0.78, 0.72, 0.66, 0.66, 0.62, 0.58, 0.58, 0.54, 0.52, 0.52, 0.48, 0.44, 0.48, 0.46, 0.42, 0.4, 0.36, 0.32, 0.3, 0.3, 0.3, 0.28, 0.22, 0.18, 0.18, 0.16, 0.16, 0.14, 0.14, 0.12, 0.1, 0.1, 0.06], "best": [0.2777778, 0.34603176, 0.33666667, 0.31819293, 0.36755192, 0.31699488, 0.42519107, 0.35851568, 0.39215997, 0.4005614, 0.3975057, 0.401118, 0.4041212, 0.5009613, 0.4105531, 0.4617573, 0.5076762, 0.4635334, 0.4813906, 0.5134436, 0.51568544, 0.51825124, 0.5213958, 0.52517295, 0.52857625, 0.5311551, 0.5340165, 0.5384372, 0.5419972, 0.5461515, 0.5499797, 0.55440885, 0.5610956, 0.565519, 0.5697745, 0.5723344, 0.57768244, 0.58151716, 0.5853002, 0.58820224, 0.5926354, 0.59657955, 0.600265, 0.6039479, 0.6082458, 0.6112901, 0.6149328, 0.61836576, 0.6218758, 0.6251158], "duration": [8944, 16863, 16341, 20157, 17527, 22112, 17476, 14471, 20431, 27283, 26042, 25869, 25001, 19572, 18517, 21409, 14840, 20739, 23900, 26695, 23907, 19882, 17565, 24641, 19453, 17758, 18904, 23231, 10982, 11118, 10257, 7618, 10562, 7948, 10173, 9660, 8051, 7431, 7917, 7447, 7376, 7672, 7392, 7234, 9161, 7976, 9115, 7916, 6976, 7630]}