{"avg": [0.18169935, 0.20922814, 0.19247922, 0.18015257, 0.20835978, 0.22699662, 0.1526323, 0.18876112, 0.20881863, 0.24450573, 0.24343435, 0.22093156, 0.19863948, 0.25147933, 0.2061508, 0.24717608, 0.2273908, 0.24201247, 0.30290723, 0.31771713, 0.26034915, 0.27221212, 0.24389257, 0.2966136, 0.27201322, 0.34097603, 0.28309992, 0.29908967, 0.33813837, 0.3301638, 0.34089273, 0.3162075, 0.32661125, 0.30684716, 0.3425982, 0.33416387, 0.36809626, 0.33549398, 0.33428335, 0.33320066, 0.32266322, 0.3492607, 0.36658007, 0.34563512, 0.37149346, 0.37165046, 0.35833818, 0.35871765, 0.37339967, 0.39795816], "std": [0.09915705, 0.0870498, 0.13198584, 0.122920886, 0.110451795, 0.140655, 0.12619841, 0.091701955, 0.13120584, 0.1567798, 0.10887471, 0.14714208, 0.12724586, 0.10525046, 0.1086816, 0.14820418, 0.098160565, 0.10257339, 0.11472508, 0.08068799, 0.08974036, 0.09155499, 0.1468014, 0.089491114, 0.12939258, 0.08331977, 0.11363621, 0.087011404, 0.12469237, 0.07438925, 0.109461896, 0.10654332, 0.087360375, 0.14034066, 0.07964961, 0.108526826, 0.06993741, 0.07393444, 0.09515877, 0.10760825, 0.09245432, 0.0790622, 0.050782155, 0.07554769, 0.052034255, 0.06564726, 0.07625229, 0.070483685, 0.053815585, 0.016254395], "var": [1.0, 1.0, 0.97333336, 0.96, 0.94666666, 0.92, 0.92, 0.8933333, 0.88, 0.8666667, 0.8666667, 0.84, 0.84, 0.82666665, 0.81333333, 0.8, 0.7733333, 0.76, 0.74666667, 0.74666667, 0.73333335, 0.72, 0.72, 0.70666665, 0.70666665, 0.6933333, 0.68, 0.6666667, 0.64, 0.6533333, 0.64, 0.6533333, 0.64, 0.6533333, 0.68, 0.6666667, 0.6666667, 0.6666667, 0.6666667, 0.6533333, 0.6533333, 0.6533333, 0.6533333, 0.6533333, 0.6533333, 0.62666667, 0.6, 0.5733333, 0.56, 0.56], "best": [0.3555556, 0.38076568, 0.39365083, 0.3838575, 0.38446715, 0.3860878, 0.3803175, 0.37734735, 0.38380718, 0.38511777, 0.38787884, 0.38923094, 0.37972587, 0.38834983, 0.38173577, 0.39102888, 0.3908155, 0.3918694, 0.39357013, 0.3951618, 0.3947798, 0.39144242, 0.3968605, 0.39780644, 0.39329946, 0.39735323, 0.39771476, 0.39635646, 0.40020496, 0.39177218, 0.40050215, 0.40057638, 0.3975778, 0.4007315, 0.39953828, 0.40086913, 0.40048844, 0.40028262, 0.40209064, 0.40260595, 0.40335894, 0.404252, 0.4047526, 0.40406537, 0.40629336, 0.4049152, 0.4072389, 0.40937763, 0.4094112, 0.41144183], "duration": [3810, 3765, 3830, 5792, 3826, 5713, 5705, 7607, 3926, 3840, 5701, 5718, 7603, 2236, 5749, 7619, 3816, 5754, 7967, 9530, 5831, 4117, 3836, 5720, 9542, 3830, 9498, 5745, 1977, 5767, 5729, 13334, 2087, 3847, 4159, 1939, 1954, 1947, 1937, 1948, 3882, 1906, 5767, 3863, 5721, 4148, 3863, 1984, 6124, 1955]}