{"avg": [0.3908497, 0.4631808, 0.44685525, 0.47862333, 0.4733894, 0.45860606, 0.4730159, 0.47158518, 0.45597574, 0.5189971, 0.4800061, 0.49437156, 0.4948959, 0.5201343, 0.5005991, 0.5027752, 0.475094, 0.52252585, 0.48611793, 0.5169445, 0.49062246, 0.52531374, 0.5370383, 0.5010872, 0.5352275, 0.53690666, 0.54343224, 0.51429164, 0.5536656, 0.5180237, 0.55075973, 0.53331596, 0.52035236, 0.5433487, 0.5379642, 0.5646131, 0.56680346, 0.5424348, 0.5595456, 0.5469363, 0.57461745, 0.5783053, 0.5391314, 0.5559739, 0.5698553, 0.5917844, 0.5861111, 0.5916562, 0.5889466, 0.59449595], "std": [0.09998079, 0.084253885, 0.12149473, 0.09941143, 0.13502932, 0.105973855, 0.1059173, 0.08099221, 0.12394403, 0.053487755, 0.111434735, 0.07496138, 0.10157821, 0.051743887, 0.07199189, 0.08732438, 0.12214344, 0.05712543, 0.116641834, 0.0647906, 0.12229736, 0.08654123, 0.04324228, 0.10461073, 0.05202836, 0.050759234, 0.04189587, 0.10879086, 0.013227559, 0.10396703, 0.012772843, 0.058714457, 0.07810118, 0.060936283, 0.07367179, 0.018209035, 0.016669083, 0.063149944, 0.048671387, 0.07017911, 0.018992158, 0.019329749, 0.10920947, 0.06227881, 0.051210172, 0.016489282, 0.02124179, 0.02168195, 0.025160044, 0.022916242], "var": [0.97333336, 0.97333336, 0.97333336, 0.97333336, 0.96, 0.96, 0.94666666, 0.93333334, 0.9066667, 0.9066667, 0.8933333, 0.88, 0.8666667, 0.85333335, 0.85333335, 0.85333335, 0.85333335, 0.85333335, 0.82666665, 0.8, 0.7733333, 0.74666667, 0.72, 0.70666665, 0.68, 0.68, 0.6666667, 0.6666667, 0.6533333, 0.64, 0.64, 0.62666667, 0.61333334, 0.58666664, 0.5733333, 0.56, 0.53333336, 0.50666666, 0.49333334, 0.48, 0.46666667, 0.45333335, 0.42666668, 0.4, 0.37333333, 0.37333333, 0.34666666, 0.34666666, 0.34666666, 0.32], "best": [0.51111114, 0.55312794, 0.5634921, 0.55255735, 0.54431033, 0.54655486, 0.5494331, 0.5433819, 0.5468254, 0.54783696, 0.5495727, 0.5457315, 0.55361116, 0.5491402, 0.5523946, 0.55633, 0.55657387, 0.5541029, 0.5593694, 0.5603931, 0.5611685, 0.5613226, 0.56314176, 0.56538194, 0.56708443, 0.5687462, 0.57008636, 0.57287866, 0.57456917, 0.57636505, 0.5779407, 0.578177, 0.578939, 0.58101344, 0.5838084, 0.5864531, 0.58923364, 0.5908789, 0.59256476, 0.59505546, 0.59619147, 0.59906924, 0.60084414, 0.60254914, 0.60409254, 0.6064131, 0.6089495, 0.61101294, 0.6133839, 0.6153256], "duration": [27100, 27076, 29596, 27018, 26983, 26983, 27032, 27088, 27047, 27064, 27027, 27093, 31533, 27035, 27053, 27047, 31611, 27063, 27067, 27170, 27535, 31589, 27070, 27079, 27072, 27074, 29485, 27020, 27073, 28297, 27096, 27065, 27075, 27110, 27148, 27118, 31694, 27163, 27192, 27131, 27154, 27164, 27126, 31651, 27064, 27157, 27903, 27032, 27070, 27099]}