{"avg": [0.36866662, 0.39574292, 0.39620483, 0.4026318, 0.40290722, 0.3972286, 0.40953174, 0.42200676, 0.422356, 0.42891854, 0.42964768, 0.4420346, 0.44845563, 0.46079707, 0.46770486, 0.47456193, 0.48150775, 0.48791444, 0.5001033, 0.5008261, 0.5069743, 0.5189489, 0.52508324, 0.51988363, 0.5264711, 0.53320765, 0.5338366, 0.53456014, 0.540933, 0.53591126, 0.54223645, 0.55527645, 0.5611802, 0.56733316, 0.5684919, 0.57478154, 0.57584715, 0.58230895, 0.58808345, 0.58863604, 0.5949496, 0.59569955, 0.5971314, 0.60384506, 0.6055401, 0.60703844, 0.60844445, 0.60954356, 0.6100173, 0.61106974], "std": [0.14211266, 0.14221865, 0.14217514, 0.14378752, 0.14370586, 0.14182155, 0.1450215, 0.14761224, 0.1478201, 0.14843962, 0.14819281, 0.14902402, 0.14916383, 0.1488446, 0.14810465, 0.14651863, 0.14472619, 0.14346597, 0.13941355, 0.13901456, 0.13698229, 0.13139004, 0.12790903, 0.13082272, 0.12784787, 0.12430699, 0.12450238, 0.12388685, 0.120571025, 0.12382287, 0.11999987, 0.10970053, 0.104692645, 0.09929823, 0.099751934, 0.09376265, 0.09421148, 0.08740119, 0.07937226, 0.07967233, 0.06971045, 0.07006682, 0.07051697, 0.058776617, 0.059271958, 0.05965575, 0.06008602, 0.060477957, 0.060797974, 0.06115843], "var": [1.0, 0.98, 0.96, 0.96, 0.94, 0.9, 0.88, 0.88, 0.84, 0.82, 0.82, 0.8, 0.82, 0.78, 0.74, 0.72, 0.74, 0.7, 0.7, 0.68, 0.64, 0.64, 0.62, 0.64, 0.66, 0.68, 0.66, 0.68, 0.66, 0.7, 0.66, 0.66, 0.68, 0.68, 0.68, 0.64, 0.64, 0.64, 0.66, 0.64, 0.64, 0.64, 0.64, 0.62, 0.6, 0.58, 0.6, 0.62, 0.6, 0.62], "best": [0.5666667, 0.5980953, 0.6007143, 0.6019048, 0.602381, 0.6025715, 0.6025397, 0.60265315, 0.6039882, 0.60513234, 0.6060953, 0.6069698, 0.60773814, 0.60842496, 0.6090817, 0.6098096, 0.610506, 0.61114854, 0.6116932, 0.61218053, 0.6126191, 0.6130613, 0.6138312, 0.6144721, 0.61505955, 0.6157334, 0.6164103, 0.61716056, 0.6178402, 0.61857146, 0.61923814, 0.62000006, 0.6209078, 0.6217028, 0.62254906, 0.62342864, 0.6243387, 0.625354, 0.62639105, 0.6273261, 0.62823814, 0.6291406, 0.63002276, 0.6309192, 0.6318291, 0.6328149, 0.6338406, 0.63480246, 0.63575405, 0.6366473], "duration": [3071, 3001, 3016, 3027, 3011, 3003, 3054, 3026, 3029, 3047, 3042, 3030, 3027, 3044, 3039, 3041, 3044, 3037, 3431, 3039, 3034, 3059, 3059, 3044, 3016, 3007, 3022, 3040, 3045, 3027, 3039, 3034, 3059, 3047, 3045, 3040, 3036, 3046, 3062, 3055, 3074, 3065, 3051, 3062, 3077, 3071, 3065, 3056, 3062, 3076]}