{"avg": [0.4466667, 0.48010582, 0.46942115, 0.4230244, 0.46408236, 0.45358482, 0.44492152, 0.49521056, 0.5041562, 0.5472312, 0.52195877, 0.5173846, 0.5382964, 0.54698336, 0.557386, 0.5342215, 0.5655996, 0.57028896, 0.53388274, 0.573628, 0.59767896, 0.5608305, 0.6029217, 0.6048548, 0.58284795, 0.6337376, 0.6360561, 0.60348994, 0.6412971, 0.6157337, 0.62465847, 0.6321076, 0.63100535, 0.66295534, 0.6682479, 0.67122215, 0.6785527, 0.6860448, 0.67756575, 0.68117553, 0.69287986, 0.6932237, 0.7112963, 0.71099156, 0.69759554, 0.7095585, 0.7147245, 0.7173342, 0.7320324, 0.73324966], "std": [0.14696941, 0.15027411, 0.15018359, 0.15029003, 0.15034339, 0.1531966, 0.15059891, 0.14373931, 0.14020093, 0.11704206, 0.13169181, 0.13518687, 0.12127756, 0.122301705, 0.120570436, 0.1293915, 0.11141252, 0.10428586, 0.14033975, 0.10877576, 0.07902148, 0.12996846, 0.07836086, 0.08426805, 0.11724854, 0.025121043, 0.02829514, 0.09374325, 0.028489219, 0.0889774, 0.09229062, 0.087296434, 0.09385059, 0.024957526, 0.02541262, 0.028142976, 0.020095665, 0.020021226, 0.035520613, 0.03286663, 0.031536162, 0.034357242, 0.005205227, 0.017684413, 0.04333525, 0.026668994, 0.026535045, 0.02720553, 1.1920929e-07, 0.005824336], "var": [1.0, 0.96, 0.94, 0.94, 0.9, 0.9, 0.9, 0.9, 0.9, 0.9, 0.9, 0.92, 0.9, 0.86, 0.86, 0.84, 0.8, 0.76, 0.72, 0.7, 0.66, 0.62, 0.58, 0.54, 0.54, 0.54, 0.5, 0.52, 0.48, 0.48, 0.46, 0.42, 0.4, 0.38, 0.34, 0.34, 0.32, 0.28, 0.26, 0.22, 0.2, 0.18, 0.18, 0.18, 0.18, 0.16, 0.16, 0.16, 0.16, 0.14], "best": [0.5666667, 0.61746037, 0.6119048, 0.61073965, 0.60219204, 0.6040817, 0.60744935, 0.60724646, 0.6056777, 0.6092908, 0.6046132, 0.6123918, 0.6122913, 0.61428577, 0.6192193, 0.62578356, 0.6262865, 0.6299164, 0.6315242, 0.63357556, 0.63725317, 0.64056337, 0.6440477, 0.64743495, 0.65170074, 0.6539077, 0.6581608, 0.6621311, 0.66333115, 0.6663457, 0.6690322, 0.67303586, 0.6771525, 0.6800187, 0.68311447, 0.6873548, 0.6910726, 0.69530547, 0.69934326, 0.70246917, 0.7059778, 0.71009254, 0.71333784, 0.7174483, 0.7212873, 0.72323346, 0.72634655, 0.7292489, 0.7320323, 0.7356252], "duration": [1347, 1325, 1541, 1607, 1799, 1321, 1316, 1313, 1324, 1339, 1357, 1374, 1221, 1370, 1153, 1145, 1130, 1290, 1512, 1314, 1382, 1597, 1568, 1329, 1343, 1245, 1313, 1332, 1392, 1536, 1333, 1340, 1302, 1329, 1299, 1341, 1387, 1369, 1233, 1497, 1740, 1346, 1378, 1308, 1383, 1352, 1371, 1404, 1325, 1530]}