{"avg": [0.1303704, 0.18956919, 0.23131502, 0.25034598, 0.20544024, 0.2644056, 0.224018, 0.19473198, 0.2812492, 0.23448218, 0.2854989, 0.24146524, 0.24131393, 0.23308915, 0.30584, 0.31027642, 0.29104164, 0.3041696, 0.3314169, 0.32022187, 0.3617359, 0.33176634, 0.31377757, 0.39388996, 0.33103487, 0.3811252, 0.3740208, 0.3641988, 0.42061445, 0.3998652, 0.39541557, 0.39771575, 0.41871554, 0.4341792, 0.44291613, 0.38649777, 0.42354557, 0.4561412, 0.4372997, 0.43768504, 0.4345294, 0.44317114, 0.4424852, 0.4707953, 0.48108235, 0.4543557, 0.49969944, 0.49074212, 0.48579714, 0.4786119], "std": [0.11298179, 0.1591635, 0.10653801, 0.16071154, 0.13581628, 0.13609569, 0.15205348, 0.15851489, 0.12192954, 0.13479902, 0.12279183, 0.16139036, 0.13052662, 0.12746295, 0.10489962, 0.097316675, 0.12400132, 0.13983248, 0.09844198, 0.124238156, 0.11335424, 0.09683019, 0.16642442, 0.07208904, 0.15033536, 0.07938191, 0.12322729, 0.116983585, 0.04263582, 0.11641331, 0.10637778, 0.111534014, 0.08579937, 0.039362505, 0.041960146, 0.11487024, 0.08056201, 0.043292873, 0.059315823, 0.07400091, 0.12276735, 0.12495156, 0.08627968, 0.06555699, 0.039765846, 0.082382105, 0.009441107, 0.040792704, 0.072926804, 0.07682021], "var": [0.96, 0.94, 0.9, 0.9, 0.88, 0.86, 0.88, 0.88, 0.84, 0.84, 0.8, 0.78, 0.78, 0.74, 0.76, 0.72, 0.68, 0.64, 0.64, 0.6, 0.62, 0.6, 0.6, 0.6, 0.56, 0.54, 0.52, 0.52, 0.52, 0.52, 0.48, 0.46, 0.44, 0.4, 0.36, 0.34, 0.34, 0.32, 0.32, 0.28, 0.26, 0.26, 0.26, 0.24, 0.24, 0.22, 0.22, 0.22, 0.2, 0.18], "best": [0.3555556, 0.40000004, 0.39989057, 0.40211645, 0.38962784, 0.40218258, 0.40615082, 0.3955376, 0.40632302, 0.40091535, 0.4055556, 0.40825593, 0.40423286, 0.40708184, 0.40926808, 0.40923333, 0.41393375, 0.41192675, 0.41552034, 0.41879702, 0.41975486, 0.42638707, 0.42719865, 0.43026823, 0.4339259, 0.43860918, 0.4405556, 0.44394204, 0.446196, 0.44841802, 0.45166603, 0.4535657, 0.45659038, 0.4610508, 0.46440557, 0.4684546, 0.47008026, 0.4735662, 0.47796407, 0.48105738, 0.48378143, 0.4870321, 0.49092662, 0.49463457, 0.49816942, 0.50154644, 0.50361484, 0.50641483, 0.5097567, 0.5126733], "duration": [1955, 1977, 1934, 1868, 1883, 1919, 2184, 1859, 1923, 1965, 1879, 1914, 1858, 5868, 1894, 1889, 1918, 2257, 1944, 2231, 1909, 1909, 2215, 2860, 1910, 1900, 2270, 1912, 1914, 1950, 2059, 1927, 1911, 1925, 1926, 15107, 1933, 1993, 1901, 1908, 1937, 1948, 1980, 1924, 4419, 2259, 1905, 1944, 1925, 1907]}