{"avg": [0.45416674, 0.42753533, 0.43732634, 0.4535614, 0.41931343, 0.4803511, 0.45423147, 0.48161238, 0.51807636, 0.46193054, 0.4818342, 0.4928279, 0.5228129, 0.5516474, 0.5228162, 0.53876495, 0.54010093, 0.5205213, 0.54273003, 0.55174845, 0.5266454, 0.5626729, 0.5227698, 0.5665308, 0.5667681], "std": [0.10569254, 0.13023755, 0.16574842, 0.16288307, 0.122472465, 0.09572358, 0.15981954, 0.14382735, 0.06895951, 0.12553588, 0.11007974, 0.10520847, 0.060845412, 0.009912874, 0.088981815, 0.05473116, 0.042669218, 0.08564247, 0.054221325, 0.048770178, 0.07629344, 0.014494417, 0.08696911, 0.013073346, 0.014375796], "var": [0.98, 0.96, 0.92, 0.88, 0.86, 0.84, 0.82, 0.8, 0.76, 0.76, 0.76, 0.74, 0.7, 0.68, 0.66, 0.64, 0.62, 0.64, 0.62, 0.58, 0.6, 0.58, 0.54, 0.54, 0.54], "best": [0.51111114, 0.5587302, 0.55452853, 0.5619982, 0.5612943, 0.55989164, 0.559945, 0.563325, 0.56094503, 0.5620143, 0.5622575, 0.5638709, 0.5633185, 0.56330895, 0.5655329, 0.56567466, 0.56719375, 0.5672524, 0.6062335, 0.572358, 0.5767926, 0.5786072, 0.5815791, 0.58404833, 0.58702374], "duration": [27151, 31226, 31398, 26908, 26624, 27087, 31506, 26996, 27005, 26974, 27013, 26994, 26969, 31584, 27083, 31543, 27024, 26988, 27035, 27072, 27043, 27135, 27042, 27049, 27029]}