{"avg": [0.15833333, 0.18516245, 0.16499786, 0.16687618, 0.19464286, 0.2219541, 0.19356816, 0.21981311, 0.22654378, 0.21086863, 0.22563669, 0.23566765, 0.2464974, 0.24248318, 0.28572732, 0.2871114, 0.24092333, 0.24461615, 0.3127928, 0.25949657, 0.2887193, 0.27057052, 0.29931915, 0.30950227, 0.29761177, 0.34612668, 0.33122483, 0.341703, 0.34130025, 0.3020503, 0.3448583, 0.34663948, 0.3512268, 0.3436375, 0.3693462, 0.35231298, 0.37153205, 0.37896365, 0.37152094, 0.39990228, 0.37844533, 0.3912975, 0.41569233, 0.39918837, 0.39221293, 0.4129149, 0.43528512, 0.435483, 0.42346045, 0.43740824], "std": [0.09149817, 0.078396484, 0.061838835, 0.051943053, 0.06728163, 0.08366959, 0.08563341, 0.06507452, 0.07521537, 0.0730374, 0.07450075, 0.0873663, 0.06983139, 0.07791626, 0.08215627, 0.077857725, 0.06686364, 0.07475171, 0.059960023, 0.06606408, 0.07742161, 0.091056034, 0.065471865, 0.07396975, 0.07357481, 0.068044856, 0.07019118, 0.04727426, 0.10149384, 0.10548629, 0.08301643, 0.07599969, 0.058265615, 0.051976908, 0.06674231, 0.082315, 0.08159857, 0.035336107, 0.08309913, 0.043466646, 0.03981102, 0.036202546, 0.040087532, 0.055060245, 0.08981559, 0.042035628, 0.045807615, 0.043128747, 0.045097563, 0.039171968], "var": [1.0, 0.98, 0.94, 0.9, 0.86, 0.84, 0.82, 0.82, 0.82, 0.8, 0.76, 0.72, 0.74, 0.7, 0.68, 0.7, 0.66, 0.62, 0.64, 0.62, 0.58, 0.56, 0.56, 0.56, 0.58, 0.58, 0.56, 0.56, 0.54, 0.5, 0.48, 0.48, 0.46, 0.42, 0.42, 0.4, 0.36, 0.34, 0.34, 0.32, 0.32, 0.3, 0.3, 0.3, 0.26, 0.26, 0.26, 0.26, 0.26, 0.26], "best": [0.3777778, 0.32093257, 0.32390875, 0.27211872, 0.32222223, 0.32121408, 0.40846565, 0.32505244, 0.37762296, 0.32828596, 0.3307082, 0.38020545, 0.3351074, 0.4117745, 0.41410118, 0.38326496, 0.33792818, 0.35528085, 0.4168565, 0.38220927, 0.44444448, 0.4459198, 0.38575134, 0.4500686, 0.38685718, 0.453011, 0.4550554, 0.4230615, 0.45875213, 0.4608466, 0.42636764, 0.4644563, 0.46706355, 0.42956585, 0.4718479, 0.47432414, 0.47573215, 0.47751373, 0.47972113, 0.48172385, 0.43598312, 0.48482722, 0.48645443, 0.4886632, 0.49135756, 0.49347246, 0.4947998, 0.49741012, 0.49920958, 0.5005028], "duration": [2010, 4216, 1948, 3964, 1975, 4060, 3893, 2032, 5905, 4335, 1976, 8125, 3925, 3992, 3895, 4053, 2041, 3967, 4139, 5915, 5828, 1943, 5841, 5924, 5890, 9691, 5844, 3882, 3945, 5845, 3924, 3928, 2089, 2017, 4010, 2010, 5793, 1937, 1953, 7773, 2047, 2085, 3966, 2764, 2053, 3978, 2434, 2033, 5906, 2315]}