{"avg": [0.16319445, 0.19007318, 0.17646332, 0.22437383, 0.2291856, 0.20021433, 0.22249243, 0.22707751, 0.23302436, 0.20097081, 0.2342262, 0.21811557, 0.24026835, 0.24176858, 0.2509571, 0.24587502, 0.25483465, 0.2706935, 0.26006833, 0.27385622, 0.30227175, 0.3081732, 0.33223394, 0.3134067, 0.31621644, 0.3101346, 0.3416277, 0.34047937, 0.34478742, 0.31699362, 0.31651503, 0.36146036, 0.33207366, 0.36884102, 0.3551367, 0.40729937, 0.36993334, 0.42648983, 0.3944156, 0.41496977, 0.44948974, 0.44498804, 0.42714572, 0.40954968, 0.44672164, 0.47436163, 0.4629652, 0.49056143, 0.4755977, 0.46565336], "std": [0.090328515, 0.10244951, 0.09537601, 0.09130843, 0.09760639, 0.06492728, 0.09149285, 0.08676814, 0.07380719, 0.060555283, 0.075629264, 0.082879156, 0.07793936, 0.080235206, 0.09496648, 0.084798455, 0.07578659, 0.09452772, 0.08720902, 0.07885938, 0.10488119, 0.087545305, 0.088303484, 0.10922599, 0.088701464, 0.08443124, 0.07425341, 0.09019969, 0.10892969, 0.10752258, 0.11259869, 0.10267097, 0.11034533, 0.09922884, 0.11190357, 0.06404663, 0.11744295, 0.07131974, 0.10523928, 0.09368826, 0.060571957, 0.061665792, 0.08832505, 0.10743779, 0.08379089, 0.055703208, 0.076433666, 0.03285215, 0.07612329, 0.09075691], "var": [1.0, 0.98, 0.96, 0.94, 0.9, 0.86, 0.82, 0.82, 0.78, 0.74, 0.76, 0.76, 0.72, 0.68, 0.66, 0.62, 0.6, 0.58, 0.58, 0.58, 0.56, 0.54, 0.54, 0.5, 0.54, 0.52, 0.52, 0.48, 0.46, 0.48, 0.46, 0.44, 0.4, 0.4, 0.38, 0.38, 0.34, 0.32, 0.3, 0.28, 0.26, 0.24, 0.2, 0.2, 0.18, 0.18, 0.18, 0.18, 0.18, 0.16], "best": [0.3777778, 0.4164683, 0.41944447, 0.42125607, 0.42199552, 0.38659838, 0.42210406, 0.42231044, 0.39041275, 0.31315196, 0.41852874, 0.41930607, 0.4183422, 0.41900894, 0.4192836, 0.4198119, 0.4210595, 0.42080814, 0.42295069, 0.42386076, 0.4244503, 0.42776388, 0.4302929, 0.43403742, 0.43760687, 0.43964738, 0.44070297, 0.44276252, 0.44524693, 0.44869655, 0.45038947, 0.45215878, 0.45510074, 0.45693326, 0.45960394, 0.4625516, 0.46565512, 0.4686942, 0.47282106, 0.47605383, 0.47884756, 0.4830181, 0.48660114, 0.48954457, 0.4919691, 0.49540937, 0.49927405, 0.50255734, 0.50646627, 0.5098755], "duration": [3978, 5879, 9724, 4288, 3958, 3949, 3971, 5848, 3983, 2032, 4010, 4052, 2135, 4237, 4685, 1996, 6218, 4279, 2458, 2364, 2023, 2023, 2063, 2378, 2048, 3942, 5914, 3919, 2059, 4002, 8146, 2047, 3992, 3933, 4367, 4322, 3959, 5936, 2085, 2345, 4403, 3951, 2089, 2024, 2028, 2040, 3948, 5876, 2385, 2065]}