{"avg": [0.47450992, 0.45986715, 0.45922333, 0.47614816, 0.48048148, 0.47477144, 0.4931264, 0.51692855, 0.45863852, 0.5107338, 0.50394, 0.50544864, 0.524985, 0.5103641, 0.5277308, 0.5402888, 0.5276483, 0.5229091, 0.52808034, 0.5331813, 0.5451656, 0.5602378, 0.55915296, 0.55555576, 0.5503592, 0.5521852, 0.5669843, 0.55485934, 0.5705145, 0.559728, 0.5775017, 0.5678675, 0.5851889, 0.58536816, 0.5882393, 0.59092665, 0.5947611, 0.604857, 0.5827566, 0.60770375, 0.6061528, 0.5955064, 0.5946384, 0.6216638, 0.62616295, 0.63474673, 0.634254, 0.6299829, 0.6415903, 0.64422524], "std": [0.065983936, 0.089054935, 0.08475934, 0.106175214, 0.104652494, 0.10906748, 0.07699798, 0.06256749, 0.109796114, 0.064310834, 0.072529964, 0.08101191, 0.060867507, 0.07004639, 0.05986655, 0.041817766, 0.06573338, 0.07008914, 0.063624926, 0.058662817, 0.04254838, 0.009577101, 0.009715893, 0.038722098, 0.05657567, 0.05046512, 0.014682082, 0.049529783, 0.011501753, 0.04962854, 0.009949157, 0.060688984, 0.012470148, 0.0108347675, 0.014563104, 0.01518398, 0.01742337, 0.008289054, 0.069464035, 0.017241972, 0.017645257, 0.061001413, 0.060522545, 0.019391162, 0.016060287, 0.007519019, 0.01999876, 0.028812231, 0.019520745, 0.017988548], "var": [1.0, 1.0, 0.96, 0.94, 0.9, 0.88, 0.84, 0.82, 0.78, 0.78, 0.74, 0.7, 0.66, 0.62, 0.6, 0.6, 0.58, 0.56, 0.54, 0.52, 0.54, 0.52, 0.5, 0.48, 0.46, 0.44, 0.46, 0.46, 0.44, 0.4, 0.38, 0.38, 0.38, 0.38, 0.38, 0.36, 0.34, 0.3, 0.28, 0.28, 0.26, 0.26, 0.24, 0.22, 0.18, 0.18, 0.18, 0.14, 0.14, 0.12], "best": [0.51111114, 0.55592906, 0.5545285, 0.5525397, 0.5554335, 0.55089414, 0.5512114, 0.55409473, 0.5538558, 0.5515203, 0.55303985, 0.5548292, 0.55727243, 0.5581633, 0.5594644, 0.5616456, 0.5626831, 0.562886, 0.5643131, 0.5657421, 0.5673281, 0.56940585, 0.5703659, 0.57412875, 0.5745009, 0.5788176, 0.57979906, 0.58231974, 0.5841341, 0.58552235, 0.5871721, 0.5900407, 0.5942801, 0.59848845, 0.60110235, 0.60368943, 0.60685134, 0.6104262, 0.61485547, 0.61776847, 0.62167966, 0.62454784, 0.62730885, 0.62977135, 0.6337371, 0.63739926, 0.64199775, 0.645839, 0.6488483, 0.65208936], "duration": [31541, 26938, 25102, 26952, 26981, 26967, 26963, 27050, 26972, 26988, 36032, 31551, 27089, 27080, 31544, 27021, 26982, 27024, 36046, 27109, 27040, 26984, 27014, 40567, 27009, 26987, 27001, 27047, 26993, 27044, 31510, 27095, 27022, 31537, 26976, 27040, 27025, 27061, 26974, 27037, 26987, 27079, 27054, 27059, 26997, 31476, 27040, 31578, 27020, 27026]}