{"avg": [0.15244445, 0.16124445, 0.15986666, 0.16548571, 0.14798969, 0.15769146, 0.14394127, 0.141795, 0.15827067, 0.1762762, 0.1448819, 0.16225944, 0.15102778, 0.16425249, 0.18652721, 0.19303429, 0.19390674, 0.1817305, 0.18190104, 0.18528055, 0.16946355, 0.1701846, 0.16718891, 0.17091763, 0.15169683, 0.15466808, 0.15550564, 0.1636434, 0.15300044, 0.17152809, 0.15376668, 0.16016306, 0.15424852, 0.15667592, 0.13187367, 0.1389591, 0.13488677, 0.12830307, 0.108625405, 0.11990404, 0.11632675, 0.120950535, 0.11316394, 0.109443635, 0.10579971, 0.12019511, 0.12862284, 0.116636425, 0.11313414, 0.116860695], "std": [0.1160681, 0.1291873, 0.12783487, 0.11518233, 0.12074181, 0.13552862, 0.12692252, 0.11332711, 0.1266078, 0.120100774, 0.12271568, 0.12504883, 0.13393071, 0.13065171, 0.12676582, 0.1268945, 0.12241922, 0.12459997, 0.1246684, 0.12311538, 0.13162534, 0.13193186, 0.1285453, 0.12850426, 0.13141334, 0.12945412, 0.12512454, 0.114836805, 0.12744169, 0.12783597, 0.12189535, 0.12845372, 0.110764876, 0.13139713, 0.12107059, 0.124135315, 0.12445002, 0.12114344, 0.12532653, 0.12349843, 0.13012606, 0.12426195, 0.12550727, 0.12607405, 0.12656857, 0.12955779, 0.122551784, 0.1303988, 0.13114183, 0.13053086], "var": [0.98, 0.94, 0.94, 0.94, 0.94, 0.92, 0.9, 0.86, 0.84, 0.84, 0.84, 0.82, 0.84, 0.84, 0.84, 0.82, 0.82, 0.8, 0.8, 0.8, 0.8, 0.8, 0.8, 0.84, 0.86, 0.86, 0.86, 0.86, 0.82, 0.82, 0.82, 0.82, 0.82, 0.86, 0.86, 0.84, 0.84, 0.82, 0.82, 0.82, 0.84, 0.84, 0.82, 0.78, 0.78, 0.76, 0.76, 0.76, 0.74, 0.76], "best": [0.3555556, 0.38269845, 0.38269845, 0.38253972, 0.3830556, 0.38698417, 0.38357148, 0.38188213, 0.38376987, 0.38386247, 0.38398418, 0.38408375, 0.38448417, 0.38493288, 0.38524947, 0.38587305, 0.38644844, 0.38698417, 0.38751328, 0.38793653, 0.38819844, 0.3881633, 0.38817465, 0.38789514, 0.3877183, 0.38753656, 0.38733214, 0.3861729, 0.38701817, 0.389595, 0.38995242, 0.3902407, 0.39049608, 0.39063495, 0.38692814, 0.39073926, 0.39072755, 0.38780785, 0.38806185, 0.3882662, 0.38841274, 0.38872632, 0.38903633, 0.38930976, 0.38959238, 0.3898307, 0.3900794, 0.39030737, 0.39051592, 0.39070624], "duration": [9723, 8039, 9817, 9730, 9777, 10124, 9619, 8880, 9457, 7495, 7611, 7148, 8307, 7863, 8429, 8467, 8298, 7795, 7210, 7161, 7121, 7102, 7150, 7212, 7153, 7162, 8183, 6498, 7209, 7183, 6553, 7133, 6607, 6470, 5854, 5217, 5826, 5859, 5850, 5790, 5837, 5763, 5808, 5786, 5733, 5753, 5800, 5769, 5791, 5763]}