{"avg": [0.11944445, 0.16225488, 0.17160684, 0.20856154, 0.1588281, 0.23522408, 0.17456174, 0.20949459, 0.24828066, 0.25177583, 0.2696015, 0.25925338, 0.2567033, 0.23568407, 0.2669114, 0.30014622, 0.24049275, 0.31801167, 0.276711, 0.3314581, 0.32165766, 0.3178993, 0.3346127, 0.3156535, 0.30374804, 0.3572296, 0.3448291, 0.30980065, 0.33136877, 0.39710975, 0.39166254, 0.41197786, 0.4337946, 0.40720865, 0.41976318, 0.43875822, 0.35609227, 0.41961947, 0.4292529, 0.36718717, 0.46368143, 0.43697584, 0.46596864, 0.430904, 0.4891042, 0.4768768, 0.5059363, 0.49961704, 0.47094867, 0.5101365], "std": [0.088845484, 0.1395001, 0.14523356, 0.14335693, 0.120846376, 0.11712878, 0.14469986, 0.11226665, 0.10478618, 0.12159722, 0.11476503, 0.1281344, 0.12977916, 0.123671025, 0.14326349, 0.11904238, 0.1727861, 0.13561524, 0.15279427, 0.11984799, 0.12490518, 0.115537874, 0.09913211, 0.13656703, 0.13086616, 0.117496245, 0.15736724, 0.13256614, 0.10918381, 0.06853493, 0.12945886, 0.061181687, 0.07288433, 0.090180375, 0.12898003, 0.08816081, 0.1469436, 0.09904036, 0.082486525, 0.15515924, 0.07877062, 0.09180308, 0.14354035, 0.15466247, 0.087400235, 0.11398733, 0.06800644, 0.08156928, 0.16981228, 0.053508174], "var": [0.98, 0.96, 0.94, 0.94, 0.94, 0.92, 0.88, 0.86, 0.86, 0.86, 0.86, 0.84, 0.84, 0.8, 0.78, 0.78, 0.8, 0.76, 0.76, 0.74, 0.7, 0.66, 0.68, 0.66, 0.62, 0.64, 0.6, 0.58, 0.56, 0.56, 0.54, 0.54, 0.52, 0.48, 0.46, 0.46, 0.44, 0.42, 0.44, 0.42, 0.42, 0.38, 0.4, 0.36, 0.38, 0.36, 0.36, 0.36, 0.36, 0.34], "best": [0.31111112, 0.37490082, 0.38730162, 0.38603178, 0.38694087, 0.3871032, 0.38918346, 0.39297056, 0.39257196, 0.39480025, 0.39806217, 0.40290862, 0.40781444, 0.41054425, 0.5559789, 0.41562277, 0.55966026, 0.42153698, 0.4263205, 0.4299506, 0.43301094, 0.56749094, 0.43638623, 0.4403201, 0.4438129, 0.4481084, 0.5729354, 0.4547804, 0.4572823, 0.45988366, 0.57928157, 0.4666667, 0.46983188, 0.47359592, 0.5847286, 0.5864066, 0.48237085, 0.58799946, 0.5891936, 0.56997144, 0.57063496, 0.4914187, 0.5936947, 0.6107531, 0.5973553, 0.6147846, 0.60085475, 0.60318553, 0.61958385, 0.60672617], "duration": [4167, 6008, 2519, 6131, 12259, 6073, 4082, 6255, 11548, 8233, 5880, 6017, 7734, 3919, 6027, 7950, 4145, 4649, 4170, 4072, 3923, 7879, 2397, 2052, 4551, 2153, 5948, 2296, 4227, 2450, 7936, 6009, 2371, 6033, 6059, 4185, 2120, 4200, 7785, 5952, 3986, 4055, 7907, 13948, 7746, 9682, 11618, 11603, 7956, 7787]}