{"avg": [0.39377782, 0.42604443, 0.4271381, 0.43069842, 0.43406045, 0.4353683, 0.4468826, 0.45671475, 0.46537942, 0.4691619, 0.4767893, 0.48077545, 0.4919961, 0.50025153, 0.50108075, 0.5049398, 0.510375, 0.52270776, 0.52755606, 0.532109, 0.53621286, 0.53746307, 0.54624265, 0.54768956, 0.5499509, 0.5563524, 0.5616346, 0.5635841, 0.5652016, 0.566036, 0.5681492, 0.56930655, 0.57059175, 0.57235974, 0.5732649, 0.5754235, 0.57644504, 0.5777325, 0.57830983, 0.58021647, 0.58195883, 0.58241576, 0.5840977, 0.5860302, 0.5876897, 0.5886519, 0.5905705, 0.5929002, 0.5945498, 0.59728074], "std": [0.115900345, 0.114750005, 0.10880741, 0.10983798, 0.11061318, 0.110148616, 0.104817025, 0.10124842, 0.099597074, 0.09987654, 0.09865687, 0.09869865, 0.0904539, 0.08730697, 0.0877664, 0.08697172, 0.08437757, 0.065233536, 0.060574304, 0.0576172, 0.054279022, 0.05483031, 0.04246446, 0.042983595, 0.04032668, 0.028930888, 0.012309809, 0.011870908, 0.012334814, 0.012936739, 0.013268061, 0.013746931, 0.013610559, 0.014024081, 0.014669115, 0.014204086, 0.0146462135, 0.015074673, 0.015294668, 0.0152101945, 0.015482565, 0.01614622, 0.014882585, 0.014642808, 0.014342377, 0.0146967545, 0.01449455, 0.014062814, 0.01347851, 0.012394838], "var": [0.96, 0.96, 0.94, 0.92, 0.9, 0.86, 0.84, 0.84, 0.84, 0.84, 0.8, 0.8, 0.78, 0.78, 0.74, 0.7, 0.7, 0.68, 0.66, 0.66, 0.7, 0.7, 0.66, 0.64, 0.6, 0.58, 0.56, 0.52, 0.52, 0.5, 0.52, 0.5, 0.5, 0.5, 0.46, 0.46, 0.46, 0.48, 0.46, 0.42, 0.4, 0.42, 0.42, 0.44, 0.44, 0.42, 0.4, 0.38, 0.34, 0.34], "best": [0.51111114, 0.54206353, 0.543254, 0.5450794, 0.5459921, 0.5468254, 0.54730165, 0.54757375, 0.54878974, 0.5502646, 0.5515397, 0.552583, 0.55400795, 0.5556899, 0.55770975, 0.55968255, 0.56149805, 0.5634361, 0.5652381, 0.56680036, 0.5682302, 0.5708844, 0.5727129, 0.57477576, 0.576627, 0.57834923, 0.5799756, 0.5815873, 0.583186, 0.58474004, 0.5861905, 0.5877317, 0.5892957, 0.59063494, 0.5919795, 0.5933561, 0.5946826, 0.5959374, 0.59711367, 0.5980953, 0.59903973, 0.5999265, 0.600737, 0.601532, 0.602399, 0.6032487, 0.603989, 0.60481936, 0.6058532, 0.6069226], "duration": [61143, 63448, 62522, 63030, 63618, 62668, 63072, 65366, 65984, 67198, 67381, 68982, 69716, 69641, 71121, 71959, 71059, 72318, 71503, 72002, 74001, 72960, 74265, 74454, 74234, 76249, 76360, 76356, 76310, 76234, 76344, 76381, 76238, 76279, 76340, 76442, 76794, 76557, 76424, 76373, 76245, 76268, 76217, 76324, 76285, 76269, 76391, 76251, 76348, 76369]}