{"avg": [0.16666667, 0.21852681, 0.13779019, 0.20877935, 0.21538618, 0.20702998, 0.19578384, 0.22588703, 0.19059265, 0.20525794, 0.17006092, 0.23681355, 0.23954831, 0.18757668, 0.21297452, 0.22331521, 0.23084413, 0.24845736, 0.23246214, 0.264774, 0.2132023, 0.23247457, 0.2641387, 0.2024508, 0.23199864, 0.22311723, 0.2129226, 0.23788725, 0.24447162, 0.18469903, 0.3002276, 0.27092344, 0.2435627, 0.27714324, 0.2879598, 0.2797165, 0.2714643, 0.30038545, 0.32633144, 0.27097923, 0.32612926, 0.30741444, 0.26777822, 0.3137784, 0.350424, 0.3186086, 0.36153698, 0.33973655, 0.37328792, 0.3344766], "std": [0.10786939, 0.10215818, 0.066211164, 0.09399156, 0.093928754, 0.07462948, 0.08320901, 0.08392387, 0.1260666, 0.10263662, 0.06936718, 0.10553628, 0.14342563, 0.098074965, 0.08985021, 0.08295541, 0.11786847, 0.10869369, 0.08748667, 0.087047465, 0.09713853, 0.08929851, 0.091479324, 0.09277146, 0.1010735, 0.09508013, 0.10533206, 0.12005934, 0.09786759, 0.08837223, 0.09580273, 0.10535955, 0.12266316, 0.11376871, 0.10041148, 0.11135386, 0.09377271, 0.13043652, 0.114408076, 0.13611813, 0.12708922, 0.14575814, 0.12876765, 0.10842232, 0.15869914, 0.1253684, 0.11760123, 0.109262414, 0.16151686, 0.1525979], "var": [0.99, 0.98, 0.98, 0.97, 0.97, 0.97, 0.96, 0.95, 0.94, 0.94, 0.92, 0.92, 0.91, 0.91, 0.9, 0.9, 0.88, 0.87, 0.85, 0.86, 0.85, 0.85, 0.83, 0.82, 0.82, 0.82, 0.8, 0.79, 0.78, 0.77, 0.76, 0.74, 0.73, 0.72, 0.72, 0.72, 0.7, 0.68, 0.66, 0.64, 0.64, 0.64, 0.62, 0.62, 0.61, 0.6, 0.58, 0.58, 0.57, 0.58], "best": [0.42222226, 0.40982145, 0.28526786, 0.39551282, 0.3989796, 0.39896005, 0.3957929, 0.39761907, 0.45524275, 0.40039682, 0.3039406, 0.39493254, 0.5763072, 0.39693367, 0.39743745, 0.3984127, 0.57674485, 0.40082103, 0.41214368, 0.4026749, 0.3980646, 0.3989226, 0.40339956, 0.40454268, 0.4047736, 0.41354853, 0.40549952, 0.41205937, 0.4128154, 0.39848387, 0.4631653, 0.49387112, 0.49446058, 0.49489674, 0.41599727, 0.41556686, 0.4104543, 0.5840254, 0.5849429, 0.49679893, 0.5863845, 0.5873498, 0.5884753, 0.4985767, 0.5889872, 0.5040507, 0.5905047, 0.5015893, 0.5918002, 0.5934404], "duration": [7623, 4665, 6143, 7339, 5337, 5125, 11071, 5315, 7653, 3242, 5579, 5437, 5633, 5697, 4342, 2788, 4756, 5723, 5843, 6338, 5380, 5642, 8550, 3163, 6773, 3495, 3235, 5073, 5178, 5870, 3586, 3682, 7628, 5693, 7025, 3617, 3706, 7481, 3905, 9263, 5312, 7488, 5260, 7484, 9553, 7536, 9280, 11739, 5398, 7540]}