{"avg": [0.45416674, 0.42753533, 0.43732634, 0.4535614, 0.41931343, 0.4803511, 0.45423147, 0.48161238, 0.51807636, 0.46193054, 0.4818342, 0.4928279, 0.5228129, 0.5516474, 0.5228162, 0.53876495, 0.54010093, 0.5205213, 0.5399523, 0.55174845, 0.5266454, 0.5626729, 0.5227698, 0.5665308, 0.5667681, 0.567164, 0.577033, 0.5734056, 0.572121, 0.59284735, 0.6019247, 0.587393, 0.5873526, 0.58536196, 0.5852255, 0.6016475, 0.60917366, 0.61127007, 0.60081506, 0.61387986, 0.5744283, 0.6234172, 0.61335963, 0.62582874, 0.63449526, 0.6462164, 0.6372487, 0.6507065, 0.6507789, 0.6514601, 0.65019864, 0.65528774, 0.6647578, 0.6700003, 0.6737296, 0.67632526, 0.6652093, 0.6724301, 0.68773115, 0.68945616, 0.6817482, 0.6904094, 0.68836385, 0.6849695, 0.70161086, 0.7039798, 0.7032834, 0.71449226, 0.72018284, 0.7242755, 0.72535616, 0.70805645, 0.7175579, 0.7135939, 0.7207572, 0.7224256, 0.71868217, 0.7199755, 0.7208397, 0.72799367, 0.72955984, 0.73081815, 0.7322234, 0.7337628, 0.7351788, 0.7364785, 0.73759073, 0.73883414, 0.74004894, 0.741089, 0.74225307, 0.74360114, 0.7446407, 0.7457934, 0.7468541, 0.7479566, 0.74903417, 0.7501496, 0.7509991, 0.7520103], "std": [0.10569254, 0.13023755, 0.16574842, 0.16288307, 0.122472465, 0.09572358, 0.15981954, 0.14382735, 0.06895951, 0.12553588, 0.11007974, 0.10520847, 0.060845412, 0.009912874, 0.088981815, 0.05473116, 0.042669218, 0.08564247, 0.051989384, 0.048770178, 0.07629344, 0.014494417, 0.08696911, 0.013073346, 0.014375796, 0.015052698, 0.012609839, 0.020579562, 0.06659884, 0.023582663, 0.032551248, 0.020071125, 0.022921827, 0.062385716, 0.065493524, 0.02308941, 0.017575266, 0.021864235, 0.06479455, 0.030203277, 0.098265566, 0.029990094, 0.032746054, 0.026398439, 0.025109151, 0.010220533, 0.029781854, 0.023306374, 0.025245432, 0.025391303, 0.033865385, 0.02780134, 0.014809289, 0.0150583815, 0.014709837, 0.011881999, 0.039777916, 0.03730884, 5.9604645e-08, 0.0019383011, 0.03478539, 0.018745996, 0.02919043, 0.041872814, 1.1920929e-07, 1.1920929e-07, 0.015179388, 0.015108205, 0.017513221, 0.019654071, 0.018631527, 0.043874968, 0.0, 0.019063408, 1.1920929e-07, 1.1920929e-07, 0.020458682, 0.020650465, 0.021513846, 5.9604645e-08, 5.9604645e-08, 1.1920929e-07, 1.1920929e-07, 5.9604645e-08, 1.1920929e-07, 0.0, 5.9604645e-08, 5.9604645e-08, 5.9604645e-08, 1.1920929e-07, 1.7881393e-07, 5.9604645e-08, 1.1920929e-07, 5.9604645e-08, 1.1920929e-07, 5.9604645e-08, 1.7881393e-07, 1.1920929e-07, 1.1920929e-07, 5.9604645e-08], "var": [0.98, 0.96, 0.92, 0.88, 0.86, 0.84, 0.82, 0.8, 0.76, 0.76, 0.76, 0.74, 0.7, 0.68, 0.66, 0.64, 0.62, 0.64, 0.62, 0.58, 0.6, 0.58, 0.54, 0.54, 0.54, 0.58, 0.54, 0.54, 0.54, 0.52, 0.5, 0.46, 0.46, 0.42, 0.38, 0.38, 0.38, 0.38, 0.36, 0.34, 0.3, 0.28, 0.28, 0.24, 0.22, 0.2, 0.2, 0.2, 0.2, 0.18, 0.18, 0.18, 0.18, 0.18, 0.18, 0.18, 0.14, 0.14, 0.14, 0.14, 0.14, 0.12, 0.08, 0.08, 0.08, 0.08, 0.08, 0.08, 0.08, 0.08, 0.08, 0.06, 0.06, 0.04, 0.04, 0.04, 0.04, 0.04, 0.02, 0.02, 0.02, 0.02, 0.02, 0.02, 0.02, 0.02, 0.02, 0.02, 0.02, 0.02, 0.02, 0.02, 0.02, 0.02, 0.02, 0.02, 0.02, 0.02, 0.02, 0.02], "best": [0.51111114, 0.5587302, 0.55452853, 0.5619982, 0.5612943, 0.55989164, 0.559945, 0.563325, 0.56094503, 0.5620143, 0.5622575, 0.5638709, 0.5633185, 0.56330895, 0.5655329, 0.56567466, 0.56719375, 0.5672524, 0.56980824, 0.572358, 0.5767926, 0.5786072, 0.5815791, 0.58404833, 0.58702374, 0.58824664, 0.590378, 0.6229025, 0.6659131, 0.6389153, 0.6461342, 0.60447216, 0.60783136, 0.6111019, 0.61552393, 0.61955744, 0.62261766, 0.6260736, 0.6297974, 0.6334765, 0.6363683, 0.6381077, 0.64197266, 0.6437185, 0.6464147, 0.6506492, 0.654795, 0.65743446, 0.66033447, 0.663361, 0.66628563, 0.6687218, 0.6713404, 0.6743188, 0.6772971, 0.68057406, 0.68322, 0.6856611, 0.6877312, 0.6899408, 0.69271266, 0.69524974, 0.697505, 0.6999569, 0.701611, 0.7039799, 0.7184066, 0.7530108, 0.75490505, 0.7568681, 0.7586571, 0.76037693, 0.7175579, 0.7192072, 0.72075707, 0.7224257, 0.72415, 0.7254946, 0.7268065, 0.7279936, 0.7295598, 0.7308183, 0.7322233, 0.73376286, 0.7351787, 0.7364785, 0.7375907, 0.7388341, 0.7400489, 0.7410891, 0.7422529, 0.7436012, 0.7446408, 0.74579346, 0.74685425, 0.74795663, 0.74903435, 0.7501495, 0.750999, 0.7520102], "duration": [27146, 31162, 31479, 27233, 26615, 27027, 31481, 26989, 27330, 26951, 26963, 26970, 26983, 31479, 26981, 31550, 27018, 26975, 28907, 28581, 27107, 28339, 27177, 27160, 27104, 27150, 27531, 32612, 33345, 33368, 44496, 29584, 27221, 27095, 31646, 27053, 27061, 27139, 31682, 27166, 27092, 27162, 27285, 27139, 31664, 27064, 31592, 27074, 27050, 27245, 27402, 27086, 27016, 27104, 27021, 31676, 36219, 27170, 31763, 27154, 31682, 27164, 31651, 27185, 27131, 27150, 38250, 33830, 33864, 33810, 33864, 28783, 27184, 27069, 27059, 27074, 27013, 32275, 27184, 27055, 27109, 27130, 31662, 27128, 31624, 27158, 27111, 27126, 27095, 27089, 36999, 27060, 31536, 27054, 27050, 31604, 31550, 27001, 27032, 31588]}