{"avg": [0.06111111, 0.1413856, 0.0826358, 0.08983427, 0.124047935, 0.13741241, 0.20064428, 0.1737798, 0.17619048, 0.1952324, 0.18762045, 0.20109718, 0.20911515, 0.19534832, 0.13586353, 0.14571053, 0.18405375, 0.19400783, 0.17525193, 0.2321351, 0.20168735, 0.21237624, 0.222672, 0.14674993, 0.25497082, 0.16997178, 0.19917667, 0.18691638, 0.2850839, 0.28036073, 0.25866944, 0.24654675, 0.19777134, 0.23175658, 0.22442913, 0.24761668, 0.22800225, 0.24872099, 0.2640365, 0.24875791, 0.2337636, 0.26124027, 0.24505311, 0.24365348, 0.27841324, 0.25396785, 0.27449808, 0.26978844, 0.28347754, 0.2640769], "std": [0.07954345, 0.14052662, 0.10479917, 0.10807701, 0.1063005, 0.115898, 0.15860702, 0.11203513, 0.15867493, 0.14797714, 0.11370808, 0.09386534, 0.13877237, 0.099448286, 0.10601255, 0.083157144, 0.13652036, 0.11449089, 0.12509263, 0.13468826, 0.13570006, 0.12057125, 0.09800264, 0.13678944, 0.13632137, 0.10666563, 0.109166116, 0.11374048, 0.12661874, 0.13059753, 0.1434706, 0.14260718, 0.100694045, 0.13212919, 0.14414471, 0.15347977, 0.14192973, 0.15358874, 0.12590209, 0.118732676, 0.114944875, 0.13894616, 0.13800633, 0.10657316, 0.12483896, 0.12641358, 0.11365615, 0.1660837, 0.115680374, 0.13205524], "var": [0.984, 0.984, 0.976, 0.976, 0.976, 0.976, 0.976, 0.976, 0.96, 0.952, 0.936, 0.944, 0.936, 0.936, 0.936, 0.92, 0.92, 0.92, 0.912, 0.904, 0.888, 0.872, 0.872, 0.856, 0.848, 0.84, 0.824, 0.816, 0.816, 0.816, 0.808, 0.816, 0.816, 0.8, 0.808, 0.8, 0.8, 0.784, 0.784, 0.784, 0.784, 0.768, 0.76, 0.752, 0.744, 0.752, 0.752, 0.744, 0.736, 0.72], "best": [0.20000002, 0.3868056, 0.33422038, 0.33165267, 0.37083635, 0.37362787, 0.52634925, 0.3726496, 0.5288767, 0.5405896, 0.38705966, 0.38831013, 0.53097236, 0.3770503, 0.3759056, 0.23325777, 0.37786043, 0.37861586, 0.38547415, 0.5332094, 0.37851477, 0.533774, 0.38389722, 0.3764884, 0.5349207, 0.33854014, 0.3787143, 0.38320196, 0.54130363, 0.5422844, 0.53652686, 0.5337716, 0.38310343, 0.53686166, 0.53792816, 0.5390509, 0.53370064, 0.54340494, 0.38786054, 0.5400745, 0.38639492, 0.54106176, 0.5422209, 0.3882732, 0.54220736, 0.5430759, 0.38842374, 0.5443846, 0.3895692, 0.39023468], "duration": [1871, 3901, 3775, 3759, 5706, 5650, 9661, 2028, 5877, 5773, 5730, 3877, 5892, 1953, 1912, 1849, 7594, 1991, 5832, 5795, 5775, 2396, 3936, 7606, 5838, 2050, 2068, 2023, 7783, 10035, 5908, 9610, 3830, 2099, 3980, 7704, 5782, 11524, 5823, 2126, 6492, 2189, 7668, 5802, 5893, 5848, 5936, 7753, 2117, 5752]}