{"avg": [0.10277779, 0.10385583, 0.1463463, 0.17460318, 0.20230158, 0.20248018, 0.1541634, 0.21662647, 0.21390307, 0.19574039, 0.18246654, 0.22507015, 0.17457037, 0.30571762, 0.21168302, 0.28390023, 0.32627735, 0.30759996, 0.3745148, 0.350334, 0.37542152, 0.3164374, 0.3598052, 0.38739014, 0.39410862, 0.40467992, 0.37843594, 0.38126478, 0.33431765, 0.38889402, 0.45874253, 0.457404, 0.40883732, 0.33792764, 0.40403712, 0.41410232, 0.48190415, 0.4219468, 0.47362047, 0.5071414, 0.4774369, 0.46105024, 0.40127516, 0.399557, 0.48506153, 0.43665522, 0.48862776, 0.49548197, 0.47992054, 0.53287494], "std": [0.10209987, 0.11956444, 0.10612505, 0.15600196, 0.15566818, 0.15063187, 0.16495296, 0.17410545, 0.16439283, 0.15812893, 0.17899096, 0.181458, 0.16643143, 0.16904984, 0.17555492, 0.1555243, 0.1817775, 0.19688769, 0.14607204, 0.16717249, 0.16001156, 0.17341506, 0.14416857, 0.18732573, 0.11358696, 0.14667605, 0.20756707, 0.13459647, 0.15787867, 0.17885883, 0.11115927, 0.11698367, 0.2030204, 0.1795819, 0.15779658, 0.15941425, 0.11457535, 0.16508792, 0.1273342, 0.101408534, 0.16909361, 0.14697193, 0.18360232, 0.20024484, 0.17000264, 0.19537184, 0.13518693, 0.102414496, 0.09965572, 0.10136487], "var": [1.0, 1.0, 1.0, 1.0, 1.0, 1.0, 0.98, 0.96, 0.94, 0.92, 0.92, 0.92, 0.9, 0.9, 0.86, 0.84, 0.82, 0.78, 0.76, 0.74, 0.74, 0.72, 0.68, 0.68, 0.66, 0.66, 0.68, 0.66, 0.66, 0.64, 0.6, 0.56, 0.54, 0.54, 0.52, 0.48, 0.48, 0.46, 0.48, 0.46, 0.44, 0.44, 0.44, 0.44, 0.44, 0.42, 0.4, 0.38, 0.38, 0.36], "best": [0.3555556, 0.36746037, 0.37936512, 0.5280424, 0.5321429, 0.53396827, 0.53727543, 0.54204124, 0.54663646, 0.54481333, 0.54720455, 0.5492885, 0.3979115, 0.5519608, 0.56260866, 0.5574242, 0.56755203, 0.56948, 0.573183, 0.5773363, 0.58036155, 0.5838982, 0.5836344, 0.58816504, 0.5866448, 0.5906787, 0.59205186, 0.5951152, 0.5483572, 0.5946515, 0.59956074, 0.60258985, 0.6048086, 0.5515919, 0.60577816, 0.60861075, 0.6111609, 0.6138023, 0.616077, 0.6179861, 0.61933964, 0.6221125, 0.62349355, 0.6250418, 0.6261163, 0.62581444, 0.6277844, 0.62999725, 0.6322801, 0.63264215], "duration": [5121, 2455, 2336, 5377, 4793, 9005, 10851, 9645, 6919, 8978, 6850, 6896, 4769, 12727, 9560, 11228, 12601, 14628, 10840, 10659, 12506, 6873, 10733, 11148, 14459, 14392, 13313, 15132, 13719, 14513, 14446, 14580, 16975, 9090, 10792, 12570, 16813, 12618, 12624, 14394, 14403, 15179, 12662, 12539, 14437, 12556, 12520, 14609, 12738, 14568]}