{"avg": [0.13194445, 0.18696429, 0.18237649, 0.2057278, 0.22506827, 0.20617561, 0.24221587, 0.2367199, 0.186978, 0.25689763, 0.17704749, 0.25266013, 0.23615284, 0.3101322, 0.2612022, 0.29269922, 0.38777402, 0.35674942, 0.2983756, 0.36659408, 0.3470039, 0.42028558, 0.37343633, 0.3879923, 0.30133596, 0.33850148, 0.46326104, 0.37062165, 0.52396345, 0.4772256, 0.4649053, 0.4919249, 0.46841347, 0.5602332, 0.48671737, 0.5369933, 0.5663346, 0.55099696, 0.59546906, 0.60725516, 0.5854817, 0.6297344, 0.58924973, 0.5902402, 0.6334352, 0.6196702, 0.60181177, 0.6591839, 0.6500763, 0.66555625], "std": [0.10554643, 0.1460989, 0.15703511, 0.13277578, 0.12707902, 0.16696313, 0.17458864, 0.17650168, 0.13209732, 0.15407588, 0.1365987, 0.2033068, 0.15376438, 0.16256292, 0.14398621, 0.19016978, 0.16279417, 0.1528902, 0.21243647, 0.20369397, 0.15526213, 0.16596813, 0.2062053, 0.1655209, 0.20095505, 0.21613494, 0.1686785, 0.22194943, 0.1373775, 0.20958416, 0.20517512, 0.1575162, 0.17427881, 0.10855385, 0.17195469, 0.1455163, 0.12712383, 0.1451773, 0.06825054, 0.06277629, 0.12624127, 0.049417455, 0.13663934, 0.1418706, 0.07389351, 0.110236526, 0.12616803, 0.04145078, 0.054085173, 0.033976223], "var": [0.98, 0.96, 0.94, 0.92, 0.88, 0.84, 0.82, 0.8, 0.76, 0.74, 0.72, 0.68, 0.66, 0.64, 0.6, 0.56, 0.54, 0.54, 0.5, 0.5, 0.48, 0.46, 0.42, 0.4, 0.44, 0.4, 0.36, 0.34, 0.34, 0.32, 0.28, 0.28, 0.24, 0.22, 0.22, 0.22, 0.18, 0.16, 0.16, 0.16, 0.16, 0.16, 0.14, 0.12, 0.12, 0.1, 0.1, 0.1, 0.1, 0.1], "best": [0.3555556, 0.5259921, 0.54106504, 0.54606557, 0.5280082, 0.5453373, 0.5480655, 0.5500722, 0.5540061, 0.55520904, 0.557083, 0.5552695, 0.55809695, 0.5612854, 0.5639487, 0.5646066, 0.5673281, 0.5704559, 0.5733887, 0.576447, 0.58117485, 0.5831169, 0.5889526, 0.5911503, 0.5936342, 0.59492546, 0.59670925, 0.59981, 0.6024169, 0.6065059, 0.61109096, 0.6141548, 0.61711574, 0.6204331, 0.6255749, 0.6275953, 0.6316785, 0.63501114, 0.6393715, 0.6442509, 0.64826155, 0.6513022, 0.6558442, 0.6581014, 0.66100764, 0.66511744, 0.66875905, 0.67114973, 0.6741415, 0.67712593], "duration": [3860, 5715, 5682, 7605, 7609, 5735, 9592, 7931, 3803, 9553, 3772, 11512, 5737, 11519, 9571, 14118, 11556, 15751, 11538, 11552, 11910, 17983, 11546, 15697, 11469, 13444, 13473, 13469, 13531, 17984, 13494, 13483, 13813, 13498, 13532, 17972, 13502, 15747, 15759, 13500, 13495, 13498, 13491, 13503, 15754, 13501, 13502, 13514, 13508, 13518]}