{"avg": [0.15555556, 0.21464483, 0.23680557, 0.22846793, 0.1990421, 0.21756597, 0.22551732, 0.23629151, 0.21270892, 0.2337897, 0.23439012, 0.26178837, 0.25848925, 0.25895652, 0.27027726, 0.2688994, 0.2634315, 0.26419595, 0.28246778, 0.2610845, 0.29305556, 0.24998261, 0.29501075, 0.27785322, 0.28787994, 0.29705983, 0.30019993, 0.28460073, 0.29747945, 0.30293286, 0.3313171, 0.3040365, 0.32155856, 0.33337823, 0.33895472, 0.3282476, 0.34170565, 0.32494587, 0.34308898, 0.3466175, 0.3494203, 0.36318398, 0.35500762, 0.37663135, 0.37998205, 0.36774352, 0.3826638, 0.36959466, 0.391227, 0.37968883], "std": [0.08036007, 0.06968348, 0.06856408, 0.05999134, 0.07208601, 0.07288172, 0.08095086, 0.0714444, 0.07103267, 0.05229387, 0.060314626, 0.04186544, 0.067632265, 0.078578375, 0.04548791, 0.057903297, 0.059045445, 0.060647808, 0.047354072, 0.04795829, 0.040692482, 0.067936555, 0.06078886, 0.045797184, 0.049723912, 0.05971969, 0.062465526, 0.067498766, 0.063472725, 0.053429227, 0.03958751, 0.061279275, 0.06286229, 0.031584736, 0.032780997, 0.054057017, 0.035426408, 0.044033132, 0.037358075, 0.04386922, 0.045539677, 0.01717914, 0.050975833, 0.012448043, 0.029153984, 0.04998886, 0.015764974, 0.06262485, 0.03216777, 0.044125874], "var": [0.98, 0.94, 0.9, 0.9, 0.9, 0.92, 0.92, 0.9, 0.88, 0.84, 0.84, 0.82, 0.82, 0.8, 0.8, 0.8, 0.8, 0.78, 0.8, 0.78, 0.76, 0.72, 0.68, 0.68, 0.68, 0.68, 0.72, 0.68, 0.66, 0.64, 0.62, 0.58, 0.58, 0.6, 0.58, 0.54, 0.52, 0.5, 0.52, 0.5, 0.48, 0.46, 0.46, 0.42, 0.4, 0.38, 0.36, 0.32, 0.3, 0.3], "best": [0.2777778, 0.37179488, 0.318254, 0.30624568, 0.3138694, 0.37103692, 0.3155146, 0.31594518, 0.31685564, 0.31150794, 0.31599283, 0.31696486, 0.36533132, 0.36573753, 0.3192515, 0.3175621, 0.32076293, 0.32175148, 0.3223417, 0.32458425, 0.3219406, 0.32643205, 0.37926677, 0.3308965, 0.33226374, 0.38260925, 0.3383304, 0.34206352, 0.34399462, 0.34752446, 0.40450752, 0.35128537, 0.40916932, 0.35664684, 0.36023015, 0.41877526, 0.36623147, 0.36902684, 0.3701814, 0.3718333, 0.3746672, 0.37801063, 0.3813309, 0.38497418, 0.4425565, 0.39174286, 0.3954639, 0.4522831, 0.45244455, 0.4026608], "duration": [3509, 3389, 7511, 7605, 3515, 6977, 7121, 11591, 5898, 3773, 5518, 5383, 3506, 9178, 5280, 9368, 9154, 3103, 3107, 3154, 2875, 3361, 3339, 5401, 2836, 3363, 2735, 4746, 4776, 2597, 2979, 5242, 3819, 2816, 2565, 7211, 3038, 7147, 3059, 2653, 2556, 4776, 3824, 2858, 3505, 3745, 2634, 3588, 3656, 3697]}