{"avg": [0.121568635, 0.13901144, 0.17114799, 0.18988852, 0.19339275, 0.17210637, 0.1710043, 0.21192813, 0.16492505, 0.18837196, 0.18142259, 0.20067886, 0.21841115, 0.20083822, 0.20511912, 0.20945168, 0.19493781, 0.18773992, 0.2616608, 0.1791605, 0.19136363, 0.21560048, 0.17746915, 0.18491293, 0.2416668, 0.21196209, 0.21249744, 0.2196426, 0.26699224, 0.25012577, 0.22235109, 0.25961667, 0.25282675, 0.24687459, 0.23623346, 0.23369181, 0.20940667, 0.22911103, 0.26286834, 0.24485156, 0.25782117, 0.24954885, 0.26078942, 0.27217364, 0.26664722, 0.2570455, 0.26561984, 0.28266788, 0.28973365, 0.25292203], "std": [0.064278655, 0.09898444, 0.10096821, 0.09144149, 0.07269849, 0.106134064, 0.069517605, 0.06791835, 0.07063382, 0.07861638, 0.10200812, 0.070269145, 0.077076964, 0.073055595, 0.09173004, 0.09447471, 0.084726855, 0.0757265, 0.061926633, 0.07690975, 0.06832626, 0.06623588, 0.083318226, 0.091294974, 0.07915557, 0.08367051, 0.08221633, 0.059946492, 0.065976754, 0.07862516, 0.082710356, 0.09171746, 0.073156, 0.06532843, 0.07560951, 0.09943696, 0.09833449, 0.07142049, 0.07983733, 0.07844391, 0.06716872, 0.09451411, 0.07994031, 0.05563654, 0.09573858, 0.087793395, 0.083847575, 0.062036105, 0.08396235, 0.09943276], "var": [1.0, 0.992, 0.984, 0.976, 0.976, 0.976, 0.968, 0.96, 0.952, 0.944, 0.928, 0.92, 0.92, 0.912, 0.904, 0.896, 0.888, 0.88, 0.888, 0.88, 0.888, 0.872, 0.864, 0.856, 0.856, 0.856, 0.84, 0.832, 0.832, 0.824, 0.808, 0.792, 0.776, 0.776, 0.784, 0.776, 0.776, 0.776, 0.776, 0.784, 0.768, 0.76, 0.752, 0.768, 0.752, 0.752, 0.736, 0.72, 0.704, 0.696], "best": [0.20000002, 0.3098973, 0.3714286, 0.3159664, 0.30613914, 0.39158362, 0.2861264, 0.31469923, 0.29964727, 0.30458322, 0.37525514, 0.31252682, 0.31411284, 0.31468254, 0.39439422, 0.31718022, 0.31639448, 0.31674767, 0.39454687, 0.31284404, 0.30618453, 0.31708094, 0.31771097, 0.3028436, 0.31731045, 0.31269842, 0.3157878, 0.31661513, 0.4074405, 0.39417243, 0.4048362, 0.40540585, 0.40634924, 0.31578562, 0.39560756, 0.40661246, 0.31163076, 0.31689343, 0.40695184, 0.40455905, 0.4100235, 0.4087404, 0.40743178, 0.3127632, 0.4076347, 0.40826637, 0.4054851, 0.39683527, 0.41224658, 0.4132225], "duration": [1978, 1932, 3937, 3664, 1997, 2271, 2340, 1944, 1925, 2079, 3883, 2076, 1937, 5838, 3944, 4587, 1946, 2046, 4023, 2322, 1964, 1958, 1973, 2017, 3898, 2076, 1944, 1962, 1961, 1916, 3879, 1983, 2063, 1996, 2043, 1987, 2143, 2014, 3858, 2017, 1993, 1989, 2099, 2622, 2015, 2315, 3916, 3613, 2095, 2404]}