{"avg": [0.14488894, 0.193108, 0.18688414, 0.19306666, 0.20880555, 0.22449778, 0.22527464, 0.24276417, 0.24625675, 0.268182, 0.26495522, 0.2707489, 0.2791929, 0.27616146, 0.29675147, 0.2964248, 0.31886077, 0.3239358, 0.33737144, 0.3461535, 0.35174382, 0.35598916, 0.3710977, 0.3703996, 0.37743172, 0.37543115, 0.37590653, 0.38266948, 0.37409005, 0.3859598, 0.36986893, 0.3826279, 0.38494563, 0.38998577, 0.38439125, 0.3886017, 0.3916751, 0.37985253, 0.39174828, 0.39197922, 0.39528093, 0.3895738, 0.39876187, 0.3961727, 0.4011041, 0.4016006, 0.39585343, 0.4010469, 0.4013484, 0.40320647], "std": [0.11077641, 0.12265986, 0.1298819, 0.1439288, 0.14433324, 0.1428979, 0.12423896, 0.1365015, 0.1373829, 0.12477841, 0.13032185, 0.13076979, 0.13872617, 0.1419342, 0.13047898, 0.13031688, 0.11809772, 0.102083035, 0.09665426, 0.08287516, 0.07948142, 0.072283514, 0.042351242, 0.047106545, 0.03172087, 0.041687246, 0.039639324, 0.026021367, 0.04806726, 0.02592199, 0.07288562, 0.039619, 0.03690653, 0.026665598, 0.043064117, 0.035041593, 0.027774246, 0.05681523, 0.036930583, 0.03731278, 0.028620044, 0.046444256, 0.02856763, 0.039057028, 0.028728647, 0.028964095, 0.04329885, 0.036005396, 0.03351035, 0.030061781], "var": [0.96, 0.94, 0.94, 0.9, 0.88, 0.88, 0.84, 0.82, 0.8, 0.8, 0.8, 0.78, 0.76, 0.74, 0.72, 0.7, 0.7, 0.66, 0.62, 0.58, 0.54, 0.54, 0.52, 0.52, 0.52, 0.52, 0.54, 0.54, 0.52, 0.52, 0.54, 0.56, 0.58, 0.58, 0.6, 0.58, 0.58, 0.58, 0.56, 0.54, 0.54, 0.56, 0.56, 0.58, 0.58, 0.58, 0.56, 0.58, 0.58, 0.58], "best": [0.3555556, 0.3855556, 0.38865083, 0.38952386, 0.38996035, 0.3913651, 0.39222226, 0.39290252, 0.39347225, 0.39396828, 0.39460322, 0.3951227, 0.395754, 0.39687428, 0.3978685, 0.39895242, 0.40091273, 0.40267044, 0.40452385, 0.40633255, 0.4080556, 0.40993202, 0.4116162, 0.41325745, 0.41476196, 0.41605085, 0.41744202, 0.41887128, 0.4200794, 0.4212042, 0.4224286, 0.42357403, 0.4247669, 0.42587307, 0.4270542, 0.42816782, 0.42932543, 0.43042046, 0.43145785, 0.43256414, 0.4335675, 0.43448707, 0.43536285, 0.43635294, 0.437298, 0.43830693, 0.43927196, 0.44019592, 0.44120044, 0.4421834], "duration": [8354, 8367, 8375, 8566, 8609, 8560, 8384, 8672, 9527, 10012, 10739, 11319, 11288, 11176, 11038, 11012, 11641, 12302, 12913, 13641, 13585, 14903, 14609, 14901, 15523, 14883, 15541, 16149, 14555, 14340, 12726, 13673, 13299, 13324, 12717, 13040, 12724, 10138, 10794, 10803, 11488, 10203, 10180, 10227, 10167, 10168, 9491, 9515, 9487, 9508]}