{"avg": [0.41176474, 0.391273, 0.37762028, 0.4311306, 0.45853785, 0.45270342, 0.39608997, 0.44225898, 0.43317536, 0.48382595, 0.42289576, 0.47261658, 0.47695452, 0.44266027, 0.43678534, 0.46704578, 0.43858987, 0.4684986, 0.45312983, 0.47409827, 0.4429253, 0.48834622, 0.4885604, 0.48390883, 0.4740116, 0.48578346, 0.47305048, 0.48841143, 0.47985294, 0.4940216, 0.4742245, 0.48752093, 0.5171764, 0.48568153, 0.46451953, 0.4492482, 0.5298906, 0.49797404, 0.47233635, 0.49858811, 0.52399164, 0.49063614, 0.52518165, 0.5124177, 0.5066589, 0.5343905, 0.5300007, 0.523017, 0.54623234, 0.5222321], "std": [0.103985265, 0.12982045, 0.12524277, 0.08622134, 0.104757376, 0.10604375, 0.12985791, 0.111557506, 0.12339199, 0.10034685, 0.10487317, 0.10559259, 0.10309454, 0.12636185, 0.10858926, 0.10353684, 0.13562505, 0.12517485, 0.1048916, 0.10130734, 0.11389385, 0.07617014, 0.09890095, 0.085739315, 0.10587902, 0.10079536, 0.10577833, 0.090397716, 0.082792684, 0.09974434, 0.10105522, 0.11860972, 0.059153493, 0.08616451, 0.115368634, 0.109042875, 0.048052106, 0.103432395, 0.1094339, 0.10030331, 0.051945996, 0.12119341, 0.051868293, 0.06623284, 0.071618214, 0.0391437, 0.050218605, 0.060146745, 0.0067794384, 0.068906136], "var": [1.0, 1.0, 0.984, 0.984, 0.968, 0.968, 0.96, 0.96, 0.952, 0.936, 0.928, 0.92, 0.904, 0.896, 0.88, 0.872, 0.864, 0.872, 0.864, 0.856, 0.856, 0.84, 0.832, 0.824, 0.824, 0.808, 0.8, 0.792, 0.784, 0.792, 0.784, 0.792, 0.792, 0.792, 0.792, 0.776, 0.76, 0.752, 0.736, 0.72, 0.712, 0.696, 0.696, 0.688, 0.68, 0.68, 0.664, 0.656, 0.656, 0.648], "best": [0.51111114, 0.5349207, 0.5386409, 0.5358925, 0.5443002, 0.5459751, 0.54396826, 0.5483782, 0.5422467, 0.5457726, 0.53927606, 0.541761, 0.5434584, 0.54267263, 0.5415628, 0.544122, 0.54069537, 0.54532695, 0.5432263, 0.5432578, 0.5452263, 0.54624885, 0.546049, 0.5435168, 0.54433787, 0.5450923, 0.54504657, 0.5466681, 0.54677474, 0.54370284, 0.5467071, 0.544152, 0.54669267, 0.54731876, 0.5471584, 0.5446388, 0.54717904, 0.5486025, 0.5490424, 0.54924273, 0.54948276, 0.5500219, 0.5515806, 0.5526463, 0.55308264, 0.5565742, 0.55405986, 0.5579535, 0.55592215, 0.5561546], "duration": [26778, 26618, 23027, 26955, 26903, 25061, 26911, 26665, 26968, 26950, 26715, 26735, 26964, 26640, 26875, 27063, 26977, 27057, 29112, 27026, 26954, 27012, 27394, 27029, 27019, 27037, 31488, 26935, 26709, 27002, 26913, 26971, 27002, 26966, 26993, 26966, 27010, 26967, 27008, 27005, 27027, 27004, 27096, 26986, 31499, 26982, 27014, 27010, 27033, 26983]}