{"avg": [0.13518518, 0.1218632, 0.19175526, 0.18698674, 0.20339383, 0.20582849, 0.22235353, 0.2292122, 0.23108174, 0.21905503, 0.22093098, 0.26123106, 0.2386624, 0.22783789, 0.26279628, 0.29502442, 0.27938017, 0.28955343, 0.29489753, 0.34909955, 0.31134513, 0.31877127, 0.38012958, 0.32857257, 0.3652993], "std": [0.09458958, 0.09617094, 0.09488071, 0.102208465, 0.10477178, 0.104424424, 0.08296222, 0.07797981, 0.09654472, 0.10360211, 0.08554886, 0.07035905, 0.10224398, 0.122589335, 0.115921274, 0.06291847, 0.10117376, 0.09914204, 0.0913155, 0.07431375, 0.10741836, 0.081819244, 0.064819515, 0.10829332, 0.10202551], "var": [0.98, 0.96, 0.96, 0.94, 0.92, 0.9, 0.86, 0.82, 0.78, 0.78, 0.8, 0.78, 0.74, 0.74, 0.7, 0.68, 0.64, 0.6, 0.58, 0.56, 0.52, 0.5, 0.46, 0.44, 0.42], "best": [0.2777778, 0.3134921, 0.31274801, 0.37988272, 0.38435742, 0.38730162, 0.38663328, 0.39334503, 0.39549416, 0.39684764, 0.32324696, 0.3932655, 0.39820904, 0.42469314, 0.42583174, 0.40419215, 0.40663087, 0.41054213, 0.41418973, 0.43354642, 0.4229781, 0.42769277, 0.43941048, 0.44207662, 0.44350463], "duration": [3230, 1970, 2153, 1981, 2054, 2101, 2246, 1989, 2451, 2510, 1921, 2035, 2100, 3433, 2104, 4789, 2548, 2190, 2591, 2953, 3334, 2299, 2452, 2226, 2227]}