{"avg": [0.11428572, 0.18173847, 0.24325983, 0.2316564, 0.21133855, 0.16041084, 0.18992625, 0.20817903, 0.23848128, 0.24298628, 0.27432984, 0.20132838, 0.2540364, 0.2093776, 0.2264539, 0.25739506, 0.23224637, 0.2999449, 0.26322082, 0.230187, 0.25678182, 0.3190939, 0.27630213, 0.28216237, 0.26715684], "std": [0.07315378, 0.0866361, 0.14041644, 0.15624276, 0.13523495, 0.099507414, 0.14628099, 0.17065422, 0.1368383, 0.16790761, 0.14413634, 0.13930902, 0.17867558, 0.110790655, 0.18157595, 0.14160691, 0.118962586, 0.17720619, 0.1373825, 0.11066682, 0.16979605, 0.2036775, 0.15041725, 0.15206127, 0.16482241], "var": [0.98, 0.96, 0.92, 0.92, 0.88, 0.88, 0.84, 0.82, 0.82, 0.8, 0.8, 0.76, 0.72, 0.72, 0.72, 0.68, 0.66, 0.66, 0.66, 0.64, 0.64, 0.62, 0.62, 0.58, 0.58], "best": [0.20000002, 0.37936512, 0.5349207, 0.54267263, 0.5499582, 0.37841272, 0.5527778, 0.55432105, 0.55627364, 0.55685943, 0.55782604, 0.5433952, 0.5565096, 0.55861515, 0.5593766, 0.5604309, 0.5626672, 0.54717815, 0.55831397, 0.5485599, 0.5628482, 0.5636905, 0.56571704, 0.56586, 0.56691664], "duration": [2250, 2003, 5828, 7735, 5806, 2008, 3914, 10012, 5956, 5859, 6588, 3964, 9691, 4000, 10712, 7787, 5872, 9668, 7820, 5927, 10374, 11597, 5827, 10057, 6232]}