{"avg": [0.47474757, 0.3911833, 0.43731195, 0.4126443, 0.44454515, 0.41972905, 0.4232194, 0.42448637, 0.46545985, 0.4931911, 0.43883663, 0.45294303, 0.4455333, 0.5099234, 0.43652174, 0.44117972, 0.3991623, 0.38096917, 0.43004066, 0.46377584, 0.48698676, 0.43427545, 0.47525987, 0.45361188, 0.4625514, 0.420007, 0.50533617, 0.496943, 0.46848, 0.48841497, 0.5322431, 0.44086236, 0.49129057, 0.5048811, 0.4803988, 0.5000973, 0.51791334, 0.48110363, 0.5198187, 0.52608246, 0.5356359, 0.49110004, 0.5416078, 0.4907129, 0.5194697, 0.52009743, 0.55870855, 0.54500896, 0.52339906, 0.5448753], "std": [0.07713892, 0.1355045, 0.12306006, 0.1376853, 0.121878065, 0.13894972, 0.1696281, 0.086721905, 0.093168445, 0.088851355, 0.12757017, 0.12556453, 0.15965869, 0.07065966, 0.15647656, 0.11350925, 0.16462447, 0.18195409, 0.11576394, 0.11784591, 0.09062262, 0.1654606, 0.09277809, 0.1603517, 0.09749742, 0.1674068, 0.08466211, 0.0801276, 0.16040468, 0.08879125, 0.047433052, 0.17251945, 0.08345307, 0.1525608, 0.1685832, 0.08847371, 0.06712079, 0.15982242, 0.072459646, 0.0711527, 0.049775153, 0.08712076, 0.051450416, 0.09126699, 0.07821461, 0.08030736, 0.0107616335, 0.0534044, 0.07776355, 0.055767175], "var": [0.98, 0.98, 0.96, 0.96, 0.94, 0.94, 0.94, 0.94, 0.92, 0.92, 0.9, 0.9, 0.88, 0.86, 0.86, 0.84, 0.84, 0.84, 0.84, 0.82, 0.8, 0.78, 0.78, 0.78, 0.78, 0.76, 0.76, 0.74, 0.74, 0.74, 0.74, 0.74, 0.74, 0.74, 0.72, 0.7, 0.7, 0.7, 0.68, 0.66, 0.64, 0.64, 0.62, 0.62, 0.6, 0.6, 0.58, 0.56, 0.54, 0.52], "best": [0.51111114, 0.5652237, 0.5632653, 0.56170636, 0.56094503, 0.5468254, 0.5561661, 0.55594724, 0.55578744, 0.5563728, 0.5494592, 0.55892533, 0.54790765, 0.5505717, 0.5463616, 0.5512718, 0.55158734, 0.55306125, 0.5535594, 0.5539455, 0.55321074, 0.5532674, 0.5538893, 0.556833, 0.5570944, 0.5573348, 0.55763644, 0.5579938, 0.55888784, 0.56047976, 0.5605673, 0.56263924, 0.5558316, 0.5612788, 0.5630769, 0.56302476, 0.5631599, 0.5650714, 0.5630275, 0.5658956, 0.5660985, 0.5628057, 0.566249, 0.56943685, 0.56684935, 0.5671536, 0.56746197, 0.5689076, 0.5710234, 0.57479715], "duration": [18153, 17964, 17677, 15978, 17668, 17667, 17739, 17675, 17942, 18008, 17963, 17958, 18012, 17982, 17961, 22435, 17635, 17662, 16041, 16494, 17992, 17929, 17963, 17968, 18023, 22431, 18008, 18002, 17953, 17920, 18005, 17949, 17946, 17988, 17995, 18016, 17953, 18015, 18016, 18015, 17984, 17952, 18022, 17997, 18001, 17956, 18028, 17960, 18035, 17990]}