{"avg": [0.42962965, 0.4632937, 0.41620585, 0.43039027, 0.41035128, 0.44993737, 0.43356776, 0.45895767, 0.47785017, 0.478974, 0.46195567, 0.4484652, 0.49747992, 0.5506498, 0.5279951, 0.4935004, 0.5243903, 0.5299937, 0.54987687, 0.5074771, 0.5571387, 0.54102254, 0.5400253, 0.53035635, 0.5307965, 0.5717949, 0.56969804, 0.5565796, 0.57838935, 0.5755117, 0.58364034, 0.5837731, 0.5826579, 0.5953242, 0.5914609, 0.5981116, 0.6127534, 0.6118668, 0.60928047, 0.60633934, 0.6220196, 0.6247083, 0.6378915, 0.63939655, 0.64642376, 0.64609754, 0.6498586, 0.6599425, 0.65730816, 0.64768255], "std": [0.10507036, 0.0960709, 0.14024873, 0.11444207, 0.12530015, 0.106225446, 0.13647208, 0.09247325, 0.086616315, 0.10225684, 0.1127381, 0.1118303, 0.10161026, 0.008789994, 0.067677274, 0.09245325, 0.061982047, 0.08596032, 0.010522534, 0.08793118, 0.0117753865, 0.09459027, 0.094453275, 0.08835793, 0.105468936, 0.019402387, 0.022190947, 0.06341239, 0.021827294, 0.026157914, 0.02299698, 0.02558289, 0.029927451, 0.022777759, 0.025964092, 0.020518998, 0.013196515, 0.027388804, 0.020329738, 0.029394103, 0.023994958, 0.022757242, 0.016560003, 0.015300735, 0.015873255, 0.024664447, 0.020792404, 0.006872507, 0.02777434, 0.03008099], "var": [0.96, 0.94, 0.96, 0.96, 0.94, 0.9, 0.86, 0.84, 0.8, 0.78, 0.76, 0.72, 0.68, 0.66, 0.64, 0.64, 0.62, 0.6, 0.6, 0.56, 0.56, 0.58, 0.54, 0.52, 0.48, 0.48, 0.46, 0.44, 0.42, 0.42, 0.38, 0.36, 0.32, 0.28, 0.28, 0.28, 0.28, 0.26, 0.26, 0.24, 0.22, 0.2, 0.2, 0.2, 0.2, 0.22, 0.22, 0.2, 0.2, 0.18], "best": [0.51111114, 0.5619048, 0.5571941, 0.55132276, 0.554827, 0.5515247, 0.55402064, 0.5553924, 0.5567786, 0.55907524, 0.5538462, 0.55636317, 0.5582126, 0.560635, 0.5672178, 0.5699103, 0.5698543, 0.57049704, 0.57213914, 0.57277375, 0.5748867, 0.57755804, 0.5817717, 0.58500737, 0.5886038, 0.59108675, 0.5943563, 0.5971874, 0.5993047, 0.6025481, 0.6058904, 0.60910404, 0.6114649, 0.6142087, 0.6177169, 0.6199733, 0.6220661, 0.6262113, 0.6298343, 0.63272953, 0.6350131, 0.63954055, 0.6431921, 0.64717066, 0.6509443, 0.6552571, 0.65874344, 0.6619265, 0.6650113, 0.6679094], "duration": [26841, 31242, 25075, 26890, 26911, 29505, 24953, 31410, 26943, 31455, 26885, 26869, 27054, 27041, 27094, 26933, 27079, 31551, 31517, 27006, 27077, 27005, 27009, 26958, 27032, 27039, 27067, 31579, 27054, 27006, 31545, 27089, 27086, 36154, 27092, 27079, 27095, 27090, 27106, 31636, 36199, 31535, 27068, 27029, 27078, 27062, 27047, 27086, 27098, 27056]}