{"avg": [0.39791673, 0.48300442, 0.48027217, 0.40204793, 0.47590384, 0.54419225, 0.48657557, 0.45409638, 0.50449866, 0.48421404, 0.5327014, 0.5261575, 0.5234986, 0.55861664, 0.48626295, 0.58204925, 0.56237274, 0.55596316, 0.5542802, 0.59400034, 0.59804, 0.6221082, 0.58927643, 0.59579706, 0.61887527, 0.59804004, 0.59935623, 0.6196788, 0.6071691, 0.6320798, 0.60887694, 0.643241, 0.6378544, 0.64841175, 0.6443322, 0.650497, 0.665528, 0.6498664, 0.6434539, 0.6640225, 0.6763511, 0.67070025, 0.6691005, 0.6739757, 0.6771869, 0.6833965, 0.70036495, 0.69694424, 0.69899976, 0.6975932], "std": [0.14882353, 0.14785992, 0.14822108, 0.1469612, 0.15107544, 0.11671375, 0.14930806, 0.15470742, 0.1430873, 0.14931598, 0.1289598, 0.13411325, 0.14023906, 0.11269287, 0.15384026, 0.079670735, 0.11539634, 0.12111894, 0.11753293, 0.07718007, 0.07447181, 0.011056113, 0.09075007, 0.08065501, 0.015902642, 0.08428087, 0.08416572, 0.018384878, 0.08666638, 0.019923853, 0.08731681, 0.014479501, 0.02105076, 0.016419034, 0.020694302, 0.022207635, 0.01416139, 0.03223254, 0.0965779, 0.025938602, 0.011717076, 0.026129708, 0.028915238, 0.034250148, 0.02941583, 0.036383916, 0.0070290603, 0.024442086, 0.029076083, 0.034241147], "var": [0.98, 0.96, 0.96, 0.92, 0.88, 0.86, 0.82, 0.82, 0.8, 0.8, 0.76, 0.74, 0.7, 0.66, 0.64, 0.6, 0.58, 0.56, 0.54, 0.52, 0.52, 0.54, 0.52, 0.52, 0.5, 0.5, 0.48, 0.46, 0.46, 0.44, 0.4, 0.4, 0.38, 0.38, 0.36, 0.34, 0.34, 0.34, 0.32, 0.28, 0.26, 0.26, 0.28, 0.28, 0.26, 0.26, 0.26, 0.24, 0.2, 0.16], "best": [0.5666667, 0.6098215, 0.607483, 0.60882944, 0.61198163, 0.6124305, 0.612766, 0.61154664, 0.61428577, 0.6133073, 0.61428577, 0.612963, 0.6145287, 0.6172196, 0.6206762, 0.6195551, 0.6218239, 0.6235024, 0.6247426, 0.62558395, 0.62965375, 0.6328271, 0.6367179, 0.6377787, 0.6404641, 0.6429389, 0.6437803, 0.6455256, 0.6466772, 0.6499242, 0.65411437, 0.6564828, 0.65997803, 0.66275036, 0.66652846, 0.66901404, 0.6722141, 0.67707443, 0.67917836, 0.68287086, 0.68564016, 0.68979704, 0.6926632, 0.6953343, 0.69792175, 0.70029026, 0.7030215, 0.70695925, 0.7102059, 0.7131424], "duration": [1203, 1573, 1181, 1165, 1175, 1174, 1375, 1165, 1204, 1201, 1367, 1397, 1184, 1402, 1212, 1170, 1588, 1199, 1192, 1477, 1193, 1180, 1198, 1177, 1394, 1194, 1192, 1193, 1200, 1190, 1132, 1114, 1109, 1119, 1179, 1210, 1198, 1176, 1193, 1243, 1923, 1193, 1392, 1183, 1192, 1201, 1138, 1152, 1176, 1177]}