{"avg": [0.16205963, 0.24174565, 0.24092175, 0.28917223, 0.30884305, 0.35527107, 0.373653, 0.3908386, 0.426656, 0.44211745, 0.47363514, 0.51017743, 0.5454973, 0.5618575, 0.5725624, 0.60356975, 0.61802685, 0.62988657, 0.63760114, 0.64668894, 0.65513974, 0.6612319, 0.6675744, 0.6726839, 0.67766637, 0.6820398, 0.6865465, 0.6904187, 0.69478667, 0.6981257, 0.7014231, 0.70489514, 0.7077751, 0.7105527, 0.71329504, 0.71587384, 0.71819156, 0.7203313, 0.72251457, 0.72443634, 0.72631127, 0.7281396, 0.7301673, 0.73184973, 0.7333035, 0.73487645, 0.7364102, 0.7377109, 0.73899066, 0.7416505], "std": [0.10007452, 0.09289851, 0.10076052, 0.09163415, 0.091817655, 0.06867157, 0.06515416, 0.067460686, 0.07651735, 0.076510236, 0.074572995, 0.0658897, 0.04687543, 0.053777725, 0.057623833, 0.020086324, 0.0016361848, 0.008892643, 0.002974061, 0.001957103, 2.9802322e-07, 1.7881393e-07, 5.9604645e-08, 2.9802322e-07, 2.9802322e-07, 2.3841858e-07, 1.1920929e-07, 3.5762787e-07, 1.1920929e-07, 2.3841858e-07, 4.172325e-07, 2.3841858e-07, 0.0, 2.9802322e-07, 5.9604645e-08, 3.5762787e-07, 1.1920929e-07, 2.3841858e-07, 2.9802322e-07, 2.9802322e-07, 3.5762787e-07, 1.7881393e-07, 1.7881393e-07, 1.7881393e-07, 4.172325e-07, 1.7881393e-07, 5.9604645e-08, 1.7881393e-07, 2.3841858e-07, 0.008892932], "var": [0.86, 0.78, 0.66, 0.54, 0.44, 0.48, 0.52, 0.52, 0.52, 0.5, 0.44, 0.34, 0.26, 0.2, 0.1, 0.04, 0.04, 0.04, 0.04, 0.02, 0.02, 0.02, 0.02, 0.02, 0.02, 0.02, 0.02, 0.02, 0.02, 0.02, 0.02, 0.02, 0.02, 0.02, 0.02, 0.02, 0.02, 0.02, 0.02, 0.02, 0.02, 0.02, 0.02, 0.02, 0.02, 0.02, 0.02, 0.02, 0.02, 0.02], "best": [0.3777778, 0.4020906, 0.4106289, 0.41505337, 0.46342558, 0.5155153, 0.5230869, 0.5296493, 0.53674084, 0.5451617, 0.5540833, 0.5632246, 0.57414967, 0.58580387, 0.59828043, 0.60774004, 0.61839765, 0.68455994, 0.6384262, 0.646987, 0.65513945, 0.6612317, 0.66757447, 0.6726842, 0.67766666, 0.68204004, 0.6865466, 0.6904191, 0.6947868, 0.6981255, 0.7014227, 0.7048954, 0.7077751, 0.710553, 0.7132951, 0.7158742, 0.7181917, 0.72033155, 0.7225143, 0.72443664, 0.7263116, 0.7281394, 0.73016715, 0.7318499, 0.7333039, 0.7348763, 0.73641026, 0.7377107, 0.7389904, 0.79574406], "duration": [23503, 17185, 21257, 29007, 17193, 13236, 9867, 13102, 12129, 11297, 11064, 12074, 12929, 11613, 11943, 9065, 14479, 13204, 10210, 10844, 10858, 11155, 10122, 12885, 10627, 11410, 10228, 11842, 9320, 10678, 11890, 11282, 13679, 11339, 14490, 10054, 11202, 11378, 10978, 11247, 10285, 14136, 11024, 9470, 12222, 13153, 11068, 10800, 10071, 12598]}