{"avg": [0.14166668, 0.18633287, 0.21718076, 0.14844279, 0.22770979, 0.15715814, 0.22966662, 0.18348521, 0.25210226, 0.23575902, 0.26382515, 0.2824371, 0.20874807, 0.24396154, 0.30819863, 0.26282185, 0.36961973, 0.34389135, 0.30467865, 0.34413055, 0.34853488, 0.29894376, 0.36216423, 0.28607935, 0.42595467, 0.37308827, 0.36488554, 0.37998325, 0.43935248, 0.48580438, 0.4638055, 0.39201885, 0.49699014, 0.4893085, 0.44511357, 0.49014792, 0.4820797, 0.52469814, 0.38379124, 0.4621844, 0.53661746, 0.55903244, 0.56885195, 0.5349446, 0.58223736, 0.5899079, 0.51332504, 0.54677737, 0.5587638, 0.5646613], "std": [0.08347211, 0.13732867, 0.14615878, 0.1085789, 0.119623385, 0.12293636, 0.15546218, 0.144632, 0.13670057, 0.18011099, 0.20005354, 0.15502633, 0.16814497, 0.10797504, 0.16804619, 0.15171748, 0.11973048, 0.16556457, 0.1359368, 0.16982807, 0.18368697, 0.20609064, 0.16148621, 0.14430417, 0.18046321, 0.14536487, 0.21090108, 0.20556475, 0.17673226, 0.16028604, 0.1452859, 0.18659194, 0.15621881, 0.14379486, 0.15990235, 0.09666425, 0.11787525, 0.115776405, 0.16883521, 0.15668331, 0.108459145, 0.08973797, 0.06405646, 0.11458781, 0.072109304, 0.10774104, 0.13988633, 0.117305495, 0.11636469, 0.1659271], "var": [0.98, 0.96, 0.94, 0.94, 0.92, 0.92, 0.9, 0.86, 0.86, 0.86, 0.84, 0.84, 0.84, 0.82, 0.8, 0.8, 0.84, 0.84, 0.82, 0.84, 0.86, 0.86, 0.86, 0.86, 0.84, 0.86, 0.82, 0.8, 0.8, 0.8, 0.76, 0.72, 0.72, 0.72, 0.7, 0.66, 0.64, 0.66, 0.66, 0.68, 0.68, 0.64, 0.64, 0.6, 0.58, 0.56, 0.56, 0.54, 0.54, 0.54], "best": [0.3555556, 0.5274802, 0.52337664, 0.39928737, 0.38541198, 0.38730162, 0.541253, 0.54814816, 0.5464475, 0.55084956, 0.55009925, 0.5538041, 0.55559736, 0.55207753, 0.5523449, 0.55376565, 0.5575781, 0.5576355, 0.5586451, 0.5603389, 0.56219757, 0.5643324, 0.56294423, 0.567224, 0.56765074, 0.5721423, 0.5738764, 0.5757128, 0.5777996, 0.5814384, 0.584309, 0.5876627, 0.5895453, 0.5939388, 0.59171444, 0.59813756, 0.6014188, 0.6059804, 0.6040244, 0.61110336, 0.6130599, 0.6148288, 0.61928684, 0.6223402, 0.6250715, 0.6286707, 0.6318807, 0.6340084, 0.6369027, 0.63810563], "duration": [3848, 9531, 5814, 1888, 7628, 1944, 9587, 6122, 7792, 9944, 7867, 11490, 5741, 11466, 9730, 7659, 13433, 13869, 9636, 11550, 7744, 13449, 11932, 7796, 11635, 9653, 14318, 13513, 13509, 11607, 15785, 13500, 11633, 11644, 13532, 12009, 13544, 13564, 9727, 13496, 13521, 13495, 13511, 13512, 13519, 13536, 13552, 13553, 13541, 13541]}