{"avg": [0.36866662, 0.40796193, 0.42008102, 0.43199363, 0.4441119, 0.45660573, 0.4693176, 0.48187083, 0.4944249, 0.50705826, 0.5195629, 0.5322009, 0.54527545, 0.55831736, 0.57133603, 0.5846497, 0.59796846, 0.6050583, 0.60581654, 0.60649484, 0.6071053, 0.6076576, 0.60815966, 0.6086182, 0.60903853, 0.6094251, 0.60978204, 0.6101124, 0.61041933, 0.61070514, 0.6109718, 0.6112213, 0.61145514, 0.6116747, 0.61188155, 0.6120765, 0.6122606, 0.6124348, 0.61259985, 0.61275625, 0.6129051, 0.61304647, 0.61318123, 0.61330974, 0.61343235, 0.6135495, 0.6136615, 0.6137688, 0.61387163, 0.61397034], "std": [0.14211266, 0.14533266, 0.14814736, 0.15020761, 0.15132527, 0.15119396, 0.15006492, 0.14819999, 0.14513648, 0.14104909, 0.13516435, 0.1285172, 0.11961502, 0.10842224, 0.0940232, 0.07444396, 0.04444892, 0.0076356437, 0.008062008, 0.008451807, 0.008808436, 0.009135295, 0.0094355345, 0.0097119855, 0.0099672, 0.010203404, 0.010422542, 0.010626343, 0.010816306, 0.010993768, 0.01115988, 0.011315689, 0.011462116, 0.011599958, 0.011729935, 0.011852709, 0.011968848, 0.012078858, 0.012183238, 0.012282379, 0.012376665, 0.012466461, 0.012552056, 0.012633753, 0.012711805, 0.012786436, 0.012857884, 0.012926349, 0.012991996, 0.013055002], "var": [1.0, 0.98, 0.94, 0.94, 0.94, 0.9, 0.86, 0.82, 0.78, 0.76, 0.74, 0.7, 0.68, 0.66, 0.64, 0.62, 0.62, 0.62, 0.62, 0.62, 0.62, 0.62, 0.62, 0.62, 0.62, 0.62, 0.62, 0.62, 0.62, 0.62, 0.62, 0.62, 0.62, 0.62, 0.62, 0.62, 0.62, 0.62, 0.62, 0.62, 0.62, 0.62, 0.62, 0.62, 0.62, 0.62, 0.62, 0.62, 0.62, 0.62], "best": [0.5666667, 0.5976191, 0.59904766, 0.6012699, 0.6033334, 0.6046667, 0.60595244, 0.6071429, 0.60827386, 0.6092593, 0.6100001, 0.61060613, 0.61115086, 0.61205137, 0.6128912, 0.6137461, 0.61476195, 0.61630255, 0.6178572, 0.61924815, 0.6205, 0.6216327, 0.6226624, 0.6236025, 0.62446433, 0.6252572, 0.6259891, 0.6266667, 0.627296, 0.6278818, 0.62842864, 0.62894017, 0.6294197, 0.6298702, 0.6302942, 0.6306939, 0.6310715, 0.6314286, 0.631767, 0.63208795, 0.63239294, 0.632683, 0.63295925, 0.63322264, 0.6334741, 0.6337143, 0.63394415, 0.6341642, 0.63437504, 0.63457733], "duration": [3530, 3528, 3490, 3559, 3575, 3638, 3490, 3558, 3531, 3664, 3596, 3534, 3482, 3717, 3614, 3515, 3606, 3558, 3613, 3532, 3359, 3163, 3175, 3312, 3551, 3470, 3641, 3521, 3584, 3461, 3534, 3546, 3496, 3510, 3569, 3579, 3548, 3551, 3480, 3601, 3523, 3542, 3562, 3138, 3410, 3658, 3600, 3539, 3520, 3580]}