{"avg": [0.16111112, 0.2358631, 0.21639824, 0.19201395, 0.20794167, 0.23392862, 0.22961251, 0.24350971, 0.18417603, 0.21308662, 0.22027485, 0.24568021, 0.32235605, 0.30074722, 0.32499105, 0.28614533, 0.30754608, 0.31591037, 0.2537448, 0.29853192, 0.2716802, 0.3221551, 0.3048681, 0.3206709, 0.27371845, 0.3614034, 0.3568176, 0.3294751, 0.32765153, 0.40930086, 0.34743991, 0.4106249, 0.3749736, 0.4174486, 0.45127848, 0.4319853, 0.41168964, 0.5013386, 0.46882942, 0.4302143, 0.40883967, 0.44827196, 0.44824538, 0.4949797, 0.5019572, 0.45227998, 0.47462386, 0.47306, 0.50262904, 0.515308], "std": [0.08940823, 0.102066614, 0.15363087, 0.15472893, 0.16378073, 0.12539195, 0.14624491, 0.15283437, 0.16070178, 0.14230894, 0.14388804, 0.106595, 0.16767737, 0.11296979, 0.15845367, 0.14823602, 0.124813505, 0.17326652, 0.17322592, 0.12633243, 0.17483191, 0.13066962, 0.1072075, 0.15123156, 0.10987743, 0.14782967, 0.12691951, 0.11779288, 0.121121965, 0.108767696, 0.1509063, 0.110247605, 0.14998779, 0.10539183, 0.101391, 0.13575459, 0.10145296, 0.07528537, 0.11894178, 0.1463083, 0.12010712, 0.14149852, 0.10249781, 0.08276552, 0.07444941, 0.10282517, 0.102263875, 0.110262625, 0.095477715, 0.07805144], "var": [0.98, 0.96, 0.94, 0.92, 0.9, 0.9, 0.88, 0.84, 0.82, 0.8, 0.78, 0.78, 0.82, 0.82, 0.78, 0.74, 0.72, 0.74, 0.72, 0.72, 0.68, 0.7, 0.7, 0.72, 0.7, 0.68, 0.68, 0.68, 0.68, 0.68, 0.7, 0.68, 0.66, 0.62, 0.66, 0.68, 0.66, 0.66, 0.64, 0.66, 0.66, 0.62, 0.62, 0.6, 0.6, 0.62, 0.62, 0.62, 0.58, 0.6], "best": [0.3555556, 0.5259921, 0.5378969, 0.5407516, 0.53600293, 0.53134924, 0.5386801, 0.53624344, 0.5380178, 0.539234, 0.54095036, 0.5349207, 0.5418163, 0.53564584, 0.54413, 0.5460044, 0.53616875, 0.5406927, 0.5424575, 0.54207164, 0.54265106, 0.5434188, 0.538342, 0.54314697, 0.5321685, 0.5439793, 0.54550266, 0.5450681, 0.54598093, 0.5478263, 0.5502556, 0.55157757, 0.5532758, 0.55403274, 0.55551994, 0.5560177, 0.5585622, 0.5602413, 0.5616716, 0.56361616, 0.5643324, 0.56471026, 0.5659343, 0.5670424, 0.5685159, 0.57293475, 0.57227415, 0.5738376, 0.5749409, 0.5783234], "duration": [3836, 6995, 5746, 5798, 3914, 1961, 5749, 5849, 4500, 3923, 6108, 2032, 7824, 5803, 8132, 5784, 5782, 5990, 5773, 13409, 3990, 10024, 2003, 5888, 3834, 9717, 9974, 9648, 4069, 14245, 5843, 6292, 13812, 11628, 11948, 9715, 9659, 18000, 13491, 11641, 15724, 11647, 11574, 13488, 13526, 11650, 11640, 15753, 13506, 13551]}