{"avg": [0.42888892, 0.4558318, 0.45615086, 0.45646667, 0.45677468, 0.4540731, 0.45427936, 0.44861272, 0.44992074, 0.44975567, 0.44203585, 0.43881568, 0.4417318, 0.4419397, 0.4420635, 0.44208255, 0.4450865, 0.44497177, 0.44161537, 0.44179127, 0.4450075, 0.4453084, 0.44528338, 0.44237527, 0.44237027, 0.44270012, 0.4365937, 0.43329102, 0.43064567, 0.43009335, 0.4229007, 0.42593285, 0.41976586, 0.42312184, 0.42651734, 0.4286849, 0.43203473, 0.43118733, 0.42834324, 0.42848858, 0.4262161, 0.4226452, 0.41149434, 0.40094393, 0.40428153, 0.40147004, 0.3903125, 0.38314196, 0.3832413, 0.37563926], "std": [0.09034913, 0.08995943, 0.09034067, 0.09046573, 0.09083891, 0.0906949, 0.09097549, 0.09020545, 0.08916854, 0.088569134, 0.08911324, 0.088145874, 0.0889273, 0.08895889, 0.08896477, 0.08870904, 0.08957712, 0.08951614, 0.088972755, 0.08901452, 0.08960756, 0.089626566, 0.08941391, 0.08889027, 0.0890103, 0.08917869, 0.08730581, 0.085901976, 0.084671274, 0.0854331, 0.08322266, 0.08437549, 0.08132787, 0.08293761, 0.084244184, 0.08610895, 0.08733267, 0.08796415, 0.08677848, 0.0867427, 0.084754996, 0.0838373, 0.08708116, 0.08904193, 0.091035426, 0.088640004, 0.09571806, 0.09720741, 0.09721705, 0.091683775], "var": [0.96, 0.92, 0.92, 0.9, 0.88, 0.88, 0.86, 0.84, 0.82, 0.8, 0.8, 0.78, 0.76, 0.74, 0.74, 0.74, 0.76, 0.76, 0.78, 0.8, 0.8, 0.8, 0.82, 0.84, 0.82, 0.8, 0.78, 0.78, 0.76, 0.74, 0.76, 0.76, 0.76, 0.74, 0.74, 0.74, 0.7, 0.68, 0.68, 0.66, 0.66, 0.64, 0.62, 0.6, 0.58, 0.6, 0.6, 0.58, 0.58, 0.58], "best": [0.51111114, 0.5449207, 0.54468256, 0.5442858, 0.54587305, 0.54692066, 0.54722226, 0.548254, 0.5489683, 0.5494709, 0.5493016, 0.5491631, 0.54904765, 0.5488767, 0.5487302, 0.5486032, 0.5481052, 0.54758173, 0.54558206, 0.5456224, 0.54568255, 0.5454195, 0.5458514, 0.5463492, 0.54668653, 0.5467683, 0.5468254, 0.5466138, 0.5462642, 0.5460208, 0.5456667, 0.54541224, 0.5451141, 0.54539686, 0.54564893, 0.54588664, 0.54617727, 0.5464522, 0.54678786, 0.5460928, 0.54636115, 0.5465815, 0.54679143, 0.5470137, 0.54727995, 0.54493123, 0.5447654, 0.54459643, 0.54443455, 0.54426956], "duration": [63442, 62439, 62446, 61718, 62530, 62702, 62783, 60573, 59971, 59788, 59523, 58124, 59441, 59820, 59117, 59512, 61114, 60780, 59761, 59877, 59521, 60106, 59763, 59703, 59685, 59897, 58258, 57009, 56842, 57795, 56567, 57861, 56312, 56687, 57170, 59164, 59782, 60482, 59193, 59791, 58547, 59112, 57604, 56468, 58842, 56352, 55055, 53997, 54847, 54554]}