{"avg": [0.3412698, 0.37645978, 0.4172269, 0.42110777, 0.437004, 0.43238756, 0.43117604, 0.45727858, 0.46506912, 0.4852293, 0.4622783, 0.4834921, 0.52157277, 0.5232827, 0.4897379, 0.46951142, 0.53462666, 0.5292198, 0.49698353, 0.5284139, 0.54511195, 0.54742545, 0.5025284, 0.51398206, 0.5406949, 0.54448783, 0.56976515, 0.5588028, 0.5513853, 0.56247205, 0.5503464, 0.5670839, 0.5585457, 0.5583228, 0.58568406, 0.58296657, 0.6062996, 0.6090796, 0.6102341, 0.595781, 0.61525154, 0.61189884, 0.60695624, 0.6139673, 0.6135984, 0.62343323, 0.62453914, 0.6401373, 0.626561, 0.6373762], "std": [0.0842467, 0.14583823, 0.13094029, 0.13337335, 0.12379743, 0.11517391, 0.12659296, 0.112209834, 0.1258042, 0.08073261, 0.104641974, 0.102981076, 0.051972393, 0.05231254, 0.11156809, 0.11007014, 0.047543235, 0.05170818, 0.101586804, 0.060663868, 0.042315453, 0.0458467, 0.108941786, 0.10902512, 0.09382763, 0.095045716, 0.018549118, 0.05282297, 0.060159512, 0.050791424, 0.06998337, 0.050980277, 0.07280375, 0.08071151, 0.02443415, 0.057544217, 0.011562067, 0.015568731, 0.020841986, 0.056564424, 0.021434575, 0.026668612, 0.052815396, 0.04984137, 0.052409668, 0.053629898, 0.048488382, 0.013827181, 0.035155047, 0.029547755], "var": [1.0, 0.98, 0.98, 0.98, 0.96, 0.96, 0.96, 0.96, 0.98, 1.0, 1.0, 1.0, 1.0, 1.0, 0.98, 0.98, 0.94, 0.94, 0.92, 0.92, 0.9, 0.86, 0.82, 0.82, 0.82, 0.78, 0.76, 0.74, 0.74, 0.74, 0.72, 0.7, 0.7, 0.68, 0.68, 0.66, 0.64, 0.66, 0.66, 0.68, 0.68, 0.68, 0.68, 0.66, 0.62, 0.64, 0.64, 0.64, 0.64, 0.6], "best": [0.51111114, 0.53832203, 0.5468254, 0.55062485, 0.54550266, 0.5475789, 0.5490016, 0.54131395, 0.5455464, 0.5477954, 0.5481657, 0.54883343, 0.54794353, 0.551563, 0.55263674, 0.55703706, 0.55912375, 0.56001717, 0.5622417, 0.56373423, 0.5659732, 0.56964594, 0.5743925, 0.5760646, 0.5783763, 0.58278966, 0.5870491, 0.5907659, 0.5937738, 0.59561056, 0.5988662, 0.6013553, 0.601675, 0.6066786, 0.610242, 0.6127747, 0.61585593, 0.6204279, 0.6241963, 0.6272859, 0.6303116, 0.6333632, 0.63614744, 0.6389456, 0.64277196, 0.6448835, 0.64784205, 0.6509638, 0.6540631, 0.6554273], "duration": [31412, 27066, 30060, 25712, 27469, 27286, 27317, 27309, 27133, 27263, 27596, 27491, 27488, 32097, 27496, 27477, 27330, 31841, 27262, 27225, 27224, 27299, 27287, 27279, 27362, 27478, 32030, 27523, 27429, 32054, 27421, 32071, 32123, 32014, 27374, 27337, 31844, 31866, 27293, 31852, 27296, 27267, 27255, 27282, 27320, 27209, 31773, 27309, 27340, 27232]}