{"avg": [0.14444447, 0.18086027, 0.19576721, 0.15202338, 0.22068647, 0.22720711, 0.233389, 0.21253023, 0.28397492, 0.26695493, 0.24891244, 0.2393387, 0.2869154, 0.31722966, 0.3270949, 0.34088755, 0.35627228, 0.40381894, 0.31862277, 0.36994502, 0.3852105, 0.3865481, 0.4219907, 0.39481297, 0.40398926, 0.4193515, 0.4306282, 0.438196, 0.45214698, 0.43642285, 0.46509415, 0.48467678, 0.46294013, 0.4937974, 0.47969157, 0.48645538, 0.4790228, 0.49135646, 0.49750468, 0.4828435, 0.5033421, 0.49091524, 0.52510303, 0.5307877, 0.5206054, 0.53578717, 0.52983445, 0.5127589, 0.50639457, 0.538359], "std": [0.08461971, 0.11555577, 0.08152314, 0.111949615, 0.08965498, 0.09169803, 0.09402396, 0.11298818, 0.11905567, 0.109301366, 0.13406886, 0.098695785, 0.11829668, 0.074611984, 0.07841276, 0.0758906, 0.077854715, 0.049999926, 0.08945295, 0.08744101, 0.075216, 0.074752346, 0.04789909, 0.073421784, 0.08217479, 0.07117547, 0.061937373, 0.059960127, 0.04984798, 0.07223848, 0.044394083, 0.0042876867, 0.058307193, 0.0022523433, 0.06366376, 0.05847396, 0.073268354, 0.05839141, 0.05729507, 0.06963486, 0.06213559, 0.082181886, 0.005809461, 0.0020001298, 0.040962815, 0.0054696016, 0.030523485, 0.07883337, 0.08233506, 0.032036975], "var": [0.96, 0.96, 0.96, 0.88, 0.88, 0.88, 0.88, 0.88, 0.88, 0.88, 0.8, 0.76, 0.68, 0.68, 0.68, 0.68, 0.72, 0.72, 0.72, 0.76, 0.72, 0.68, 0.64, 0.64, 0.64, 0.6, 0.56, 0.52, 0.44, 0.4, 0.36, 0.36, 0.36, 0.36, 0.36, 0.36, 0.36, 0.32, 0.32, 0.28, 0.28, 0.32, 0.28, 0.28, 0.28, 0.24, 0.2, 0.2, 0.12, 0.08], "best": [0.3555556, 0.39275798, 0.3880953, 0.3702948, 0.38888893, 0.39109734, 0.39359277, 0.39928737, 0.40296015, 0.40941975, 0.40264553, 0.41127312, 0.42936513, 0.4135742, 0.41748568, 0.42500973, 0.43000078, 0.44157383, 0.43456864, 0.4422186, 0.44056505, 0.44430766, 0.44743693, 0.4513228, 0.45834658, 0.46166626, 0.46758497, 0.47119284, 0.47539687, 0.47697234, 0.48291945, 0.48831007, 0.49181366, 0.4956358, 0.5008187, 0.5042676, 0.5084751, 0.5120769, 0.51507497, 0.51834124, 0.5210702, 0.5249185, 0.52800286, 0.5316042, 0.53501314, 0.53791916, 0.54097456, 0.5435749, 0.546244, 0.54893875], "duration": [2153, 2476, 2203, 1820, 1847, 1902, 2194, 1865, 1907, 1905, 1897, 1898, 1896, 1899, 3185, 2542, 1904, 1919, 1898, 1901, 1917, 2553, 1917, 2228, 2238, 2546, 1945, 1937, 1899, 2216, 2549, 2273, 1975, 1903, 1912, 2226, 2562, 1912, 1907, 1938, 2927, 1939, 1949, 1950, 2336, 2282, 2544, 1903, 2241, 2238]}