{"avg": [0.37619048, 0.32636434, 0.3664587, 0.41493767, 0.4210215, 0.46180755, 0.44078833, 0.43466416, 0.4804727, 0.41040552, 0.48470047, 0.44564396, 0.5307241, 0.49836463, 0.5109769, 0.5117181, 0.5083043, 0.4919256, 0.50943047, 0.49788234, 0.49529904, 0.5099735, 0.5166343, 0.52318597, 0.54278314, 0.49942452, 0.55274945, 0.5466534, 0.5252649, 0.55249584, 0.55057424, 0.5441138, 0.539268, 0.5600002, 0.55495566, 0.5805004, 0.5714878, 0.57839596, 0.56051487, 0.579074, 0.5897297, 0.5588499, 0.59323823, 0.59545016, 0.5876813, 0.6022145, 0.6097269, 0.6132697, 0.6160993, 0.6102478], "std": [0.11921682, 0.15339795, 0.11198454, 0.12312062, 0.11901281, 0.08568469, 0.09048526, 0.10757654, 0.088458866, 0.11393797, 0.09992494, 0.10984721, 0.039200272, 0.08184779, 0.071577385, 0.064127, 0.07067183, 0.07924749, 0.07988668, 0.079919234, 0.08200858, 0.07071105, 0.073230825, 0.06812201, 0.042641997, 0.08130553, 0.013680966, 0.046696857, 0.073503874, 0.046541143, 0.053450946, 0.06721163, 0.057709187, 0.05790714, 0.050388336, 0.011127653, 0.021842252, 0.017516976, 0.06311659, 0.018087404, 0.016269859, 0.07591253, 0.020394472, 0.025247695, 0.058049053, 0.023140369, 0.024602342, 0.02285012, 0.019093752, 0.024397194], "var": [1.0, 1.0, 0.98, 0.96, 0.92, 0.9, 0.88, 0.86, 0.82, 0.78, 0.8, 0.76, 0.76, 0.76, 0.76, 0.74, 0.72, 0.74, 0.7, 0.68, 0.72, 0.72, 0.68, 0.66, 0.64, 0.62, 0.6, 0.58, 0.58, 0.54, 0.54, 0.54, 0.54, 0.54, 0.5, 0.48, 0.46, 0.46, 0.44, 0.42, 0.4, 0.38, 0.38, 0.34, 0.3, 0.26, 0.26, 0.26, 0.24, 0.24], "best": [0.51111114, 0.56893426, 0.54477286, 0.54574317, 0.54764646, 0.55100816, 0.5528447, 0.5494838, 0.5526252, 0.5545499, 0.5545474, 0.5564214, 0.55175835, 0.55751544, 0.5594041, 0.560828, 0.5569592, 0.5603978, 0.5600432, 0.55996597, 0.5612447, 0.5634324, 0.56306565, 0.5660771, 0.5686833, 0.5646514, 0.5707552, 0.5723933, 0.5746403, 0.57563764, 0.5791826, 0.58164686, 0.5838784, 0.584389, 0.5880893, 0.5899093, 0.5941273, 0.595666, 0.59757733, 0.59946215, 0.6013266, 0.60500574, 0.60685813, 0.61097693, 0.6140554, 0.6173928, 0.6199594, 0.6231655, 0.6270435, 0.6299091], "duration": [23744, 25102, 25049, 25367, 27464, 27015, 26977, 25468, 26960, 25374, 31814, 26882, 29850, 27334, 27191, 27688, 31951, 27352, 27582, 27317, 27578, 32300, 27272, 27362, 27754, 27429, 27454, 27422, 27578, 27452, 32054, 36707, 27307, 32067, 27319, 27396, 27689, 27532, 27518, 27798, 27735, 32092, 32330, 27477, 27434, 27448, 27374, 27400, 27401, 27434]}