{"avg": [0.37466663, 0.40751433, 0.41995236, 0.420381, 0.42089295, 0.42742863, 0.43413013, 0.43489525, 0.44129762, 0.44784972, 0.4483667, 0.4611066, 0.4678492, 0.48033565, 0.4869075, 0.4935175, 0.50015116, 0.50686383, 0.5134085, 0.5256276, 0.52627236, 0.53826624, 0.55030787, 0.5561827, 0.5566231, 0.56858283, 0.58051986, 0.5926152, 0.5991289, 0.60603696, 0.60665846, 0.6080787, 0.6091521, 0.61061305, 0.61195254, 0.61331487, 0.6144034, 0.61572975, 0.61744887, 0.618769, 0.6201, 0.6216505, 0.6230104, 0.62421566, 0.6255659, 0.6267729, 0.6278364, 0.6295607, 0.63063586, 0.6322588], "std": [0.14400001, 0.14583533, 0.14813204, 0.14851668, 0.14845455, 0.14907256, 0.14948054, 0.14918257, 0.1494219, 0.14901526, 0.1488139, 0.14817832, 0.14723435, 0.14493708, 0.14324598, 0.14155138, 0.13932066, 0.13666438, 0.13432351, 0.12836763, 0.12792763, 0.120523185, 0.11145573, 0.10646885, 0.10623509, 0.09361712, 0.07828699, 0.056764048, 0.04077996, 0.007437283, 0.0073909773, 0.007002559, 0.006681327, 0.006537985, 0.0063289586, 0.006426642, 0.006502062, 0.0065284083, 0.0067583937, 0.007068489, 0.007083301, 0.0067654504, 0.006764222, 0.006836452, 0.0072267344, 0.007278103, 0.0075103804, 0.00736198, 0.0076512787, 0.0076079844], "var": [0.98, 0.94, 0.94, 0.92, 0.9, 0.88, 0.86, 0.84, 0.84, 0.84, 0.84, 0.84, 0.84, 0.82, 0.84, 0.82, 0.78, 0.78, 0.78, 0.74, 0.78, 0.78, 0.76, 0.76, 0.76, 0.78, 0.78, 0.78, 0.74, 0.74, 0.72, 0.72, 0.7, 0.66, 0.68, 0.68, 0.68, 0.66, 0.64, 0.64, 0.62, 0.62, 0.58, 0.56, 0.56, 0.54, 0.5, 0.5, 0.5, 0.52], "best": [0.5666667, 0.60095245, 0.60095245, 0.60095245, 0.6010715, 0.6016191, 0.6019842, 0.6021769, 0.6028572, 0.60370374, 0.60442865, 0.6071862, 0.6082143, 0.6095239, 0.6106123, 0.61152387, 0.612381, 0.6131373, 0.6138625, 0.61463666, 0.6153334, 0.61598647, 0.6165801, 0.6171429, 0.6174008, 0.61767626, 0.6179488, 0.6182187, 0.61857146, 0.6188835, 0.61946034, 0.6199847, 0.62056553, 0.62118334, 0.62203085, 0.6228572, 0.6237831, 0.62509656, 0.62794495, 0.62921864, 0.63054764, 0.6318932, 0.63329935, 0.63468444, 0.636039, 0.6374075, 0.6387578, 0.64006084, 0.64143854, 0.64276004], "duration": [3272, 3248, 3231, 3153, 3153, 3154, 3243, 3267, 3219, 3257, 3271, 3244, 3267, 3233, 3254, 3226, 3257, 3255, 3292, 3262, 3260, 3235, 3259, 3257, 3249, 3277, 3286, 3259, 3262, 3258, 3220, 3282, 3314, 3339, 3266, 3237, 3285, 3146, 3247, 3267, 3241, 3253, 3272, 3277, 3233, 3214, 3244, 3241, 3249, 3247]}