{"avg": [0.39305556, 0.41207013, 0.41796917, 0.44174835, 0.4233212, 0.47015774, 0.4821534, 0.47977644, 0.5168214, 0.5044623, 0.49573418, 0.52742386, 0.5433924, 0.5194831, 0.5687382, 0.5417381, 0.5585067, 0.5594761, 0.52515835, 0.5640223, 0.5795493, 0.5729482, 0.56426775, 0.5749617, 0.5781613, 0.5900359, 0.55978245, 0.59881663, 0.57886887, 0.59466964, 0.5740425, 0.5592864, 0.59815216, 0.60196376, 0.58696455, 0.5970981, 0.5928793, 0.5947885, 0.61336535, 0.6088432, 0.62910515, 0.6117226, 0.6219903, 0.6133514, 0.6124384, 0.6252, 0.62549055, 0.62730765, 0.6126959, 0.6376848], "std": [0.109069794, 0.12811817, 0.12831983, 0.09991049, 0.14887579, 0.13539706, 0.110015005, 0.12764628, 0.0905982, 0.09017353, 0.12143685, 0.07361875, 0.08290784, 0.11242014, 0.021441272, 0.068561025, 0.05633456, 0.088444956, 0.093855575, 0.064402625, 0.059457075, 0.05262072, 0.06814697, 0.03517228, 0.03548069, 0.021035006, 0.062609896, 0.030978283, 0.030864416, 0.035430502, 0.06619345, 0.07660281, 0.029858163, 0.03470297, 0.026269712, 0.028911661, 0.06480296, 0.026765112, 0.026146835, 0.026411798, 0.023577353, 0.043681864, 0.01917156, 0.029742468, 0.020453207, 0.028502608, 0.0195133, 0.036551878, 0.03576726, 0.024539776], "var": [1.0, 0.96, 0.94, 0.9, 0.86, 0.86, 0.82, 0.82, 0.78, 0.76, 0.72, 0.72, 0.7, 0.66, 0.66, 0.64, 0.62, 0.62, 0.62, 0.6, 0.6, 0.58, 0.56, 0.54, 0.52, 0.56, 0.56, 0.56, 0.54, 0.52, 0.5, 0.48, 0.46, 0.44, 0.42, 0.42, 0.4, 0.42, 0.42, 0.42, 0.42, 0.38, 0.36, 0.36, 0.4, 0.4, 0.4, 0.38, 0.38, 0.4], "best": [0.5555556, 0.58978176, 0.5847415, 0.5829112, 0.58888894, 0.5980511, 0.60618216, 0.6059631, 0.62529767, 0.621218, 0.63812447, 0.6112885, 0.6549077, 0.61122614, 0.6067299, 0.6233827, 0.6238786, 0.62492543, 0.6280857, 0.62148964, 0.6715042, 0.6311562, 0.6334843, 0.6343051, 0.67804945, 0.628202, 0.6371209, 0.6405896, 0.6415647, 0.6838601, 0.64168704, 0.64422894, 0.6453975, 0.68938935, 0.64856017, 0.64472204, 0.68751156, 0.6503429, 0.6553155, 0.6483038, 0.6596036, 0.70328534, 0.663725, 0.6642728, 0.6531435, 0.6669936, 0.6700996, 0.7162217, 0.6717384, 0.67388546], "duration": [27877, 28686, 33294, 38577, 29304, 29866, 29956, 29879, 35020, 29900, 30003, 29942, 30065, 29937, 30065, 29958, 30038, 30014, 30032, 30158, 30054, 29962, 30085, 30072, 35092, 30323, 30140, 30830, 30020, 30122, 30058, 30045, 30001, 29994, 29994, 45184, 30054, 30091, 29976, 29990, 30023, 29897, 30066, 29988, 30016, 34983, 30020, 30194, 30083, 29973]}