{"avg": [0.16319446, 0.2128268, 0.20361653, 0.23773487, 0.25317055, 0.23270091, 0.22167042, 0.2741355, 0.24274883, 0.2791066, 0.22807992, 0.28093302, 0.29420963, 0.3147765, 0.2926038, 0.28576544, 0.32634374, 0.3011831, 0.30104613, 0.32814634, 0.35596737, 0.39651918, 0.32358843, 0.3744006, 0.3842955], "std": [0.09507297, 0.14114428, 0.098227255, 0.10542778, 0.08779397, 0.097622864, 0.10506074, 0.09565209, 0.088521734, 0.06923647, 0.089914076, 0.11447277, 0.11809578, 0.106437385, 0.11973562, 0.09086793, 0.116440825, 0.09233665, 0.12442143, 0.089760765, 0.090887584, 0.0752489, 0.10569425, 0.090655565, 0.09315725], "var": [0.96, 0.96, 0.94, 0.94, 0.9, 0.9, 0.88, 0.86, 0.86, 0.84, 0.84, 0.84, 0.84, 0.8, 0.76, 0.74, 0.76, 0.76, 0.76, 0.72, 0.72, 0.68, 0.66, 0.62, 0.64], "best": [0.3777778, 0.5060516, 0.40851372, 0.40845484, 0.45225888, 0.4092262, 0.40213296, 0.46027496, 0.41828573, 0.40573442, 0.4058469, 0.47205615, 0.41937006, 0.42084196, 0.47059205, 0.4079832, 0.42219087, 0.45918623, 0.4636374, 0.41830653, 0.42821205, 0.4784669, 0.43442178, 0.48161596, 0.5162281], "duration": [6024, 7587, 3726, 11115, 12325, 3637, 9292, 3772, 9375, 5631, 4163, 10312, 5443, 5311, 9318, 3742, 5604, 7265, 3710, 3363, 7360, 3786, 7470, 7294, 5490]}