{"avg": [0.30196086, 0.49243698, 0.47810853, 0.38684985, 0.41218194, 0.46527052, 0.37487808, 0.4354649, 0.4836357, 0.4725588, 0.41269842, 0.4968076, 0.44587782, 0.4763193, 0.4587797, 0.48435825, 0.47613418, 0.5197103, 0.5615874, 0.540661, 0.541845, 0.56016713, 0.52016574, 0.57047987, 0.60571605, 0.6088099, 0.6091168, 0.58951044, 0.59246224, 0.61214274, 0.61269826, 0.59640235, 0.59803367, 0.62256676, 0.60157657, 0.6274161, 0.6232037, 0.62767243, 0.6335602, 0.6371065, 0.63180465, 0.63984895, 0.63874966, 0.6490237, 0.64341366, 0.6545223, 0.6608662, 0.65561354, 0.6726522, 0.66656494], "std": [0.09665693, 0.13549148, 0.1448669, 0.14005613, 0.14785393, 0.15021864, 0.13411577, 0.15013734, 0.14418374, 0.14861195, 0.14945781, 0.14365064, 0.15249734, 0.14955814, 0.15190898, 0.15065283, 0.14994858, 0.13491453, 0.10461882, 0.1262969, 0.12447635, 0.10566244, 0.13682364, 0.099816754, 0.0076785116, 0.0075079435, 0.008966017, 0.07337927, 0.07884642, 0.009508073, 0.014072586, 0.07675959, 0.07958071, 0.012757765, 0.07822402, 0.013969357, 0.016081307, 0.016744658, 0.017700791, 0.01669194, 0.021378523, 0.02004763, 0.024015192, 0.019463275, 0.025289621, 0.022606371, 0.018653126, 0.027020779, 0.013333773, 0.025725171], "var": [0.96, 0.92, 0.88, 0.88, 0.88, 0.84, 0.8, 0.78, 0.76, 0.72, 0.68, 0.66, 0.66, 0.62, 0.6, 0.56, 0.52, 0.48, 0.46, 0.44, 0.42, 0.4, 0.36, 0.34, 0.32, 0.32, 0.32, 0.3, 0.28, 0.26, 0.26, 0.26, 0.22, 0.22, 0.18, 0.16, 0.16, 0.16, 0.16, 0.16, 0.14, 0.14, 0.12, 0.1, 0.08, 0.08, 0.08, 0.08, 0.08, 0.08], "best": [0.5666667, 0.6044819, 0.60758936, 0.60904765, 0.6101285, 0.6084069, 0.6056947, 0.60599494, 0.60341215, 0.60829175, 0.60744053, 0.6066614, 0.60787076, 0.60473895, 0.60720724, 0.60699093, 0.6074693, 0.60803914, 0.60983217, 0.6099789, 0.61188936, 0.61200064, 0.61167943, 0.61373997, 0.6160422, 0.6166605, 0.6195035, 0.62091553, 0.6218162, 0.6241306, 0.62583137, 0.6290179, 0.6307177, 0.6329072, 0.6357911, 0.6383141, 0.64238185, 0.6439961, 0.646593, 0.6499218, 0.6532815, 0.6551979, 0.65826976, 0.6606236, 0.6641326, 0.66627103, 0.6694623, 0.6735973, 0.6763503, 0.6800992], "duration": [1385, 1203, 1633, 1181, 1591, 1193, 1163, 1154, 1166, 1187, 1161, 1194, 1175, 1202, 1141, 1147, 1172, 1187, 1209, 1188, 1198, 1198, 1229, 1230, 1178, 1393, 1215, 1198, 1185, 1568, 1341, 1160, 1142, 1139, 1140, 1326, 1143, 1172, 1185, 1141, 1141, 1139, 1107, 1129, 1183, 1213, 1599, 1196, 1196, 1401]}