{"avg": [0.13796298, 0.18091632, 0.18575111, 0.18653232, 0.22646564, 0.23065528, 0.20441471, 0.24944668, 0.27576622, 0.30378872, 0.26997823, 0.31444848, 0.32347283, 0.34881973, 0.37318674, 0.36332908, 0.38300636, 0.3784072, 0.40762612, 0.4091751, 0.42827538, 0.44290957, 0.44912615, 0.45976913, 0.480262, 0.48109365, 0.46438953, 0.47904098, 0.48522612, 0.4890404, 0.48877776, 0.50061685, 0.5104832, 0.50062567, 0.5060606, 0.51716715, 0.5137683, 0.5086455, 0.5141941, 0.5216503, 0.5210579, 0.52400583, 0.52199465, 0.5310049, 0.5291042, 0.52685404, 0.5339359, 0.5337854, 0.52152866, 0.53229284], "std": [0.08847803, 0.10808065, 0.09652706, 0.08910215, 0.0664036, 0.071448356, 0.06248246, 0.066261634, 0.060209423, 0.053241, 0.065127954, 0.063153476, 0.07283087, 0.07344779, 0.05205, 0.06440165, 0.057307396, 0.0684239, 0.038388215, 0.053830262, 0.045864515, 0.02648471, 0.005287352, 0.016840268, 0.026427459, 0.02509312, 0.020819822, 0.018109689, 0.013857997, 0.014315443, 0.005578841, 0.020877704, 0.023406954, 5.9604645e-08, 0.028458336, 0.024294004, 0.014803843, 0.035986613, 5.9604645e-08, 0.01597111, 0.03179313, 0.014307753, 5.9604645e-08, 0.03494067, 0.014307736, 0.0, 0.016666656, 0.014803846, 0.04221911, 0.0], "var": [1.0, 1.0, 1.0, 0.96, 0.92, 0.92, 0.84, 0.76, 0.68, 0.6, 0.64, 0.56, 0.52, 0.48, 0.4, 0.32, 0.28, 0.2, 0.2, 0.2, 0.16, 0.16, 0.16, 0.16, 0.16, 0.16, 0.12, 0.12, 0.12, 0.08, 0.04, 0.04, 0.04, 0.04, 0.04, 0.04, 0.04, 0.04, 0.04, 0.04, 0.04, 0.04, 0.04, 0.04, 0.04, 0.04, 0.04, 0.04, 0.04, 0.04], "best": [0.32222223, 0.36785716, 0.31428573, 0.3261905, 0.32904762, 0.38779, 0.33601192, 0.33783644, 0.34438455, 0.35423064, 0.36711854, 0.36866152, 0.37777779, 0.44219577, 0.43769225, 0.40177995, 0.4091977, 0.4170156, 0.47333983, 0.487036, 0.4873016, 0.50070983, 0.45185184, 0.51285255, 0.5179647, 0.52296364, 0.47349072, 0.5334337, 0.5370779, 0.541623, 0.49021822, 0.5498233, 0.55321836, 0.5006257, 0.5593939, 0.56240517, 0.56505036, 0.56737566, 0.51419413, 0.5721555, 0.57383573, 0.5755931, 0.5219947, 0.57915306, 0.5806914, 0.52685404, 0.58393586, 0.58506733, 0.58648586, 0.53229284], "duration": [5129, 7212, 11855, 11770, 10163, 12236, 7292, 11910, 15008, 18089, 11138, 15536, 14938, 14843, 15501, 15003, 14985, 14850, 15809, 14964, 15445, 17796, 15913, 14949, 14952, 19955, 14999, 15014, 16332, 17528, 17367, 14869, 17481, 14958, 19384, 14961, 15403, 17859, 16804, 14910, 14944, 22353, 16159, 15207, 14974, 14859, 14948, 15113, 14967, 15199]}