{"avg": [0.1520468, 0.16712153, 0.17318748, 0.18477839, 0.16441578, 0.15508777, 0.21690479, 0.18607953, 0.20594537, 0.23445655, 0.2101612, 0.23800315, 0.22446056, 0.24918017, 0.23539059, 0.23507036, 0.2774056, 0.28140205, 0.27047655, 0.27869886, 0.29425374, 0.34144768, 0.30312398, 0.2449968, 0.25464973, 0.31782934, 0.30635828, 0.3438091, 0.28324994, 0.37818494, 0.3309643, 0.33485612, 0.38486397, 0.28137532, 0.35751674, 0.32499748, 0.28983706, 0.34829643, 0.32426056, 0.33274713, 0.35890415, 0.36709958, 0.34251377, 0.35762224, 0.3849583, 0.3403664, 0.3485545, 0.39741904, 0.38061574, 0.4106157], "std": [0.09544892, 0.12250575, 0.13639182, 0.1395813, 0.16213846, 0.12817472, 0.16137813, 0.0899172, 0.11840078, 0.13496655, 0.13523059, 0.13875236, 0.08908525, 0.102372184, 0.13175778, 0.098501615, 0.11431943, 0.10500707, 0.13085859, 0.12347285, 0.11134829, 0.07279631, 0.105538435, 0.15682214, 0.15233, 0.08346272, 0.11234428, 0.08249011, 0.10427856, 0.04120123, 0.079516284, 0.07931772, 0.042884283, 0.07457639, 0.07622069, 0.07621908, 0.10469536, 0.06750973, 0.07762352, 0.08670137, 0.08551284, 0.08081624, 0.085617796, 0.066838756, 0.06428771, 0.08611844, 0.09053191, 0.064649805, 0.05904977, 0.048400626], "var": [0.96, 0.94, 0.92, 0.92, 0.92, 0.9, 0.86, 0.86, 0.82, 0.8, 0.8, 0.76, 0.76, 0.78, 0.78, 0.74, 0.72, 0.72, 0.72, 0.74, 0.72, 0.72, 0.72, 0.7, 0.66, 0.7, 0.7, 0.7, 0.66, 0.64, 0.62, 0.58, 0.56, 0.56, 0.56, 0.56, 0.54, 0.52, 0.5, 0.5, 0.48, 0.5, 0.48, 0.5, 0.46, 0.48, 0.46, 0.44, 0.44, 0.44], "best": [0.31111112, 0.38187137, 0.38451314, 0.37891588, 0.38316083, 0.38662413, 0.3910318, 0.34744117, 0.37179774, 0.38931292, 0.3900941, 0.38725778, 0.38818794, 0.38868678, 0.39220974, 0.38333338, 0.4010765, 0.3929952, 0.3933899, 0.39503133, 0.39523813, 0.39990258, 0.4023698, 0.4038825, 0.40428492, 0.4085913, 0.40294516, 0.41050488, 0.411556, 0.4105958, 0.41072768, 0.4137728, 0.41303658, 0.41220585, 0.41632318, 0.41904765, 0.42238128, 0.42482707, 0.42662644, 0.42833918, 0.42997456, 0.4318199, 0.43358988, 0.43650797, 0.4394972, 0.44162312, 0.44308963, 0.4447924, 0.44731015, 0.44894534], "duration": [6277, 4182, 5818, 6029, 3935, 4387, 5877, 4288, 5902, 3940, 5045, 4049, 4104, 4143, 6400, 8009, 2471, 4058, 6015, 6714, 5984, 2311, 6043, 5833, 6010, 4214, 4170, 6009, 7716, 5980, 7838, 2310, 4048, 2435, 2263, 2325, 2452, 2386, 2327, 2530, 2098, 2353, 2099, 2116, 2278, 2465, 2144, 2222, 2223, 2189]}