{"avg": [0.19523811, 0.18784726, 0.18047619, 0.2166336, 0.24343333, 0.24603176, 0.2461248, 0.23703581, 0.26016593, 0.2658461, 0.2640689, 0.25404316, 0.24169023, 0.26554078, 0.28617498, 0.2741729, 0.29211447, 0.29102585, 0.2905736, 0.30492455, 0.28321248, 0.34255943, 0.31282166, 0.32526913, 0.3478944, 0.32064185, 0.35653064, 0.3308143, 0.36654428, 0.36736596, 0.35933545, 0.3663488, 0.3753278, 0.3970478, 0.3735811, 0.382156, 0.3928578, 0.3759058, 0.40483418, 0.40969807, 0.41759893, 0.41779828, 0.39873302, 0.41082647, 0.4262823, 0.42647254, 0.44293377, 0.44296512, 0.43608505, 0.46726424, 0.45820552, 0.46554002, 0.45133063, 0.487721, 0.48348394, 0.45423022, 0.47637632, 0.47298414, 0.47992286, 0.50285345, 0.49543145, 0.49720192, 0.50314504, 0.533715, 0.5201466, 0.51527095, 0.5171902, 0.5196738, 0.54380894, 0.53197, 0.53987753, 0.5588883, 0.5568725, 0.5717854, 0.5652929, 0.5750923, 0.58654255, 0.60919684, 0.57219094, 0.57981455, 0.613196, 0.6266079, 0.6125104, 0.6229601, 0.636005, 0.6380856, 0.6364918, 0.6283375, 0.6455021, 0.63260967, 0.6560356, 0.6631396, 0.65372443, 0.66012377, 0.6774678, 0.69382924, 0.67287695, 0.6597289, 0.6878671, 0.6949483, 0.70251745, 0.69493645, 0.68780196, 0.70638037, 0.7048706, 0.70610386, 0.7091529, 0.72191757, 0.72355396, 0.7250785, 0.732243, 0.7272457, 0.7344722, 0.73037136, 0.7257062, 0.7317133, 0.73371303, 0.73489887, 0.7356844, 0.7371379, 0.7439856, 0.74483496, 0.74608904, 0.7471844, 0.74832815, 0.7383893, 0.74489844, 0.75141615, 0.7465629, 0.7467064, 0.7541884, 0.755093, 0.7504953, 0.75112736, 0.75787866, 0.75281715, 0.7595586, 0.760496, 0.76120275, 0.7622737, 0.7631686, 0.7585393, 0.7649575, 0.7657615, 0.76645577, 0.7604507, 0.7679044, 0.76861966, 0.769326, 0.77016103], "std": [0.08448561, 0.09961797, 0.06811836, 0.07934347, 0.09244078, 0.07869719, 0.06371651, 0.069158636, 0.09184396, 0.05777668, 0.07547039, 0.077497154, 0.06233065, 0.06527805, 0.09367903, 0.10496151, 0.089580454, 0.070302024, 0.08269204, 0.08516913, 0.07651707, 0.04944999, 0.07500623, 0.10313733, 0.05072699, 0.08051112, 0.07951081, 0.07596811, 0.0758929, 0.0683794, 0.072257906, 0.07313817, 0.06654694, 0.06398517, 0.084070005, 0.053532615, 0.05258552, 0.082610525, 0.054568183, 0.048993755, 0.05738237, 0.06657278, 0.061219964, 0.07090732, 0.06572029, 0.056800846, 0.063269764, 0.056509998, 0.054956008, 0.04440011, 0.0462613, 0.04480898, 0.07279609, 0.066395044, 0.059337396, 0.06296816, 0.07372937, 0.052891232, 0.063279524, 0.057274166, 0.076038755, 0.06365648, 0.043160826, 0.037061628, 0.06373045, 0.06491863, 0.0552377, 0.06956707, 0.07004597, 0.06987587, 0.059454232, 0.07880343, 0.05148353, 0.06198264, 0.05932957, 0.04281454, 0.07004899, 0.04868587, 0.060676396, 0.06955745, 0.07004933, 0.04133566, 0.061641347, 0.062163737, 0.0677047, 0.042435136, 0.041293878, 0.080057874, 0.056101657, 0.066340834, 0.059854265, 0.058275227, 0.058244154, 0.043877754, 0.042007416, 0.03434514, 0.043807875, 0.058740802, 0.040893137, 0.03824503, 0.034786973, 0.040040903, 0.043640565, 0.03466, 0.037628375, 0.03767363, 0.035681464, 0.023005582, 0.02232362, 0.022919118, 5.9604645e-08, 0.022460002, 5.9604645e-08, 0.02127012, 0.029957777, 0.02447254, 0.02200242, 0.022042243, 0.022754807, 0.022117049, 5.9604645e-08, 0.0, 1.1920929e-07, 1.1920929e-07, 5.9604645e-08, 0.029757375, 0.021761628, 5.9604645e-08, 0.022459889, 0.023930557, 1.1920929e-07, 1.1920929e-07, 0.021957299, 0.022621611, 0.0, 0.022682354, 5.9604645e-08, 1.1920929e-07, 5.9604645e-08, 0.0, 1.1920929e-07, 0.022247195, 1.1920929e-07, 1.1920929e-07, 1.1920929e-07, 0.024474554, 1.1920929e-07, 1.1920929e-07, 1.1920929e-07, 1.1920929e-07], "var": [1.0, 0.96, 0.94, 0.9, 0.9, 0.88, 0.84, 0.84, 0.82, 0.8, 0.78, 0.76, 0.78, 0.76, 0.72, 0.7, 0.7, 0.66, 0.64, 0.66, 0.62, 0.64, 0.66, 0.66, 0.7, 0.68, 0.7, 0.7, 0.68, 0.66, 0.64, 0.62, 0.6, 0.6, 0.56, 0.56, 0.54, 0.5, 0.48, 0.48, 0.46, 0.48, 0.44, 0.46, 0.48, 0.48, 0.48, 0.5, 0.48, 0.46, 0.44, 0.44, 0.42, 0.42, 0.4, 0.4, 0.4, 0.36, 0.34, 0.3, 0.28, 0.28, 0.26, 0.26, 0.26, 0.26, 0.22, 0.2, 0.18, 0.16, 0.16, 0.12, 0.12, 0.12, 0.12, 0.12, 0.12, 0.12, 0.12, 0.12, 0.12, 0.12, 0.12, 0.1, 0.08, 0.08, 0.08, 0.06, 0.06, 0.06, 0.06, 0.06, 0.06, 0.08, 0.08, 0.08, 0.08, 0.06, 0.06, 0.06, 0.06, 0.06, 0.06, 0.06, 0.06, 0.06, 0.06, 0.06, 0.06, 0.06, 0.06, 0.06, 0.06, 0.06, 0.06, 0.04, 0.04, 0.04, 0.04, 0.04, 0.04, 0.04, 0.04, 0.04, 0.04, 0.04, 0.04, 0.04, 0.04, 0.04, 0.04, 0.04, 0.04, 0.04, 0.04, 0.04, 0.04, 0.04, 0.04, 0.04, 0.04, 0.04, 0.04, 0.04, 0.04, 0.04, 0.04, 0.04, 0.04, 0.04], "best": [0.2888889, 0.3725624, 0.30793652, 0.3746032, 0.3809264, 0.38380957, 0.3864295, 0.31786466, 0.38814732, 0.38947132, 0.4194834, 0.38432544, 0.3136142, 0.3727258, 0.44143456, 0.42067692, 0.40868428, 0.42089236, 0.42167392, 0.42523322, 0.41845307, 0.42591286, 0.41881076, 0.44614512, 0.44763196, 0.5167535, 0.5174485, 0.51883876, 0.5197974, 0.5117651, 0.4383279, 0.5250953, 0.5266481, 0.5279088, 0.52977467, 0.5219416, 0.5321805, 0.53388727, 0.5350681, 0.5365784, 0.53814363, 0.5400831, 0.54245853, 0.54368263, 0.5447198, 0.545597, 0.546842, 0.54813373, 0.54945856, 0.55026454, 0.5515873, 0.5526781, 0.553351, 0.6430303, 0.5560941, 0.5574136, 0.64683634, 0.5593565, 0.56021714, 0.64994216, 0.6511407, 0.56401557, 0.56573004, 0.5666424, 0.5682986, 0.6585092, 0.5711985, 0.66118866, 0.66228026, 0.6641995, 0.66528, 0.6668627, 0.66883016, 0.67053664, 0.6721576, 0.67418706, 0.676149, 0.6780467, 0.6799906, 0.6815904, 0.6835202, 0.6850653, 0.6867245, 0.6886622, 0.6908377, 0.69286907, 0.6948902, 0.6970942, 0.6984634, 0.7003584, 0.7018237, 0.70331955, 0.70502645, 0.7066632, 0.7084925, 0.7103281, 0.71205974, 0.713892, 0.7154373, 0.7170291, 0.7186036, 0.72026056, 0.72157604, 0.72303057, 0.7245003, 0.7257576, 0.7269937, 0.7282982, 0.72952026, 0.7308084, 0.73224294, 0.73324835, 0.73447216, 0.7356887, 0.7370293, 0.73825395, 0.73939395, 0.7405902, 0.74176574, 0.74284863, 0.74398553, 0.74483496, 0.74608916, 0.7471843, 0.7483281, 0.74925506, 0.7503389, 0.7514161, 0.75236195, 0.7533435, 0.7541883, 0.7550931, 0.75598466, 0.7569682, 0.75787866, 0.7586738, 0.75955856, 0.7604959, 0.7612027, 0.7622737, 0.7631687, 0.76410127, 0.7649576, 0.7657616, 0.7664559, 0.7672388, 0.7679045, 0.7686198, 0.76932585, 0.77016115], "duration": [7551, 5178, 5092, 7758, 7491, 8106, 3978, 3523, 7483, 5564, 7585, 5040, 7964, 5930, 10277, 5477, 10255, 6263, 3404, 9471, 5770, 5389, 9345, 10119, 7545, 6703, 11042, 7840, 5982, 11299, 11145, 12132, 12558, 11206, 8005, 11369, 11887, 13320, 13133, 11434, 9734, 10305, 7379, 9374, 9428, 11127, 9337, 7583, 9464, 9587, 8202, 7459, 7681, 11052, 9443, 7819, 10311, 7644, 5612, 9445, 7749, 5966, 4681, 4147, 3428, 5877, 4827, 7413, 5822, 4026, 3519, 5578, 3006, 2778, 2847, 2869, 2970, 2812, 2717, 3496, 3774, 3046, 3045, 3258, 2962, 2943, 2971, 2898, 2971, 2895, 3591, 3562, 3360, 4125, 3944, 3838, 3856, 4748, 3336, 3052, 3696, 4150, 4126, 4090, 4180, 4312, 3841, 3620, 3437, 4253, 3170, 4044, 4069, 3774, 3810, 3816, 3861, 3953, 3930, 4064, 4250, 3935, 3758, 3787, 4102, 4183, 3717, 3605, 4005, 3260, 3609, 3843, 3760, 3845, 3541, 3403, 4016, 3843, 4931, 4431, 3941, 2898, 3707, 3380, 3411, 3501, 3415, 3005, 3658, 3133]}