{"avg": [0.34166673, 0.4174195, 0.45923045, 0.4120598, 0.4206802, 0.42007473, 0.48559892, 0.49012908, 0.47960934, 0.52841663, 0.47646427, 0.4865453, 0.530664, 0.5498513, 0.526446, 0.56956667, 0.5729271, 0.57153934, 0.54517365, 0.54795796, 0.5827994, 0.5538453, 0.568375, 0.54502213, 0.601854, 0.517547, 0.6119276, 0.6161662, 0.6355175, 0.6246559, 0.61296034, 0.60481924, 0.60117453, 0.6531588, 0.62859344, 0.65389127, 0.6226151, 0.6402143, 0.6402716, 0.65798277, 0.67729515, 0.67831314, 0.6824951, 0.6728374, 0.67927915, 0.6854245, 0.6862192, 0.70010155, 0.70220506, 0.70572734], "std": [0.12990384, 0.15146545, 0.15425453, 0.15769754, 0.14985391, 0.15223299, 0.1451121, 0.15039603, 0.14799005, 0.1364285, 0.15478879, 0.14827296, 0.13736732, 0.12460685, 0.13440101, 0.10407948, 0.10738536, 0.10710147, 0.13089702, 0.13168582, 0.104730524, 0.13571039, 0.12550096, 0.14468215, 0.08440649, 0.15704685, 0.08027052, 0.08358288, 0.014223566, 0.08470556, 0.09204571, 0.116041474, 0.120275624, 0.011637095, 0.092705674, 0.020673504, 0.11209222, 0.0907162, 0.098117106, 0.026270876, 0.008890924, 0.012794296, 0.010749695, 0.0282129, 0.02663852, 0.023532448, 0.028320298, 0.0014208646, 0.0026268733, 0.0020818769], "var": [0.96, 0.94, 0.9, 0.88, 0.86, 0.82, 0.78, 0.76, 0.74, 0.7, 0.68, 0.66, 0.64, 0.6, 0.6, 0.62, 0.6, 0.6, 0.6, 0.58, 0.54, 0.54, 0.52, 0.52, 0.5, 0.48, 0.46, 0.44, 0.44, 0.42, 0.4, 0.36, 0.38, 0.36, 0.34, 0.3, 0.28, 0.26, 0.24, 0.22, 0.22, 0.2, 0.16, 0.16, 0.16, 0.14, 0.12, 0.12, 0.12, 0.12], "best": [0.5666667, 0.61726195, 0.6236653, 0.62767863, 0.633259, 0.6301588, 0.6274053, 0.625564, 0.6287546, 0.6257079, 0.6285134, 0.6221777, 0.62987244, 0.63106585, 0.62724406, 0.6307163, 0.6313585, 0.63314223, 0.6334976, 0.63496244, 0.637137, 0.6395616, 0.6409122, 0.6435357, 0.6450909, 0.64524406, 0.64624065, 0.64854956, 0.65410876, 0.65300167, 0.6568484, 0.6582308, 0.66273534, 0.6645503, 0.6674994, 0.6681105, 0.6714942, 0.6739683, 0.67611307, 0.67814374, 0.680084, 0.68366116, 0.6867327, 0.6899403, 0.6922048, 0.6950083, 0.6981967, 0.7010002, 0.7041196, 0.7074692], "duration": [1221, 1183, 1160, 1133, 1344, 1170, 1388, 1182, 1104, 1111, 1113, 1107, 1142, 1326, 1347, 1215, 1233, 1401, 1184, 1411, 1379, 1316, 1677, 1187, 1176, 1175, 1378, 1167, 1171, 1189, 1188, 1384, 1200, 1355, 1166, 1125, 1408, 1175, 1182, 1363, 1206, 1185, 1446, 1200, 1191, 1179, 1230, 1214, 1690, 1383]}