{"avg": [0.41666672, 0.4504095, 0.45059526, 0.43878102, 0.4388262, 0.45114282, 0.43942392, 0.43970612, 0.4339893, 0.42200854, 0.409819, 0.40380532, 0.40394133, 0.39812672, 0.39220142, 0.39209408, 0.3800654, 0.36817038, 0.368328, 0.3686301, 0.36862808, 0.35679913, 0.35110474, 0.34496278, 0.3449512, 0.3511932, 0.3575264, 0.35728535, 0.36918133, 0.36320165, 0.3573181, 0.35734046, 0.35751697, 0.35177436, 0.3519196, 0.3520876, 0.34642968, 0.3526088, 0.34635487, 0.34641755, 0.34631076, 0.340279, 0.34048617, 0.3405677, 0.3463704, 0.34617448, 0.35217622, 0.3520835, 0.3581615, 0.35226825], "std": [0.15000004, 0.15113336, 0.15146984, 0.1516839, 0.15153915, 0.15174343, 0.15214598, 0.15221313, 0.15225415, 0.15090895, 0.14816375, 0.1463384, 0.1462261, 0.14445342, 0.14230192, 0.14207944, 0.13668664, 0.12988548, 0.12971711, 0.129482, 0.12942721, 0.121480785, 0.116739675, 0.11136237, 0.11130609, 0.1166465, 0.12141061, 0.1215377, 0.1295481, 0.12562989, 0.12115211, 0.12113968, 0.121047854, 0.11610516, 0.116043285, 0.11597576, 0.11082268, 0.11599722, 0.11060375, 0.11032789, 0.11040711, 0.10464203, 0.10467967, 0.104290985, 0.11035759, 0.110510655, 0.11595041, 0.11609748, 0.12084888, 0.11627473], "var": [1.0, 1.0, 0.96, 0.94, 0.92, 0.9, 0.9, 0.86, 0.88, 0.88, 0.86, 0.86, 0.86, 0.84, 0.82, 0.82, 0.78, 0.8, 0.8, 0.82, 0.8, 0.78, 0.78, 0.76, 0.76, 0.76, 0.76, 0.78, 0.8, 0.76, 0.74, 0.72, 0.72, 0.74, 0.78, 0.78, 0.78, 0.78, 0.78, 0.74, 0.74, 0.7, 0.68, 0.68, 0.72, 0.7, 0.72, 0.72, 0.68, 0.68], "best": [0.5666667, 0.6019048, 0.602381, 0.60285723, 0.6045239, 0.6051429, 0.60531753, 0.6054422, 0.60625005, 0.60788363, 0.6091905, 0.6096537, 0.6096429, 0.60959715, 0.6095239, 0.60946035, 0.60904765, 0.6085995, 0.6081747, 0.6077945, 0.60747623, 0.6071883, 0.60681826, 0.6065011, 0.6061707, 0.60584766, 0.60564107, 0.60553795, 0.6053912, 0.605271, 0.60506356, 0.6047466, 0.60447925, 0.6042136, 0.60403365, 0.6038776, 0.6038228, 0.6038739, 0.6038346, 0.6037241, 0.6035953, 0.60354245, 0.60349214, 0.6000001, 0.6001299, 0.6004022, 0.60067296, 0.60104364, 0.60141873, 0.6017591], "duration": [3062, 3005, 3006, 3028, 3022, 3021, 3011, 3011, 3018, 3046, 3007, 2992, 2993, 3011, 3010, 2998, 3521, 3013, 3288, 3007, 3010, 3161, 3011, 3006, 3014, 3020, 3013, 3009, 3012, 3006, 3011, 3009, 3024, 3005, 3009, 3017, 3011, 3013, 3016, 2999, 3020, 3011, 3027, 3004, 2987, 2983, 3005, 3025, 3002, 3004]}