{"avg": [0.14920637, 0.20355019, 0.16641867, 0.18212102, 0.2039568, 0.21671489, 0.2037546, 0.21484768, 0.2638563, 0.21149239, 0.23107854, 0.21950181, 0.20985502, 0.2038727, 0.20291917, 0.24637938, 0.26197326, 0.2622906, 0.25860032, 0.27257967, 0.2745943, 0.27144158, 0.31070864, 0.30032384, 0.30147904, 0.36439744, 0.3496568, 0.34690794, 0.3449815, 0.36189023, 0.3514467, 0.35140923, 0.3504678, 0.352367, 0.3747988, 0.37240812, 0.39076096, 0.3765949, 0.4283866, 0.44171813, 0.4262846, 0.42859426, 0.44240487, 0.4297743, 0.3983771, 0.42276147, 0.46317023, 0.45008445, 0.45252958, 0.471255], "std": [0.045949575, 0.049279656, 0.085915096, 0.11275026, 0.07382773, 0.09247514, 0.06843777, 0.08484178, 0.072348505, 0.060266588, 0.052365776, 0.09024238, 0.09075733, 0.070789784, 0.06639114, 0.054944076, 0.08899131, 0.08364924, 0.054236576, 0.10762614, 0.09949706, 0.08963764, 0.087024026, 0.07713669, 0.0867034, 0.06849604, 0.07798047, 0.10768918, 0.07346384, 0.07409598, 0.087062255, 0.103486955, 0.10529342, 0.084668875, 0.089530416, 0.09132563, 0.093847014, 0.0953992, 0.08250089, 0.06949714, 0.06756792, 0.070326984, 0.054700263, 0.07278246, 0.094808914, 0.068380676, 0.020700576, 0.058367673, 0.061612673, 0.020585906], "var": [0.96, 0.94, 0.9, 0.9, 0.9, 0.88, 0.84, 0.82, 0.78, 0.76, 0.78, 0.76, 0.72, 0.72, 0.7, 0.7, 0.66, 0.66, 0.64, 0.62, 0.58, 0.6, 0.58, 0.54, 0.54, 0.54, 0.58, 0.56, 0.54, 0.56, 0.56, 0.56, 0.54, 0.5, 0.48, 0.46, 0.42, 0.38, 0.38, 0.38, 0.38, 0.34, 0.34, 0.32, 0.3, 0.32, 0.3, 0.26, 0.26, 0.24], "best": [0.1888889, 0.29648528, 0.4007937, 0.40521052, 0.40705183, 0.4104396, 0.3114057, 0.41111115, 0.41284612, 0.3134921, 0.31534064, 0.41295704, 0.40417802, 0.3181853, 0.31228587, 0.3237177, 0.41391227, 0.41446212, 0.4076646, 0.4168539, 0.41284963, 0.41915762, 0.4197506, 0.4218189, 0.41870043, 0.42665, 0.42799112, 0.42850485, 0.43000862, 0.43110284, 0.4304702, 0.50736195, 0.5093282, 0.4366581, 0.512315, 0.5131061, 0.5152697, 0.43882576, 0.5182312, 0.52043355, 0.5225509, 0.52463675, 0.52611303, 0.52822423, 0.5296835, 0.46299085, 0.53227514, 0.5344995, 0.5363627, 0.5375868], "duration": [2012, 1968, 1941, 1971, 2017, 2634, 2005, 2084, 2051, 3959, 3936, 2154, 7742, 4293, 4337, 1972, 2044, 4402, 6319, 2044, 1993, 6221, 2606, 2657, 2024, 7756, 3998, 1968, 3914, 5859, 2658, 5880, 4053, 3913, 3867, 3946, 5802, 1953, 5850, 7859, 3899, 6142, 3895, 3877, 3899, 2287, 3936, 6489, 3889, 3896]}