{"avg": [0.14920637, 0.15714957, 0.20154291, 0.18826088, 0.201493, 0.20087405, 0.21371852, 0.23071933, 0.22596931, 0.25109777, 0.20709132, 0.25700763, 0.28850612, 0.26949853, 0.26792532, 0.2386797, 0.32148546, 0.28983974, 0.3112626, 0.31118286, 0.36525863, 0.32470006, 0.34075195, 0.34547445, 0.35979176, 0.31745625, 0.3506845, 0.41581187, 0.38446635, 0.3970299, 0.3911503, 0.3788076, 0.44256246, 0.43916082, 0.41553742, 0.46596947, 0.4312169, 0.42375106, 0.50135565, 0.5001749, 0.48685566, 0.49549803, 0.49496403, 0.4939913, 0.54170924, 0.5168817, 0.54312634, 0.5489422, 0.52828115, 0.5526673], "std": [0.045949575, 0.08025472, 0.085747376, 0.084974244, 0.10172554, 0.06870403, 0.118948996, 0.11668766, 0.1075384, 0.08395744, 0.14132148, 0.124214984, 0.10015109, 0.115222976, 0.10315958, 0.08228849, 0.100726545, 0.108414195, 0.11248805, 0.1348176, 0.10455134, 0.119264856, 0.107597806, 0.1186066, 0.11447977, 0.13907029, 0.122436546, 0.07103104, 0.116943054, 0.0707238, 0.11357722, 0.11632688, 0.08213961, 0.10450001, 0.107864894, 0.08296413, 0.11921423, 0.104006015, 0.06208384, 0.08326043, 0.09958323, 0.077450424, 0.08111987, 0.09360964, 0.040541697, 0.066990145, 0.048784308, 0.04083671, 0.08297945, 0.04413636], "var": [0.96, 0.98, 0.94, 0.92, 0.92, 0.9, 0.9, 0.88, 0.84, 0.82, 0.78, 0.78, 0.76, 0.76, 0.74, 0.74, 0.72, 0.72, 0.72, 0.74, 0.76, 0.78, 0.76, 0.72, 0.74, 0.72, 0.68, 0.66, 0.68, 0.68, 0.7, 0.72, 0.7, 0.66, 0.62, 0.62, 0.62, 0.6, 0.56, 0.58, 0.58, 0.58, 0.56, 0.52, 0.48, 0.48, 0.46, 0.46, 0.46, 0.42], "best": [0.1888889, 0.29818594, 0.40312344, 0.40572813, 0.41017437, 0.40127814, 0.4127157, 0.41944447, 0.4212985, 0.42332646, 0.5028448, 0.50384295, 0.42861438, 0.5070707, 0.51417446, 0.40531406, 0.5089625, 0.5114686, 0.5195767, 0.52219534, 0.5221198, 0.52805865, 0.53053224, 0.5217095, 0.5355488, 0.53821737, 0.53985894, 0.54394823, 0.5471132, 0.5315728, 0.5482478, 0.5427873, 0.5480078, 0.55756724, 0.56131524, 0.5612875, 0.56648684, 0.56712615, 0.5708181, 0.5771142, 0.5770669, 0.5836423, 0.5833664, 0.5903688, 0.5927664, 0.59058523, 0.5950716, 0.6017719, 0.6007067, 0.6071273], "duration": [2077, 2066, 3999, 5941, 5987, 5940, 2108, 3994, 4032, 6007, 3916, 2053, 1950, 2017, 3896, 4260, 1952, 6202, 2035, 4025, 2478, 1954, 3943, 2306, 1967, 2065, 2017, 2033, 2021, 2034, 1965, 3611, 2010, 2984, 1977, 2080, 2061, 2005, 1980, 1964, 2270, 1977, 2018, 2008, 1928, 2069, 1940, 2597, 1965, 1992]}