{"avg": [0.37916672, 0.41596514, 0.40595242, 0.4594432, 0.48027816, 0.40984127, 0.45011213, 0.49795324, 0.50383544, 0.4508908, 0.49109724, 0.46710074, 0.47294095, 0.4023962, 0.45924342, 0.5095775, 0.48220262, 0.49394047, 0.48299503, 0.52371645, 0.54594433, 0.49465376, 0.49908242, 0.5122225, 0.47868675, 0.5402523, 0.47827685, 0.5253129, 0.5162841, 0.5241315, 0.51526505, 0.56395364, 0.5634278, 0.5505377, 0.5239715, 0.5602222, 0.5802559, 0.5333326, 0.5864365, 0.5647814, 0.60242814, 0.57003736, 0.5857088, 0.605881, 0.5887527, 0.5899395, 0.6076295, 0.5710968, 0.55050564, 0.6109526], "std": [0.1452369, 0.14754549, 0.14572982, 0.15074463, 0.1470946, 0.14808527, 0.1517119, 0.14163251, 0.13816865, 0.1520237, 0.1419211, 0.14938158, 0.15072899, 0.1473906, 0.1511315, 0.1351211, 0.14796934, 0.1431968, 0.14622678, 0.12844056, 0.115213044, 0.1441549, 0.14203395, 0.13734756, 0.14897333, 0.11959439, 0.15048751, 0.13023959, 0.13550681, 0.13331139, 0.13966689, 0.09722153, 0.10065513, 0.115445256, 0.13319892, 0.10398633, 0.07985211, 0.12903354, 0.07309472, 0.10261333, 0.0061221067, 0.09830611, 0.07304625, 0.0072209123, 0.07323991, 0.07274638, 0.0077880877, 0.10230629, 0.124925494, 0.0043484285], "var": [0.99, 0.97, 0.95, 0.93, 0.91, 0.9, 0.89, 0.88, 0.87, 0.86, 0.85, 0.83, 0.83, 0.81, 0.8, 0.8, 0.8, 0.81, 0.79, 0.79, 0.77, 0.76, 0.74, 0.74, 0.73, 0.73, 0.72, 0.72, 0.71, 0.71, 0.69, 0.68, 0.67, 0.66, 0.64, 0.64, 0.62, 0.6, 0.6, 0.59, 0.58, 0.57, 0.56, 0.56, 0.54, 0.54, 0.54, 0.54, 0.52, 0.53], "best": [0.5666667, 0.59196436, 0.5992064, 0.5979167, 0.60126495, 0.59553576, 0.5987469, 0.5990393, 0.6016484, 0.60375774, 0.59831595, 0.5978023, 0.60256046, 0.60471743, 0.6061108, 0.6061279, 0.6064968, 0.6063493, 0.60277784, 0.59988064, 0.6084043, 0.6009013, 0.6083334, 0.6056333, 0.6022051, 0.6030549, 0.6082793, 0.60856736, 0.60591483, 0.6083091, 0.60736877, 0.60542536, 0.6078721, 0.61075056, 0.6101181, 0.60930705, 0.61185783, 0.6116445, 0.61227685, 0.6130174, 0.6111725, 0.614079, 0.6150582, 0.6157616, 0.61710197, 0.618129, 0.6189866, 0.6158112, 0.61741936, 0.6178759], "duration": [1108, 1081, 1084, 1077, 1079, 1115, 1269, 1090, 1095, 1089, 1088, 1092, 1092, 1265, 1082, 1086, 1086, 1080, 1310, 1080, 1083, 1077, 1084, 1123, 1303, 1128, 1445, 1098, 1087, 1098, 1078, 1083, 1086, 1265, 1091, 1091, 1088, 1081, 1097, 1089, 1102, 1093, 1097, 1092, 1089, 1101, 1089, 1092, 1086, 1101]}