{"avg": [0.4729167, 0.5052828, 0.38864404, 0.43503967, 0.49266818, 0.41941035, 0.5335303, 0.51285964, 0.52111405, 0.56287897, 0.5503209, 0.5479651, 0.5520696, 0.54255027, 0.52766633, 0.5645998, 0.5786826, 0.54799134, 0.5470888, 0.5956103, 0.59884447, 0.5774247, 0.6160801, 0.5855366, 0.61856496, 0.6302923, 0.6062428, 0.60698795, 0.6297761, 0.6208868, 0.6332097, 0.6426414, 0.6439199, 0.6432795, 0.64298004, 0.6518772, 0.6285085, 0.65573573, 0.64182913, 0.66700953, 0.6658785, 0.66763604, 0.66893524, 0.6837364, 0.6809694, 0.69425565, 0.687444, 0.6952141, 0.70272624, 0.70174587], "std": [0.13905373, 0.1451182, 0.14461286, 0.15178566, 0.14397581, 0.14936589, 0.12769195, 0.13774572, 0.13132234, 0.10181438, 0.12013252, 0.121889435, 0.12242094, 0.13142754, 0.1382482, 0.10848001, 0.100195825, 0.12956677, 0.13158782, 0.081113726, 0.08565343, 0.11837477, 0.014885053, 0.1064577, 0.015575643, 0.018577816, 0.08601087, 0.085886665, 0.01808958, 0.09146886, 0.02394395, 0.021244977, 0.019634487, 0.020496314, 0.02333766, 0.020124925, 0.094407886, 0.025120696, 0.088074304, 0.021143353, 0.025946718, 0.02463986, 0.031673845, 0.02349428, 0.023430936, 0.010966757, 0.0295223, 0.026499424, 0.019610617, 0.027284069], "var": [0.98, 0.96, 0.96, 0.96, 0.96, 0.96, 0.96, 0.96, 0.94, 0.94, 0.9, 0.9, 0.86, 0.86, 0.84, 0.8, 0.8, 0.78, 0.8, 0.8, 0.82, 0.8, 0.78, 0.78, 0.78, 0.82, 0.8, 0.76, 0.76, 0.72, 0.7, 0.68, 0.66, 0.66, 0.62, 0.58, 0.56, 0.56, 0.54, 0.52, 0.48, 0.44, 0.42, 0.4, 0.4, 0.38, 0.34, 0.32, 0.32, 0.3], "best": [0.5666667, 0.62470245, 0.6202381, 0.60882944, 0.6086168, 0.60573876, 0.60852134, 0.6114461, 0.61370504, 0.61394316, 0.6178188, 0.62065345, 0.62378424, 0.6270616, 0.6149381, 0.62431616, 0.6298096, 0.6319652, 0.63371366, 0.6357301, 0.63929707, 0.64197963, 0.6447896, 0.6458779, 0.64533895, 0.6489123, 0.6486644, 0.6545486, 0.6567524, 0.65888304, 0.65887177, 0.66512495, 0.66864693, 0.6708219, 0.67255646, 0.67433286, 0.67823976, 0.680264, 0.6824676, 0.6857533, 0.6890181, 0.6915089, 0.69418156, 0.69693124, 0.69979936, 0.70304877, 0.7064197, 0.7091362, 0.7123027, 0.71534467], "duration": [1299, 1277, 1083, 1093, 1086, 1437, 1092, 1083, 1086, 1089, 1090, 1090, 1090, 1095, 1089, 1294, 1275, 1280, 1093, 1092, 1097, 1096, 1098, 1095, 1129, 1107, 1107, 1099, 1282, 1102, 1731, 1090, 1097, 2026, 1099, 1455, 1092, 1100, 1103, 1098, 1137, 1274, 1106, 1099, 1284, 1278, 1275, 1094, 1090, 1094]}