{"avg": [0.37380958, 0.39996, 0.4257105, 0.41287404, 0.47175634, 0.45148247, 0.43658447, 0.43383673, 0.50747633, 0.43791324, 0.51267666, 0.5156037, 0.49288672, 0.53402174, 0.4916822, 0.50767624, 0.54469293, 0.5283194, 0.5676109, 0.5524009, 0.5752243, 0.5918669, 0.5695866, 0.59451085, 0.55641806, 0.59875196, 0.57749504, 0.60159665, 0.6203017, 0.60458046, 0.6250831, 0.60251623, 0.6285069, 0.61362714, 0.6128941, 0.6372127, 0.616232, 0.62310576, 0.64375734, 0.62240463, 0.642694, 0.65268975, 0.6479414, 0.6473564, 0.64482, 0.62995714, 0.63784873, 0.66322356, 0.6659883, 0.6618594], "std": [0.14374724, 0.14440662, 0.14772916, 0.14587834, 0.14825077, 0.15068625, 0.1524645, 0.15125193, 0.13817543, 0.15337253, 0.13648207, 0.13928604, 0.14662506, 0.13009137, 0.14820546, 0.1456493, 0.12487962, 0.13564669, 0.10306156, 0.1239748, 0.10563837, 0.07675738, 0.11117185, 0.07702142, 0.12661713, 0.0759274, 0.113265865, 0.07564993, 0.016457606, 0.07950949, 0.014050388, 0.08820475, 0.014982037, 0.07635536, 0.08551624, 0.012424774, 0.08280888, 0.08627712, 0.013300933, 0.086871624, 0.015808953, 0.0092981, 0.019650914, 0.023176592, 0.020790309, 0.08840842, 0.085875936, 0.012257252, 0.012379987, 0.0132438475], "var": [0.98, 0.96, 0.96, 0.92, 0.9, 0.9, 0.86, 0.84, 0.82, 0.78, 0.78, 0.76, 0.74, 0.74, 0.7, 0.66, 0.66, 0.64, 0.64, 0.62, 0.64, 0.64, 0.64, 0.64, 0.64, 0.64, 0.64, 0.62, 0.6, 0.58, 0.6, 0.58, 0.56, 0.56, 0.58, 0.56, 0.54, 0.52, 0.52, 0.52, 0.52, 0.52, 0.52, 0.5, 0.52, 0.48, 0.48, 0.44, 0.42, 0.38], "best": [0.5666667, 0.62448984, 0.60199696, 0.5990882, 0.6039171, 0.60315406, 0.60415405, 0.6063493, 0.60823894, 0.61062276, 0.6069018, 0.6111743, 0.6140351, 0.61520594, 0.61406934, 0.61723655, 0.6209675, 0.622015, 0.6233401, 0.62388897, 0.6256631, 0.6281568, 0.6295675, 0.6322577, 0.6341375, 0.63550335, 0.6381531, 0.63982385, 0.6416266, 0.6430535, 0.6439853, 0.6450981, 0.64485776, 0.6464559, 0.6483119, 0.650788, 0.65328056, 0.6546898, 0.6573697, 0.6601172, 0.6616823, 0.663316, 0.6662563, 0.66850513, 0.67043716, 0.6716136, 0.67283905, 0.67540634, 0.677984, 0.68071616], "duration": [1318, 1239, 1279, 1255, 1244, 1445, 1313, 1312, 1291, 1558, 1250, 1269, 1313, 1312, 1306, 1454, 1233, 1487, 1322, 1516, 1499, 1375, 1298, 1556, 1311, 1247, 1273, 1257, 1307, 1306, 1335, 1303, 1469, 1563, 1268, 1312, 1242, 1251, 1276, 1502, 1332, 1300, 1285, 1248, 1303, 1343, 1506, 1309, 1324, 1537]}