{"avg": [0.10277779, 0.1298545, 0.14577255, 0.15697883, 0.18651056, 0.098996185, 0.1856442, 0.20367067, 0.21823877, 0.19530895, 0.21446075, 0.213049, 0.27474672, 0.17989306, 0.3078236, 0.27130085, 0.30191687, 0.28157046, 0.33197337, 0.25049615, 0.38696012, 0.26856005, 0.28756627, 0.358667, 0.4449865, 0.39144373, 0.4202914, 0.44809267, 0.40939137, 0.3916112, 0.38531098, 0.4522285, 0.49206826, 0.45484012, 0.45721084, 0.5482838, 0.5074844, 0.49663097, 0.41998285, 0.53008354, 0.5099241, 0.56679636, 0.5668632, 0.5876649, 0.5439149, 0.55015117, 0.6059241, 0.5641601, 0.57893455, 0.6157472], "std": [0.10209987, 0.11785376, 0.15170684, 0.14794275, 0.13391784, 0.10271483, 0.11709814, 0.15660366, 0.16108486, 0.099356405, 0.13249408, 0.1557001, 0.14755267, 0.18611553, 0.16993394, 0.12700222, 0.15887943, 0.17036378, 0.19666365, 0.18655585, 0.15130967, 0.17495911, 0.1522783, 0.1696403, 0.13289008, 0.16048326, 0.1628366, 0.16048692, 0.15906288, 0.20152009, 0.16162033, 0.176494, 0.11460073, 0.119512044, 0.1698704, 0.07485644, 0.13133575, 0.17332497, 0.18949297, 0.088991255, 0.1394962, 0.07373147, 0.098104715, 0.05843868, 0.12421277, 0.109236605, 0.053715568, 0.10071262, 0.078921326, 0.05711757], "var": [1.0, 0.98, 0.96, 0.94, 0.92, 0.94, 0.92, 0.92, 0.9, 0.86, 0.82, 0.78, 0.76, 0.74, 0.7, 0.72, 0.68, 0.7, 0.72, 0.7, 0.68, 0.68, 0.7, 0.72, 0.68, 0.64, 0.62, 0.6, 0.62, 0.62, 0.64, 0.62, 0.6, 0.56, 0.52, 0.52, 0.5, 0.48, 0.44, 0.42, 0.4, 0.38, 0.36, 0.34, 0.3, 0.28, 0.26, 0.26, 0.26, 0.26], "best": [0.3555556, 0.39722225, 0.5280082, 0.5288416, 0.5333594, 0.2998747, 0.3845411, 0.53227514, 0.53607273, 0.53866214, 0.5353785, 0.53700924, 0.54277277, 0.53811896, 0.5421189, 0.5471333, 0.54851234, 0.5507937, 0.5479858, 0.55380684, 0.5546856, 0.5578591, 0.5592839, 0.5605259, 0.5636958, 0.5670758, 0.5712243, 0.574093, 0.5785079, 0.5818579, 0.5840088, 0.5864917, 0.5897676, 0.59306556, 0.5953808, 0.59704185, 0.60040736, 0.602661, 0.60591054, 0.60763097, 0.6103238, 0.61237556, 0.6155262, 0.6193235, 0.62287223, 0.62500167, 0.62681824, 0.6298053, 0.6333355, 0.63585705], "duration": [5593, 3591, 6089, 9258, 4483, 3618, 7437, 11049, 9198, 10804, 4729, 12714, 11564, 7247, 5864, 10936, 7695, 11046, 5717, 9189, 11199, 7497, 7413, 10125, 11831, 6590, 12896, 12878, 12917, 9243, 9430, 11126, 7673, 7694, 12775, 11205, 9347, 5948, 6730, 7722, 7725, 9465, 6679, 6714, 5958, 11908, 7754, 5890, 9658, 4235]}