{"avg": [0.10317461, 0.15702948, 0.24325983, 0.21833043, 0.20223244, 0.17337069, 0.16975394, 0.23938715, 0.23502482, 0.18491879, 0.20786566, 0.17002624, 0.21721007, 0.24480103, 0.24688867, 0.26722428, 0.25079128, 0.25818112, 0.25958273, 0.27824244, 0.26985723, 0.2727918, 0.32115492, 0.2860391, 0.28591037, 0.2827468, 0.301294, 0.33214507, 0.3990636, 0.35489142, 0.34475374, 0.3342411, 0.3464058, 0.39100426, 0.4162611, 0.42552185, 0.43185207, 0.36937022, 0.4501521, 0.42626226, 0.45729268, 0.43898842, 0.47412273, 0.4478061, 0.5048206, 0.44478744, 0.49340808, 0.5118979, 0.4048169, 0.43379074, 0.46050298, 0.45890415, 0.4717547, 0.5182902, 0.5023148, 0.51485777, 0.5623589, 0.5161384, 0.5482278, 0.56721824, 0.5307164, 0.56556726, 0.5253827, 0.5514471, 0.58909374, 0.57370615, 0.5749339, 0.5811084, 0.5810102, 0.5488823, 0.565358, 0.5717509, 0.5980939, 0.58136743, 0.6313579, 0.6003574, 0.5966619, 0.575293, 0.5839844, 0.61197096, 0.6336157, 0.61655277, 0.6289517, 0.63049686, 0.65292645, 0.630892, 0.6315274, 0.63629615, 0.62691265, 0.6531598, 0.6255207, 0.6116896, 0.624455, 0.66723627, 0.64780736, 0.6648576, 0.6488673, 0.63899624, 0.66476756, 0.6716494, 0.6891265, 0.6678337, 0.6553836, 0.66132563, 0.65860945, 0.63238627, 0.63939637, 0.6679463, 0.65462744, 0.67257726, 0.6480331, 0.6753751, 0.6570961, 0.65565133, 0.6804152, 0.6652323, 0.67959666, 0.684344, 0.67411727, 0.68495935, 0.70487624, 0.6979964, 0.6569335, 0.68526965, 0.6920514, 0.6846797, 0.6902757, 0.67369676, 0.7025345, 0.6967175, 0.63766474, 0.6774765, 0.70869577, 0.66389436, 0.7209453, 0.6937431, 0.7044104, 0.69437, 0.687414, 0.6659123, 0.684679, 0.69261044, 0.6959443, 0.68376106, 0.6809217, 0.7149176, 0.66001666, 0.6744806, 0.6935547, 0.7126174], "std": [0.07771297, 0.106252596, 0.14041644, 0.16709927, 0.1434788, 0.091586515, 0.09643682, 0.14955793, 0.13299336, 0.11426305, 0.12283283, 0.14522263, 0.13132793, 0.09992716, 0.09911033, 0.11615207, 0.11877637, 0.12337031, 0.11796902, 0.12445596, 0.14145644, 0.11892845, 0.115093686, 0.12703368, 0.12950422, 0.10703653, 0.14103122, 0.12451612, 0.13092545, 0.14064942, 0.13152654, 0.13729998, 0.11485257, 0.13387454, 0.12241273, 0.13593782, 0.093338, 0.1256319, 0.10193805, 0.106261574, 0.124918684, 0.10822604, 0.10283107, 0.12953667, 0.089805536, 0.1305054, 0.12240978, 0.08268037, 0.15580006, 0.135607, 0.1094302, 0.15571319, 0.113646545, 0.07437412, 0.099256665, 0.12374459, 0.061887603, 0.09947514, 0.06766313, 0.06783851, 0.09040743, 0.072233, 0.11370154, 0.07513531, 0.07895187, 0.06520358, 0.077822365, 0.07036605, 0.08001186, 0.11413129, 0.074632846, 0.07928944, 0.062257446, 0.08743876, 0.03697191, 0.067147985, 0.073957555, 0.10929467, 0.08701286, 0.07270837, 0.04211657, 0.075380825, 0.059929807, 0.05243566, 0.03859251, 0.065095216, 0.05799107, 0.066311024, 0.06990425, 0.048331603, 0.06627509, 0.07603946, 0.0981478, 0.03886149, 0.061326887, 0.044000927, 0.056805924, 0.0703061, 0.05424747, 0.042916313, 0.004831904, 0.05226865, 0.06584242, 0.061488338, 0.06574423, 0.07668992, 0.09294421, 0.061973102, 0.088476025, 0.08381628, 0.0745356, 0.080630474, 0.07174934, 0.07332959, 0.060518295, 0.07027283, 0.062222216, 0.05930087, 0.0869582, 0.060715254, 0.037570294, 0.05011841, 0.09186544, 0.08678056, 0.0593009, 0.06553945, 0.06222219, 0.09068284, 0.052878715, 0.059300892, 0.10956387, 0.07210196, 0.050118394, 0.07655712, 0.042502947, 0.06553947, 0.057972133, 0.06598394, 0.07027283, 0.07698, 0.07210193, 0.06878925, 0.0673575, 0.07332957, 0.07453559, 0.054433104, 0.07777777, 0.09331536, 0.0887157, 0.05930089], "var": [0.98, 0.96, 0.92, 0.92, 0.88, 0.9, 0.88, 0.88, 0.86, 0.86, 0.82, 0.78, 0.76, 0.74, 0.72, 0.72, 0.68, 0.68, 0.66, 0.64, 0.6, 0.58, 0.56, 0.56, 0.52, 0.48, 0.5, 0.48, 0.5, 0.46, 0.44, 0.42, 0.4, 0.42, 0.42, 0.4, 0.4, 0.4, 0.38, 0.36, 0.38, 0.4, 0.42, 0.42, 0.44, 0.4, 0.4, 0.44, 0.46, 0.46, 0.46, 0.44, 0.44, 0.42, 0.42, 0.4, 0.38, 0.38, 0.38, 0.36, 0.36, 0.34, 0.34, 0.34, 0.3, 0.3, 0.3, 0.34, 0.32, 0.3, 0.26, 0.26, 0.26, 0.26, 0.26, 0.26, 0.26, 0.24, 0.24, 0.24, 0.24, 0.22, 0.2, 0.18, 0.18, 0.18, 0.16, 0.14, 0.14, 0.14, 0.14, 0.14, 0.14, 0.14, 0.14, 0.12, 0.1, 0.1, 0.1, 0.08, 0.08, 0.08, 0.06, 0.04, 0.04, 0.04, 0.04, 0.04, 0.04, 0.04, 0.04, 0.04, 0.04, 0.04, 0.04, 0.04, 0.04, 0.04, 0.04, 0.04, 0.02, 0.02, 0.02, 0.02, 0.02, 0.02, 0.02, 0.02, 0.02, 0.02, 0.02, 0.02, 0.02, 0.02, 0.02, 0.02, 0.02, 0.02, 0.02, 0.02, 0.02, 0.02, 0.02, 0.02, 0.02, 0.02, 0.02, 0.02, 0.02, 0.02], "best": [0.20000002, 0.37936512, 0.5349207, 0.54267263, 0.5499582, 0.37841272, 0.39722225, 0.5532187, 0.555754, 0.5362527, 0.55473727, 0.53814906, 0.55589277, 0.5567748, 0.5383682, 0.53868544, 0.52966154, 0.55405813, 0.5548601, 0.556573, 0.53790617, 0.55753267, 0.53762627, 0.5379213, 0.5577928, 0.41654876, 0.5577478, 0.55794954, 0.5583531, 0.55988145, 0.5539479, 0.56242734, 0.5638562, 0.56841147, 0.565873, 0.5674281, 0.5735203, 0.57107127, 0.5719487, 0.5726059, 0.5796642, 0.5814915, 0.588009, 0.5865674, 0.588144, 0.5934921, 0.5959076, 0.594818, 0.59671736, 0.59899217, 0.5998419, 0.6047103, 0.6024441, 0.60346925, 0.60564977, 0.6072808, 0.6094665, 0.6113548, 0.6128617, 0.61461073, 0.6170685, 0.6193813, 0.6217181, 0.62318426, 0.6242182, 0.6283578, 0.63008976, 0.6301588, 0.6336016, 0.635572, 0.6362087, 0.6392637, 0.64129376, 0.643142, 0.64543283, 0.6477947, 0.6494483, 0.6512052, 0.65296173, 0.6552074, 0.6572621, 0.6590571, 0.66082335, 0.66297144, 0.66463166, 0.6665442, 0.6682505, 0.67019737, 0.6719702, 0.67364657, 0.67563, 0.67730033, 0.67864335, 0.6800231, 0.6815995, 0.6831286, 0.6845917, 0.68583834, 0.6875285, 0.68891525, 0.690374, 0.6918701, 0.69319874, 0.69438165, 0.6956929, 0.697201, 0.69825715, 0.6996279, 0.70088875, 0.7022929, 0.7035886, 0.7491593, 0.70627934, 0.7075031, 0.7084165, 0.7096768, 0.7107078, 0.7117951, 0.7130062, 0.714126, 0.7152269, 0.7162969, 0.7174274, 0.7186029, 0.7195022, 0.7205771, 0.7213867, 0.7223078, 0.72327524, 0.72416836, 0.7251648, 0.7260877, 0.72699636, 0.72794664, 0.77332616, 0.7296406, 0.73033637, 0.7309712, 0.7318585, 0.7325789, 0.73329014, 0.73409194, 0.73483324, 0.735613, 0.7364772, 0.7371398, 0.7377944, 0.7385328, 0.7393062, 0.7400684], "duration": [2481, 2053, 5788, 7823, 5900, 2040, 2107, 12570, 5862, 4068, 4065, 4036, 6007, 3949, 7802, 6018, 3928, 6633, 7865, 6670, 8505, 4169, 7847, 3943, 5814, 2249, 10194, 6679, 9725, 9702, 11927, 7759, 7938, 9768, 9691, 9678, 7779, 8276, 9667, 9671, 9765, 10173, 12175, 13553, 13574, 13619, 11676, 11671, 14381, 13932, 13517, 13921, 15797, 11742, 15824, 15863, 13612, 11614, 13566, 13645, 13605, 13565, 13625, 13569, 13578, 13576, 13584, 15844, 20127, 13569, 13544, 13544, 18076, 18048, 15900, 13645, 13604, 11683, 13950, 13617, 13599, 15877, 16043, 13636, 13591, 13549, 18115, 13538, 13584, 13593, 13612, 13606, 13613, 13583, 13575, 13661, 15875, 13519, 15851, 15812, 15829, 13544, 15885, 13597, 15869, 13704, 13821, 13648, 13594, 13582, 13646, 18129, 13638, 13634, 13598, 13675, 15937, 13680, 13607, 13597, 13651, 13585, 18146, 13648, 13666, 13669, 13641, 13586, 13629, 13646, 15883, 13700, 13612, 13595, 13645, 13605, 13691, 13625, 13657, 13616, 14079, 13662, 13607, 15868, 13679, 13729, 13623, 13636, 15899, 13619]}