{"avg": [0.11428573, 0.1328398, 0.13460205, 0.13444045, 0.17237134, 0.09969821, 0.15310022, 0.15137525, 0.156018, 0.20766434, 0.23028544, 0.2196513, 0.2549593, 0.1973323, 0.17185538, 0.26304242, 0.25766292, 0.2116462, 0.27864176, 0.26246336, 0.2720877, 0.26379287, 0.26090243, 0.32346398, 0.3053634, 0.24499616, 0.26995537, 0.2846334, 0.35738403, 0.32575628, 0.3850934, 0.31576887, 0.33582237, 0.38715455, 0.39508116, 0.40741885, 0.3853903, 0.4290742, 0.45717862, 0.39599988, 0.41547766, 0.42233536, 0.41001004, 0.41206965, 0.47794628, 0.4480322, 0.47120672, 0.47567996, 0.4808517, 0.43976283], "std": [0.09897434, 0.11027568, 0.13597833, 0.11044487, 0.14193672, 0.09336777, 0.1269948, 0.13048002, 0.11991171, 0.12112303, 0.124938644, 0.14230646, 0.13570592, 0.16086407, 0.1324303, 0.10886828, 0.11618294, 0.1290218, 0.12588617, 0.11393177, 0.13228247, 0.16521597, 0.13312797, 0.15137658, 0.13558057, 0.14761548, 0.15608299, 0.17073222, 0.11062827, 0.13540518, 0.13890152, 0.14274745, 0.1510037, 0.11306099, 0.08205843, 0.086147524, 0.14629507, 0.074856006, 0.036028877, 0.077158086, 0.08351313, 0.09542784, 0.05211398, 0.07191276, 0.057654213, 0.05847601, 0.037449047, 0.041231826, 0.036495764, 0.08014888], "var": [0.98, 0.96, 0.96, 0.94, 0.94, 0.9, 0.86, 0.88, 0.86, 0.86, 0.84, 0.82, 0.78, 0.78, 0.8, 0.8, 0.8, 0.78, 0.76, 0.74, 0.72, 0.68, 0.68, 0.68, 0.68, 0.68, 0.66, 0.64, 0.62, 0.58, 0.6, 0.58, 0.56, 0.56, 0.54, 0.5, 0.48, 0.46, 0.46, 0.48, 0.44, 0.4, 0.4, 0.36, 0.34, 0.34, 0.34, 0.34, 0.34, 0.34], "best": [0.3555556, 0.3963719, 0.3947261, 0.39151284, 0.5378067, 0.19817755, 0.39077386, 0.36474523, 0.39398828, 0.39573416, 0.3978668, 0.5412883, 0.54273117, 0.5462419, 0.39236206, 0.54883534, 0.40674126, 0.4051893, 0.4085898, 0.4104817, 0.55648106, 0.55571723, 0.557466, 0.55879766, 0.5608711, 0.41884044, 0.56420636, 0.56577003, 0.5676725, 0.57018423, 0.57244486, 0.57524407, 0.577482, 0.57866377, 0.4405896, 0.58275735, 0.5843939, 0.5858238, 0.5890983, 0.4536245, 0.45917252, 0.5949059, 0.46494973, 0.46640766, 0.59865427, 0.5996475, 0.60186434, 0.60351014, 0.6047366, 0.60659754], "duration": [5699, 3804, 6075, 6064, 3907, 5728, 4265, 9953, 1906, 1958, 6173, 5854, 7701, 7849, 3873, 5818, 3961, 7701, 5831, 5808, 4390, 5894, 5878, 7816, 8062, 5867, 5819, 11995, 9632, 8129, 9736, 8476, 5847, 9746, 5883, 6604, 7932, 14253, 9662, 6335, 7754, 5958, 9683, 7764, 7773, 7827, 7749, 5925, 10002, 4051]}