{"avg": [0.39791673, 0.45384923, 0.37232462, 0.45425054, 0.40393996, 0.46742055, 0.44962463, 0.50750655, 0.44107464, 0.46779898, 0.5019275, 0.53332174, 0.5697613, 0.5429953, 0.48028457, 0.47963217, 0.5747456, 0.51974666, 0.5630052, 0.5759791, 0.5989494, 0.6093945, 0.5854302, 0.5792406, 0.6105075, 0.5910268, 0.6184393, 0.6197024, 0.59952223, 0.65058386, 0.65469664, 0.6515982, 0.6583402, 0.65361154, 0.67601424, 0.66822785, 0.67364913, 0.65146744, 0.67684424, 0.6982523, 0.6599499, 0.70361054, 0.70153517, 0.70564944, 0.71012187, 0.7126795, 0.7146548, 0.7103152, 0.72707003, 0.73614335], "std": [0.14882353, 0.1521212, 0.13082132, 0.15292569, 0.14897902, 0.15448089, 0.1551881, 0.13837318, 0.15474789, 0.15478486, 0.14902383, 0.13302821, 0.10529912, 0.13103782, 0.158273, 0.15289803, 0.1069078, 0.14854178, 0.12564477, 0.10628077, 0.08267427, 0.0830663, 0.10882245, 0.11526267, 0.08370651, 0.11662182, 0.08747926, 0.08697694, 0.11918384, 0.023830106, 0.024538346, 0.031608183, 0.030854445, 0.03415039, 0.022814112, 0.026484407, 0.028431362, 0.09827779, 0.036601037, 0.017293084, 0.10567197, 0.023361264, 0.031611495, 0.031280465, 0.027405603, 0.030881422, 0.034881964, 0.042026885, 0.023274455, 5.9604645e-08], "var": [0.98, 0.94, 0.92, 0.92, 0.92, 0.9, 0.86, 0.82, 0.8, 0.78, 0.74, 0.72, 0.7, 0.7, 0.66, 0.66, 0.66, 0.66, 0.64, 0.6, 0.58, 0.56, 0.52, 0.5, 0.48, 0.48, 0.46, 0.44, 0.4, 0.38, 0.36, 0.34, 0.3, 0.26, 0.26, 0.26, 0.22, 0.2, 0.18, 0.18, 0.14, 0.14, 0.14, 0.14, 0.12, 0.12, 0.1, 0.08, 0.08, 0.08], "best": [0.5666667, 0.6098215, 0.6035331, 0.6076413, 0.6067461, 0.61267704, 0.61103904, 0.6129121, 0.6162535, 0.6106626, 0.6176871, 0.62062556, 0.6258065, 0.6283122, 0.6301588, 0.63145316, 0.63031876, 0.63358593, 0.6346939, 0.63729364, 0.63938844, 0.64120716, 0.647274, 0.6489477, 0.6499685, 0.65275663, 0.65515196, 0.6591597, 0.6630926, 0.6661249, 0.6708962, 0.67555887, 0.67962134, 0.6837679, 0.68571436, 0.69126135, 0.69384444, 0.697033, 0.69962287, 0.702874, 0.7070235, 0.70945096, 0.7138238, 0.7169969, 0.7205468, 0.72435117, 0.7273245, 0.7303966, 0.73271495, 0.7361434], "duration": [1205, 1198, 1178, 1193, 1175, 1161, 1185, 1144, 1325, 1139, 1318, 1146, 1148, 1144, 1222, 1386, 1402, 1206, 1201, 1191, 1201, 1224, 1210, 1199, 1214, 1582, 1394, 1219, 1194, 1132, 1120, 1116, 1290, 1170, 1420, 1198, 1199, 1394, 1190, 1197, 1207, 1376, 1198, 1181, 1666, 1140, 1577, 1398, 1357, 1174]}