{"avg": [0.12418302, 0.16297334, 0.20777024, 0.19559525, 0.19386725, 0.17770505, 0.26060742, 0.23920688, 0.2560392, 0.19431606, 0.28073397, 0.22921287, 0.22577044, 0.22110663, 0.25118563, 0.2651654, 0.28335083, 0.27669382, 0.2816506, 0.2681215, 0.30010393, 0.2638127, 0.29727894, 0.35835904, 0.31152064, 0.3122193, 0.39567012, 0.3446699, 0.31097472, 0.3832246, 0.38257405, 0.3486075, 0.40029493, 0.43469715, 0.4071348, 0.43242937, 0.40733254, 0.4615891, 0.4723048, 0.4146386, 0.4649129, 0.4464208, 0.509426, 0.5232304, 0.4458361, 0.5207455, 0.5144547, 0.54830587, 0.5201078, 0.5472318], "std": [0.092746004, 0.10248592, 0.11501283, 0.10307035, 0.17240994, 0.10755277, 0.11023488, 0.14024906, 0.15386055, 0.13382767, 0.0991366, 0.13593428, 0.08378173, 0.0922748, 0.08738685, 0.10721209, 0.14551543, 0.13182987, 0.13038793, 0.08859719, 0.13737206, 0.114686586, 0.124853685, 0.10379598, 0.12709719, 0.106227465, 0.08359748, 0.13126798, 0.13856052, 0.112782806, 0.10444072, 0.13573416, 0.119629234, 0.11567317, 0.12186881, 0.08285383, 0.12022603, 0.10614595, 0.12114247, 0.12242726, 0.10575599, 0.124545895, 0.07708546, 0.09382892, 0.13160282, 0.0970496, 0.09614703, 0.094045736, 0.0874036, 0.0982857], "var": [1.0, 0.98, 0.94, 0.94, 0.92, 0.92, 0.92, 0.88, 0.86, 0.84, 0.84, 0.82, 0.82, 0.82, 0.8, 0.82, 0.82, 0.82, 0.82, 0.78, 0.74, 0.74, 0.7, 0.68, 0.64, 0.62, 0.58, 0.6, 0.6, 0.6, 0.6, 0.58, 0.56, 0.6, 0.6, 0.56, 0.56, 0.56, 0.56, 0.52, 0.5, 0.46, 0.44, 0.44, 0.4, 0.4, 0.38, 0.36, 0.34, 0.32], "best": [0.3555556, 0.37236232, 0.38548756, 0.3893651, 0.53888893, 0.39275798, 0.39665836, 0.39169505, 0.54087305, 0.38845903, 0.39208326, 0.5435414, 0.3961571, 0.3941316, 0.39499012, 0.54464287, 0.5452848, 0.5469572, 0.5480742, 0.39589733, 0.5481731, 0.39805737, 0.5490023, 0.54981786, 0.5510838, 0.5519702, 0.5522157, 0.553027, 0.5533677, 0.56084317, 0.56284726, 0.5643807, 0.56563354, 0.5671228, 0.5698798, 0.5738974, 0.5727383, 0.57754874, 0.58047277, 0.571408, 0.58393586, 0.58198684, 0.5873805, 0.58964753, 0.5926998, 0.593758, 0.5970225, 0.5993124, 0.60222894, 0.6042493], "duration": [2215, 3769, 3819, 3787, 7663, 5708, 5797, 6058, 3959, 5680, 2257, 5830, 4207, 6074, 3813, 7593, 5875, 5720, 3874, 3837, 4355, 3865, 7705, 8049, 3957, 7696, 2069, 7703, 4451, 6208, 3918, 5909, 5946, 4112, 4002, 5915, 2109, 2601, 2606, 4039, 2243, 4405, 2308, 2298, 4172, 2344, 6028, 2292, 4127, 2322]}