{"avg": [0.4729167, 0.47404763, 0.45667183, 0.48302278, 0.42576805, 0.5141381, 0.48326725, 0.45037547, 0.5040551, 0.5512917, 0.5636488, 0.5212944, 0.52163804, 0.54944444, 0.5667359, 0.5714223, 0.6085112, 0.5732426, 0.5700573, 0.5947651, 0.5919009, 0.6200703, 0.61886185, 0.60837126, 0.6067223, 0.5958884, 0.5892296, 0.6096745, 0.63751143, 0.64388233, 0.6463031, 0.6484048, 0.6494564, 0.6514564, 0.65512735, 0.66271853, 0.65971607, 0.67026913, 0.6461895, 0.64874554, 0.64065695, 0.64035994, 0.65958846, 0.6743144, 0.68493205, 0.66523874, 0.6895653, 0.686859, 0.68513715, 0.67986536], "std": [0.13905373, 0.15182234, 0.15420339, 0.1507893, 0.15408152, 0.13816044, 0.14917502, 0.15178315, 0.14214657, 0.11723526, 0.10729801, 0.13738042, 0.13328902, 0.12393531, 0.10215555, 0.1016144, 0.0105745, 0.102958634, 0.10725019, 0.080768906, 0.08418244, 0.012075104, 0.016287012, 0.07979584, 0.08318825, 0.10108246, 0.11324553, 0.08428546, 0.016261939, 0.009976638, 0.009836097, 0.013972936, 0.018609544, 0.017786777, 0.021057326, 0.012667465, 0.017412595, 0.007584787, 0.071787514, 0.093461476, 0.09919866, 0.07688841, 0.072335646, 0.023667729, 0.008200526, 0.08284796, 0.008723876, 0.023043701, 0.02801864, 0.07203379], "var": [0.98, 0.98, 0.98, 0.94, 0.94, 0.92, 0.9, 0.88, 0.84, 0.84, 0.82, 0.8, 0.78, 0.76, 0.76, 0.76, 0.76, 0.76, 0.74, 0.76, 0.76, 0.72, 0.7, 0.72, 0.7, 0.68, 0.68, 0.7, 0.68, 0.68, 0.7, 0.68, 0.7, 0.68, 0.66, 0.66, 0.68, 0.66, 0.64, 0.64, 0.62, 0.62, 0.58, 0.6, 0.6, 0.58, 0.6, 0.62, 0.62, 0.62], "best": [0.5666667, 0.62321436, 0.6104455, 0.610145, 0.6146698, 0.61083966, 0.6103175, 0.61046726, 0.6117064, 0.6135855, 0.61598647, 0.6166808, 0.61479235, 0.6189773, 0.6208089, 0.62087137, 0.6246254, 0.6257892, 0.6260229, 0.6315437, 0.63041234, 0.6342363, 0.6367841, 0.63856083, 0.63955563, 0.64363664, 0.64676917, 0.64772046, 0.6519797, 0.65443826, 0.6570208, 0.66107196, 0.66356486, 0.66611195, 0.66931725, 0.6727829, 0.6768017, 0.6790063, 0.68202955, 0.6844944, 0.6869796, 0.68875146, 0.6900733, 0.69288933, 0.695434, 0.6983877, 0.7008049, 0.70380044, 0.7063599, 0.70836776], "duration": [1317, 1092, 1100, 1082, 1358, 1097, 1117, 1076, 1074, 1319, 1088, 1293, 1082, 1301, 1089, 1278, 1097, 1091, 1101, 1130, 1162, 1294, 1090, 1098, 1096, 1307, 1100, 1132, 1101, 1094, 1092, 1097, 1101, 1125, 1094, 1096, 1085, 1344, 1086, 1094, 1277, 1098, 1092, 1120, 1097, 1095, 1269, 1308, 1306, 1817]}