{"avg": [0.10317462, 0.16984129, 0.1701007, 0.13172215, 0.1526769, 0.24420047, 0.18403362, 0.14906195, 0.1366938, 0.21912935, 0.21180484, 0.1715768, 0.23551576, 0.30344582, 0.2550148, 0.19993345, 0.31293672, 0.24416018, 0.22354962, 0.29947755, 0.2977466, 0.28374434, 0.27811182, 0.25959453, 0.26560876, 0.25780326, 0.2978107, 0.34918916, 0.31320933, 0.2977527, 0.3569625, 0.356073, 0.3482443, 0.34412485, 0.32727483, 0.42366174, 0.4008066, 0.31797877, 0.40739673, 0.34028718, 0.42382553, 0.33973998, 0.3826705, 0.40516353, 0.38729477, 0.47183073, 0.47753704, 0.42392695, 0.43980798, 0.47553068], "std": [0.10239019, 0.11519625, 0.16590104, 0.1489189, 0.13755707, 0.15461181, 0.1032011, 0.119354144, 0.1309701, 0.11190254, 0.13535295, 0.11416224, 0.09987318, 0.10439054, 0.10521163, 0.10799822, 0.12512244, 0.11943709, 0.1476134, 0.14082211, 0.13856015, 0.15866968, 0.13450064, 0.10301572, 0.15300682, 0.11133534, 0.15520807, 0.10779801, 0.115249194, 0.11230419, 0.0993973, 0.105417505, 0.13533074, 0.12968098, 0.13858126, 0.103631146, 0.117533796, 0.15403484, 0.13745612, 0.14687707, 0.11571362, 0.1652729, 0.14514008, 0.12924491, 0.1581683, 0.09900378, 0.12730847, 0.15083207, 0.108444825, 0.13175516], "var": [1.0, 1.0, 0.98, 0.96, 0.92, 0.94, 0.94, 0.94, 0.92, 0.94, 0.9, 0.9, 0.9, 0.88, 0.88, 0.9, 0.9, 0.9, 0.86, 0.86, 0.88, 0.86, 0.86, 0.86, 0.86, 0.84, 0.82, 0.8, 0.78, 0.76, 0.76, 0.74, 0.72, 0.72, 0.68, 0.68, 0.68, 0.7, 0.74, 0.72, 0.7, 0.68, 0.66, 0.66, 0.64, 0.62, 0.64, 0.64, 0.64, 0.62], "best": [0.3555556, 0.3708617, 0.5318485, 0.3488958, 0.53895617, 0.5410339, 0.35000002, 0.3815903, 0.3789748, 0.39249536, 0.39330623, 0.34653854, 0.39349386, 0.53851, 0.3963238, 0.39965498, 0.5377505, 0.39868745, 0.5335404, 0.5373753, 0.5400729, 0.54719746, 0.537986, 0.40885335, 0.5490372, 0.40971914, 0.55013233, 0.540064, 0.54122156, 0.5532772, 0.5428398, 0.5431256, 0.55746424, 0.55882394, 0.54655176, 0.5608584, 0.5624396, 0.5581454, 0.5641248, 0.560586, 0.56246126, 0.5634846, 0.5671056, 0.5679399, 0.5683516, 0.5695125, 0.5720502, 0.5744946, 0.57586414, 0.5782534], "duration": [4075, 5994, 2363, 4137, 2779, 2764, 4196, 2360, 2315, 4128, 2268, 4272, 6401, 7912, 2478, 2217, 2148, 3973, 5901, 2277, 4023, 5840, 2141, 6550, 4130, 3982, 6263, 7864, 6120, 2119, 12084, 2260, 4514, 6128, 2412, 4347, 4599, 3009, 4309, 2303, 4551, 2396, 2318, 2346, 2264, 2377, 2340, 2401, 2364, 2503]}