{"avg": [0.151634, 0.11534198, 0.16746458, 0.1714286, 0.1948947, 0.23287088, 0.2042411, 0.26625213, 0.20688657, 0.21797316, 0.2786636, 0.18879215, 0.2968672, 0.22630276, 0.302455, 0.31180993, 0.28601384, 0.33011058, 0.30759615, 0.3152143, 0.28042457, 0.35351104, 0.3704257, 0.3939095, 0.3923386, 0.36159793, 0.38336787, 0.46281973, 0.44874102, 0.511573, 0.4155042, 0.37955368, 0.48363197, 0.54397607, 0.43961844, 0.5008129, 0.474393, 0.49381945, 0.56623745, 0.58227545, 0.5927387, 0.5157783, 0.5394599, 0.556743, 0.5704177, 0.5746056, 0.58384305, 0.6150629, 0.5901506, 0.61961955], "std": [0.07280471, 0.08985531, 0.09097194, 0.12396733, 0.09767388, 0.077648506, 0.13724028, 0.109471574, 0.15715808, 0.15136112, 0.1547737, 0.13580607, 0.1634451, 0.11977336, 0.18203439, 0.16395834, 0.14522445, 0.19920473, 0.17409709, 0.17526428, 0.20057757, 0.15100704, 0.18729894, 0.17721862, 0.17917268, 0.19111377, 0.19546604, 0.15513127, 0.17902377, 0.14881232, 0.19690922, 0.22789949, 0.20463139, 0.15314074, 0.21916427, 0.18822077, 0.21759692, 0.22052646, 0.1360111, 0.141649, 0.12711434, 0.21585141, 0.18288754, 0.20058846, 0.16169965, 0.17311245, 0.1474494, 0.17058776, 0.15820318, 0.13522297], "var": [0.96, 0.92, 0.9, 0.88, 0.88, 0.84, 0.8, 0.78, 0.76, 0.72, 0.7, 0.68, 0.64, 0.6, 0.56, 0.54, 0.54, 0.5, 0.5, 0.46, 0.44, 0.44, 0.42, 0.38, 0.38, 0.36, 0.34, 0.34, 0.34, 0.34, 0.34, 0.32, 0.32, 0.3, 0.3, 0.28, 0.28, 0.24, 0.22, 0.22, 0.22, 0.2, 0.18, 0.18, 0.16, 0.16, 0.14, 0.14, 0.12, 0.12], "best": [0.3555556, 0.20597574, 0.38152963, 0.3798413, 0.38815632, 0.38847739, 0.53888893, 0.5417234, 0.54384923, 0.54657567, 0.5493872, 0.55356014, 0.55434424, 0.5575687, 0.55743146, 0.56221694, 0.5653079, 0.56623065, 0.57120967, 0.57390296, 0.5764575, 0.57868814, 0.58187276, 0.5852207, 0.588569, 0.5913867, 0.5937576, 0.5968914, 0.601194, 0.6056339, 0.61039984, 0.61278164, 0.6148128, 0.6189304, 0.6235815, 0.6253198, 0.6284551, 0.6315712, 0.63448775, 0.6377747, 0.64172554, 0.6455304, 0.6479351, 0.6504917, 0.6536938, 0.65628874, 0.65941983, 0.66237545, 0.66530615, 0.66790855], "duration": [2242, 1851, 1994, 3784, 5760, 5986, 3925, 3856, 7702, 2679, 5820, 2061, 4039, 5685, 6246, 4362, 5843, 4149, 4078, 5841, 2937, 6067, 4114, 2162, 7831, 6277, 2643, 6001, 6006, 4190, 4128, 2300, 4064, 3031, 2291, 6046, 8624, 4126, 4137, 2292, 4167, 7824, 2278, 2687, 2291, 4247, 4189, 2322, 4173, 4549]}