{"avg": [0.13639848, 0.20632082, 0.23079243, 0.2431574, 0.24837534, 0.27514863, 0.3039548, 0.3096672, 0.30547646, 0.31827733, 0.3488944, 0.3412843, 0.36977386, 0.3787981, 0.37598574, 0.37865755, 0.41487902, 0.41702443, 0.43266943, 0.43845627, 0.47087866, 0.47497222, 0.4814132, 0.49978197, 0.5056026, 0.51121914, 0.5243959, 0.5195894, 0.53103536, 0.54188186, 0.5410954, 0.54525715, 0.55526155, 0.5596189, 0.56343675, 0.5669109, 0.5707872, 0.55709314, 0.5767977, 0.57978034, 0.57684666, 0.58039784, 0.5822552, 0.578309, 0.5923559, 0.59472543, 0.5968389, 0.59872335, 0.5954075, 0.59677684], "std": [0.11798279, 0.13975121, 0.12798157, 0.1354384, 0.136938, 0.116395146, 0.12105432, 0.1042422, 0.11724554, 0.12571988, 0.09455355, 0.11041949, 0.08888896, 0.06805671, 0.07846445, 0.103312425, 0.06322199, 0.08679614, 0.063490555, 0.07402411, 0.042844106, 0.060357142, 0.043807223, 0.017893903, 0.029355586, 0.030269576, 1.1920929e-07, 0.03941709, 0.027923081, 1.7881393e-07, 0.028383547, 0.02991454, 1.7881393e-07, 1.7881393e-07, 1.1920929e-07, 0.0, 1.1920929e-07, 0.048112534, 2.3841858e-07, 2.3841858e-07, 0.029377071, 0.02666531, 0.029377064, 0.0414508, 1.1920929e-07, 5.9604645e-08, 5.9604645e-08, 1.1920929e-07, 0.027065521, 0.02886752], "var": [0.96, 0.92, 0.82, 0.8, 0.76, 0.7, 0.68, 0.64, 0.64, 0.66, 0.66, 0.62, 0.56, 0.54, 0.46, 0.4, 0.38, 0.34, 0.28, 0.22, 0.18, 0.14, 0.1, 0.06, 0.04, 0.02, 0.02, 0.02, 0.02, 0.02, 0.02, 0.02, 0.02, 0.02, 0.02, 0.02, 0.02, 0.02, 0.02, 0.02, 0.02, 0.02, 0.02, 0.02, 0.02, 0.02, 0.02, 0.02, 0.02, 0.02], "best": [0.3555556, 0.39085937, 0.39509642, 0.40147397, 0.40317464, 0.4030021, 0.40520716, 0.408507, 0.41269845, 0.41385463, 0.41665503, 0.4224115, 0.42719805, 0.43060163, 0.43715346, 0.4433674, 0.4489827, 0.45743823, 0.4652324, 0.4753612, 0.48232752, 0.4919886, 0.49868244, 0.50510454, 0.5115613, 0.5183964, 0.52439576, 0.53031754, 0.53622067, 0.54188204, 0.5464595, 0.55124015, 0.5552614, 0.5596187, 0.56343687, 0.5669109, 0.5707871, 0.5737597, 0.57679796, 0.5797801, 0.5826078, 0.5851118, 0.5880165, 0.5902749, 0.592356, 0.5947254, 0.59683895, 0.59872323, 0.60026854, 0.6023325], "duration": [9249, 7591, 10141, 8111, 11514, 16338, 7659, 11588, 7742, 9944, 10339, 6488, 12917, 6747, 8308, 9963, 9639, 4212, 7092, 6091, 4814, 4820, 4514, 3860, 3863, 4195, 3885, 4893, 4540, 4189, 3875, 4188, 4494, 4520, 4557, 4926, 4157, 4484, 3856, 4220, 4178, 4865, 4508, 3887, 4837, 3888, 3942, 3901, 4852, 4533]}