{"avg": [0.47450992, 0.4551763, 0.50370944, 0.44968256, 0.48034185, 0.5070538, 0.49559444, 0.49620736, 0.5002363, 0.5263999, 0.508941, 0.5245268, 0.5018144, 0.5329255, 0.5135575, 0.5275753, 0.55183476, 0.5446865, 0.5330414, 0.5441254, 0.53743035, 0.5569854, 0.5679446, 0.5529202, 0.5609986, 0.5361653, 0.5651127, 0.5648926, 0.563698, 0.5841868, 0.57147676, 0.5903285, 0.5807257, 0.56920314, 0.59736305, 0.5982061, 0.5865326, 0.6047918, 0.5966369, 0.614931, 0.6055789, 0.59893566, 0.6014125, 0.6274259, 0.62910664, 0.6312795, 0.63936186, 0.64082927, 0.6285269, 0.61528397], "std": [0.065983936, 0.10708623, 0.06564856, 0.08691111, 0.081990786, 0.06466214, 0.07755933, 0.07831215, 0.07542529, 0.0563431, 0.069762796, 0.060690664, 0.08011354, 0.04562068, 0.07285727, 0.068242535, 0.014278134, 0.044225857, 0.06252924, 0.055183236, 0.06315059, 0.047821604, 0.022981156, 0.065281555, 0.056603186, 0.07086301, 0.05263433, 0.053691484, 0.052764244, 0.024518576, 0.061779913, 0.028454317, 0.059080105, 0.060328063, 0.021355856, 0.02493983, 0.061035164, 0.031915035, 0.06449175, 0.025758177, 0.040166434, 0.0661158, 0.06721457, 0.026955456, 0.028791705, 0.027708486, 0.02080807, 0.023038551, 0.07020859, 0.072190836], "var": [0.96, 0.92, 0.9, 0.88, 0.84, 0.82, 0.78, 0.78, 0.76, 0.74, 0.7, 0.66, 0.62, 0.58, 0.56, 0.52, 0.52, 0.5, 0.48, 0.46, 0.46, 0.42, 0.42, 0.4, 0.4, 0.38, 0.34, 0.32, 0.3, 0.28, 0.28, 0.28, 0.28, 0.26, 0.24, 0.24, 0.24, 0.2, 0.18, 0.18, 0.16, 0.12, 0.1, 0.1, 0.08, 0.06, 0.06, 0.06, 0.06, 0.04], "best": [0.51111114, 0.55452853, 0.5565657, 0.5444445, 0.5528694, 0.55136055, 0.5548429, 0.5576767, 0.5592882, 0.56264406, 0.56775117, 0.568361, 0.5679068, 0.5627925, 0.56592596, 0.5683721, 0.5701254, 0.57278746, 0.5760688, 0.5785847, 0.58164686, 0.58487815, 0.58913106, 0.5934149, 0.5962426, 0.5998883, 0.6002086, 0.60367274, 0.60624176, 0.60784703, 0.6105743, 0.61386806, 0.6165934, 0.61904764, 0.6194246, 0.6209449, 0.62282306, 0.6253072, 0.6283303, 0.6314751, 0.6342782, 0.6361574, 0.63791406, 0.6398668, 0.6430859, 0.64588463, 0.64899415, 0.6523486, 0.65504766, 0.65760976], "duration": [31620, 27027, 26999, 25054, 31462, 27062, 27123, 27021, 29608, 27022, 26969, 31499, 31541, 27001, 26995, 27046, 27073, 27016, 26985, 31631, 27116, 27037, 27071, 27075, 27024, 27025, 27065, 27095, 31563, 31538, 31509, 27049, 27028, 31473, 27049, 27047, 31638, 27072, 31577, 27018, 27096, 31547, 27032, 27251, 27080, 27080, 27090, 27030, 27019, 27024]}