{"avg": [0.37380958, 0.41489798, 0.4612597, 0.3915362, 0.40060946, 0.44306812, 0.4178419, 0.4451258, 0.47005534, 0.45552158, 0.4558833, 0.53243303, 0.48874965, 0.4376591, 0.55172575, 0.5771297, 0.47755957, 0.4751964, 0.52795875, 0.50792086, 0.5214924, 0.51418567, 0.56421363, 0.53170145, 0.5850492, 0.52468634, 0.5489216, 0.5383663, 0.5867153, 0.57243145, 0.5746992, 0.6083033, 0.56098497, 0.59176826, 0.5952651, 0.59412247, 0.61868554, 0.57931894, 0.6172393, 0.6202719, 0.61836, 0.61960745, 0.5982436, 0.62507004, 0.6275736, 0.62875324, 0.59166974, 0.5945569, 0.6240555, 0.63320357], "std": [0.14374724, 0.14598152, 0.14975655, 0.13627261, 0.14595266, 0.15000948, 0.14792953, 0.14843081, 0.14875284, 0.1506482, 0.14821796, 0.123165235, 0.14274739, 0.15074252, 0.10807823, 0.07872988, 0.1475872, 0.14965932, 0.1273649, 0.14110437, 0.13407664, 0.1387183, 0.10664596, 0.12878646, 0.07464804, 0.13707797, 0.11900715, 0.1298001, 0.07239648, 0.098875195, 0.102874674, 0.011524398, 0.112017214, 0.07547722, 0.074741386, 0.0781467, 0.0104041835, 0.10408026, 0.011409436, 0.013414174, 0.011467263, 0.013076342, 0.082766175, 0.013691309, 0.011074446, 0.011481635, 0.107346416, 0.1033654, 0.018278383, 0.01658212], "var": [0.98, 0.98, 0.98, 0.96, 0.96, 0.96, 0.94, 0.96, 0.94, 0.94, 0.94, 0.92, 0.88, 0.88, 0.88, 0.88, 0.88, 0.86, 0.84, 0.82, 0.82, 0.8, 0.82, 0.82, 0.82, 0.8, 0.8, 0.8, 0.8, 0.8, 0.8, 0.82, 0.8, 0.78, 0.78, 0.8, 0.8, 0.8, 0.78, 0.76, 0.74, 0.74, 0.74, 0.72, 0.74, 0.72, 0.7, 0.68, 0.68, 0.66], "best": [0.5666667, 0.62448984, 0.5978654, 0.6076413, 0.6071847, 0.5965895, 0.5992754, 0.60139805, 0.60209066, 0.60425174, 0.599232, 0.6053222, 0.6038044, 0.60490626, 0.6040018, 0.6073325, 0.60734135, 0.6085902, 0.60754555, 0.60969096, 0.6157096, 0.6124021, 0.617749, 0.61325055, 0.61691666, 0.6157345, 0.61961716, 0.6238329, 0.6192484, 0.62567997, 0.6281574, 0.6303422, 0.62572986, 0.62538743, 0.62687737, 0.6326861, 0.6334453, 0.63545907, 0.63460106, 0.6375388, 0.6387933, 0.63370436, 0.6364736, 0.6415585, 0.64285016, 0.64298815, 0.6455042, 0.64624065, 0.64785755, 0.6506016], "duration": [1185, 1130, 1305, 1395, 1321, 1274, 1519, 1322, 1310, 1317, 1330, 1312, 1341, 1331, 1335, 1382, 1347, 1639, 1371, 1374, 1313, 1321, 1323, 1356, 1388, 1333, 1374, 1815, 1393, 1605, 1388, 1323, 1372, 1398, 1371, 1326, 1367, 1548, 1326, 1375, 1360, 1380, 1348, 1320, 1292, 1336, 1376, 1376, 1257, 1815]}