{"avg": [0.18518521, 0.17912087, 0.2143122, 0.21543415, 0.19716935, 0.24992962, 0.3048983, 0.28585213, 0.28878775, 0.29937986, 0.33418548, 0.3734213, 0.32227615, 0.3961652, 0.39765686, 0.40345567, 0.41304177, 0.4479517, 0.42082217, 0.47029883, 0.44832575, 0.47436738, 0.48103398, 0.497632, 0.47002319, 0.46790588, 0.4974537, 0.5132741, 0.520976, 0.523002, 0.526863, 0.5332766, 0.53735626, 0.52661383, 0.53983927, 0.54584795, 0.54847443, 0.5420006, 0.55420685, 0.5565771, 0.5586691, 0.5609626, 0.54856944, 0.5642504, 0.5564056, 0.5590184, 0.57022375, 0.5718346, 0.5730522, 0.5743346], "std": [0.057616115, 0.13890718, 0.124145694, 0.16225286, 0.1353712, 0.11121573, 0.11229659, 0.1406881, 0.120920025, 0.14798225, 0.119441114, 0.09809309, 0.1217172, 0.062432047, 0.06513009, 0.10387224, 0.07285976, 0.029750884, 0.09174453, 0.0097289365, 0.07661774, 0.03997542, 0.03865393, 2.9802322e-08, 0.12561898, 0.094731554, 0.04774721, 0.008278861, 0.0, 0.009729696, 0.009937886, 5.9604645e-08, 5.9604645e-08, 0.040659845, 0.012096322, 0.0, 1.1920929e-07, 0.036601305, 0.0, 5.9604645e-08, 0.0, 5.9604645e-08, 0.044719078, 5.9604645e-08, 0.037654, 0.0366013, 5.9604645e-08, 0.0, 5.9604645e-08, 0.0], "var": [1.0, 0.96, 0.88, 0.88, 0.8, 0.72, 0.64, 0.6, 0.52, 0.44, 0.44, 0.44, 0.36, 0.36, 0.36, 0.28, 0.24, 0.24, 0.24, 0.2, 0.16, 0.16, 0.16, 0.16, 0.16, 0.12, 0.08, 0.08, 0.08, 0.08, 0.08, 0.08, 0.08, 0.08, 0.04, 0.04, 0.04, 0.04, 0.04, 0.04, 0.04, 0.04, 0.04, 0.04, 0.04, 0.04, 0.04, 0.04, 0.04, 0.04], "best": [0.31111112, 0.3714286, 0.3803175, 0.38515663, 0.37492067, 0.38435745, 0.3825397, 0.39687952, 0.40214753, 0.4032164, 0.40803653, 0.41238785, 0.42428365, 0.42702216, 0.43439156, 0.4408362, 0.45148575, 0.45767197, 0.46691906, 0.47299713, 0.48150915, 0.4864204, 0.4917547, 0.49763197, 0.50359625, 0.50890785, 0.51185006, 0.5153439, 0.520976, 0.52570057, 0.5296192, 0.5332767, 0.5373562, 0.54068786, 0.54366446, 0.54584795, 0.54847455, 0.551151, 0.55420685, 0.556577, 0.5586691, 0.56096256, 0.5627109, 0.56425035, 0.56612784, 0.5681687, 0.5702237, 0.5718346, 0.57305217, 0.5743346], "duration": [3902, 4166, 3907, 2015, 7715, 9558, 9617, 5864, 7750, 7765, 9621, 10310, 12266, 4387, 5860, 4351, 8479, 4017, 6595, 2525, 5899, 4384, 4069, 2152, 2153, 5881, 4038, 2905, 2505, 2875, 2437, 2528, 2135, 4440, 5070, 2170, 2230, 2500, 2848, 2166, 2160, 2146, 2181, 2169, 2619, 3710, 2888, 2148, 2496, 2151]}