{"avg": [0.3412698, 0.38684812, 0.40573984, 0.44139934, 0.4711814, 0.4888239, 0.44341412, 0.48674732, 0.4543245, 0.45067033, 0.47231153, 0.5164659, 0.4996389, 0.50930727, 0.51246256, 0.5226043, 0.50408864, 0.5180234, 0.49198523, 0.54120445, 0.53193945, 0.5005306, 0.5099201, 0.54559624, 0.5694046, 0.5179851, 0.526738, 0.5575969, 0.562928, 0.57267976, 0.5751871, 0.5423412, 0.587735, 0.5785157, 0.5772505, 0.58255786, 0.601998, 0.6097264, 0.5986555, 0.6124497, 0.6169154, 0.61070776, 0.60112286, 0.62137425, 0.62506527, 0.63199455, 0.6364531, 0.6386182, 0.6359987, 0.64292437], "std": [0.0842467, 0.12984636, 0.118982784, 0.10279824, 0.10678766, 0.075675264, 0.12076759, 0.08305655, 0.12450276, 0.09407514, 0.09193454, 0.06785352, 0.07632195, 0.066094, 0.07083382, 0.063473806, 0.09914938, 0.09904205, 0.11591626, 0.05566557, 0.09719272, 0.11559575, 0.08576875, 0.04882157, 0.013621117, 0.107145324, 0.10721535, 0.049643546, 0.046217624, 0.019772327, 0.021232298, 0.11288608, 0.019020878, 0.052424923, 0.057278078, 0.05682309, 0.015545871, 0.006227103, 0.035564046, 0.02012198, 0.01162666, 0.030018725, 0.065317765, 0.023945797, 0.024460236, 0.010887554, 0.012970103, 0.013247063, 0.024100414, 0.015205786], "var": [1.0, 1.0, 1.0, 1.0, 0.98, 0.96, 0.96, 0.92, 0.92, 0.92, 0.9, 0.88, 0.9, 0.88, 0.86, 0.84, 0.84, 0.86, 0.88, 0.88, 0.88, 0.88, 0.84, 0.8, 0.76, 0.74, 0.72, 0.68, 0.68, 0.68, 0.66, 0.64, 0.62, 0.6, 0.58, 0.54, 0.54, 0.54, 0.52, 0.5, 0.48, 0.46, 0.42, 0.38, 0.34, 0.36, 0.38, 0.38, 0.36, 0.38], "best": [0.51111114, 0.5604309, 0.55626714, 0.55386007, 0.55092376, 0.5503814, 0.5526455, 0.55829334, 0.55968255, 0.5612277, 0.56289685, 0.56512475, 0.5657849, 0.56841743, 0.5700987, 0.5708882, 0.56944925, 0.57178986, 0.5747703, 0.5758952, 0.5780189, 0.5805195, 0.58260834, 0.5823429, 0.58461833, 0.58653826, 0.5892925, 0.5920075, 0.5942555, 0.59595203, 0.5980939, 0.6003969, 0.6027446, 0.6051472, 0.60787094, 0.6103102, 0.6130854, 0.6171231, 0.620835, 0.623133, 0.6264373, 0.6298255, 0.6325036, 0.6347727, 0.63771737, 0.6403005, 0.6428857, 0.64575255, 0.64876485, 0.65069485], "duration": [31326, 26683, 25287, 32115, 27569, 27414, 31684, 31632, 25306, 27282, 27326, 27336, 27283, 36467, 27225, 27247, 27343, 27360, 27022, 27335, 27329, 27303, 27326, 27334, 27326, 36470, 31878, 31942, 27367, 27381, 27472, 27378, 27383, 27326, 27479, 27378, 27373, 27299, 27250, 27137, 27215, 27225, 27310, 27268, 27266, 27271, 27206, 27218, 27298, 27304]}