{"avg": [0.37619048, 0.3480584, 0.41915348, 0.43142048, 0.484813, 0.36516935, 0.4425428, 0.4975101, 0.4368216, 0.45843053, 0.41908377, 0.45313185, 0.4686888, 0.48974514, 0.5080512, 0.51883847, 0.5305712, 0.5340824, 0.5337094, 0.5309778, 0.5397054, 0.5081333, 0.5473585, 0.5071579, 0.51583385, 0.53297275, 0.5561999, 0.54517365, 0.5753524, 0.57765675, 0.5539662, 0.5590667, 0.58267796, 0.5978328, 0.58948356, 0.60029554, 0.592945, 0.57280976, 0.60980093, 0.6139447, 0.5933911, 0.6283352, 0.6268965, 0.6438347, 0.64182854, 0.6527462, 0.64081025, 0.65909106, 0.6518438, 0.6519662], "std": [0.11921682, 0.15159026, 0.107722275, 0.12949967, 0.101584375, 0.13422489, 0.10889856, 0.07982931, 0.112384304, 0.11056967, 0.123191096, 0.112373926, 0.08565795, 0.10511457, 0.071248725, 0.07360968, 0.06314942, 0.06236347, 0.05896111, 0.06504262, 0.05843524, 0.08935089, 0.052485146, 0.09195626, 0.11088799, 0.08648888, 0.04729348, 0.0764208, 0.024568575, 0.024601387, 0.079858616, 0.09790443, 0.0521217, 0.027499676, 0.059275307, 0.030023063, 0.03665509, 0.11311741, 0.034208298, 0.03329879, 0.11677181, 0.029161988, 0.0329564, 0.025864096, 0.023286894, 0.0065259566, 0.03246674, 0.0067325733, 0.034729775, 0.038574617], "var": [0.96, 0.92, 0.88, 0.86, 0.86, 0.84, 0.84, 0.8, 0.76, 0.76, 0.72, 0.7, 0.68, 0.66, 0.66, 0.64, 0.6, 0.58, 0.58, 0.58, 0.56, 0.54, 0.54, 0.52, 0.5, 0.48, 0.44, 0.44, 0.4, 0.4, 0.36, 0.34, 0.3, 0.28, 0.26, 0.26, 0.22, 0.22, 0.2, 0.2, 0.18, 0.18, 0.14, 0.14, 0.14, 0.14, 0.14, 0.14, 0.12, 0.08], "best": [0.51111114, 0.55192745, 0.54841274, 0.5465609, 0.5538041, 0.5554686, 0.55602455, 0.5570962, 0.5613757, 0.5613954, 0.54564285, 0.5587302, 0.5481337, 0.5586087, 0.56395936, 0.5682956, 0.5726272, 0.57576317, 0.5763475, 0.5788324, 0.5801197, 0.5833556, 0.584453, 0.5862919, 0.5889324, 0.5911237, 0.59513766, 0.59699965, 0.5995145, 0.6029017, 0.6059861, 0.6083585, 0.6114305, 0.6157982, 0.6199547, 0.6241077, 0.6275227, 0.62945485, 0.6316115, 0.63464516, 0.6379419, 0.64109015, 0.6444811, 0.68060017, 0.65229744, 0.65587306, 0.65959597, 0.66218746, 0.66587305, 0.6687789], "duration": [23712, 24782, 26894, 27338, 27382, 26582, 31811, 27050, 25351, 29957, 26563, 31458, 25375, 31756, 27288, 27274, 27401, 27463, 27480, 27310, 27376, 27319, 27327, 27325, 27395, 27403, 27489, 27351, 32012, 32066, 27727, 36783, 32139, 27612, 36535, 32029, 27828, 27604, 27727, 27690, 27805, 27767, 27669, 27753, 27642, 27727, 27794, 27784, 27801, 27721]}