{"avg": [0.13148148, 0.18601413, 0.18063495, 0.17560233, 0.20440863, 0.1775447, 0.18940246, 0.22070736, 0.20053613, 0.24131714, 0.22435492, 0.23458482, 0.22938514, 0.2490138, 0.25207752, 0.26350382, 0.25784364, 0.23162208, 0.26195583, 0.27223727, 0.2718175, 0.2775872, 0.26259512, 0.26908255, 0.27738252, 0.28292832, 0.28460604, 0.2875561, 0.2773177, 0.29973853, 0.28671917, 0.28133023, 0.30840123, 0.31456828, 0.32097122, 0.3203482, 0.32485312, 0.34096375, 0.3573005, 0.35145268, 0.3614171, 0.34414628, 0.34030566, 0.341938, 0.35145384, 0.3625779, 0.3688696, 0.34165117, 0.37941056, 0.36163098], "std": [0.06851852, 0.076568484, 0.08811639, 0.07009953, 0.0469852, 0.06378872, 0.07662118, 0.05360253, 0.04546095, 0.089035936, 0.08683434, 0.05980432, 0.049534243, 0.05259174, 0.053606972, 0.049617216, 0.057832368, 0.061535392, 0.048707135, 0.06127507, 0.06683334, 0.07706665, 0.049337283, 0.04934698, 0.054049518, 0.046534307, 0.05007396, 0.049969412, 0.0521554, 0.050290104, 0.047156733, 0.056799307, 0.0509757, 0.06768679, 0.048691828, 0.0569144, 0.055021074, 0.044021863, 0.04391214, 0.047820177, 0.052392397, 0.047858965, 0.0637273, 0.050789595, 0.040543932, 0.05184136, 0.06018501, 0.053966906, 0.025299685, 0.05108523], "var": [1.0, 1.0, 1.0, 0.96, 0.94, 0.94, 0.94, 0.94, 0.94, 0.92, 0.9, 0.9, 0.86, 0.84, 0.8, 0.78, 0.76, 0.76, 0.76, 0.74, 0.74, 0.76, 0.74, 0.74, 0.74, 0.74, 0.74, 0.72, 0.72, 0.72, 0.72, 0.7, 0.68, 0.66, 0.64, 0.64, 0.64, 0.64, 0.6, 0.62, 0.62, 0.62, 0.64, 0.64, 0.68, 0.66, 0.64, 0.62, 0.58, 0.56], "best": [0.1888889, 0.278836, 0.2936508, 0.29910716, 0.30235535, 0.22970524, 0.3058201, 0.30937546, 0.29870713, 0.3657548, 0.32493895, 0.31592873, 0.31868458, 0.32306257, 0.33405486, 0.3368495, 0.32692677, 0.37515843, 0.34363937, 0.34669584, 0.34920636, 0.39739054, 0.35337478, 0.34151718, 0.35701486, 0.3475538, 0.35812026, 0.3597821, 0.36130184, 0.3633762, 0.36451614, 0.3655414, 0.3672192, 0.41650423, 0.41789976, 0.3892821, 0.39033115, 0.3743479, 0.42363977, 0.41988844, 0.44613144, 0.38173854, 0.3979606, 0.3981565, 0.40540242, 0.43478706, 0.4420724, 0.3900924, 0.40490043, 0.40583754], "duration": [6436, 5527, 5564, 3784, 5279, 5005, 5988, 8090, 4034, 3587, 11158, 4197, 7326, 3651, 4125, 7423, 5335, 3739, 3772, 5407, 7460, 3086, 3164, 3566, 3279, 7549, 5150, 3207, 2652, 4976, 4533, 7419, 5407, 7008, 7291, 7258, 7162, 5231, 9431, 11127, 7458, 3266, 9171, 5065, 9609, 5403, 11123, 3390, 5246, 10936]}