{"avg": [0.15555556, 0.18580027, 0.21864937, 0.16051832, 0.22237416, 0.2415234, 0.19799806, 0.23276621, 0.25826648, 0.22555763, 0.20485274, 0.23286381, 0.23829833, 0.25752825, 0.22964107, 0.2986897, 0.28883675, 0.28844422, 0.28431064, 0.29268554, 0.33738413, 0.27803272, 0.27189443, 0.31378642, 0.32781306, 0.34418127, 0.32681185, 0.35733357, 0.33168712, 0.35165337, 0.36855024, 0.36277363, 0.34402102, 0.37256896, 0.3732849, 0.36844438, 0.36843553, 0.38503656, 0.375779, 0.37874037, 0.38757312, 0.3873641, 0.42912078, 0.4050394, 0.40425122, 0.39576396, 0.45197016, 0.44100264, 0.4187242, 0.43314603], "std": [0.07071068, 0.102918655, 0.0985767, 0.092781685, 0.09615111, 0.09544012, 0.09592588, 0.0833587, 0.08284175, 0.10006821, 0.09147263, 0.088937655, 0.09157928, 0.08771082, 0.10724295, 0.057674836, 0.08486874, 0.07975038, 0.09827695, 0.09297197, 0.063476905, 0.10287213, 0.108848326, 0.07982277, 0.07969974, 0.07118419, 0.10128541, 0.058655582, 0.08737659, 0.08745123, 0.079920806, 0.06456005, 0.066204555, 0.056557782, 0.06883422, 0.07603701, 0.071004, 0.09289853, 0.10635567, 0.094147876, 0.07794991, 0.067910634, 0.06614703, 0.06081355, 0.057227645, 0.054847557, 0.042761352, 0.06436648, 0.07451831, 0.06948516], "var": [1.0, 1.0, 1.0, 1.0, 1.0, 1.0, 1.0, 1.0, 1.0, 1.0, 1.0, 0.96, 0.94, 0.94, 0.94, 0.94, 0.9, 0.92, 0.92, 0.9, 0.88, 0.86, 0.86, 0.86, 0.86, 0.86, 0.82, 0.82, 0.84, 0.84, 0.84, 0.82, 0.82, 0.8, 0.8, 0.8, 0.76, 0.76, 0.76, 0.74, 0.74, 0.74, 0.72, 0.72, 0.74, 0.74, 0.74, 0.74, 0.74, 0.74], "best": [0.2777778, 0.30982143, 0.3900666, 0.39672825, 0.4008433, 0.405754, 0.31112733, 0.4112797, 0.41358438, 0.41143957, 0.31831807, 0.4020862, 0.40342265, 0.41372102, 0.40317464, 0.41243726, 0.41429842, 0.4070983, 0.41754478, 0.41932464, 0.41861567, 0.4209957, 0.42194623, 0.4231544, 0.41713196, 0.41930953, 0.51243067, 0.42299718, 0.5167028, 0.431467, 0.5142417, 0.43473297, 0.43709964, 0.44735712, 0.4398978, 0.5291685, 0.43906924, 0.5253278, 0.5350008, 0.52974635, 0.45307577, 0.46279597, 0.53442687, 0.45971787, 0.5063147, 0.46339077, 0.5482769, 0.55082595, 0.5342857, 0.5355941], "duration": [4110, 7819, 11933, 1914, 5822, 10049, 7726, 3917, 3870, 7774, 5789, 5795, 10862, 7770, 9676, 6173, 7827, 15808, 10561, 10073, 11923, 7737, 9675, 7745, 15806, 13564, 13548, 13566, 11618, 15823, 11613, 11605, 9678, 13561, 13557, 13559, 11620, 13885, 17168, 13558, 13737, 13563, 13572, 13562, 13576, 13583, 15831, 13564, 11624, 13560]}