{"avg": [0.15037037, 0.18412699, 0.19691698, 0.21266319, 0.22348714, 0.2505535, 0.23312137, 0.23324884, 0.24179894, 0.2422738, 0.25335464, 0.252797, 0.25985262, 0.26861587, 0.2789041, 0.2832605, 0.30009648, 0.29310286, 0.30106336, 0.29994974, 0.3161794, 0.3218774, 0.2963107, 0.3182159, 0.3316533, 0.33593172, 0.35225815, 0.3722857, 0.33770213, 0.363448, 0.3661135, 0.3713609, 0.39274892, 0.3853882, 0.3899203, 0.40833396, 0.42158258, 0.42093983, 0.43764582, 0.4486873, 0.43884706, 0.45591432, 0.44720072, 0.45655257, 0.4555341, 0.46727473, 0.4784967, 0.48423484, 0.47682068, 0.48853096], "std": [0.06701965, 0.065676704, 0.051911876, 0.058710765, 0.03522237, 0.038669765, 0.0419643, 0.04076887, 0.040822625, 0.055720903, 0.030977616, 0.022390252, 0.02689757, 0.02829795, 0.032513745, 0.032593023, 0.04085826, 0.035192903, 0.02823101, 0.029361086, 0.021517858, 0.037003696, 0.056609068, 0.038363658, 0.04185204, 0.036448166, 0.050078083, 0.037019663, 0.0341572, 0.039585, 0.050424673, 0.047742084, 0.04629859, 0.047040004, 0.049889676, 0.049919, 0.03157725, 0.06117271, 0.051379483, 0.04348814, 0.045805838, 0.0394958, 0.057226405, 0.058839753, 0.039844655, 0.038810458, 0.041680206, 0.026880743, 0.038060106, 0.043063484], "var": [1.0, 1.0, 0.96, 0.92, 0.92, 0.88, 0.84, 0.76, 0.76, 0.68, 0.64, 0.64, 0.6, 0.56, 0.48, 0.48, 0.44, 0.44, 0.4, 0.48, 0.52, 0.52, 0.56, 0.52, 0.48, 0.44, 0.44, 0.44, 0.44, 0.44, 0.36, 0.4, 0.4, 0.36, 0.4, 0.32, 0.32, 0.28, 0.28, 0.28, 0.28, 0.28, 0.28, 0.28, 0.28, 0.24, 0.24, 0.24, 0.2, 0.2], "best": [0.2888889, 0.2761905, 0.30679566, 0.31481484, 0.2920635, 0.3206976, 0.32306764, 0.3271938, 0.30972224, 0.3282187, 0.31605536, 0.30990595, 0.31732428, 0.31870812, 0.33140934, 0.3319728, 0.3964853, 0.32316658, 0.325064, 0.32915688, 0.3346609, 0.42156085, 0.3985126, 0.34012818, 0.4250619, 0.426741, 0.428334, 0.42984128, 0.3590566, 0.44034362, 0.43522662, 0.44322807, 0.4457071, 0.4405237, 0.44787508, 0.5134142, 0.45098686, 0.51845044, 0.5205579, 0.5230987, 0.52579147, 0.5272443, 0.5301559, 0.53252316, 0.53556526, 0.53752667, 0.5400484, 0.54318523, 0.5455563, 0.5483582], "duration": [4362, 8147, 1980, 4236, 11044, 8757, 4787, 7791, 8747, 7900, 13594, 5841, 9734, 9716, 11655, 13087, 8719, 13570, 16515, 13581, 15851, 13594, 14825, 13597, 28136, 13596, 13610, 13591, 11685, 13596, 13634, 13596, 11665, 13597, 13596, 15863, 13598, 13832, 13614, 13609, 13614, 15877, 13774, 13608, 15881, 13615, 13605, 13623, 15877, 13651]}