{"avg": [0.4466667, 0.46746033, 0.50723064, 0.47393304, 0.501637, 0.46314234, 0.44345236, 0.48839355, 0.46751022, 0.47430173, 0.4260069, 0.52862537, 0.44587567, 0.5182532, 0.5107302, 0.5626554, 0.5440758, 0.5117862, 0.5333125, 0.5610559, 0.5660201, 0.5856907, 0.54584926, 0.5711318, 0.56562424, 0.57369745, 0.5959611, 0.56857646, 0.5767754, 0.62285864, 0.5790649, 0.5992698, 0.5965342, 0.6246919, 0.58726, 0.6030353, 0.6063522, 0.634765, 0.58249766, 0.6191561, 0.6365525, 0.62455, 0.6395292, 0.64886105, 0.6490938, 0.654192, 0.66432685, 0.6670166, 0.66889226, 0.67202455], "std": [0.14696941, 0.15352377, 0.13755576, 0.15291655, 0.14357185, 0.1534242, 0.15066552, 0.14589375, 0.15138195, 0.150492, 0.15086582, 0.1302034, 0.15490966, 0.13734622, 0.13788396, 0.10217068, 0.122285165, 0.14198345, 0.12702107, 0.10359969, 0.10408765, 0.07749488, 0.1235633, 0.10594486, 0.107580565, 0.106248766, 0.07784625, 0.114370115, 0.10996342, 0.009196348, 0.1131968, 0.09063181, 0.09710641, 0.014142243, 0.11431598, 0.08459055, 0.092075594, 0.016369447, 0.13177243, 0.088270254, 0.021489412, 0.09124273, 0.02301742, 0.015942331, 0.022581978, 0.02162845, 0.01644137, 0.019089647, 0.021553522, 0.022125337], "var": [0.98, 0.94, 0.9, 0.9, 0.9, 0.9, 0.86, 0.84, 0.82, 0.78, 0.74, 0.74, 0.74, 0.7, 0.66, 0.62, 0.58, 0.54, 0.52, 0.52, 0.54, 0.54, 0.52, 0.5, 0.48, 0.46, 0.44, 0.46, 0.44, 0.44, 0.42, 0.42, 0.42, 0.4, 0.38, 0.36, 0.36, 0.36, 0.36, 0.34, 0.34, 0.32, 0.3, 0.3, 0.28, 0.24, 0.24, 0.24, 0.22, 0.2], "best": [0.5666667, 0.61746037, 0.61198163, 0.60793656, 0.61349213, 0.6205514, 0.60134584, 0.6167108, 0.6150477, 0.6021241, 0.61196667, 0.612465, 0.6146761, 0.61596084, 0.61795735, 0.61762744, 0.61887205, 0.6199634, 0.6111914, 0.6198495, 0.6193269, 0.62062514, 0.6214709, 0.62074256, 0.62426, 0.6247991, 0.6274671, 0.6292664, 0.63082016, 0.6324086, 0.6349964, 0.637295, 0.63931257, 0.6413334, 0.6435296, 0.6460467, 0.6470456, 0.6490451, 0.6523149, 0.6541303, 0.65704817, 0.65901065, 0.66198015, 0.6640359, 0.66673833, 0.6694567, 0.6723728, 0.676137, 0.6801217, 0.6838288], "duration": [1290, 1506, 1328, 1276, 1228, 1236, 1337, 1527, 1247, 1247, 1264, 1221, 1306, 1319, 1305, 1272, 1478, 1315, 1317, 1291, 1236, 1235, 1234, 1292, 1334, 1324, 1276, 1329, 1299, 1304, 1291, 1318, 1306, 1474, 1280, 1301, 1379, 1263, 1336, 1554, 1292, 1268, 1449, 1522, 1347, 1261, 1501, 1542, 1260, 1239]}