{"avg": [0.0920635, 0.16644701, 0.15168068, 0.14782168, 0.19047295, 0.24814016, 0.07616264, 0.1582954, 0.21662416, 0.20422608, 0.19155893, 0.21816607, 0.19755402, 0.2021297, 0.19985451, 0.29030225, 0.2264599, 0.30309707, 0.28599438, 0.27825662, 0.32348067, 0.2819753, 0.34079108, 0.33484703, 0.32910287], "std": [0.11992272, 0.13373539, 0.16606802, 0.10876744, 0.14774306, 0.13557765, 0.12040118, 0.17769285, 0.17048454, 0.17423883, 0.1522272, 0.1332662, 0.10624754, 0.12423807, 0.11445335, 0.11381337, 0.15109076, 0.09400264, 0.11219925, 0.13185108, 0.09210642, 0.1485371, 0.109207906, 0.11673945, 0.11334347], "var": [0.96, 0.92, 0.92, 0.9, 0.88, 0.86, 0.84, 0.82, 0.82, 0.78, 0.74, 0.74, 0.7, 0.7, 0.7, 0.7, 0.66, 0.64, 0.62, 0.6, 0.56, 0.54, 0.54, 0.54, 0.52], "best": [0.3555556, 0.3963719, 0.5349207, 0.3976022, 0.53999484, 0.3982272, 0.38989145, 0.54092866, 0.54265875, 0.5439825, 0.3952907, 0.39704406, 0.3984908, 0.39623517, 0.3950527, 0.39541295, 0.39741743, 0.39843097, 0.39990836, 0.40519926, 0.40778294, 0.40929288, 0.53873587, 0.541704, 0.5388998], "duration": [5724, 3890, 7699, 2039, 3901, 5790, 2033, 5729, 4027, 7806, 1976, 5805, 1977, 5828, 7662, 3989, 3897, 3911, 11467, 5796, 2141, 4022, 9595, 5850, 4283]}