{"avg": [0.47450992, 0.4394244, 0.47915637, 0.4895975, 0.5102755, 0.4354141, 0.48524135, 0.47326127, 0.48455852, 0.5089053, 0.4762673, 0.5082238, 0.5031772, 0.5163178, 0.5090916, 0.4856213, 0.5262653, 0.49120602, 0.54447156, 0.53684723, 0.55198413, 0.5187268, 0.5362757, 0.520254, 0.5291204, 0.5400392, 0.56093353, 0.5603109, 0.56012636, 0.57281876, 0.5702374, 0.56934273, 0.5859626, 0.5690053, 0.58841676, 0.5656707, 0.55908805, 0.5801468, 0.5765614, 0.5974259, 0.614533, 0.61884737, 0.62342155, 0.6237812, 0.61893195, 0.61998045, 0.62601507, 0.6371047, 0.6423253, 0.65005153], "std": [0.065983936, 0.103195615, 0.10249369, 0.084369235, 0.06519276, 0.1090047, 0.08868638, 0.10308334, 0.10658921, 0.07135086, 0.10296474, 0.079817176, 0.07821592, 0.06997728, 0.08110853, 0.087482214, 0.067515, 0.11174642, 0.054328274, 0.057525523, 0.053941783, 0.08104799, 0.060531907, 0.08246888, 0.080922, 0.05902911, 0.04236603, 0.046016816, 0.07441752, 0.058131754, 0.05824598, 0.05644398, 0.024828682, 0.07122233, 0.055403493, 0.08155035, 0.090848245, 0.07216758, 0.07655003, 0.053383205, 0.018829951, 0.021588957, 0.01203237, 0.022673657, 0.027391767, 0.06519782, 0.02019277, 0.014297062, 0.00790694, 0.006388124], "var": [0.98, 0.98, 0.94, 0.94, 0.9, 0.88, 0.88, 0.88, 0.88, 0.86, 0.84, 0.84, 0.82, 0.82, 0.82, 0.82, 0.82, 0.8, 0.78, 0.8, 0.76, 0.74, 0.72, 0.74, 0.7, 0.7, 0.72, 0.72, 0.72, 0.72, 0.7, 0.72, 0.72, 0.74, 0.74, 0.74, 0.74, 0.74, 0.72, 0.74, 0.72, 0.72, 0.7, 0.68, 0.66, 0.62, 0.6, 0.58, 0.58, 0.58], "best": [0.51111114, 0.55592906, 0.5517274, 0.5517274, 0.5545285, 0.5538535, 0.55678654, 0.55493754, 0.55538195, 0.5585637, 0.5600864, 0.55913836, 0.56349206, 0.56589615, 0.5691469, 0.5734127, 0.57389015, 0.5764775, 0.5775447, 0.5809629, 0.62542164, 0.5863179, 0.58808625, 0.5839631, 0.5910963, 0.59274375, 0.59407157, 0.5934732, 0.5987345, 0.60298485, 0.6063995, 0.6089839, 0.6113194, 0.61428577, 0.6172564, 0.62027067, 0.62272614, 0.62424743, 0.6269229, 0.62914556, 0.6316064, 0.6350171, 0.6379622, 0.6411069, 0.6447339, 0.6471416, 0.6500548, 0.65187126, 0.6490803, 0.65755516], "duration": [31570, 25084, 27013, 31838, 31449, 26640, 27443, 27040, 27034, 27065, 26998, 28334, 27098, 31573, 27035, 25081, 27058, 27002, 27035, 27020, 27015, 31538, 27136, 27030, 27068, 27097, 27077, 27100, 27221, 27217, 27097, 27102, 27118, 36126, 27056, 31558, 27025, 27054, 27003, 27013, 27069, 27083, 27127, 40590, 27053, 27012, 27171, 27110, 27165, 27083]}