{"avg": [0.45416674, 0.42753533, 0.4365437, 0.45286116, 0.4192919, 0.47933486, 0.45288002, 0.48769844, 0.48315987, 0.48570794, 0.46458784, 0.50000894, 0.503953, 0.5230059, 0.51641333, 0.49866858, 0.50421506, 0.5414701, 0.53825116, 0.54939014, 0.55108297, 0.5603212, 0.5648802, 0.5595905, 0.57467467, 0.57956856, 0.5875704, 0.5873244, 0.5989087, 0.5983271, 0.57722276, 0.6006575, 0.60880005, 0.606961, 0.6215229, 0.62682766, 0.624605, 0.62548476, 0.62670463, 0.6403177, 0.6345945, 0.64565605, 0.6487544, 0.6556123, 0.65476155, 0.6498176, 0.6649438, 0.65201664, 0.66966957, 0.6701889], "std": [0.10569254, 0.13023755, 0.16522372, 0.1623146, 0.122197054, 0.095081106, 0.15928899, 0.14094456, 0.10640496, 0.10885576, 0.11770887, 0.10063305, 0.10256203, 0.057083268, 0.079615675, 0.111913614, 0.10776619, 0.053369153, 0.054689478, 0.051458932, 0.05801581, 0.016979609, 0.018808689, 0.057112895, 0.01860513, 0.019222429, 0.016424064, 0.019098697, 0.018421503, 0.026718123, 0.07546955, 0.023203945, 0.022806609, 0.027818454, 0.019676305, 0.019990588, 0.021262266, 0.025100067, 0.03060831, 0.024758836, 0.03446643, 0.016669443, 0.017731093, 0.01451442, 0.030999945, 0.037003193, 0.022998657, 0.04226616, 0.01967481, 0.028446767], "var": [0.98, 0.96, 0.92, 0.9, 0.86, 0.84, 0.84, 0.84, 0.84, 0.82, 0.82, 0.8, 0.8, 0.78, 0.76, 0.72, 0.7, 0.68, 0.64, 0.6, 0.56, 0.56, 0.52, 0.5, 0.46, 0.44, 0.44, 0.42, 0.42, 0.42, 0.38, 0.34, 0.3, 0.28, 0.26, 0.26, 0.24, 0.22, 0.22, 0.2, 0.18, 0.16, 0.14, 0.12, 0.12, 0.16, 0.14, 0.1, 0.06, 0.06], "best": [0.51111114, 0.5587302, 0.55452853, 0.5577965, 0.5561661, 0.55321336, 0.55411404, 0.5568505, 0.5592796, 0.5582508, 0.5606175, 0.5579276, 0.5640349, 0.5595353, 0.56505793, 0.56993467, 0.57271355, 0.57596546, 0.57749176, 0.5783051, 0.5820123, 0.58584857, 0.58726054, 0.5908015, 0.5949431, 0.5986919, 0.60231376, 0.60756177, 0.6106541, 0.6159656, 0.62051564, 0.6226425, 0.62588525, 0.62974906, 0.6324116, 0.6372546, 0.64104193, 0.6441524, 0.64718807, 0.65016645, 0.6532912, 0.6556979, 0.6588523, 0.6621386, 0.66583884, 0.66904986, 0.67156374, 0.67509323, 0.6770259, 0.680079], "duration": [27130, 31186, 31485, 27009, 26657, 27010, 31593, 26942, 31454, 26964, 26995, 27073, 27025, 26943, 31540, 31493, 31461, 27025, 27045, 31556, 27060, 27027, 26999, 26970, 31589, 27054, 31575, 26975, 26997, 26973, 26989, 26973, 26982, 27051, 36068, 27001, 27004, 27028, 26996, 27037, 27002, 27057, 27040, 31483, 28208, 27126, 32692, 26950, 27037, 31542]}