{"avg": [0.39841273, 0.4710034, 0.41, 0.4620604, 0.4230575, 0.530114, 0.4836287, 0.4980505, 0.48474312, 0.46026304, 0.49075705, 0.5397226, 0.45374158, 0.513263, 0.4877826, 0.54379517, 0.49963754, 0.53920573, 0.5218001, 0.5259421, 0.5113277, 0.5462792, 0.5263799, 0.5564648, 0.5431775, 0.56174153, 0.5737596, 0.5461545, 0.567583, 0.5461748, 0.562277, 0.57101345, 0.59165835, 0.59930557, 0.6033402, 0.5753288, 0.57804674, 0.5673436, 0.61871225, 0.59952635, 0.59012526, 0.6008446, 0.5898022, 0.6364327, 0.6386706, 0.622979, 0.64129585, 0.6521114, 0.66072196, 0.66202337], "std": [0.12750883, 0.11392712, 0.14763464, 0.10995751, 0.13737793, 0.052230738, 0.12635416, 0.076116465, 0.12381714, 0.11115237, 0.110823065, 0.042485993, 0.14341834, 0.10010754, 0.10893239, 0.03903883, 0.10807209, 0.04959217, 0.10169825, 0.096223645, 0.12936465, 0.051842246, 0.10353367, 0.046457287, 0.064788505, 0.049964473, 0.017060883, 0.09503219, 0.05336585, 0.10272755, 0.09386924, 0.052950677, 0.023412615, 0.015467719, 0.020057037, 0.062984586, 0.1101381, 0.11050306, 0.015433539, 0.106781155, 0.11077442, 0.11285994, 0.12408176, 0.016672548, 0.017449135, 0.06519242, 0.02479049, 0.01604934, 0.004889337, 0.0099563245], "var": [1.0, 1.0, 0.98, 0.98, 0.94, 0.9, 0.86, 0.86, 0.84, 0.8, 0.76, 0.74, 0.74, 0.72, 0.68, 0.68, 0.68, 0.7, 0.68, 0.66, 0.62, 0.6, 0.62, 0.62, 0.6, 0.58, 0.6, 0.56, 0.54, 0.52, 0.5, 0.5, 0.48, 0.46, 0.42, 0.4, 0.4, 0.38, 0.34, 0.34, 0.32, 0.3, 0.28, 0.28, 0.26, 0.24, 0.2, 0.18, 0.16, 0.16], "best": [0.51111114, 0.5621315, 0.5626984, 0.5671958, 0.5683308, 0.5672772, 0.5674347, 0.56688714, 0.5643898, 0.5602718, 0.5628511, 0.56638825, 0.5695527, 0.56993467, 0.57020205, 0.5702348, 0.57226896, 0.5740488, 0.5722415, 0.57478595, 0.5777185, 0.5792801, 0.58199394, 0.5843712, 0.58698833, 0.58929074, 0.593141, 0.5959779, 0.5972124, 0.60063076, 0.6031914, 0.6071702, 0.6096108, 0.6136093, 0.6176182, 0.6218531, 0.62317795, 0.62618375, 0.62873966, 0.6329237, 0.63704705, 0.63977766, 0.64324325, 0.6462066, 0.6503236, 0.65413433, 0.65679425, 0.65950686, 0.6625809, 0.66570455], "duration": [31815, 27360, 26989, 27191, 26976, 27403, 27494, 27522, 25526, 31838, 25592, 27328, 29944, 27439, 31727, 27508, 27372, 31911, 27365, 31938, 27306, 32032, 27367, 27355, 27334, 27360, 31950, 31957, 32000, 31949, 27426, 32144, 27343, 27371, 27395, 27374, 27812, 27782, 27793, 27723, 27585, 27674, 32288, 32318, 27812, 27492, 27514, 27453, 31290, 27468]}