{"avg": [0.15555556, 0.20371695, 0.19134985, 0.21445037, 0.2181196, 0.19990595, 0.22809665, 0.20611833, 0.2025119, 0.22025749, 0.27197725, 0.24214008, 0.26776916, 0.24667661, 0.2374008, 0.2751906, 0.26376316, 0.2756261, 0.31104934, 0.2850804, 0.3163744, 0.33428568, 0.27093473, 0.33785853, 0.30125317], "std": [0.07071068, 0.08694791, 0.08042583, 0.08770331, 0.08544728, 0.059731398, 0.07799046, 0.09303176, 0.085018076, 0.09611862, 0.0890553, 0.12227004, 0.0817298, 0.070608385, 0.09041749, 0.063465975, 0.10777499, 0.07592441, 0.075254664, 0.07990602, 0.06972557, 0.06030322, 0.11439792, 0.08265327, 0.09676679], "var": [0.98, 0.96, 0.94, 0.92, 0.92, 0.9, 0.88, 0.84, 0.82, 0.82, 0.78, 0.74, 0.7, 0.7, 0.66, 0.64, 0.6, 0.62, 0.58, 0.54, 0.54, 0.56, 0.58, 0.54, 0.54], "best": [0.2777778, 0.3896826, 0.30926782, 0.40108076, 0.31685564, 0.31575546, 0.31527779, 0.3214286, 0.3222857, 0.3218845, 0.40746439, 0.40868843, 0.41024536, 0.33646128, 0.3391775, 0.34223166, 0.41166797, 0.34429473, 0.41451985, 0.41789082, 0.41904256, 0.41893637, 0.4205932, 0.4397626, 0.4421805], "duration": [4027, 7876, 5891, 10137, 5827, 4037, 9838, 5888, 5887, 5934, 11695, 7831, 11745, 12041, 13660, 9883, 9747, 9745, 9732, 9750, 9743, 11714, 9793, 9765, 11691]}