{"avg": [0.121568635, 0.14208944, 0.25089946, 0.17280756, 0.19728635, 0.23673804, 0.15689842, 0.17570873, 0.21043731, 0.17251933, 0.1919969, 0.22359252, 0.12675868, 0.21402565, 0.21761338, 0.23082547, 0.17466047, 0.20642596, 0.23696649, 0.17470238, 0.2579545, 0.2813475, 0.31923917, 0.19607653, 0.22816814, 0.2251939, 0.24970837, 0.25324985, 0.25387257, 0.24757929, 0.23758027, 0.26980716, 0.26493812, 0.27804846, 0.25175837, 0.24271488, 0.24955265, 0.2599714, 0.29556814, 0.2655925, 0.27967212, 0.3012278, 0.25995582, 0.2922465, 0.24456781, 0.29213095, 0.31132916, 0.27344915, 0.2994584, 0.3272449], "std": [0.11835661, 0.1294345, 0.111227095, 0.12452468, 0.10083302, 0.0995643, 0.11479404, 0.15137671, 0.15044671, 0.13425891, 0.13563655, 0.13482355, 0.10438287, 0.13012424, 0.1565065, 0.11757132, 0.112670906, 0.11225416, 0.13919254, 0.11833214, 0.09130248, 0.1119631, 0.07888028, 0.12882175, 0.13229959, 0.09742444, 0.09406854, 0.10773435, 0.14139442, 0.12064808, 0.12711108, 0.13024679, 0.11585167, 0.13270457, 0.09082135, 0.123378634, 0.12528683, 0.11033758, 0.10891943, 0.12970881, 0.11509794, 0.0979083, 0.13399394, 0.13071992, 0.11254112, 0.11984377, 0.10910587, 0.12128306, 0.11571261, 0.10629847], "var": [0.99333334, 0.9866667, 0.9866667, 0.9866667, 0.97333336, 0.97333336, 0.96666664, 0.96, 0.9533333, 0.94, 0.9266667, 0.91333336, 0.9, 0.8933333, 0.88666666, 0.87333333, 0.8666667, 0.8666667, 0.87333333, 0.86, 0.85333335, 0.8466667, 0.8466667, 0.8333333, 0.8333333, 0.84, 0.8333333, 0.8333333, 0.8333333, 0.82666665, 0.82666665, 0.81333333, 0.8066667, 0.8, 0.79333335, 0.79333335, 0.79333335, 0.79333335, 0.78, 0.76666665, 0.76666665, 0.76666665, 0.75333333, 0.74666667, 0.73333335, 0.7266667, 0.7266667, 0.72, 0.70666665, 0.7133333], "best": [0.3555556, 0.37936512, 0.38140595, 0.38603178, 0.3836941, 0.38049892, 0.38195825, 0.3825664, 0.38199118, 0.38220334, 0.3823413, 0.38329116, 0.3772745, 0.38268986, 0.3835668, 0.38113225, 0.37892905, 0.38326424, 0.38494426, 0.3820437, 0.38522917, 0.3863207, 0.38267553, 0.3837383, 0.388134, 0.38765395, 0.38924128, 0.38435328, 0.38831234, 0.38430944, 0.385178, 0.3901468, 0.38996643, 0.38614976, 0.38695952, 0.39170933, 0.38823077, 0.38850528, 0.39019096, 0.54636204, 0.3929904, 0.39186257, 0.39275798, 0.54905754, 0.39458552, 0.39475495, 0.39595324, 0.39631277, 0.39707038, 0.39707327], "duration": [3895, 3808, 3890, 1874, 1922, 5760, 2047, 1930, 3809, 3805, 4168, 2078, 1836, 3825, 3850, 5725, 5649, 2015, 5726, 3825, 2245, 2040, 2161, 1958, 3869, 3904, 4236, 3996, 3853, 5751, 1929, 3850, 2365, 2073, 2016, 2307, 5906, 5741, 7613, 2094, 3915, 3998, 3983, 4031, 1992, 3977, 7729, 2065, 3900, 2033]}