{"avg": [0.3884445, 0.4162699, 0.42015404, 0.42488253, 0.4273969, 0.43092704, 0.43779686, 0.4452223, 0.44885007, 0.44675243, 0.45487174, 0.4508661, 0.46814513, 0.4692775, 0.46700698, 0.46889016, 0.48543411, 0.48708606, 0.4944438, 0.48972547, 0.4945953, 0.49381498, 0.5000709, 0.5070033, 0.51096314, 0.51867616, 0.5197682, 0.5226684, 0.5286227, 0.53042847, 0.5392464, 0.5388468, 0.5460459, 0.5565224, 0.55102533, 0.5530981, 0.5622221, 0.56522566, 0.56225663, 0.56071943, 0.56312287, 0.5695621, 0.56815445, 0.5661469, 0.56571656, 0.5747599, 0.5714531, 0.5814313, 0.5749092, 0.57864016], "std": [0.12713286, 0.11849534, 0.11649905, 0.12230683, 0.123852365, 0.12189616, 0.12794924, 0.113314144, 0.1253077, 0.116576515, 0.11651976, 0.113830194, 0.10965249, 0.104394816, 0.10072967, 0.10319142, 0.089756355, 0.08702445, 0.085381426, 0.08258941, 0.08103626, 0.08138255, 0.0865563, 0.07907404, 0.07920443, 0.078402855, 0.083592236, 0.07650863, 0.07404885, 0.076241165, 0.060748085, 0.06216708, 0.05359245, 0.05873507, 0.058526624, 0.056569606, 0.054597743, 0.046221547, 0.04278531, 0.03939142, 0.04348133, 0.042694904, 0.041909244, 0.033262767, 0.039448924, 0.0438688, 0.035545573, 0.04008732, 0.027310789, 0.026299074], "var": [0.98, 0.96, 0.94, 0.92, 0.9, 0.88, 0.84, 0.84, 0.84, 0.8, 0.8, 0.78, 0.78, 0.78, 0.76, 0.74, 0.74, 0.72, 0.72, 0.74, 0.74, 0.74, 0.72, 0.7, 0.7, 0.7, 0.72, 0.72, 0.74, 0.72, 0.74, 0.76, 0.78, 0.78, 0.74, 0.72, 0.72, 0.74, 0.72, 0.72, 0.7, 0.68, 0.7, 0.7, 0.7, 0.7, 0.72, 0.72, 0.68, 0.68], "best": [0.6, 0.5850794, 0.5848413, 0.5860318, 0.5884127, 0.62409526, 0.6264286, 0.59344673, 0.6276191, 0.6244445, 0.6294286, 0.597114, 0.62043655, 0.59815633, 0.6011678, 0.6358413, 0.6307143, 0.60300654, 0.5930424, 0.6014453, 0.60426986, 0.5946259, 0.60525256, 0.60263634, 0.6056945, 0.6034032, 0.60637975, 0.64903, 0.62731296, 0.64359605, 0.6097778, 0.6106554, 0.6109276, 0.64914864, 0.64683473, 0.62416327, 0.655463, 0.62711716, 0.6397243, 0.61357754, 0.63888097, 0.6599536, 0.65302724, 0.62008494, 0.6372619, 0.66441274, 0.6621118, 0.6709524, 0.62759924, 0.641312], "duration": [70342, 69852, 69696, 69786, 69347, 69331, 70589, 72441, 71956, 71921, 72003, 71661, 72397, 72728, 72753, 72942, 75374, 74703, 75342, 76175, 74695, 75805, 77700, 77336, 76579, 78326, 78739, 79118, 78917, 78936, 78949, 80174, 82534, 80617, 80686, 80612, 83860, 84738, 84194, 84680, 83852, 84666, 84565, 84683, 84555, 84590, 84691, 84748, 84886, 84802]}