{"avg": [0.45416674, 0.43082672, 0.3913851, 0.4453315, 0.41148612, 0.4472791, 0.49693003, 0.4838948, 0.4449112, 0.47273445, 0.47530708, 0.48417294, 0.53919524, 0.49984774, 0.5148742, 0.47505763, 0.5045895, 0.5310123, 0.47350147, 0.5191722, 0.5432105, 0.5065437, 0.5188107, 0.5040451, 0.56307894, 0.55871606, 0.56651694, 0.5528275, 0.5688264, 0.57888484, 0.56806207, 0.579214, 0.57165843, 0.5894991, 0.5974931, 0.60036904, 0.60676646, 0.61069566, 0.61292666, 0.59263015, 0.63452244, 0.61565703, 0.63890964, 0.63495713, 0.63687235, 0.6433196, 0.6518253, 0.64077777, 0.65565836, 0.6501013], "std": [0.10569254, 0.14184803, 0.14774378, 0.11118694, 0.18460353, 0.1128266, 0.07862708, 0.112866975, 0.16167395, 0.117521115, 0.14428772, 0.10616127, 0.043303046, 0.10827983, 0.13332272, 0.14423972, 0.08122914, 0.055575497, 0.14547203, 0.07134425, 0.04308013, 0.11408055, 0.13472173, 0.109904245, 0.016444473, 0.01520902, 0.015831789, 0.057517417, 0.020952595, 0.020638581, 0.01843816, 0.02301618, 0.057964403, 0.024906786, 0.024302103, 0.027862292, 0.022751959, 0.025051657, 0.025286403, 0.06638616, 0.017272593, 0.038292456, 0.00744307, 0.026117422, 0.027279167, 0.026319612, 0.01745229, 0.035486057, 0.026795022, 0.0376841], "var": [0.98, 0.98, 0.96, 0.94, 0.9, 0.86, 0.84, 0.84, 0.84, 0.8, 0.78, 0.78, 0.78, 0.78, 0.78, 0.78, 0.74, 0.72, 0.72, 0.68, 0.64, 0.62, 0.6, 0.6, 0.58, 0.58, 0.56, 0.58, 0.54, 0.5, 0.48, 0.44, 0.42, 0.38, 0.36, 0.36, 0.34, 0.3, 0.26, 0.22, 0.2, 0.18, 0.16, 0.16, 0.14, 0.12, 0.12, 0.08, 0.08, 0.08], "best": [0.51111114, 0.55128974, 0.5479775, 0.54910505, 0.5506657, 0.5511955, 0.5520014, 0.5538801, 0.5624081, 0.5622763, 0.5654457, 0.5647858, 0.565873, 0.56871855, 0.56933624, 0.55832666, 0.5681784, 0.56894696, 0.5705096, 0.5711491, 0.57194936, 0.5748177, 0.5772715, 0.57802635, 0.5779294, 0.58253974, 0.5837773, 0.58775514, 0.5902942, 0.5939977, 0.5981743, 0.5993552, 0.60440075, 0.60796106, 0.61241305, 0.6167821, 0.62057585, 0.6252821, 0.62980044, 0.6333049, 0.6801385, 0.6395934, 0.6418265, 0.64616245, 0.6498956, 0.6531167, 0.65666556, 0.6599778, 0.66257685, 0.6660297], "duration": [27171, 27079, 26995, 27041, 27033, 31418, 27002, 27027, 31444, 27004, 31479, 31536, 27083, 27014, 27053, 31548, 26971, 26999, 26996, 27019, 27015, 26933, 31545, 27038, 27045, 27047, 27075, 27062, 27073, 31808, 27137, 40599, 27057, 27059, 27018, 27066, 27072, 27017, 27044, 27006, 27008, 27007, 27037, 27039, 27075, 27052, 27048, 31544, 27042, 27007]}