{"avg": [0.15833333, 0.17326389, 0.16965349, 0.16835257, 0.20925927, 0.19773808, 0.22934406, 0.23815863, 0.20705703, 0.22204281, 0.2419675, 0.22427817, 0.2302035, 0.22763047, 0.2676278, 0.23341602, 0.23786598, 0.26096827, 0.29250014, 0.26248223, 0.29844195, 0.31294486, 0.32640332, 0.28748608, 0.29966184, 0.3505149, 0.33743173, 0.36155123, 0.335939, 0.34282312, 0.34605718, 0.35832876, 0.37068728, 0.38627273, 0.37559554, 0.38806245, 0.41090986, 0.38594756, 0.4003864, 0.4307879, 0.4194635, 0.43884575, 0.44151163, 0.4569569, 0.4518951, 0.46238434, 0.44980824, 0.467025, 0.47259277, 0.48399004], "std": [0.09149817, 0.071481, 0.057398725, 0.07776597, 0.06881822, 0.07930759, 0.06108434, 0.08021527, 0.070134945, 0.07443819, 0.083414875, 0.0804129, 0.06077743, 0.06862467, 0.08505396, 0.076705344, 0.07334049, 0.08157064, 0.0820429, 0.08298568, 0.08032423, 0.09250836, 0.073236085, 0.06996359, 0.08614906, 0.06592957, 0.07638982, 0.08267647, 0.071252055, 0.07862081, 0.08393126, 0.09158592, 0.06986033, 0.060608976, 0.08476911, 0.07572945, 0.05580691, 0.080753155, 0.06992154, 0.09024799, 0.08366513, 0.050317492, 0.057928197, 0.03123613, 0.051723853, 0.039941702, 0.05575807, 0.0442387, 0.039073657, 0.008574811], "var": [1.0, 1.0, 0.98, 0.94, 0.94, 0.94, 0.94, 0.92, 0.9, 0.86, 0.86, 0.86, 0.82, 0.82, 0.78, 0.8, 0.8, 0.8, 0.8, 0.76, 0.8, 0.78, 0.78, 0.78, 0.74, 0.76, 0.74, 0.74, 0.74, 0.74, 0.74, 0.7, 0.68, 0.68, 0.66, 0.64, 0.66, 0.64, 0.6, 0.56, 0.54, 0.5, 0.48, 0.46, 0.44, 0.4, 0.4, 0.42, 0.4, 0.36], "best": [0.3777778, 0.32093257, 0.3134921, 0.40572813, 0.38095242, 0.38285717, 0.40734348, 0.4119489, 0.3202125, 0.38409325, 0.41174808, 0.38848075, 0.3260234, 0.41325867, 0.41403323, 0.4151201, 0.3883175, 0.41651273, 0.4181031, 0.41796133, 0.4214161, 0.422625, 0.42430842, 0.4026499, 0.42759562, 0.42949572, 0.42464375, 0.43299803, 0.43309996, 0.4366778, 0.43910235, 0.4397213, 0.4411922, 0.44354823, 0.44675988, 0.45116568, 0.5181904, 0.45471334, 0.45860386, 0.5292223, 0.46408734, 0.53407556, 0.52967346, 0.47284058, 0.5398709, 0.5342452, 0.49236113, 0.5451247, 0.48709238, 0.4905156], "duration": [1984, 4208, 3963, 3930, 6157, 6231, 5886, 5913, 2029, 4091, 4273, 5821, 4009, 5921, 4051, 3940, 4355, 5889, 5886, 1974, 5928, 7755, 5834, 9722, 7756, 11691, 5852, 12030, 3992, 7715, 5906, 9000, 7809, 4252, 7749, 5907, 7846, 7809, 10055, 11305, 5873, 7724, 5903, 3947, 8596, 9729, 3044, 9705, 2135, 2367]}