{"avg": [0.37380958, 0.3679209, 0.4324339, 0.45312178, 0.42599213, 0.3747787, 0.45586613, 0.43663073, 0.49852207, 0.47029805, 0.418558, 0.51609975, 0.4380988, 0.4837467, 0.44256657, 0.5849567, 0.53390956, 0.55429304, 0.5339037, 0.57014686, 0.5296904, 0.57922506, 0.5566523, 0.57212484, 0.5762577], "std": [0.14374724, 0.12594557, 0.14754164, 0.15047306, 0.1470627, 0.13104214, 0.14825274, 0.14803332, 0.1399662, 0.15004355, 0.14927812, 0.13693367, 0.15020238, 0.15021971, 0.15364923, 0.0762165, 0.12344137, 0.11731245, 0.13009009, 0.10917542, 0.13520253, 0.09947702, 0.12700315, 0.11042363, 0.11005027], "var": [1.0, 0.96, 0.92, 0.9, 0.88, 0.88, 0.84, 0.86, 0.86, 0.84, 0.8, 0.78, 0.78, 0.76, 0.74, 0.7, 0.68, 0.66, 0.66, 0.64, 0.62, 0.58, 0.54, 0.5, 0.46], "best": [0.5666667, 0.5921769, 0.6007937, 0.6031747, 0.59841275, 0.5951755, 0.5988488, 0.6012579, 0.60228264, 0.6046935, 0.6077498, 0.6096089, 0.61232346, 0.6140441, 0.6170935, 0.61875653, 0.6097182, 0.61980146, 0.62325746, 0.6241184, 0.6264998, 0.6278072, 0.6327189, 0.635761, 0.6381593], "duration": [1329, 1337, 1265, 1284, 1293, 1266, 1291, 1201, 1287, 1276, 1230, 1278, 1265, 1236, 1440, 1485, 1350, 1442, 1475, 1274, 1328, 1251, 1282, 1308, 1313]}