{"avg": [0.39866665, 0.41981906, 0.42634764, 0.43272385, 0.43274528, 0.4327315, 0.43886033, 0.43314284, 0.43358335, 0.4339735, 0.44029722, 0.4286043, 0.42277625, 0.4230169, 0.42339325, 0.42387685, 0.42458335, 0.4190292, 0.42581275, 0.43258202, 0.43296486, 0.43937337, 0.4516754, 0.4520647, 0.44655448, 0.44686863, 0.45334148, 0.4596138, 0.45994365, 0.45385158, 0.45452446, 0.46030816, 0.46082088, 0.4616352, 0.4565721, 0.45727238, 0.45722625, 0.45709226, 0.4518961, 0.44611508, 0.43483913, 0.4344446, 0.4406218, 0.44054928, 0.4533739, 0.4659428, 0.45988578, 0.4543189, 0.45507073, 0.45569766], "std": [0.14891611, 0.14845695, 0.14947104, 0.15023239, 0.15020975, 0.15014581, 0.15062071, 0.15050128, 0.15059295, 0.150902, 0.15123065, 0.15041542, 0.14948212, 0.14957981, 0.149759, 0.14963743, 0.14992523, 0.14878458, 0.1499123, 0.151012, 0.15068069, 0.15116234, 0.1513592, 0.15111014, 0.15098587, 0.15105075, 0.15146299, 0.15143037, 0.15146679, 0.1513498, 0.15177923, 0.15129541, 0.15154694, 0.15121903, 0.15091762, 0.15126942, 0.15087546, 0.15039912, 0.15029733, 0.14956777, 0.14819829, 0.14732833, 0.14858852, 0.14828545, 0.14945577, 0.14961252, 0.14915912, 0.14869645, 0.14883934, 0.14850658], "var": [1.0, 0.96, 0.96, 0.96, 0.92, 0.88, 0.84, 0.82, 0.82, 0.78, 0.76, 0.76, 0.72, 0.72, 0.74, 0.72, 0.74, 0.72, 0.72, 0.74, 0.76, 0.78, 0.78, 0.76, 0.74, 0.74, 0.72, 0.74, 0.74, 0.76, 0.76, 0.74, 0.72, 0.72, 0.72, 0.72, 0.7, 0.72, 0.74, 0.74, 0.74, 0.76, 0.74, 0.74, 0.7, 0.7, 0.7, 0.66, 0.66, 0.66], "best": [0.5666667, 0.6014286, 0.6014286, 0.60365087, 0.604881, 0.6042858, 0.60404766, 0.6038776, 0.6057143, 0.6063493, 0.6074286, 0.6084416, 0.6092858, 0.60989016, 0.61027217, 0.6109842, 0.6116965, 0.61268914, 0.61357147, 0.6148121, 0.61600006, 0.6169162, 0.61779225, 0.6185922, 0.61928576, 0.619962, 0.62045795, 0.6210935, 0.62170076, 0.6222825, 0.62263495, 0.62314904, 0.6234524, 0.62372303, 0.6240197, 0.6243674, 0.6248678, 0.6252381, 0.62548876, 0.6258731, 0.6261667, 0.6265041, 0.626644, 0.62683284, 0.6269589, 0.62723815, 0.627557, 0.6277812, 0.62793654, 0.62809527], "duration": [3217, 3183, 3179, 3246, 3228, 3220, 3243, 3217, 3205, 3212, 3190, 3154, 3149, 3163, 3229, 3259, 3260, 3227, 3240, 3200, 3168, 3221, 3238, 3227, 3196, 3251, 3214, 3248, 3234, 3210, 3224, 3257, 3241, 3247, 3253, 3233, 3248, 3098, 3084, 3266, 3231, 3260, 3267, 3233, 3245, 3247, 3259, 3250, 3254, 3236]}