{"avg": [0.119444445, 0.15137029, 0.124561206, 0.2114749, 0.19800287, 0.17188537, 0.19381379, 0.21409181, 0.15841228, 0.25977942, 0.23929285, 0.24212307, 0.19553672, 0.22918634, 0.18746394, 0.24656273, 0.27607232, 0.2657135, 0.284969, 0.29927567, 0.29856366, 0.2631969, 0.3458293, 0.30503425, 0.33474606, 0.3644231, 0.341811, 0.34824288, 0.36485392, 0.37304366, 0.3887885, 0.3273194, 0.3838868, 0.3611873, 0.39793375, 0.3779438, 0.364325, 0.32989085, 0.3923974, 0.39191675, 0.38786906, 0.40990338, 0.4326248, 0.42296758, 0.3973765, 0.4337342, 0.45194432, 0.38012818, 0.42720586, 0.45364198], "std": [0.11808008, 0.12957862, 0.13013615, 0.087669335, 0.116261326, 0.123358935, 0.12312994, 0.10786468, 0.14927703, 0.12164171, 0.12684631, 0.12036328, 0.12363202, 0.11851404, 0.12073975, 0.12130427, 0.108808115, 0.14204279, 0.15526755, 0.15388627, 0.16220112, 0.11270599, 0.09265717, 0.108133085, 0.09745556, 0.089277565, 0.112964414, 0.12568282, 0.09896957, 0.09591464, 0.09478894, 0.13066149, 0.09477745, 0.15504545, 0.16602212, 0.14595707, 0.14089328, 0.14383179, 0.081953034, 0.08876995, 0.13974503, 0.11763347, 0.107097104, 0.1611949, 0.16506182, 0.11957419, 0.11464257, 0.11618704, 0.12958927, 0.11728764], "var": [1.0, 0.98, 0.96, 0.92, 0.92, 0.92, 0.92, 0.94, 0.9, 0.9, 0.88, 0.86, 0.84, 0.8, 0.8, 0.78, 0.8, 0.78, 0.76, 0.78, 0.76, 0.74, 0.7, 0.68, 0.66, 0.66, 0.66, 0.64, 0.64, 0.64, 0.68, 0.66, 0.68, 0.68, 0.68, 0.7, 0.7, 0.72, 0.72, 0.72, 0.72, 0.74, 0.76, 0.74, 0.72, 0.74, 0.74, 0.74, 0.76, 0.76], "best": [0.31111112, 0.37341273, 0.37787703, 0.3740741, 0.37858447, 0.38183883, 0.37837306, 0.38304478, 0.38673472, 0.38719064, 0.38829368, 0.38935417, 0.38248155, 0.3864155, 0.3842132, 0.389353, 0.3907523, 0.5357114, 0.5370852, 0.54230714, 0.5431858, 0.399037, 0.54064876, 0.40370375, 0.54565704, 0.5470086, 0.54371727, 0.54752904, 0.5505051, 0.5481251, 0.5466996, 0.5457786, 0.5503519, 0.55538124, 0.55659, 0.5554716, 0.55919456, 0.5601645, 0.5567361, 0.5583405, 0.56151116, 0.5629646, 0.5629404, 0.56367713, 0.56218135, 0.56568885, 0.56818056, 0.573603, 0.567954, 0.567428], "duration": [4218, 4167, 2673, 3903, 6044, 4240, 9682, 5980, 5890, 7892, 7823, 7954, 4489, 4161, 5899, 7808, 4768, 4183, 4597, 5950, 4213, 4490, 9658, 6375, 2390, 2190, 4220, 4285, 2366, 7885, 4237, 2264, 6155, 6061, 4310, 3175, 2459, 2270, 4363, 6135, 6144, 6537, 4313, 4386, 2479, 6154, 2404, 8301, 2571, 2564]}