{"avg": [0.15244447, 0.18656825, 0.18866028, 0.20192385, 0.20055316, 0.21368381, 0.2102413, 0.21752878, 0.23136036, 0.23499897, 0.23781079, 0.2537873, 0.26238415, 0.26964054, 0.2666907, 0.26071557, 0.26360896, 0.2619752, 0.28831643, 0.25086898, 0.28702378, 0.28151292, 0.27267733, 0.28612942, 0.29670838, 0.29763782, 0.28437966, 0.30499196, 0.30191895, 0.3138424, 0.31442162, 0.3159152, 0.3238703, 0.33591804, 0.3353608, 0.3444929, 0.33622512, 0.35072377, 0.3558279, 0.34260234, 0.35023537, 0.34560624, 0.35442853, 0.37004802, 0.3632175, 0.37074837, 0.36719584, 0.35333535, 0.36725408, 0.3712022], "std": [0.11725333, 0.12282278, 0.12456189, 0.12798944, 0.11065289, 0.11118084, 0.11389292, 0.112563886, 0.10735266, 0.10709451, 0.09312012, 0.10682473, 0.08718457, 0.08766123, 0.09387062, 0.10139499, 0.105356745, 0.09707075, 0.0936057, 0.10415917, 0.090620525, 0.09231285, 0.099534735, 0.092635944, 0.091535576, 0.0927604, 0.10638659, 0.09979195, 0.09038571, 0.080142364, 0.08712329, 0.09018668, 0.088782355, 0.07667601, 0.08279821, 0.06511643, 0.07230584, 0.06459624, 0.063114114, 0.07357065, 0.06645104, 0.07046899, 0.07951939, 0.060629018, 0.059820205, 0.05816587, 0.07478236, 0.06914141, 0.06366661, 0.059172444], "var": [1.0, 0.96, 0.96, 0.96, 0.94, 0.92, 0.92, 0.9, 0.9, 0.88, 0.84, 0.82, 0.82, 0.82, 0.8, 0.78, 0.76, 0.72, 0.72, 0.72, 0.7, 0.7, 0.68, 0.68, 0.66, 0.68, 0.68, 0.66, 0.68, 0.68, 0.66, 0.68, 0.66, 0.64, 0.6, 0.58, 0.62, 0.58, 0.56, 0.54, 0.52, 0.5, 0.48, 0.46, 0.48, 0.48, 0.48, 0.46, 0.46, 0.46], "best": [0.3555556, 0.38365084, 0.38722226, 0.3880953, 0.3885318, 0.3890794, 0.3896032, 0.38997737, 0.3903175, 0.39047623, 0.39050797, 0.39040408, 0.3905953, 0.39112335, 0.3913719, 0.3919683, 0.39225203, 0.39261442, 0.39320108, 0.3936759, 0.39415082, 0.39458054, 0.3950794, 0.395597, 0.39613098, 0.3966413, 0.39720395, 0.39776018, 0.3970522, 0.39849484, 0.39750797, 0.39902717, 0.39930558, 0.40653682, 0.40692812, 0.39884812, 0.40772492, 0.4081296, 0.40392652, 0.4091087, 0.40519845, 0.40592724, 0.40665537, 0.40732747, 0.40796903, 0.4132064, 0.4319531, 0.414664, 0.41535717, 0.41603178], "duration": [9124, 10071, 10569, 10558, 9756, 10577, 10406, 8587, 9898, 12083, 12689, 12979, 12740, 13420, 14172, 15034, 15983, 15361, 17004, 14912, 18364, 16519, 15649, 17717, 19399, 19379, 17653, 20893, 20452, 19685, 21383, 19237, 20924, 20180, 19834, 21497, 19408, 20421, 20684, 18090, 19669, 19896, 18718, 19637, 18843, 19022, 20031, 19923, 19693, 21839]}