{"avg": [0.423077, 0.44801477, 0.44723204, 0.45954156, 0.459158, 0.4709664, 0.49531445, 0.5181978, 0.54441226, 0.54735684, 0.554173, 0.56240344, 0.57051575, 0.5790154, 0.5944637, 0.60095805, 0.6315669, 0.6459369, 0.6432197, 0.66607165, 0.65989363, 0.68530846, 0.6923935, 0.69910884, 0.7046222, 0.71071047, 0.71593285, 0.72125876, 0.725704, 0.73012346, 0.7336959, 0.73730165, 0.7402103, 0.7431888, 0.74641997, 0.74935365, 0.7518386, 0.7543735, 0.7566057, 0.75904787, 0.76098186, 0.7631895, 0.7652162, 0.76720816, 0.76916444, 0.7709065, 0.77240175, 0.77361995, 0.7751642, 0.7765426], "std": [0.11305661, 0.12453673, 0.12683013, 0.113423795, 0.13513832, 0.13383366, 0.096721955, 0.085201725, 0.06812304, 0.05554946, 0.07269152, 0.07953972, 0.08033887, 0.08020965, 0.0875684, 0.08886886, 0.021377826, 0.018467136, 0.08589689, 0.017293701, 0.09233762, 0.0030595965, 5.9604645e-08, 1.1920929e-07, 0.0, 1.7881393e-07, 0.0, 5.9604645e-08, 2.9802322e-07, 1.7881393e-07, 5.9604645e-08, 5.9604645e-08, 1.7881393e-07, 1.7881393e-07, 1.7881393e-07, 1.7881393e-07, 0.0, 1.7881393e-07, 5.9604645e-08, 5.9604645e-08, 1.1920929e-07, 2.3841858e-07, 2.9802322e-07, 5.9604645e-08, 1.1920929e-07, 1.7881393e-07, 1.7881393e-07, 1.1920929e-07, 0.0, 0.0], "var": [0.96, 0.92, 0.84, 0.8, 0.78, 0.7, 0.62, 0.54, 0.46, 0.4, 0.38, 0.3, 0.26, 0.2, 0.16, 0.14, 0.12, 0.1, 0.1, 0.08, 0.04, 0.02, 0.02, 0.02, 0.02, 0.02, 0.02, 0.02, 0.02, 0.02, 0.02, 0.02, 0.02, 0.02, 0.02, 0.02, 0.02, 0.02, 0.02, 0.02, 0.02, 0.02, 0.02, 0.02, 0.02, 0.02, 0.02, 0.02, 0.02, 0.02], "best": [0.51111114, 0.54865694, 0.5515424, 0.55158734, 0.55476195, 0.5585538, 0.56119823, 0.5646199, 0.60165256, 0.57615876, 0.58382905, 0.5920324, 0.6028352, 0.6121856, 0.62144494, 0.6311965, 0.6399212, 0.649983, 0.6596303, 0.6697654, 0.6783817, 0.6859329, 0.69239354, 0.6991087, 0.7046222, 0.7107103, 0.71593285, 0.7212588, 0.7257037, 0.7301233, 0.73369586, 0.7373016, 0.7402105, 0.7431886, 0.74642015, 0.7493538, 0.7518386, 0.7543733, 0.75660574, 0.7590479, 0.76098174, 0.76318973, 0.7652159, 0.7672082, 0.7691643, 0.7709067, 0.7724016, 0.77361983, 0.7751642, 0.7765426], "duration": [57987, 65299, 51439, 62982, 53686, 67356, 62897, 54004, 54038, 58466, 58634, 54144, 54067, 58667, 54261, 54135, 65144, 63079, 58557, 67619, 58570, 54110, 54765, 54182, 72125, 58609, 67705, 63120, 67637, 63173, 67599, 58602, 54125, 58597, 54153, 58616, 58508, 58603, 72170, 58579, 63152, 54133, 63147, 63109, 58591, 58575, 54089, 58573, 54066, 58603]}