{"avg": [0.39791673, 0.45384923, 0.38238975, 0.4226002, 0.4949422, 0.44630796, 0.48351526, 0.46574017, 0.48322558, 0.46531063, 0.54137045, 0.5708814, 0.58814967, 0.53329766, 0.5372729, 0.51012534, 0.5643137, 0.5711365, 0.5972528, 0.5975941, 0.5338877, 0.5708928, 0.6015846, 0.5732989, 0.61303836, 0.59730166, 0.6113034, 0.6337202, 0.6171379, 0.6357756, 0.6252631, 0.636672, 0.6791172, 0.64777416, 0.6522754, 0.6917415, 0.6676003, 0.6927719, 0.698029, 0.6878779, 0.69697297, 0.71801513, 0.7042532, 0.7216942, 0.69253284, 0.6851457, 0.7300453, 0.740928, 0.73368514, 0.7466705], "std": [0.14882353, 0.1521212, 0.13920988, 0.15289013, 0.14205256, 0.15363096, 0.14754009, 0.15069114, 0.14935562, 0.15252073, 0.12332214, 0.096021816, 0.08433201, 0.14080696, 0.14089097, 0.14936939, 0.112735294, 0.106573425, 0.080282934, 0.080819964, 0.14776787, 0.13069557, 0.08515232, 0.13509396, 0.091677465, 0.12262341, 0.12526304, 0.081582524, 0.0895687, 0.092269115, 0.0989526, 0.12332385, 0.021003658, 0.098416746, 0.09486231, 0.026299136, 0.104131766, 0.034126, 0.034153994, 0.1037763, 0.04104034, 0.017453443, 0.04183453, 0.0340241, 0.10935584, 0.11803549, 0.029924117, 1.1920929e-07, 0.038878635, 5.9604645e-08], "var": [0.98, 0.98, 0.98, 0.96, 0.94, 0.94, 0.92, 0.9, 0.86, 0.82, 0.8, 0.78, 0.76, 0.74, 0.76, 0.76, 0.72, 0.7, 0.72, 0.72, 0.68, 0.64, 0.62, 0.62, 0.6, 0.58, 0.54, 0.52, 0.48, 0.44, 0.4, 0.36, 0.32, 0.3, 0.26, 0.24, 0.2, 0.2, 0.18, 0.18, 0.18, 0.16, 0.14, 0.14, 0.12, 0.08, 0.08, 0.08, 0.08, 0.08], "best": [0.5666667, 0.6098215, 0.6127497, 0.6148149, 0.61388224, 0.6129988, 0.6092593, 0.6093442, 0.6101874, 0.6117883, 0.61635613, 0.6201029, 0.6243496, 0.6301969, 0.6338436, 0.6384921, 0.6395834, 0.6396826, 0.6410923, 0.64456016, 0.64735043, 0.6493585, 0.6538327, 0.65618014, 0.6601596, 0.66370857, 0.66764, 0.673083, 0.67840064, 0.6799298, 0.6839174, 0.6862467, 0.69173676, 0.696578, 0.69944555, 0.70261145, 0.7082469, 0.7116884, 0.71469307, 0.71800816, 0.7216899, 0.7243775, 0.7284012, 0.73047906, 0.7338776, 0.73629713, 0.73804295, 0.7409281, 0.74407595, 0.7466704], "duration": [1241, 1201, 1200, 1195, 1378, 1242, 1182, 1184, 1598, 1374, 1179, 1374, 1183, 1198, 1178, 1182, 1183, 1191, 1152, 1190, 1168, 1189, 1180, 1157, 1333, 1144, 1140, 1530, 1141, 1334, 1140, 1354, 1148, 1106, 1100, 1664, 1178, 1198, 1207, 1210, 2845, 1168, 1226, 1143, 1134, 1136, 1329, 1145, 1147, 1193]}