{"avg": [0.13518518, 0.19372137, 0.15745853, 0.23465973, 0.19344285, 0.19481483, 0.18881945, 0.18872015, 0.1705001, 0.23597454, 0.25385067, 0.20311813, 0.23808761, 0.24462141, 0.22663014, 0.23781027, 0.27913082, 0.2422831, 0.25769255, 0.28320366, 0.2418826, 0.25231382, 0.2993641, 0.2652787, 0.26333562, 0.29143575, 0.31345063, 0.3190671, 0.30502567, 0.3504762, 0.3537567, 0.33496016, 0.3497335, 0.32146743, 0.3603448, 0.3782992, 0.38074455, 0.37822118, 0.38120204, 0.4063128, 0.40849632, 0.3849011, 0.35829166, 0.4026845, 0.44050497, 0.42834324, 0.42948306, 0.4376079, 0.447751, 0.45580223], "std": [0.09458958, 0.087834224, 0.099456474, 0.056878626, 0.08790767, 0.10964767, 0.10123163, 0.08312136, 0.085499175, 0.08977532, 0.053804018, 0.10334317, 0.061443046, 0.07961665, 0.08731682, 0.09645256, 0.07861519, 0.07838694, 0.07312389, 0.07815864, 0.09005153, 0.12162452, 0.06933065, 0.0635559, 0.08784961, 0.093657695, 0.09220812, 0.08019089, 0.084229045, 0.06534993, 0.05810105, 0.07968359, 0.06531709, 0.064920634, 0.09210443, 0.07459412, 0.07742327, 0.058854952, 0.06381156, 0.0735398, 0.0773606, 0.06644657, 0.085783, 0.06315561, 0.04322464, 0.053734288, 0.07145336, 0.04805995, 0.047714386, 0.039213274], "var": [1.0, 1.0, 1.0, 0.98, 0.96, 0.96, 0.94, 0.92, 0.9, 0.88, 0.9, 0.88, 0.88, 0.86, 0.88, 0.86, 0.88, 0.86, 0.84, 0.86, 0.86, 0.86, 0.82, 0.8, 0.78, 0.76, 0.74, 0.72, 0.74, 0.72, 0.72, 0.7, 0.7, 0.68, 0.66, 0.66, 0.66, 0.68, 0.68, 0.68, 0.66, 0.66, 0.64, 0.6, 0.58, 0.58, 0.56, 0.54, 0.5, 0.48], "best": [0.2777778, 0.31746033, 0.31457433, 0.3224814, 0.3212272, 0.32222223, 0.32793653, 0.32829776, 0.31285596, 0.40790415, 0.32783657, 0.41255575, 0.33083314, 0.41446978, 0.33228716, 0.4153081, 0.41585416, 0.41612273, 0.41732013, 0.41796133, 0.3413311, 0.41951707, 0.42041346, 0.34448844, 0.42387712, 0.4298421, 0.43172672, 0.4341008, 0.4284883, 0.43465903, 0.43998653, 0.43830386, 0.4435623, 0.43475553, 0.44488144, 0.4495094, 0.45228267, 0.45240837, 0.45692948, 0.45577452, 0.46172166, 0.4647311, 0.4633171, 0.46749124, 0.46581042, 0.47155124, 0.4735487, 0.47392792, 0.47875315, 0.48156613], "duration": [2813, 2060, 2473, 2028, 2001, 2004, 2115, 1999, 1992, 1967, 1990, 2005, 1999, 2467, 2096, 1983, 3228, 2050, 2412, 2044, 2025, 2059, 2360, 2299, 2113, 2737, 1950, 1991, 2098, 2047, 2094, 2130, 2021, 4656, 2185, 1969, 2065, 2047, 2047, 1934, 2197, 2032, 2064, 2082, 2020, 1995, 2016, 2613, 2350, 1948]}