{"avg": [0.4222223, 0.39437172, 0.32806903, 0.4166118, 0.4468585, 0.37125283, 0.43487644, 0.4389139, 0.45869327, 0.41715336, 0.4273731, 0.41523957, 0.4468679, 0.49589026, 0.4536293, 0.4730767, 0.4542248, 0.46509832, 0.51037765, 0.4701767, 0.496464, 0.46890444, 0.43441987, 0.43148807, 0.46621242, 0.46381256, 0.50092274, 0.4922413, 0.4813289, 0.46716297, 0.5312715, 0.5053012, 0.5235823, 0.49081832, 0.5462437, 0.50118244, 0.483177, 0.5247993, 0.47444847, 0.5126055, 0.5183692, 0.53693414, 0.52960426, 0.5112312, 0.51983184, 0.52142894, 0.53019357, 0.53417695, 0.5582195, 0.53825015], "std": [0.0902671, 0.17657696, 0.12390842, 0.15138423, 0.109379046, 0.162003, 0.12247639, 0.1019497, 0.10363636, 0.12054363, 0.10936919, 0.100426175, 0.10724203, 0.06933277, 0.11079257, 0.12441073, 0.1233274, 0.109496914, 0.09138739, 0.12916785, 0.098086685, 0.1102242, 0.11100638, 0.1399083, 0.12641792, 0.12434894, 0.07231414, 0.10139907, 0.12291645, 0.09146301, 0.04908422, 0.092560776, 0.05743909, 0.10278491, 0.006548818, 0.074496865, 0.15227616, 0.0608512, 0.15233162, 0.06941239, 0.09140406, 0.03851992, 0.088605046, 0.09961432, 0.094144225, 0.09458885, 0.064136766, 0.06400715, 0.007097973, 0.05610051], "var": [1.0, 1.0, 1.0, 0.98, 0.97, 0.96, 0.94, 0.93, 0.92, 0.91, 0.89, 0.9, 0.88, 0.88, 0.88, 0.88, 0.88, 0.88, 0.87, 0.85, 0.83, 0.84, 0.83, 0.83, 0.82, 0.81, 0.8, 0.8, 0.79, 0.78, 0.78, 0.77, 0.76, 0.75, 0.74, 0.74, 0.73, 0.75, 0.73, 0.73, 0.71, 0.7, 0.68, 0.68, 0.67, 0.67, 0.67, 0.65, 0.65, 0.64], "best": [0.51111114, 0.5602183, 0.54336923, 0.545559, 0.5458806, 0.54275674, 0.5416876, 0.5429989, 0.54414916, 0.54666233, 0.5476288, 0.5428133, 0.54574317, 0.5438908, 0.5456867, 0.54484934, 0.5468254, 0.5483452, 0.5497816, 0.5499622, 0.54765266, 0.5508394, 0.54902273, 0.55020887, 0.549974, 0.5526193, 0.55353737, 0.5518969, 0.5522274, 0.55250615, 0.55238414, 0.5520525, 0.55264455, 0.55337197, 0.5536491, 0.55383784, 0.55433273, 0.5553398, 0.55622196, 0.55417943, 0.55578506, 0.55517083, 0.55549264, 0.55807155, 0.56001717, 0.560523, 0.5620217, 0.5873417, 0.56235015, 0.56371695], "duration": [26958, 26966, 24068, 26670, 26370, 24762, 27007, 27029, 27031, 25215, 26383, 26855, 26935, 26994, 26675, 27017, 26977, 26951, 27107, 27002, 27036, 26973, 26917, 26960, 25063, 31521, 27037, 31999, 27105, 27001, 28197, 31629, 27057, 25206, 27214, 27185, 31564, 27180, 27082, 27137, 27149, 27183, 27106, 27175, 27108, 27021, 27690, 27009, 27093, 27086]}