{"avg": [0.14644447, 0.16597462, 0.17145558, 0.17919049, 0.18014842, 0.18215172, 0.18021429, 0.17775331, 0.17810479, 0.18020849, 0.17996065, 0.17303003, 0.17341115, 0.1742269, 0.17669973, 0.1697613, 0.17272383, 0.16540748, 0.16562171, 0.16671982, 0.16948241, 0.17107666, 0.17028384, 0.16504474, 0.16262184, 0.1546319, 0.14898291, 0.15815413, 0.15530235, 0.16066253, 0.15767112, 0.1629065, 0.15297122, 0.15276597, 0.15424266, 0.14902304, 0.14575534, 0.14678776, 0.1483832, 0.1524137, 0.14470468, 0.14002009, 0.13807032, 0.1404294, 0.13862902, 0.1371418, 0.1314735, 0.12394671, 0.12199664, 0.11926485], "std": [0.07429306, 0.08534617, 0.0804446, 0.08003209, 0.079110615, 0.0768725, 0.07734717, 0.08073717, 0.083930336, 0.084938526, 0.08603869, 0.08283145, 0.07490366, 0.08119322, 0.08280272, 0.08273274, 0.08172294, 0.082463466, 0.080429055, 0.07472184, 0.08033354, 0.087678686, 0.092344984, 0.093784206, 0.0933279, 0.08744033, 0.092085786, 0.10285515, 0.096670754, 0.09089266, 0.09962237, 0.09083883, 0.09870605, 0.09388439, 0.09795773, 0.09850969, 0.10048592, 0.09911284, 0.10086132, 0.098049276, 0.09507152, 0.104177594, 0.10276088, 0.09752993, 0.09642487, 0.099937424, 0.09909597, 0.10177398, 0.09628569, 0.10135408], "var": [1.0, 0.98, 0.96, 0.94, 0.94, 0.92, 0.9, 0.9, 0.88, 0.84, 0.86, 0.84, 0.82, 0.84, 0.8, 0.78, 0.76, 0.78, 0.76, 0.72, 0.72, 0.7, 0.7, 0.72, 0.72, 0.74, 0.74, 0.72, 0.7, 0.7, 0.7, 0.72, 0.74, 0.74, 0.72, 0.74, 0.74, 0.76, 0.78, 0.78, 0.78, 0.78, 0.78, 0.78, 0.78, 0.8, 0.78, 0.8, 0.78, 0.76], "best": [0.2777778, 0.35666668, 0.3023016, 0.30238098, 0.3027778, 0.32904762, 0.3020635, 0.34868482, 0.3257143, 0.32904762, 0.34903175, 0.35857144, 0.3061508, 0.33417583, 0.30659866, 0.33469844, 0.3069643, 0.33787116, 0.30693123, 0.30704263, 0.30711907, 0.3628118, 0.30785716, 0.36400276, 0.36458334, 0.30950478, 0.30967033, 0.36537918, 0.34287417, 0.3106404, 0.36280954, 0.31121352, 0.31160715, 0.3117316, 0.36744633, 0.312, 0.31205028, 0.3121879, 0.31224313, 0.31238097, 0.31251192, 0.36805266, 0.312483, 0.31109637, 0.3111039, 0.35847622, 0.3096584, 0.35354948, 0.30940476, 0.35896665], "duration": [12068, 12645, 12846, 13437, 13388, 13391, 13709, 13552, 13739, 14048, 14161, 13926, 13257, 14176, 14879, 13997, 13226, 13118, 13575, 13796, 13435, 14098, 14385, 12959, 13185, 12451, 12739, 14586, 14031, 13340, 13986, 14940, 14754, 14781, 15953, 16058, 16469, 16070, 17196, 16127, 16703, 16356, 16482, 15376, 15458, 15290, 14440, 15554, 15497, 14321]}