{"avg": [0.17111117, 0.1980889, 0.20403972, 0.21475878, 0.21080479, 0.22042859, 0.22599047, 0.23802271, 0.24550515, 0.25452915, 0.26749304, 0.2733746, 0.2773754, 0.2841016, 0.28825423, 0.2873537, 0.28972757, 0.29661682, 0.30231643, 0.3104432, 0.3160862, 0.32292336, 0.32564706, 0.3272343, 0.33407182, 0.3384788, 0.3419236, 0.34762818, 0.35202572, 0.35517868, 0.36154133, 0.36595538, 0.38083062, 0.37767968, 0.37909195, 0.39173275, 0.39261192, 0.39924976, 0.40740547, 0.40678924, 0.41402778, 0.41244987, 0.42085674, 0.42594463, 0.43246335, 0.43595517, 0.44482705, 0.44799966, 0.44645885, 0.4536702], "std": [0.084648885, 0.08723057, 0.0898311, 0.09310383, 0.091148116, 0.09791923, 0.10197165, 0.104088075, 0.09914242, 0.10062409, 0.09179306, 0.0911967, 0.09007644, 0.09306637, 0.09190361, 0.088140294, 0.089446254, 0.08717125, 0.0872714, 0.08387599, 0.07568719, 0.074518204, 0.07526391, 0.07646861, 0.06992525, 0.06914257, 0.07245984, 0.073980354, 0.07748941, 0.07490218, 0.07312938, 0.072085865, 0.06271969, 0.06460893, 0.06301596, 0.06475746, 0.062044043, 0.06123535, 0.061325032, 0.059072837, 0.06274273, 0.06303538, 0.06228559, 0.06045843, 0.05713834, 0.055825066, 0.031235017, 0.035878178, 0.04323806, 0.034821454], "var": [1.0, 0.98, 0.96, 0.98, 0.98, 0.98, 0.94, 0.94, 0.92, 0.9, 0.88, 0.86, 0.84, 0.8, 0.78, 0.78, 0.74, 0.74, 0.7, 0.7, 0.68, 0.66, 0.64, 0.64, 0.64, 0.64, 0.68, 0.7, 0.68, 0.68, 0.7, 0.68, 0.68, 0.68, 0.68, 0.68, 0.66, 0.66, 0.68, 0.7, 0.68, 0.66, 0.64, 0.64, 0.62, 0.6, 0.62, 0.6, 0.62, 0.62], "best": [0.3555556, 0.3807937, 0.38198417, 0.4039683, 0.40587306, 0.40730163, 0.40880957, 0.4102268, 0.41194448, 0.4139154, 0.4155397, 0.41712847, 0.41865084, 0.4215507, 0.42291388, 0.42409527, 0.42533734, 0.42682543, 0.42817464, 0.42930663, 0.43080163, 0.43224493, 0.43357867, 0.43481717, 0.43630958, 0.43796828, 0.49870574, 0.49948853, 0.50905895, 0.50995624, 0.5107936, 0.5039119, 0.5128026, 0.5139682, 0.50795054, 0.51635826, 0.51760584, 0.51878595, 0.52000415, 0.5356044, 0.5373572, 0.53919864, 0.5411111, 0.542979, 0.54466456, 0.5464127, 0.5481988, 0.55004054, 0.5519147, 0.5538095], "duration": [11400, 9727, 10138, 11819, 9405, 11175, 10031, 11468, 10732, 11479, 13187, 12163, 11855, 13011, 11518, 8746, 9849, 9349, 9843, 10672, 10502, 10591, 10672, 9918, 9841, 10604, 10001, 11416, 11925, 11879, 11406, 11369, 14415, 12184, 10503, 12286, 12842, 15313, 17316, 14911, 16375, 14316, 15523, 15517, 16208, 16073, 16908, 15086, 12860, 13983]}