{"avg": [0.47450992, 0.44070342, 0.4577598, 0.47189847, 0.49851933, 0.47819385, 0.49100205, 0.47509384, 0.48578078, 0.5040098, 0.44833976, 0.48893267, 0.5040812, 0.5062788, 0.50566965, 0.51300734, 0.4712306, 0.52187544, 0.51121557, 0.4950278, 0.5024867, 0.49874985, 0.503796, 0.52729654, 0.5400794, 0.533789, 0.5136378, 0.5263944, 0.54128456, 0.54097867, 0.5351757, 0.5384656, 0.55924517, 0.5413287, 0.54802054, 0.5418457, 0.553107, 0.55819625, 0.5495437, 0.5699255, 0.5811755, 0.56618065, 0.5855659, 0.5884111, 0.5858562, 0.58738273, 0.59092605, 0.593466, 0.60118157, 0.60414827], "std": [0.065983936, 0.10527621, 0.102623746, 0.08689873, 0.06787785, 0.084232666, 0.08148482, 0.08409269, 0.08248695, 0.06594591, 0.09075637, 0.07282457, 0.066527694, 0.071436994, 0.06558742, 0.0701945, 0.087405816, 0.053850412, 0.068475135, 0.078217685, 0.09749284, 0.07974693, 0.07662807, 0.054496147, 0.042310316, 0.04586986, 0.07475369, 0.05940419, 0.045787185, 0.047691695, 0.061450087, 0.06261605, 0.018286483, 0.057572067, 0.044899102, 0.06854984, 0.052431554, 0.06263504, 0.060703795, 0.013734433, 0.01635605, 0.054181486, 0.015581784, 0.014361279, 0.018735811, 0.020084813, 0.020091705, 0.018065179, 0.016467234, 0.02113179], "var": [1.0, 1.0, 1.0, 0.98, 0.96, 0.96, 0.96, 0.96, 0.96, 0.96, 0.94, 0.94, 0.94, 0.94, 0.92, 0.92, 0.9, 0.88, 0.86, 0.86, 0.86, 0.82, 0.8, 0.8, 0.76, 0.76, 0.76, 0.74, 0.72, 0.68, 0.66, 0.68, 0.66, 0.66, 0.66, 0.62, 0.62, 0.62, 0.58, 0.56, 0.54, 0.56, 0.54, 0.52, 0.5, 0.5, 0.5, 0.46, 0.44, 0.44], "best": [0.51111114, 0.5503268, 0.54905754, 0.54384923, 0.54558164, 0.5466747, 0.5448413, 0.54714715, 0.5461693, 0.5485737, 0.5505457, 0.54433686, 0.5519451, 0.5523733, 0.5517274, 0.5543549, 0.55835074, 0.5587302, 0.55981624, 0.560154, 0.5609015, 0.55944306, 0.5619955, 0.5641356, 0.5654536, 0.565186, 0.5676229, 0.5694224, 0.5688199, 0.5701443, 0.5746199, 0.5768546, 0.5799937, 0.5804253, 0.57766145, 0.5848859, 0.58704877, 0.58958834, 0.5924237, 0.59387755, 0.59607995, 0.59936607, 0.6015873, 0.60500085, 0.60818875, 0.61118555, 0.61333644, 0.6158407, 0.6184756, 0.6209893], "duration": [31647, 26865, 26919, 31500, 27022, 31586, 26971, 25061, 27020, 31428, 31419, 25072, 27048, 26990, 25024, 31466, 31518, 31560, 27034, 31513, 31538, 26703, 34136, 27066, 27168, 27036, 35981, 27003, 27060, 31530, 31558, 27395, 27099, 27071, 27073, 27024, 31545, 27050, 27037, 31590, 27009, 27660, 26993, 27041, 31753, 27109, 27085, 27141, 27058, 27090]}