{"avg": [0.34166673, 0.4174195, 0.45923045, 0.4120598, 0.42181814, 0.42133695, 0.45706835, 0.5063528, 0.45729056, 0.4893204, 0.49273965, 0.5315071, 0.5519439, 0.5085623, 0.5110917, 0.53226554, 0.5200824, 0.5960192, 0.5508468, 0.59866464, 0.62208575, 0.60617894, 0.61018777, 0.60353714, 0.6149581, 0.62015444, 0.60117024, 0.63590187, 0.6077569, 0.6450061, 0.6293705, 0.65104383, 0.6545914, 0.6549067, 0.6586538, 0.66140884, 0.66799736, 0.6700506, 0.6691764, 0.6827963, 0.67209053, 0.69423616, 0.6963463, 0.70047075, 0.6983365, 0.70015895, 0.7160398, 0.71835434, 0.7148586, 0.7046372], "std": [0.12990384, 0.15146545, 0.15425453, 0.15769754, 0.15138261, 0.15372661, 0.14699021, 0.14316213, 0.14993565, 0.15203133, 0.14754942, 0.13582803, 0.12337445, 0.15198065, 0.14504603, 0.14376004, 0.15001939, 0.08558565, 0.13972165, 0.081962556, 0.02157894, 0.08591077, 0.085677914, 0.08771273, 0.088597916, 0.08710137, 0.08336916, 0.027627895, 0.08603623, 0.023392681, 0.09159373, 0.03066221, 0.02445788, 0.028546525, 0.03207867, 0.032337792, 0.030522421, 0.035348106, 0.041124742, 0.034255616, 0.041686863, 0.020868026, 0.032631718, 0.035401803, 0.03914136, 0.036031347, 0.014842186, 0.025982691, 0.039012127, 0.047331113], "var": [0.96, 0.92, 0.88, 0.86, 0.86, 0.82, 0.82, 0.84, 0.84, 0.8, 0.8, 0.78, 0.78, 0.76, 0.72, 0.72, 0.68, 0.68, 0.68, 0.68, 0.66, 0.66, 0.66, 0.64, 0.6, 0.56, 0.54, 0.54, 0.5, 0.46, 0.42, 0.42, 0.42, 0.4, 0.42, 0.4, 0.36, 0.36, 0.34, 0.32, 0.3, 0.28, 0.26, 0.26, 0.24, 0.24, 0.22, 0.22, 0.22, 0.24], "best": [0.5666667, 0.61726195, 0.6236653, 0.62767863, 0.633259, 0.6322164, 0.6035958, 0.626928, 0.62997425, 0.6296152, 0.6311876, 0.63106066, 0.63400304, 0.6374085, 0.6394833, 0.64006305, 0.6421716, 0.6443563, 0.6473173, 0.65039426, 0.65172213, 0.6545843, 0.65735996, 0.66099656, 0.66215414, 0.66550326, 0.6688974, 0.6689142, 0.6709007, 0.67162615, 0.6746635, 0.67768043, 0.68085814, 0.68388987, 0.686203, 0.68899244, 0.69218886, 0.69472444, 0.69759923, 0.7002324, 0.70390165, 0.7062905, 0.70970345, 0.7136145, 0.7170391, 0.7198758, 0.72245747, 0.725855, 0.7284961, 0.7316459], "duration": [1173, 1178, 1176, 1202, 1393, 1192, 1170, 1372, 1145, 1136, 1350, 1134, 1346, 1133, 1368, 1098, 1110, 1104, 1374, 1710, 1202, 1388, 1211, 1187, 1205, 1215, 1177, 1218, 1257, 1427, 1194, 1425, 1186, 1202, 1199, 1395, 1189, 1221, 1212, 1216, 1206, 1391, 1192, 1188, 1199, 1219, 1428, 1195, 1378, 1200]}