{"avg": [0.092063494, 0.16549036, 0.1320635, 0.18776016, 0.1858135, 0.25417575, 0.1876958, 0.19837178, 0.21936172, 0.25929037, 0.22749087, 0.24851416, 0.22257687, 0.20159526, 0.27607974, 0.2798666, 0.25734416, 0.31686765, 0.3146501, 0.28489885, 0.29468778, 0.31539056, 0.27903464, 0.31312102, 0.3123804], "std": [0.08049982, 0.09165375, 0.120736465, 0.11665292, 0.113097996, 0.103365764, 0.1147581, 0.096309066, 0.17215654, 0.11410348, 0.14917804, 0.16981801, 0.11697858, 0.14431264, 0.1688296, 0.13911067, 0.125434, 0.13590111, 0.15942448, 0.13115342, 0.13277258, 0.122562595, 0.108757466, 0.14360622, 0.10280541], "var": [1.0, 0.96, 0.94, 0.9, 0.88, 0.86, 0.82, 0.8, 0.8, 0.8, 0.76, 0.74, 0.76, 0.74, 0.74, 0.72, 0.72, 0.7, 0.68, 0.66, 0.66, 0.66, 0.66, 0.64, 0.64], "best": [0.20000002, 0.3708617, 0.36746037, 0.38148153, 0.386508, 0.5324144, 0.38381305, 0.33896378, 0.53551096, 0.5359484, 0.5365995, 0.53826237, 0.38374093, 0.386508, 0.54245114, 0.54133886, 0.5430839, 0.5420911, 0.5437198, 0.54629725, 0.5460623, 0.54830897, 0.55002785, 0.5503268, 0.5508781], "duration": [7393, 5925, 5929, 4138, 3879, 7736, 4175, 7695, 5872, 11987, 4149, 9695, 4010, 7822, 6114, 7759, 9683, 5927, 5965, 10104, 10088, 11882, 7746, 8224, 9673]}