{"avg": [0.19920638, 0.2148049, 0.23550634, 0.22359477, 0.21127526, 0.25947484, 0.24570623, 0.24961825, 0.23432454, 0.28786904, 0.2602982, 0.2552501, 0.29338714, 0.26937655, 0.27283412, 0.29765818, 0.27974004, 0.29832435, 0.325821, 0.26349792, 0.29320455, 0.30905563, 0.31050852, 0.34377825, 0.3314118, 0.34964022, 0.34153402, 0.33563635, 0.3341501, 0.33563894, 0.38465685, 0.37623504, 0.35836303, 0.3910212, 0.37881747, 0.40045175, 0.4037743, 0.38870966, 0.39062962, 0.41861436, 0.40002266, 0.43366095, 0.4285761, 0.42689517, 0.43803698, 0.4229982, 0.4547044, 0.41093907, 0.45727038, 0.43202192], "std": [0.08487613, 0.08250064, 0.08137906, 0.10623145, 0.10990155, 0.08161989, 0.105591886, 0.11086048, 0.11926674, 0.10670807, 0.10266841, 0.09026096, 0.06879889, 0.08444541, 0.09693391, 0.106305934, 0.096205816, 0.0875111, 0.05932202, 0.08425898, 0.091790415, 0.07153866, 0.07359107, 0.08551978, 0.081550665, 0.057379343, 0.09940324, 0.094843656, 0.09172146, 0.0925468, 0.054034904, 0.083134025, 0.07437044, 0.06802595, 0.0749494, 0.06827823, 0.068516485, 0.07459884, 0.076981656, 0.061163615, 0.05494677, 0.052808143, 0.07831085, 0.06410982, 0.06252556, 0.07054264, 0.045481835, 0.07917735, 0.027591523, 0.060858935], "var": [0.98, 0.94, 0.9, 0.9, 0.88, 0.88, 0.88, 0.84, 0.84, 0.84, 0.8, 0.78, 0.78, 0.76, 0.76, 0.74, 0.72, 0.7, 0.7, 0.68, 0.66, 0.66, 0.64, 0.62, 0.58, 0.6, 0.58, 0.54, 0.52, 0.5, 0.5, 0.48, 0.48, 0.46, 0.44, 0.44, 0.44, 0.4, 0.38, 0.4, 0.38, 0.42, 0.42, 0.4, 0.4, 0.38, 0.4, 0.42, 0.42, 0.42], "best": [0.33333334, 0.37426308, 0.3851371, 0.38793653, 0.3985549, 0.39729574, 0.40044647, 0.4021117, 0.40522078, 0.40602508, 0.43432167, 0.40840447, 0.4083125, 0.4088381, 0.46001717, 0.46495423, 0.41012293, 0.41151667, 0.41409418, 0.38333338, 0.41337872, 0.41399077, 0.41373423, 0.4873016, 0.4166564, 0.4643991, 0.4885226, 0.48926282, 0.4788889, 0.42504263, 0.4901337, 0.47765374, 0.4879951, 0.49144888, 0.4920288, 0.49262074, 0.49352765, 0.49475953, 0.4955354, 0.49699953, 0.49760923, 0.5088932, 0.5891049, 0.51134086, 0.5122465, 0.5057863, 0.51365596, 0.50802726, 0.50882936, 0.503205], "duration": [7545, 5673, 3755, 3927, 5772, 3325, 7235, 3367, 5139, 5476, 9164, 9232, 11856, 7593, 11941, 5769, 5683, 3719, 7530, 9060, 7571, 7645, 5564, 9467, 5664, 3436, 11243, 7689, 5275, 7381, 7822, 6552, 5740, 7234, 7527, 11097, 9609, 7727, 12979, 9629, 7291, 12780, 11231, 11390, 13001, 12011, 15537, 9285, 9449, 12001]}