{"avg": [0.15972222, 0.19793794, 0.23725754, 0.231033, 0.2058642, 0.22488023, 0.24256764, 0.22566313, 0.20989372, 0.20501916, 0.2028461, 0.23097087, 0.19248308, 0.24608321, 0.23923193, 0.23584369, 0.21853147, 0.26254112, 0.21527627, 0.23431608, 0.29876363, 0.27642995, 0.24257827, 0.2642865, 0.2473192, 0.25936377, 0.25740504, 0.27854386, 0.28150332, 0.2755075, 0.31515458, 0.25855386, 0.28363535, 0.25537953, 0.25158042, 0.29423213, 0.33539286, 0.31399643, 0.33187175, 0.32341132, 0.3207225, 0.3545747, 0.35935563, 0.33885807, 0.33123913, 0.3890445, 0.37690407, 0.36780137, 0.36881223, 0.3344494], "std": [0.06653634, 0.098860644, 0.10595972, 0.1142169, 0.08785778, 0.12259107, 0.14215623, 0.10292124, 0.07401915, 0.12470016, 0.06886276, 0.09565071, 0.11432692, 0.09682656, 0.053817958, 0.12807056, 0.119551204, 0.11653087, 0.09797525, 0.082217425, 0.0871132, 0.098822184, 0.08915856, 0.10690613, 0.10878904, 0.10380651, 0.09057057, 0.06841089, 0.08375074, 0.10264991, 0.11987419, 0.07471761, 0.09146654, 0.11181941, 0.103193946, 0.10460214, 0.11867557, 0.1025459, 0.10587695, 0.11036032, 0.100368544, 0.08236973, 0.11481148, 0.09126468, 0.117113, 0.11654293, 0.10653524, 0.10506826, 0.11075547, 0.15779571], "var": [0.99, 0.97, 0.95, 0.93, 0.91, 0.9, 0.89, 0.88, 0.87, 0.86, 0.85, 0.83, 0.83, 0.82, 0.82, 0.82, 0.82, 0.82, 0.8, 0.81, 0.8, 0.79, 0.79, 0.77, 0.76, 0.74, 0.74, 0.72, 0.72, 0.71, 0.71, 0.71, 0.71, 0.71, 0.7, 0.7, 0.69, 0.67, 0.66, 0.65, 0.65, 0.64, 0.64, 0.64, 0.63, 0.61, 0.6, 0.59, 0.57, 0.57], "best": [0.26666668, 0.4763889, 0.4873016, 0.49226192, 0.38717762, 0.4959156, 0.49710074, 0.393985, 0.39694753, 0.49782962, 0.31131437, 0.4963719, 0.49731195, 0.49705535, 0.31318152, 0.49719813, 0.49950472, 0.49996623, 0.4978748, 0.39324778, 0.50176156, 0.5025676, 0.49910957, 0.5034207, 0.504179, 0.4996515, 0.5042693, 0.4120831, 0.5008542, 0.5047295, 0.50533056, 0.39596376, 0.5064632, 0.5030894, 0.50657004, 0.5083804, 0.5093241, 0.5092038, 0.511761, 0.5114514, 0.5122584, 0.5194768, 0.5134706, 0.5150959, 0.5158687, 0.516906, 0.51879096, 0.52194464, 0.52115744, 0.52228606], "duration": [3904, 2174, 4037, 5898, 8134, 5947, 4029, 5905, 5861, 7824, 5808, 2040, 2104, 5865, 7771, 6242, 2025, 8582, 2029, 3960, 5896, 7805, 2037, 3924, 3982, 2096, 8198, 3917, 5876, 5859, 5911, 7867, 2163, 5830, 2049, 2232, 2090, 2091, 4308, 5999, 7835, 5997, 5939, 4077, 2185, 4062, 4065, 4058, 4117, 4016]}