{"avg": [0.16666667, 0.20955883, 0.20737737, 0.23687644, 0.23360628, 0.22230087, 0.23640671, 0.26339892, 0.24521202, 0.2749876, 0.20974931, 0.26657385, 0.2686141, 0.26803946, 0.30385593, 0.32647794, 0.27969736, 0.27578244, 0.29442802, 0.30240193, 0.30742756, 0.35596725, 0.34831375, 0.36205384, 0.3499805, 0.3556593, 0.36618558, 0.38374275, 0.34676987, 0.36880934, 0.3988648, 0.39730117, 0.39464784, 0.39129418, 0.39796233, 0.4035716, 0.41729963, 0.4248214, 0.44078287, 0.43098825, 0.43599027, 0.44734383, 0.45673728, 0.439804, 0.4312558, 0.43344972, 0.46856573, 0.44331768, 0.49447078, 0.48265526], "std": [0.09694405, 0.1276419, 0.103514954, 0.10993933, 0.10026676, 0.0812838, 0.084229685, 0.08013376, 0.089786895, 0.10112523, 0.08420641, 0.10675851, 0.07310927, 0.11196999, 0.082893364, 0.08117177, 0.108722895, 0.106995985, 0.099795386, 0.09528187, 0.09244045, 0.084554136, 0.092950374, 0.0623937, 0.072700314, 0.06586453, 0.08802441, 0.071400695, 0.07067271, 0.0767607, 0.06520353, 0.08276327, 0.07933135, 0.07385787, 0.08740682, 0.0729974, 0.08945557, 0.06907453, 0.06974512, 0.06992237, 0.08393807, 0.04875999, 0.08243392, 0.09981861, 0.07540627, 0.09587565, 0.06288071, 0.07665412, 0.034451317, 0.042834118], "var": [0.96, 0.96, 0.92, 0.9, 0.86, 0.84, 0.82, 0.84, 0.82, 0.78, 0.78, 0.78, 0.78, 0.74, 0.72, 0.68, 0.68, 0.68, 0.64, 0.62, 0.58, 0.56, 0.54, 0.54, 0.54, 0.54, 0.56, 0.54, 0.56, 0.56, 0.54, 0.52, 0.5, 0.5, 0.48, 0.46, 0.46, 0.46, 0.44, 0.42, 0.42, 0.42, 0.42, 0.44, 0.4, 0.38, 0.38, 0.34, 0.34, 0.32], "best": [0.3777778, 0.44156748, 0.40851372, 0.46255267, 0.4084249, 0.3983159, 0.40675414, 0.4078112, 0.4017248, 0.40932542, 0.3079861, 0.40913397, 0.41031748, 0.41310117, 0.4709285, 0.41662598, 0.41933334, 0.42084455, 0.42140317, 0.42507192, 0.42320484, 0.48008662, 0.4280088, 0.43053144, 0.43247443, 0.4346939, 0.54733896, 0.49409795, 0.49774477, 0.44309682, 0.4452783, 0.50314546, 0.5057213, 0.5047895, 0.56160647, 0.5112038, 0.51356965, 0.5096749, 0.5193538, 0.5107529, 0.5248099, 0.5278139, 0.52965814, 0.5776583, 0.51258624, 0.57908344, 0.593866, 0.5257288, 0.5469794, 0.5486386], "duration": [5708, 7527, 3569, 9399, 12955, 7138, 7412, 3758, 9286, 3778, 5563, 3451, 7494, 6227, 5536, 3648, 3059, 5583, 2716, 3479, 3642, 5021, 3643, 3470, 7294, 3325, 4139, 5458, 5450, 5495, 5480, 2817, 3396, 3197, 3659, 3630, 3561, 3426, 3585, 3391, 3804, 3457, 3883, 3465, 3273, 3328, 3480, 3524, 3635, 3644]}