{"avg": [0.43541667, 0.42885256, 0.43622512, 0.42298263, 0.45518208, 0.3916667, 0.48205703, 0.49209267, 0.4918283, 0.4595511, 0.46565425, 0.4663793, 0.5070964, 0.5201033, 0.509803, 0.5641762, 0.5075831, 0.5939983, 0.571537, 0.57730794, 0.57335466, 0.5589949, 0.5457153, 0.5511852, 0.56803524, 0.60138214, 0.5224798, 0.63300276, 0.61390066, 0.5896413, 0.63380754, 0.6047187, 0.64720464, 0.65245146, 0.6273055, 0.60987645, 0.64859897, 0.6540897, 0.63492286, 0.6387033, 0.6138983, 0.645972, 0.639673, 0.6270749, 0.65718055, 0.6793025, 0.691199, 0.6892615, 0.6945228, 0.69191426], "std": [0.14882353, 0.15578632, 0.15381047, 0.15411507, 0.15164645, 0.14303581, 0.15326414, 0.1431435, 0.14695135, 0.15292527, 0.15618117, 0.15636727, 0.14316358, 0.14228094, 0.14063928, 0.114051834, 0.15042661, 0.08011595, 0.11111364, 0.11169692, 0.11682936, 0.12972224, 0.13575353, 0.14189759, 0.12457747, 0.085950784, 0.15255006, 0.016536904, 0.07573659, 0.11767867, 0.021585135, 0.11598367, 0.01717534, 0.018196953, 0.087735035, 0.12596542, 0.030197274, 0.024844967, 0.09599238, 0.10039182, 0.12028075, 0.094058335, 0.09939755, 0.1372198, 0.09592188, 0.019402787, 0.01279294, 0.030021166, 0.016323185, 0.026133], "var": [0.98, 0.96, 0.92, 0.92, 0.9, 0.88, 0.86, 0.84, 0.82, 0.78, 0.78, 0.8, 0.8, 0.8, 0.76, 0.74, 0.72, 0.68, 0.68, 0.66, 0.66, 0.66, 0.64, 0.62, 0.6, 0.58, 0.56, 0.54, 0.54, 0.52, 0.52, 0.54, 0.52, 0.52, 0.48, 0.46, 0.42, 0.38, 0.36, 0.38, 0.34, 0.32, 0.32, 0.28, 0.26, 0.26, 0.26, 0.24, 0.24, 0.2], "best": [0.5666667, 0.6098215, 0.61498606, 0.61475265, 0.6073261, 0.61399543, 0.6157435, 0.6161821, 0.6165355, 0.6159392, 0.61487734, 0.6208539, 0.6223463, 0.62138283, 0.6218711, 0.6232389, 0.62535346, 0.62605876, 0.6291356, 0.6333649, 0.6332132, 0.6380234, 0.63940275, 0.63999224, 0.6428447, 0.6432449, 0.6453899, 0.64691156, 0.6503788, 0.65299577, 0.654994, 0.6560629, 0.6592013, 0.66401917, 0.6667911, 0.6690477, 0.6720787, 0.67471266, 0.67696553, 0.68026775, 0.6825955, 0.6837889, 0.68676054, 0.6885362, 0.69134706, 0.69452894, 0.6966753, 0.700324, 0.7028623, 0.7061269], "duration": [1147, 1260, 1305, 1532, 1121, 1073, 1267, 1083, 1084, 1085, 1089, 1084, 1088, 1632, 1092, 1093, 1123, 1093, 1097, 1083, 1277, 1094, 1091, 1097, 1083, 1123, 1084, 1086, 1278, 1275, 1109, 1092, 1094, 1280, 1090, 1092, 1095, 1097, 1137, 1096, 1092, 1096, 1097, 1092, 1095, 1095, 1095, 1095, 1091, 1286]}