{"avg": [0.14567901, 0.21091272, 0.19167963, 0.12658551, 0.13076362, 0.13068374, 0.16265857, 0.14231938, 0.17922337, 0.1772542, 0.1506979, 0.14159206, 0.16999467, 0.23573038, 0.17003226, 0.24085072, 0.22239637, 0.19854157, 0.16714633, 0.1791693, 0.22944316, 0.25119144, 0.21108472, 0.22952096, 0.1967829, 0.17821199, 0.1878316, 0.14118506, 0.23015468, 0.21048644, 0.24390917, 0.24871013, 0.25407624, 0.22797683, 0.26994497, 0.2525203, 0.24819823, 0.26727712, 0.24709265, 0.18489653, 0.28005475, 0.2814319, 0.29035988, 0.22953734, 0.2439719, 0.29195246, 0.25764602, 0.33022082, 0.25414115, 0.33460957], "std": [0.099165864, 0.16691598, 0.11583899, 0.10102667, 0.10292971, 0.0935738, 0.12057593, 0.11367877, 0.13100204, 0.1359379, 0.12489635, 0.10214903, 0.14632784, 0.122681946, 0.11680825, 0.13200356, 0.12830302, 0.16418381, 0.090524, 0.119205095, 0.13297448, 0.10817217, 0.12923598, 0.1339103, 0.12968618, 0.1459251, 0.13118042, 0.13063167, 0.11727155, 0.108346865, 0.14947262, 0.108410746, 0.18306044, 0.14754105, 0.15110846, 0.12331784, 0.111504935, 0.13944861, 0.17274642, 0.16320637, 0.12460403, 0.17057203, 0.114205934, 0.14983411, 0.123519994, 0.13096225, 0.14834501, 0.14482728, 0.18532994, 0.18313828], "var": [0.9866667, 0.97333336, 0.96666664, 0.96, 0.9533333, 0.94666666, 0.93333334, 0.9266667, 0.91333336, 0.9066667, 0.9066667, 0.9, 0.8933333, 0.88, 0.87333333, 0.87333333, 0.88, 0.87333333, 0.87333333, 0.87333333, 0.87333333, 0.86, 0.86, 0.86, 0.86, 0.85333335, 0.85333335, 0.85333335, 0.84, 0.8333333, 0.82666665, 0.82, 0.82, 0.8066667, 0.8, 0.8, 0.7866667, 0.7866667, 0.78, 0.76666665, 0.75333333, 0.74666667, 0.74, 0.74, 0.73333335, 0.72, 0.7133333, 0.70666665, 0.70666665, 0.7], "best": [0.3555556, 0.5283069, 0.3842671, 0.34224665, 0.33285025, 0.22242527, 0.38142556, 0.3789748, 0.3783447, 0.3798172, 0.37895694, 0.3755408, 0.53922904, 0.5397455, 0.38261187, 0.5317032, 0.38134208, 0.5405704, 0.3782277, 0.37648782, 0.5414204, 0.54203093, 0.38005072, 0.54273784, 0.538822, 0.5436637, 0.38580585, 0.38669112, 0.5407868, 0.3878413, 0.54583526, 0.38177282, 0.54650134, 0.5332498, 0.5446554, 0.5491512, 0.3911357, 0.55037075, 0.54902464, 0.5511946, 0.5514254, 0.55255115, 0.55134106, 0.55027956, 0.55425614, 0.55246454, 0.55528605, 0.55561435, 0.5468542, 0.5564197], "duration": [3849, 7759, 5721, 3781, 3766, 3811, 3807, 1902, 5764, 5686, 3875, 5663, 1979, 5755, 3768, 3927, 3864, 6172, 1869, 3863, 2019, 7694, 3914, 2059, 3892, 3825, 1898, 1918, 1930, 3830, 7665, 1992, 4317, 3954, 5826, 7717, 7636, 5841, 5831, 1976, 5771, 5800, 2005, 4321, 5705, 5837, 5779, 3960, 4005, 2179]}