{"avg": [0.35380125, 0.44216645, 0.47169363, 0.50388235, 0.5150514, 0.5363468, 0.5414085, 0.5651344, 0.57658786, 0.5916866, 0.60847634, 0.62763834, 0.64360136, 0.66024196, 0.6725566, 0.68477064, 0.694996, 0.70387655, 0.7113153, 0.71813786, 0.72444546, 0.7301527, 0.7352181, 0.73928124, 0.74337333, 0.7476481, 0.7514859, 0.7550315, 0.7586236, 0.7616544, 0.7644119, 0.7671164, 0.7695851, 0.772066, 0.77413034, 0.776081, 0.7782016, 0.77993536, 0.7816218, 0.7832222, 0.7846317, 0.78608465, 0.7875352, 0.7888525, 0.78995526, 0.7911929, 0.79243225, 0.79358816, 0.7946162, 0.79567754], "std": [0.1250218, 0.10185036, 0.09320651, 0.078876235, 0.079055004, 0.068925545, 0.074244015, 0.02938324, 0.030751025, 0.03128448, 0.03588863, 0.012945078, 0.011152021, 0.009966588, 0.012422558, 0.0017159682, 2.3841858e-07, 0.0016965867, 3.5762787e-07, 3.5762787e-07, 2.3841858e-07, 3.5762787e-07, 1.7881393e-07, 1.7881393e-07, 4.172325e-07, 2.3841858e-07, 1.7881393e-07, 1.1920929e-07, 2.3841858e-07, 2.3841858e-07, 0.0, 2.3841858e-07, 2.9802322e-07, 2.9802322e-07, 2.9802322e-07, 5.9604645e-08, 4.7683716e-07, 2.9802322e-07, 2.3841858e-07, 0.0, 0.0, 2.3841858e-07, 4.172325e-07, 2.9802322e-07, 5.9604645e-08, 5.9604645e-08, 2.3841858e-07, 3.5762787e-07, 2.3841858e-07, 2.3841858e-07], "var": [0.92, 0.78, 0.74, 0.7, 0.68, 0.6, 0.56, 0.44, 0.34, 0.26, 0.2, 0.16, 0.08, 0.08, 0.06, 0.04, 0.04, 0.02, 0.02, 0.02, 0.02, 0.02, 0.02, 0.02, 0.02, 0.02, 0.02, 0.02, 0.02, 0.02, 0.02, 0.02, 0.02, 0.02, 0.02, 0.02, 0.02, 0.02, 0.02, 0.02, 0.02, 0.02, 0.02, 0.02, 0.02, 0.02, 0.02, 0.02, 0.02, 0.02], "best": [0.51111114, 0.5449457, 0.5478803, 0.5514496, 0.5559377, 0.56297344, 0.5710285, 0.5791015, 0.5885854, 0.5998857, 0.61660385, 0.6332831, 0.6469742, 0.6617986, 0.6749544, 0.68516153, 0.69499624, 0.7041595, 0.71131563, 0.7181382, 0.7244457, 0.7301531, 0.7352183, 0.7392814, 0.7433729, 0.7476479, 0.75148606, 0.7550314, 0.75862384, 0.7616546, 0.7644119, 0.7671162, 0.7695854, 0.7720657, 0.77413064, 0.77608097, 0.7782011, 0.77993506, 0.7816216, 0.7832222, 0.7846317, 0.7860844, 0.7875356, 0.7888522, 0.7899552, 0.79119295, 0.792432, 0.7935878, 0.794616, 0.7956778], "duration": [136064, 120857, 150963, 133778, 119390, 138331, 133048, 124241, 133152, 124304, 119701, 110303, 128751, 133951, 119541, 114836, 133244, 124497, 111200, 119806, 115242, 119399, 125638, 110668, 127771, 133798, 101475, 138245, 115046, 115264, 119857, 129144, 110316, 138085, 110798, 129185, 110800, 119985, 120046, 119981, 119902, 143099, 124525, 115949, 130653, 124774, 129310, 124567, 124574, 120029]}