{"avg": [0.11428572, 0.16080877, 0.15457034, 0.23480728, 0.16124687, 0.17069058, 0.23924682, 0.22764798, 0.19724143, 0.22574724, 0.23680547, 0.23890804, 0.21411645, 0.20760176, 0.272082, 0.31089914, 0.26492664, 0.28578046, 0.34002578, 0.3632047, 0.32377785, 0.36594236, 0.35830486, 0.2991974, 0.39710158, 0.41488448, 0.3677638, 0.36809146, 0.40411592, 0.3838363, 0.41887257, 0.3897999, 0.46426544, 0.37534583, 0.47927418, 0.49160305, 0.4244083, 0.49508932, 0.48055544, 0.4871961, 0.4918825, 0.5153811, 0.5119244, 0.45403627, 0.5161598, 0.5309149, 0.5325782, 0.52289, 0.4652249, 0.54510075], "std": [0.07315378, 0.11116723, 0.1281018, 0.1405226, 0.10984107, 0.14664456, 0.11931802, 0.10959642, 0.10355892, 0.13193293, 0.11909142, 0.16333412, 0.12612414, 0.11992782, 0.15706286, 0.13019139, 0.11827836, 0.13254426, 0.15869486, 0.13583337, 0.1733992, 0.14998926, 0.14885068, 0.15473449, 0.13228197, 0.116417915, 0.13980727, 0.16154958, 0.1552223, 0.14296031, 0.16591194, 0.11811118, 0.14047427, 0.16316625, 0.1237539, 0.11136926, 0.15931131, 0.11876405, 0.13392463, 0.1187443, 0.11393651, 0.10178651, 0.106172845, 0.09627592, 0.118733525, 0.11047445, 0.079503015, 0.106353246, 0.14236109, 0.07156911], "var": [0.98, 0.98, 0.98, 0.96, 0.96, 0.96, 0.94, 0.92, 0.92, 0.92, 0.9, 0.9, 0.88, 0.84, 0.84, 0.82, 0.8, 0.8, 0.76, 0.74, 0.76, 0.76, 0.78, 0.78, 0.78, 0.76, 0.74, 0.72, 0.7, 0.7, 0.68, 0.64, 0.66, 0.66, 0.66, 0.68, 0.66, 0.66, 0.64, 0.64, 0.66, 0.62, 0.64, 0.64, 0.66, 0.64, 0.66, 0.66, 0.68, 0.68], "best": [0.20000002, 0.3708617, 0.3382047, 0.5321521, 0.38479537, 0.38686675, 0.53968257, 0.5413737, 0.37205353, 0.5426883, 0.54295826, 0.54118633, 0.39235213, 0.38784364, 0.5445732, 0.5464708, 0.54847234, 0.5496473, 0.55023867, 0.5524394, 0.5515797, 0.55380905, 0.55658454, 0.55055183, 0.5591122, 0.5606276, 0.56334037, 0.5639649, 0.5637741, 0.56362754, 0.5655257, 0.5587787, 0.56817913, 0.569025, 0.57061297, 0.5727585, 0.573183, 0.5746032, 0.5766268, 0.5794109, 0.5810168, 0.5826121, 0.5840964, 0.58530825, 0.5867733, 0.5885582, 0.59080017, 0.59198743, 0.5939012, 0.59539074], "duration": [5843, 3915, 4120, 5966, 2143, 8302, 4328, 2893, 4078, 2104, 2301, 2203, 2466, 6508, 2439, 4434, 2893, 4124, 2497, 4299, 2545, 2317, 2232, 2183, 2774, 3100, 2491, 2557, 3350, 2346, 2974, 2970, 2505, 2462, 4458, 2475, 2775, 2429, 3155, 2470, 2480, 2400, 2362, 2536, 2496, 2739, 2377, 2380, 2462, 2409]}