{"avg": [0.3847223, 0.39975202, 0.4082767, 0.39470443, 0.41986644, 0.45182902, 0.3986938, 0.41810927, 0.42117718, 0.4480813, 0.42449635, 0.45012, 0.49046662, 0.47191042, 0.42669725, 0.46066317, 0.49500623, 0.5392374, 0.46466938, 0.50744385, 0.49297267, 0.4835345, 0.5196759, 0.5197474, 0.5267915, 0.5498574, 0.5320836, 0.5530632, 0.49443284, 0.54025024, 0.5741177, 0.53873736, 0.5349441, 0.5282768, 0.56265604, 0.56239206, 0.55779946, 0.5550713, 0.5848318, 0.5795445, 0.59008026, 0.6049633, 0.57240415, 0.55962855, 0.6051463, 0.61950594, 0.61893654, 0.6165802, 0.60360575, 0.62788606], "std": [0.10707064, 0.10713486, 0.10204219, 0.12163032, 0.11066681, 0.11763695, 0.13712327, 0.15778923, 0.1592231, 0.1107975, 0.13757527, 0.1344437, 0.10639952, 0.10864659, 0.15918973, 0.11334775, 0.08292108, 0.04250412, 0.09328422, 0.10174684, 0.14348741, 0.12346045, 0.07342171, 0.08127427, 0.070610404, 0.046110205, 0.07489048, 0.044857785, 0.16251545, 0.05994939, 0.013132396, 0.091603436, 0.103722975, 0.15266387, 0.052820668, 0.05299829, 0.052546475, 0.07863734, 0.021320036, 0.067478344, 0.025652075, 0.015385778, 0.14414307, 0.15154654, 0.02676172, 0.019778607, 0.022949336, 0.0301753, 0.03641547, 0.020708187], "var": [0.96, 0.92, 0.88, 0.88, 0.88, 0.84, 0.82, 0.8, 0.76, 0.72, 0.68, 0.64, 0.62, 0.58, 0.58, 0.56, 0.54, 0.52, 0.5, 0.5, 0.48, 0.44, 0.44, 0.42, 0.4, 0.38, 0.38, 0.38, 0.38, 0.34, 0.34, 0.34, 0.34, 0.32, 0.3, 0.28, 0.26, 0.24, 0.24, 0.22, 0.2, 0.2, 0.18, 0.18, 0.18, 0.18, 0.16, 0.16, 0.16, 0.16], "best": [0.51111114, 0.555754, 0.55500996, 0.5556246, 0.55794954, 0.5584169, 0.5624339, 0.5609764, 0.5601076, 0.56205654, 0.5617827, 0.56149876, 0.56090635, 0.5633271, 0.5641911, 0.5658833, 0.5675273, 0.56888294, 0.5696996, 0.5692225, 0.5705201, 0.5718035, 0.5731412, 0.5732287, 0.5750913, 0.57599056, 0.57865006, 0.58107275, 0.5831377, 0.5849049, 0.58507264, 0.5878797, 0.5904447, 0.593504, 0.5955751, 0.59818226, 0.60033375, 0.6018414, 0.6037925, 0.6060769, 0.60980487, 0.6121066, 0.6164239, 0.6203382, 0.6221071, 0.6249916, 0.62880105, 0.63284016, 0.6356922, 0.637147], "duration": [26874, 26930, 25125, 25354, 25392, 27378, 27152, 27012, 31820, 31803, 25512, 32077, 27654, 27463, 27386, 27433, 27399, 27451, 31981, 27345, 27438, 27302, 27308, 27357, 27402, 27411, 31824, 27252, 27288, 27488, 27445, 27287, 31739, 32101, 27670, 27824, 32528, 27901, 27855, 27923, 27861, 27841, 27868, 32082, 27389, 27412, 27402, 27366, 27315, 31812]}