{"avg": [0.41666672, 0.39285716, 0.4009575, 0.45535424, 0.51353747, 0.407189, 0.43352312, 0.517339, 0.42608875, 0.41274223, 0.43834966, 0.4532989, 0.43993932, 0.46862075, 0.5121051, 0.5126239, 0.39069265, 0.5073005, 0.53091156, 0.48520905, 0.46201265, 0.5015181, 0.5711093, 0.54186755, 0.5750848, 0.5908772, 0.5263701, 0.55327046, 0.5410635, 0.6154479, 0.5241939, 0.62148696, 0.58493114, 0.6062343, 0.6282699, 0.54820585, 0.5755366, 0.6213418, 0.5952322, 0.623539, 0.62335604, 0.61798656, 0.6381373, 0.65677774, 0.6531608, 0.64044565, 0.65656465, 0.6633484, 0.64688855, 0.6551055], "std": [0.15000002, 0.14476208, 0.14047344, 0.14897801, 0.13263965, 0.14658815, 0.15120351, 0.13313119, 0.15094605, 0.14932708, 0.15223461, 0.15366387, 0.15551697, 0.1506021, 0.1375155, 0.13875662, 0.1414929, 0.13991971, 0.12856306, 0.14946114, 0.15368743, 0.14637586, 0.10165318, 0.12807697, 0.08496466, 0.08322741, 0.14375877, 0.12533832, 0.1388158, 0.014646658, 0.15039484, 0.015573013, 0.11008565, 0.08217962, 0.017166488, 0.14260529, 0.13068402, 0.08057722, 0.12366871, 0.08796659, 0.08457074, 0.08449987, 0.025728881, 0.013221316, 0.02002124, 0.08366433, 0.014227364, 0.021606961, 0.086059555, 0.09207458], "var": [1.0, 1.0, 1.0, 1.0, 1.0, 1.0, 1.0, 0.96, 0.96, 0.96, 0.96, 0.96, 0.98, 0.98, 0.98, 0.98, 0.98, 0.98, 0.98, 0.98, 0.98, 0.98, 0.98, 0.94, 0.94, 0.9, 0.9, 0.86, 0.86, 0.86, 0.82, 0.78, 0.74, 0.7, 0.7, 0.7, 0.66, 0.62, 0.58, 0.56, 0.54, 0.52, 0.52, 0.56, 0.52, 0.52, 0.52, 0.48, 0.44, 0.44], "best": [0.5666667, 0.6103175, 0.5992946, 0.6032521, 0.60195583, 0.6032194, 0.6052546, 0.6049487, 0.60329676, 0.60587186, 0.6106591, 0.6085485, 0.6132449, 0.61729205, 0.6131732, 0.6152256, 0.615368, 0.61428577, 0.61771226, 0.617758, 0.6170869, 0.61829114, 0.62045074, 0.62082833, 0.62278455, 0.6269092, 0.6293329, 0.6315594, 0.63415515, 0.6336618, 0.63809526, 0.63959306, 0.642356, 0.6453206, 0.64781636, 0.6510658, 0.6522226, 0.65465105, 0.6581781, 0.6609346, 0.6641911, 0.666429, 0.6681843, 0.66981703, 0.6727728, 0.6756746, 0.6787416, 0.681019, 0.68405545, 0.6867951], "duration": [1391, 1366, 1305, 1493, 1333, 1265, 1350, 1322, 1580, 1367, 1327, 1337, 1307, 1377, 1581, 1340, 1251, 1324, 1366, 1319, 1287, 1347, 1553, 1611, 1396, 1356, 1373, 1410, 1335, 1375, 1345, 1416, 1318, 1343, 1562, 1340, 1328, 1409, 1382, 1585, 1522, 1311, 1334, 1375, 1609, 1399, 1480, 1366, 1381, 1150]}