{"avg": [0.13518518, 0.13509072, 0.18607806, 0.2017245, 0.17641726, 0.21673952, 0.22414926, 0.21774045, 0.22809798, 0.24337098, 0.24042375, 0.23729613, 0.25729838, 0.26656848, 0.2865952, 0.3061668, 0.31730026, 0.3053054, 0.3194652, 0.3625786, 0.35082254, 0.28221953, 0.33276507, 0.37455493, 0.35522813, 0.37024036, 0.37700137, 0.40344357, 0.3966049, 0.4040968, 0.42614982, 0.43894106, 0.41623944, 0.42727888, 0.43056935, 0.42146572, 0.4321317, 0.43900278, 0.43805805, 0.4660992, 0.4775746, 0.48476797, 0.47766718, 0.5057211, 0.49172586, 0.50358117, 0.5438855, 0.49734083, 0.49967837, 0.5166998], "std": [0.09458958, 0.095572844, 0.09518439, 0.09332682, 0.11448373, 0.11312625, 0.08072091, 0.09926352, 0.09911529, 0.12174365, 0.116129756, 0.122930825, 0.070179716, 0.10716442, 0.0890168, 0.11023616, 0.07910426, 0.117189616, 0.08454347, 0.09677139, 0.07465248, 0.12288994, 0.09710537, 0.07745814, 0.13395323, 0.086703904, 0.0678205, 0.06398207, 0.08840969, 0.10613639, 0.09309161, 0.06858212, 0.08994712, 0.0520145, 0.0646817, 0.12093995, 0.09490275, 0.07403835, 0.11498622, 0.09740665, 0.045832235, 0.06728284, 0.10647227, 0.04750389, 0.108806245, 0.056932956, 0.044452418, 0.103216074, 0.0655196, 0.046170026], "var": [0.96, 0.94, 0.94, 0.9, 0.86, 0.82, 0.78, 0.78, 0.76, 0.72, 0.68, 0.64, 0.64, 0.6, 0.56, 0.54, 0.5, 0.48, 0.48, 0.48, 0.46, 0.42, 0.42, 0.42, 0.44, 0.4, 0.36, 0.34, 0.32, 0.3, 0.28, 0.28, 0.28, 0.28, 0.28, 0.26, 0.24, 0.24, 0.22, 0.24, 0.24, 0.22, 0.24, 0.24, 0.24, 0.26, 0.24, 0.24, 0.22, 0.22], "best": [0.2777778, 0.31746033, 0.31944445, 0.39554206, 0.324641, 0.39770946, 0.33617377, 0.39761907, 0.39966255, 0.3995701, 0.4010919, 0.40011013, 0.35607922, 0.4000916, 0.4029682, 0.4408382, 0.40349704, 0.4499942, 0.4531055, 0.51056105, 0.40995672, 0.41343027, 0.4592064, 0.46124125, 0.5213892, 0.46834973, 0.4692202, 0.5265412, 0.5283247, 0.53090084, 0.53399277, 0.5357256, 0.5281068, 0.5397311, 0.5419753, 0.54441303, 0.54645705, 0.5487656, 0.55007935, 0.55183727, 0.55443645, 0.556105, 0.5578935, 0.5595379, 0.56221807, 0.5644135, 0.56679785, 0.56984127, 0.5724358, 0.5746032], "duration": [2852, 1985, 1999, 2123, 2381, 2180, 2001, 2333, 1974, 1964, 2376, 3333, 1912, 2567, 2090, 4050, 2110, 2040, 2120, 2086, 2148, 2112, 2084, 2448, 2035, 2046, 2303, 2209, 2187, 3538, 2088, 2165, 2032, 2176, 2218, 2530, 2186, 2180, 2128, 2959, 2133, 2146, 2543, 2196, 2246, 2589, 2270, 3606, 2223, 2128]}