{"avg": [0.43232328, 0.41229647, 0.46167803, 0.4653585, 0.48726314, 0.5066299, 0.5060606, 0.49881706, 0.5363279, 0.54256976, 0.56712025, 0.56816137, 0.5940294, 0.61237305, 0.6112312, 0.6399868, 0.64053214, 0.665515, 0.6614154, 0.6751835, 0.6870819, 0.67994237, 0.68626404, 0.7079032, 0.7064819, 0.7180357, 0.7218821, 0.7261203, 0.73023516, 0.73337156, 0.7375993, 0.74121237, 0.7441205, 0.74709123, 0.74968153, 0.7523365, 0.7544696, 0.7568664, 0.7593088, 0.76113427, 0.7635011, 0.7652998, 0.7672998, 0.76920134, 0.77063084, 0.77225184, 0.7741517, 0.775954, 0.7778741, 0.7791955], "std": [0.115417026, 0.1572542, 0.090813346, 0.11131263, 0.11690019, 0.079509616, 0.09518938, 0.12894396, 0.08825714, 0.078548506, 0.07435159, 0.08518709, 0.067428686, 0.04129642, 0.07217608, 0.033468127, 0.042108286, 0.017268222, 0.038132858, 0.035103012, 0.018650575, 0.04204661, 0.044445995, 0.0011127107, 0.022803718, 0.0010513448, 0.001622529, 0.0013088641, 0.0, 0.0014932702, 5.9604645e-08, 0.0, 1.1920929e-07, 5.9604645e-08, 0.0, 0.0, 0.0, 0.0, 0.0, 1.1920929e-07, 0.0, 0.0, 1.1920929e-07, 0.0, 0.0, 5.9604645e-08, 1.1920929e-07, 5.9604645e-08, 1.1920929e-07, 0.0], "var": [1.0, 0.96, 0.96, 0.92, 0.84, 0.84, 0.76, 0.68, 0.64, 0.64, 0.56, 0.48, 0.44, 0.4, 0.32, 0.32, 0.24, 0.24, 0.2, 0.2, 0.2, 0.16, 0.12, 0.12, 0.08, 0.08, 0.08, 0.08, 0.08, 0.04, 0.04, 0.04, 0.04, 0.04, 0.04, 0.04, 0.04, 0.04, 0.04, 0.04, 0.04, 0.04, 0.04, 0.04, 0.04, 0.04, 0.04, 0.04, 0.04, 0.04], "best": [0.51111114, 0.5738817, 0.56730163, 0.5642247, 0.5654687, 0.5754324, 0.5789683, 0.5835863, 0.59444445, 0.6071702, 0.61129427, 0.62222224, 0.63075775, 0.6399303, 0.64731187, 0.6548058, 0.6639169, 0.67119884, 0.67974555, 0.68552756, 0.69220513, 0.70025533, 0.70375186, 0.70840096, 0.7133078, 0.7183527, 0.72260773, 0.72651505, 0.73023516, 0.73378575, 0.73759925, 0.74121237, 0.74412036, 0.7470912, 0.74968153, 0.7523365, 0.7544696, 0.7568664, 0.7593088, 0.7611344, 0.7635011, 0.7652998, 0.7672999, 0.76920134, 0.77063084, 0.7722518, 0.77415156, 0.77595395, 0.77787423, 0.7791955], "duration": [27167, 27048, 31558, 31556, 27022, 33987, 27263, 26896, 27005, 27055, 36042, 31582, 26985, 26994, 31455, 27009, 27115, 31504, 31381, 27036, 36063, 27045, 27052, 26998, 31564, 26996, 27034, 31533, 27023, 31561, 27045, 28062, 27039, 27677, 27010, 27119, 27041, 31669, 27039, 31569, 27189, 27248, 31792, 27183, 27184, 36229, 31567, 36096, 27074, 27026]}