{"avg": [0.15816997, 0.17249197, 0.17229784, 0.17451863, 0.19467878, 0.21552444, 0.17500442, 0.20773645, 0.2015865, 0.24631605, 0.20393218, 0.21967544, 0.21880871, 0.21300305, 0.22065713, 0.22618225, 0.2123223, 0.19372477, 0.21974267, 0.23978336, 0.2336401, 0.23900257, 0.25318906, 0.23824352, 0.2294254, 0.23719421, 0.2218004, 0.26105645, 0.25225466, 0.24794275, 0.23331149, 0.26915804, 0.24213995, 0.22354156, 0.22430414, 0.26876578, 0.24276985, 0.25517136, 0.25051364, 0.25656772, 0.25744224, 0.24858366, 0.29119638, 0.29020253, 0.2767541, 0.25805724, 0.27318004, 0.27355978, 0.2762966, 0.294244], "std": [0.06980931, 0.078490205, 0.081462525, 0.07043694, 0.07117721, 0.081381716, 0.070009, 0.0732822, 0.05621236, 0.07080076, 0.08405765, 0.07813401, 0.05328131, 0.061296422, 0.05931351, 0.05559639, 0.060345717, 0.04597483, 0.043297052, 0.05626808, 0.035447285, 0.059704512, 0.049751364, 0.057842113, 0.061640806, 0.031011062, 0.07594373, 0.05792698, 0.053728886, 0.0491671, 0.049321372, 0.058023702, 0.048118334, 0.070585996, 0.07076474, 0.048080534, 0.046899945, 0.043694675, 0.05008218, 0.040362205, 0.05671171, 0.087620966, 0.048811913, 0.0543723, 0.061389074, 0.07753698, 0.055321384, 0.05031109, 0.054672383, 0.056251206], "var": [1.0, 1.0, 0.97333336, 0.96, 0.94666666, 0.92, 0.92, 0.8933333, 0.88, 0.8666667, 0.88, 0.8666667, 0.84, 0.82666665, 0.85333335, 0.85333335, 0.84, 0.82666665, 0.82666665, 0.82666665, 0.81333333, 0.81333333, 0.8, 0.7866667, 0.7866667, 0.81333333, 0.8, 0.8, 0.7866667, 0.7733333, 0.74666667, 0.73333335, 0.72, 0.72, 0.72, 0.72, 0.72, 0.70666665, 0.6933333, 0.68, 0.6533333, 0.62666667, 0.62666667, 0.62666667, 0.64, 0.62666667, 0.64, 0.64, 0.62666667, 0.61333334], "best": [0.25555557, 0.27245566, 0.29342404, 0.3015873, 0.2995465, 0.3889823, 0.29444447, 0.3042104, 0.30549634, 0.36161715, 0.30793652, 0.39356315, 0.30507457, 0.29879278, 0.3050184, 0.39407367, 0.30259854, 0.2699856, 0.30224186, 0.39498213, 0.303048, 0.39582586, 0.39674586, 0.397408, 0.35380223, 0.29932803, 0.39799345, 0.4150095, 0.33855173, 0.31900096, 0.30672747, 0.39849398, 0.30404565, 0.30834585, 0.3070221, 0.39881587, 0.30815125, 0.35876715, 0.3054525, 0.30902308, 0.34245485, 0.36555678, 0.4182493, 0.39844912, 0.39857772, 0.39926526, 0.36651367, 0.39996466, 0.40015084, 0.40044641], "duration": [7502, 5349, 5340, 9120, 7496, 7458, 3631, 8530, 5496, 7432, 5599, 3721, 5556, 5272, 2842, 7417, 3762, 3775, 8195, 7282, 7353, 9189, 8146, 7419, 4203, 5556, 8207, 5549, 5605, 5282, 6140, 3624, 8997, 3548, 3792, 5603, 3323, 5533, 3881, 5738, 7190, 7498, 5538, 7673, 5009, 6005, 7036, 5290, 7305, 5533]}