{"avg": [0.17339185, 0.23368649, 0.27044898, 0.29062995, 0.31741697, 0.3417664, 0.3635994, 0.3988881, 0.4299403, 0.43794098, 0.47281003, 0.49829128, 0.50958526, 0.52502805, 0.5400402, 0.5508779, 0.5578851, 0.57031107, 0.5710923, 0.57887524, 0.58340645, 0.58825237, 0.5914136, 0.59559953, 0.600429, 0.6094617, 0.6091904, 0.6132788, 0.6152955, 0.6160561, 0.61545664, 0.62725955, 0.6198775, 0.6207828, 0.62411267, 0.6249606, 0.6304077, 0.6271933, 0.63840914, 0.6332567, 0.6386909, 0.63308656, 0.63492936, 0.6392729, 0.6404975, 0.6432453, 0.64277905, 0.6430901, 0.64957726, 0.64857185], "std": [0.09371197, 0.07967271, 0.08423482, 0.084607005, 0.08680615, 0.08835061, 0.08742623, 0.06165142, 0.0637065, 0.068654984, 0.055785757, 0.033015203, 0.039163187, 0.023588615, 0.02106945, 0.01617836, 0.008673605, 0.017459419, 0.017040413, 0.01897399, 0.017682187, 0.017460274, 0.01510253, 0.014739032, 0.018536098, 0.018497711, 0.020198403, 0.015374053, 0.021255998, 0.019669447, 0.012612616, 0.024837803, 0.012293717, 0.019561155, 0.025803674, 0.032679733, 0.008673595, 0.028013622, 0.017459396, 0.023669025, 0.021670967, 0.024468107, 0.031764645, 0.009198585, 0.017246505, 0.026030354, 0.018152649, 0.018054677, 0.024341617, 0.021952748], "var": [0.88, 0.84, 0.78, 0.68, 0.56, 0.46, 0.34, 0.32, 0.24, 0.2, 0.14, 0.12, 0.08, 0.08, 0.06, 0.02, 0.02, 0.02, 0.02, 0.02, 0.02, 0.02, 0.02, 0.02, 0.02, 0.02, 0.02, 0.02, 0.02, 0.02, 0.02, 0.02, 0.02, 0.02, 0.02, 0.02, 0.02, 0.02, 0.02, 0.02, 0.02, 0.02, 0.02, 0.02, 0.02, 0.02, 0.02, 0.02, 0.02, 0.02], "best": [0.3555556, 0.3831245, 0.4366628, 0.3962302, 0.45367062, 0.47361112, 0.4875782, 0.49095297, 0.5148736, 0.52837795, 0.54294753, 0.5567976, 0.5700531, 0.58253074, 0.5932331, 0.6036459, 0.61205184, 0.6196935, 0.62585413, 0.63231426, 0.63810694, 0.6429745, 0.6475247, 0.6516844, 0.65568435, 0.65893275, 0.66234344, 0.6651304, 0.66787016, 0.6705535, 0.6175586, 0.6752272, 0.6218716, 0.67939377, 0.6812944, 0.68313074, 0.68457437, 0.6861881, 0.68779147, 0.6890972, 0.6904454, 0.6916974, 0.69295406, 0.69403493, 0.6952399, 0.6963619, 0.69743395, 0.69836116, 0.6992996, 0.70022327], "duration": [26350, 29870, 44961, 52192, 55771, 57451, 60331, 67054, 62214, 74595, 62195, 64670, 67193, 64512, 69600, 67074, 59635, 57203, 72011, 67122, 69553, 59743, 74862, 62234, 64812, 64698, 59711, 57169, 69623, 54859, 59875, 67122, 59722, 59734, 77144, 59755, 77207, 59710, 59656, 77061, 67330, 69605, 62124, 69553, 64841, 64852, 67199, 62198, 69768, 67667]}