{"avg": [0.38222218, 0.40848577, 0.4046428, 0.39676505, 0.4000492, 0.40352318, 0.4032349, 0.396376, 0.3966306, 0.39073762, 0.39494473, 0.39729324, 0.39369437, 0.3898801, 0.38993725, 0.38935685, 0.37946296, 0.382728, 0.3754482, 0.3677568, 0.3640135, 0.36101493, 0.35815474, 0.35244393, 0.35180435, 0.35093158, 0.34817636, 0.3444811, 0.34190446, 0.33930886, 0.3347883, 0.3380168, 0.33114138, 0.33247244, 0.33690682, 0.34005177, 0.34049606, 0.33900642, 0.3393703, 0.336073, 0.32904246, 0.32501876, 0.31704313, 0.3173077, 0.3187893, 0.3131755, 0.30722314, 0.31035554, 0.30994365, 0.31086013], "std": [0.12460306, 0.11915785, 0.12320991, 0.1259048, 0.12730077, 0.12370894, 0.124021925, 0.12084668, 0.120714195, 0.11685109, 0.11854899, 0.1205792, 0.119334035, 0.117972076, 0.117948264, 0.11843013, 0.117479585, 0.11457583, 0.10958924, 0.104328305, 0.10718625, 0.104099676, 0.10681269, 0.10034506, 0.100201175, 0.09998191, 0.09643175, 0.092587665, 0.09512695, 0.097393975, 0.09888986, 0.09669936, 0.094577536, 0.095009275, 0.09329034, 0.09703113, 0.0970209, 0.09389899, 0.093916506, 0.09623187, 0.09392513, 0.095028564, 0.09048714, 0.09065018, 0.08833483, 0.08442238, 0.080134, 0.07867124, 0.07802705, 0.07852215], "var": [0.98, 0.96, 0.92, 0.9, 0.86, 0.88, 0.88, 0.9, 0.88, 0.9, 0.9, 0.88, 0.86, 0.82, 0.8, 0.76, 0.78, 0.78, 0.78, 0.78, 0.78, 0.78, 0.76, 0.76, 0.78, 0.8, 0.76, 0.78, 0.8, 0.82, 0.84, 0.84, 0.82, 0.8, 0.82, 0.78, 0.8, 0.8, 0.84, 0.82, 0.8, 0.76, 0.74, 0.74, 0.72, 0.74, 0.76, 0.76, 0.76, 0.76], "best": [0.51111114, 0.54206353, 0.54206353, 0.54206353, 0.54206353, 0.5434921, 0.5446032, 0.5445125, 0.5443254, 0.5432804, 0.5438731, 0.5443579, 0.54543656, 0.5466423, 0.54757375, 0.54796827, 0.54828376, 0.54861814, 0.54875666, 0.5487051, 0.54870635, 0.54875284, 0.5488817, 0.54595584, 0.5458929, 0.54587305, 0.54585475, 0.54587305, 0.54585606, 0.5458566, 0.5458572, 0.54585767, 0.54587305, 0.5458586, 0.54584503, 0.5457778, 0.5457143, 0.5456671, 0.54567254, 0.54567766, 0.5457064, 0.5457337, 0.5369048, 0.5370469, 0.5371934, 0.5373545, 0.40411666, 0.40415743, 0.40422624, 0.40425336], "duration": [64808, 64225, 65274, 64130, 64873, 65828, 65866, 65683, 65626, 63742, 64894, 65189, 64870, 65274, 64873, 66386, 63652, 64755, 64843, 64245, 64035, 63094, 62935, 62075, 62200, 62987, 62182, 61468, 61274, 59751, 60036, 61456, 60694, 60108, 60589, 61283, 62167, 60750, 60534, 60109, 59143, 59157, 58244, 58834, 58898, 58758, 57243, 57743, 58874, 58071]}