{"avg": [0.16842107, 0.20735173, 0.20763065, 0.2373234, 0.25430015, 0.23208776, 0.19125144, 0.19529969, 0.2656574, 0.28046957, 0.24751674, 0.24416754, 0.2680726, 0.25125408, 0.28823656, 0.2699983, 0.30728552, 0.31075463, 0.35385874, 0.29708025, 0.34809926, 0.33509788, 0.3763006, 0.3633937, 0.32552236, 0.41166547, 0.34009856, 0.40453407, 0.38375422, 0.38706183, 0.38851252, 0.44449806, 0.45564803, 0.45381773, 0.47245917, 0.41722286, 0.4252984, 0.42897302, 0.4871875, 0.4581116, 0.4894592, 0.4701249, 0.48352504, 0.53189033, 0.5154052, 0.53276545, 0.5268932, 0.52895474, 0.5759196, 0.5702056], "std": [0.094642945, 0.1052608, 0.12174196, 0.118695825, 0.11047453, 0.13564683, 0.13194779, 0.16503628, 0.12261332, 0.106839985, 0.12122307, 0.11891204, 0.108549856, 0.118973106, 0.14121933, 0.1259852, 0.08682602, 0.11294431, 0.11722366, 0.118673496, 0.09359513, 0.093519695, 0.08046304, 0.11574342, 0.1560719, 0.09701625, 0.15346329, 0.10589414, 0.1133059, 0.104084454, 0.17471606, 0.110082, 0.13760579, 0.113779835, 0.08125601, 0.107600264, 0.103341736, 0.0963219, 0.08217473, 0.10273102, 0.082731806, 0.08101683, 0.07910746, 0.11323086, 0.0834989, 0.08078684, 0.11300644, 0.10706903, 0.075090796, 0.07913382], "var": [1.0, 0.98, 0.98, 0.94, 0.92, 0.9, 0.86, 0.86, 0.84, 0.82, 0.78, 0.78, 0.78, 0.78, 0.78, 0.76, 0.74, 0.7, 0.72, 0.7, 0.7, 0.7, 0.68, 0.7, 0.7, 0.66, 0.64, 0.6, 0.6, 0.58, 0.54, 0.52, 0.48, 0.48, 0.48, 0.44, 0.42, 0.4, 0.4, 0.36, 0.36, 0.34, 0.34, 0.34, 0.3, 0.34, 0.32, 0.3, 0.28, 0.26], "best": [0.31111112, 0.37685886, 0.5441799, 0.38073874, 0.38910538, 0.3858319, 0.3788742, 0.38589692, 0.54455787, 0.38669112, 0.38520518, 0.391061, 0.38755357, 0.38811862, 0.54811245, 0.54876804, 0.39480412, 0.3973111, 0.5505142, 0.40078574, 0.551474, 0.40274435, 0.55276066, 0.554707, 0.55614084, 0.55812436, 0.56571585, 0.5675817, 0.5654402, 0.56735986, 0.5692787, 0.5726069, 0.5756288, 0.5795177, 0.58253974, 0.58560216, 0.5879605, 0.5900285, 0.5915873, 0.59471506, 0.5966295, 0.59911084, 0.6009984, 0.6029479, 0.60641783, 0.60929614, 0.61244917, 0.6155389, 0.6179229, 0.6218008], "duration": [6150, 5763, 3999, 11449, 6728, 7676, 7664, 5840, 7738, 5785, 3927, 8016, 9917, 4250, 7743, 9935, 3944, 5855, 3970, 7685, 9578, 5821, 9654, 5846, 4033, 5961, 5913, 2470, 8138, 2483, 2317, 4118, 2198, 2287, 2292, 6319, 2240, 2223, 2272, 2580, 2213, 2515, 2151, 2338, 2678, 2258, 2373, 2333, 2259, 2332]}