{"avg": [0.1152778, 0.0780878, 0.15842944, 0.14636797, 0.18090029, 0.16722412, 0.19379085, 0.13222003, 0.15920678, 0.1435864, 0.14636129, 0.16617201, 0.13818179, 0.13683222, 0.18413246, 0.16555059, 0.20998834, 0.19775437, 0.18699926, 0.21755509, 0.19252764, 0.15297237, 0.23147339, 0.27508506, 0.17422742, 0.19087592, 0.18141222, 0.25288707, 0.21203429, 0.21680565, 0.20208585, 0.21324632, 0.18456401, 0.20761685, 0.2335007, 0.27024743, 0.25329125, 0.2544155, 0.23153262, 0.24972452, 0.21140173, 0.19243555, 0.30948895, 0.2746024, 0.32912707, 0.287819, 0.26872694, 0.2704022, 0.26395372, 0.29013252], "std": [0.10098857, 0.11002577, 0.16617893, 0.13165858, 0.13155706, 0.12971511, 0.16055562, 0.12158066, 0.14733723, 0.107905075, 0.13731533, 0.11575533, 0.12417895, 0.13342713, 0.13547525, 0.12158658, 0.12454569, 0.17553017, 0.1519492, 0.14217313, 0.12925094, 0.11979885, 0.1146076, 0.11187083, 0.13160145, 0.12642126, 0.16495322, 0.1886533, 0.15230489, 0.16347675, 0.11995687, 0.14049572, 0.13862753, 0.14040925, 0.1295473, 0.16615583, 0.16352202, 0.16203214, 0.14543483, 0.15832612, 0.119700655, 0.14377357, 0.14276809, 0.15413982, 0.17871827, 0.14152746, 0.17032349, 0.1798372, 0.13472909, 0.12674867], "var": [0.99333334, 0.98, 0.98, 0.96666664, 0.96, 0.96, 0.96, 0.96, 0.94666666, 0.94, 0.9266667, 0.92, 0.9066667, 0.9, 0.8933333, 0.88, 0.8666667, 0.85333335, 0.85333335, 0.8466667, 0.8466667, 0.8333333, 0.82, 0.81333333, 0.81333333, 0.81333333, 0.8066667, 0.79333335, 0.79333335, 0.7866667, 0.78, 0.7733333, 0.76666665, 0.76, 0.76, 0.76, 0.75333333, 0.74, 0.73333335, 0.7266667, 0.72, 0.7133333, 0.72, 0.7266667, 0.7266667, 0.72, 0.72, 0.72, 0.72, 0.72], "best": [0.3555556, 0.36894846, 0.5259921, 0.38035718, 0.53311694, 0.535771, 0.52861816, 0.38095242, 0.38264322, 0.3807566, 0.38748837, 0.37732795, 0.33201703, 0.38108113, 0.53352594, 0.38020217, 0.5345731, 0.5354954, 0.38384873, 0.49222907, 0.38495094, 0.3828235, 0.5334009, 0.38560528, 0.3872629, 0.38633513, 0.53615403, 0.5368358, 0.53860664, 0.53910536, 0.38618773, 0.5357293, 0.3866342, 0.38516003, 0.5374527, 0.5391667, 0.53935844, 0.539615, 0.5406993, 0.5409087, 0.3855778, 0.53895104, 0.5415675, 0.542341, 0.5426785, 0.54394126, 0.5446718, 0.54550594, 0.5470836, 0.5471904], "duration": [3123, 2996, 7003, 5236, 5113, 5522, 3423, 3159, 3021, 3186, 6882, 4985, 5399, 2969, 10447, 4969, 5105, 5245, 2985, 3072, 5070, 2895, 7046, 4951, 3339, 8759, 5402, 5589, 6979, 5170, 3378, 7216, 3742, 5082, 8788, 5347, 8949, 5324, 7077, 5330, 5232, 5261, 3121, 5236, 10303, 3843, 3207, 3552, 3153, 5211]}