{"avg": [0.4051282, 0.3964663, 0.44503972, 0.47187918, 0.43022963, 0.42511687, 0.43488145, 0.47682542, 0.46372572, 0.4788567, 0.48394772, 0.47015637, 0.41352817, 0.5305337, 0.52720517, 0.5387727, 0.5396297, 0.5482354, 0.52688575, 0.5769306, 0.56620353, 0.59290123, 0.5990334, 0.5561299, 0.6186268], "std": [0.14955558, 0.14988421, 0.14940506, 0.14705004, 0.15116885, 0.14984517, 0.14884791, 0.14618562, 0.15059301, 0.14676034, 0.15053475, 0.14948054, 0.1449759, 0.1277652, 0.13121924, 0.12328882, 0.12387812, 0.12391952, 0.14108478, 0.10012843, 0.10722459, 0.07223039, 0.07393389, 0.12372725, 0.012620936], "var": [0.98, 0.94, 0.9, 0.88, 0.84, 0.84, 0.82, 0.8, 0.78, 0.8, 0.8, 0.78, 0.74, 0.76, 0.76, 0.74, 0.74, 0.74, 0.7, 0.7, 0.66, 0.64, 0.62, 0.62, 0.6], "best": [0.5666667, 0.6179488, 0.61349213, 0.61376816, 0.6139078, 0.6115733, 0.59899753, 0.6127977, 0.6069742, 0.6117883, 0.61323094, 0.6135896, 0.6149224, 0.6169834, 0.61850655, 0.61680794, 0.62066674, 0.62157077, 0.6260229, 0.6248766, 0.6298072, 0.63126177, 0.6330864, 0.632942, 0.6354152], "duration": [1201, 1211, 1239, 1387, 1138, 1133, 1163, 1183, 1123, 1153, 1187, 1195, 1158, 1355, 1175, 1176, 1377, 1178, 1399, 1192, 1609, 1223, 1370, 1222, 1210]}