{"avg": [0.13567252, 0.1957019, 0.2013315, 0.2640497, 0.28184927, 0.33199644, 0.3736201, 0.43984175, 0.4896376, 0.50674015, 0.5473621, 0.5418011, 0.53717756, 0.5382151, 0.552468, 0.57893765, 0.5535991, 0.56723064, 0.59661007, 0.59903085, 0.5829661, 0.6031318, 0.61295164, 0.63766927, 0.61480236, 0.62326115, 0.6532681, 0.59990513, 0.63295597, 0.6524898, 0.6685792, 0.6538789, 0.67343384, 0.65905297, 0.6799922, 0.65105885, 0.667907, 0.68362796, 0.6793478, 0.68131024, 0.6952174, 0.7080791, 0.692389, 0.66567874, 0.69318104, 0.67686206, 0.6594384, 0.6719949, 0.6938385, 0.70205736], "std": [0.114882156, 0.14113624, 0.15240283, 0.16605946, 0.1773693, 0.16145225, 0.13899206, 0.13249815, 0.10614674, 0.10382943, 0.067266695, 0.07212137, 0.072931595, 0.07139147, 0.07419627, 0.06851781, 0.08121927, 0.084681876, 0.07393668, 0.072296396, 0.073740296, 0.09001804, 0.08256118, 0.070165835, 0.07364088, 0.07530719, 0.074711755, 0.09781834, 0.08334015, 0.08410432, 0.07285664, 0.08587789, 0.074180104, 0.07899629, 0.07411895, 0.08395857, 0.07691475, 0.08367365, 0.07719726, 0.07869672, 0.07503633, 0.07834535, 0.07663577, 0.09714443, 0.07713593, 0.085181616, 0.09605478, 0.09125992, 0.07768051, 0.07706435], "var": [0.96, 0.86, 0.8, 0.78, 0.72, 0.58, 0.48, 0.44, 0.4, 0.34, 0.32, 0.34, 0.34, 0.34, 0.36, 0.36, 0.36, 0.26, 0.2, 0.18, 0.18, 0.16, 0.1, 0.08, 0.08, 0.08, 0.06, 0.04, 0.04, 0.04, 0.04, 0.04, 0.04, 0.04, 0.04, 0.04, 0.04, 0.04, 0.04, 0.04, 0.04, 0.02, 0.02, 0.02, 0.02, 0.02, 0.02, 0.02, 0.02, 0.02], "best": [0.51111114, 0.53742695, 0.5414142, 0.5519568, 0.5575397, 0.56283945, 0.56803393, 0.5771826, 0.5864955, 0.5934165, 0.5995379, 0.60590833, 0.61530924, 0.6238686, 0.6324017, 0.63810873, 0.644323, 0.6518005, 0.6590512, 0.66626936, 0.6732198, 0.6794928, 0.68464696, 0.6899838, 0.6959232, 0.70096076, 0.7058258, 0.71085274, 0.7154012, 0.7195947, 0.72371614, 0.7273357, 0.7306711, 0.73376685, 0.7368567, 0.7398521, 0.74268234, 0.7452927, 0.7476404, 0.7502328, 0.7525276, 0.75469977, 0.7568878, 0.759012, 0.7609873, 0.7628272, 0.76454353, 0.7661468, 0.76772773, 0.76932436], "duration": [28785, 40615, 33590, 48868, 42696, 63349, 70236, 58600, 46368, 53354, 55496, 61790, 56154, 61058, 56239, 56863, 63511, 63368, 53637, 65834, 54393, 53590, 58698, 68337, 58496, 70871, 63611, 56138, 58953, 63418, 61029, 56215, 53648, 68206, 60912, 70837, 58705, 60958, 61077, 61062, 56266, 63565, 56133, 56156, 61227, 58684, 56994, 66278, 63583, 80738]}