{"avg": [0.11428572, 0.15151644, 0.15751323, 0.18596122, 0.15079366, 0.24252994, 0.19015291, 0.20107919, 0.22538444, 0.22937323, 0.25556806, 0.26462588, 0.2251625, 0.23466228, 0.23969704, 0.3040659, 0.2773257, 0.25140932, 0.25485408, 0.32420915, 0.27295825, 0.30039936, 0.3298622, 0.3529031, 0.37665558, 0.35136488, 0.34746367, 0.3428006, 0.42390198, 0.39786384, 0.465295, 0.41108784, 0.43425086, 0.42199206, 0.44767016, 0.4555539, 0.46564314, 0.4279512, 0.47848943, 0.46445358, 0.4750083, 0.48708948, 0.49486464, 0.573015, 0.56388134, 0.5160755, 0.53426117, 0.47762132, 0.52379954, 0.56247973], "std": [0.09897435, 0.11489335, 0.09154566, 0.12784483, 0.11168327, 0.11473506, 0.13009016, 0.12605348, 0.108771615, 0.1363444, 0.18322931, 0.15662761, 0.1325417, 0.17853585, 0.13574745, 0.12417953, 0.10634045, 0.13672808, 0.07161644, 0.11590285, 0.1271959, 0.13920356, 0.11056478, 0.12774062, 0.1347851, 0.12985626, 0.10606644, 0.13212371, 0.14724018, 0.12767038, 0.114539206, 0.16138737, 0.1293368, 0.14045547, 0.14071277, 0.1278327, 0.1211751, 0.13371177, 0.13732573, 0.1417516, 0.1515086, 0.11326182, 0.13148351, 0.081329755, 0.09284955, 0.13076839, 0.13804361, 0.1609988, 0.1247762, 0.12910096], "var": [1.0, 0.96, 0.94, 0.9, 0.88, 0.88, 0.84, 0.82, 0.82, 0.8, 0.78, 0.76, 0.76, 0.76, 0.74, 0.72, 0.72, 0.7, 0.66, 0.64, 0.62, 0.64, 0.66, 0.64, 0.62, 0.6, 0.6, 0.56, 0.54, 0.52, 0.52, 0.52, 0.48, 0.48, 0.48, 0.48, 0.46, 0.44, 0.4, 0.4, 0.36, 0.32, 0.3, 0.28, 0.24, 0.22, 0.2, 0.22, 0.18, 0.18], "best": [0.3555556, 0.3708617, 0.36746037, 0.38148153, 0.386508, 0.5324144, 0.5364905, 0.53851455, 0.3866457, 0.5392029, 0.541301, 0.54257375, 0.5425083, 0.5460398, 0.54873466, 0.5490805, 0.389007, 0.3964782, 0.35873017, 0.5525082, 0.5544083, 0.5551363, 0.5563707, 0.55777234, 0.5613901, 0.5642151, 0.56640685, 0.56847304, 0.56893426, 0.5733283, 0.57510906, 0.57893527, 0.58337426, 0.5844921, 0.5880307, 0.58986574, 0.5932518, 0.5944867, 0.5982071, 0.59981567, 0.60361254, 0.60478735, 0.60924196, 0.6109016, 0.61709166, 0.6194393, 0.6220205, 0.6269776, 0.6272952, 0.6300958], "duration": [5871, 4217, 1899, 4115, 2101, 4023, 2189, 2370, 3905, 4059, 6072, 7973, 5953, 4260, 9740, 6277, 4182, 4644, 6205, 6128, 4329, 2640, 4041, 2835, 4157, 2401, 7908, 7867, 2352, 4200, 4267, 2461, 7880, 6142, 6391, 6214, 6075, 2536, 2391, 2538, 4236, 6065, 2570, 2827, 2370, 4294, 2528, 4332, 4365, 2489]}