{"avg": [0.363964, 0.42161196, 0.47060347, 0.48962876, 0.5474633, 0.58625686, 0.61297786, 0.61818516, 0.6413566, 0.6581644, 0.67655164, 0.6951788, 0.706864, 0.73303205, 0.7445709, 0.75401026, 0.7638467, 0.7722974, 0.77911335, 0.7853909, 0.7909108, 0.79617465, 0.80095327, 0.80572677, 0.8099671, 0.8139285, 0.81739795, 0.82052463, 0.8232879, 0.8262458, 0.82868963, 0.8311426, 0.83338153, 0.83543026, 0.83731127, 0.83912903, 0.8408447, 0.84238833, 0.84396374, 0.8454553, 0.84687, 0.8482436, 0.8494589, 0.85061866, 0.8517266, 0.85270834, 0.8536755, 0.8546519, 0.8556103, 0.8564855], "std": [0.14043657, 0.14636226, 0.14701234, 0.14558837, 0.117755264, 0.08343982, 0.05216039, 0.07496312, 0.05938686, 0.060866114, 0.06498242, 0.069570646, 0.07289673, 0.0056857304, 0.004180194, 0.0066242437, 0.0029315976, 2.3841858e-07, 1.1920929e-07, 5.9604645e-08, 5.9604645e-08, 1.7881393e-07, 2.9802322e-07, 5.9604645e-08, 5.9604645e-08, 1.1920929e-07, 0.0, 4.172325e-07, 3.5762787e-07, 1.7881393e-07, 2.3841858e-07, 2.9802322e-07, 2.3841858e-07, 1.1920929e-07, 2.3841858e-07, 1.7881393e-07, 2.3841858e-07, 2.9802322e-07, 2.3841858e-07, 1.1920929e-07, 4.172325e-07, 2.3841858e-07, 1.1920929e-07, 1.7881393e-07, 5.9604645e-08, 2.9802322e-07, 2.3841858e-07, 3.5762787e-07, 1.7881393e-07, 1.7881393e-07], "var": [0.9, 0.82, 0.74, 0.68, 0.68, 0.6, 0.5, 0.46, 0.34, 0.3, 0.22, 0.16, 0.1, 0.06, 0.06, 0.04, 0.02, 0.02, 0.02, 0.02, 0.02, 0.02, 0.02, 0.02, 0.02, 0.02, 0.02, 0.02, 0.02, 0.02, 0.02, 0.02, 0.02, 0.02, 0.02, 0.02, 0.02, 0.02, 0.02, 0.02, 0.02, 0.02, 0.02, 0.02, 0.02, 0.02, 0.02, 0.02, 0.02, 0.02], "best": [0.5666667, 0.60077226, 0.6025356, 0.60883784, 0.6171672, 0.62873733, 0.6395772, 0.65436375, 0.66890764, 0.68327403, 0.6984442, 0.7121991, 0.7243925, 0.73521435, 0.7457949, 0.7554194, 0.76431584, 0.7722976, 0.77911323, 0.785391, 0.79091084, 0.79617447, 0.80095357, 0.8057268, 0.80996716, 0.8139286, 0.81739795, 0.82052505, 0.82328755, 0.8262456, 0.8286899, 0.8311429, 0.8333813, 0.8354304, 0.8373115, 0.8391292, 0.84084445, 0.84238863, 0.843964, 0.8454554, 0.8468696, 0.84824336, 0.849459, 0.85061884, 0.85172665, 0.85270804, 0.85367525, 0.8546516, 0.8556105, 0.85648566], "duration": [5197, 5671, 5275, 5397, 6592, 5919, 4649, 5041, 5917, 6913, 5353, 5199, 5864, 4629, 5014, 5656, 5017, 5367, 5200, 4770, 5594, 5186, 5417, 6577, 5174, 5825, 5862, 5117, 5961, 4434, 6048, 7097, 6685, 6128, 6169, 4363, 4762, 5420, 5000, 5352, 5054, 5378, 5138, 4904, 5068, 5010, 5572, 5471, 5347, 5546]}