{"avg": [0.14285716, 0.18880579, 0.21352728, 0.20394717, 0.20611715, 0.18887024, 0.20526686, 0.23899767, 0.21586908, 0.2166498, 0.18225172, 0.20260693, 0.23332329, 0.23022376, 0.24293533, 0.21961161, 0.23705538, 0.24546559, 0.23896465, 0.2476611, 0.25571993, 0.25103852, 0.26918772, 0.25613075, 0.27309924, 0.2928154, 0.28811377, 0.27039477, 0.29215732, 0.27766415, 0.2733574, 0.30061868, 0.30552912, 0.3017921, 0.29315048, 0.32719663, 0.2971811, 0.32471395, 0.32724166, 0.31430325, 0.3378971, 0.33915415, 0.3638924, 0.3394386, 0.33489475, 0.33314347, 0.33949563, 0.36963475, 0.36139, 0.36157164, 0.37503713, 0.36974496, 0.3753271, 0.40688017, 0.3989324, 0.39092088, 0.40376422, 0.4087683, 0.40781432, 0.4110884, 0.42879426, 0.4143312, 0.446226, 0.45760486, 0.42614198, 0.45611858, 0.43988815, 0.4558647, 0.45068973, 0.47055054, 0.4815411, 0.5058148, 0.47751686, 0.5067829, 0.47043684], "std": [0.068346195, 0.07154402, 0.051666472, 0.06339014, 0.077400036, 0.068994485, 0.049298305, 0.05412491, 0.061241746, 0.06823636, 0.08825852, 0.048700437, 0.06796571, 0.056263845, 0.05301126, 0.04920993, 0.05608499, 0.04998993, 0.07715242, 0.07262377, 0.05585146, 0.047414847, 0.078177735, 0.043971077, 0.061758924, 0.052217696, 0.060122754, 0.03951082, 0.04913512, 0.03925068, 0.025940549, 0.043172553, 0.032945376, 0.03886528, 0.03841411, 0.042734735, 0.03268528, 0.04561996, 0.04830013, 0.034053978, 0.04491805, 0.05057459, 0.050472923, 0.06328775, 0.032293, 0.05341764, 0.05536689, 0.045497235, 0.05799587, 0.055598803, 0.038994126, 0.068743, 0.057610184, 0.067302175, 0.06440359, 0.0696013, 0.0639409, 0.06642156, 0.06612226, 0.06455962, 0.08573237, 0.05480082, 0.06994889, 0.059208672, 0.07836919, 0.08826298, 0.09214761, 0.06722402, 0.095234334, 0.07721536, 0.06630823, 0.062488828, 0.0654002, 0.05790584, 0.061567765], "var": [1.0, 0.98, 0.94, 0.94, 0.9, 0.9, 0.9, 0.88, 0.84, 0.8, 0.8, 0.76, 0.74, 0.74, 0.72, 0.7, 0.66, 0.64, 0.66, 0.62, 0.62, 0.64, 0.66, 0.64, 0.64, 0.62, 0.62, 0.58, 0.56, 0.56, 0.54, 0.54, 0.56, 0.56, 0.54, 0.58, 0.58, 0.6, 0.6, 0.62, 0.6, 0.6, 0.58, 0.56, 0.56, 0.54, 0.52, 0.52, 0.56, 0.54, 0.52, 0.52, 0.5, 0.48, 0.44, 0.44, 0.42, 0.44, 0.42, 0.44, 0.42, 0.4, 0.38, 0.4, 0.4, 0.4, 0.38, 0.36, 0.34, 0.32, 0.28, 0.26, 0.24, 0.22, 0.22], "best": [0.1888889, 0.3134921, 0.32211277, 0.3170912, 0.32289058, 0.31174603, 0.31840926, 0.32050142, 0.31841272, 0.3194529, 0.3203838, 0.24875678, 0.32161754, 0.32271242, 0.37106454, 0.32588053, 0.37252107, 0.37375224, 0.32669398, 0.338445, 0.37676215, 0.33132243, 0.41825402, 0.33416712, 0.37879217, 0.42232862, 0.42433342, 0.34909624, 0.38320535, 0.34067857, 0.32819498, 0.38408768, 0.38462424, 0.38546777, 0.3861164, 0.4333916, 0.35056207, 0.43513525, 0.45457757, 0.36565092, 0.43916532, 0.45846978, 0.4475419, 0.46121714, 0.39072096, 0.46351224, 0.46433705, 0.46513283, 0.4667801, 0.46782786, 0.469446, 0.511784, 0.47161707, 0.5134521, 0.5149671, 0.516843, 0.51835316, 0.51957023, 0.5209861, 0.52248937, 0.5501358, 0.5254184, 0.55315995, 0.5284497, 0.55635, 0.557603, 0.55928725, 0.56023616, 0.56160605, 0.56298393, 0.5644701, 0.5658212, 0.5670733, 0.5681474, 0.56945574], "duration": [2351, 2026, 3899, 2010, 2021, 2027, 2023, 4279, 2417, 1977, 1968, 2295, 1978, 5862, 5850, 1996, 3923, 5853, 3906, 1976, 3915, 1984, 6180, 6514, 6185, 3922, 5869, 4231, 5846, 2012, 5881, 5895, 6214, 3903, 4227, 3917, 1978, 2280, 3906, 1971, 3908, 6185, 7773, 4233, 9821, 8125, 7795, 4257, 9714, 3901, 9720, 8157, 9734, 7782, 11661, 7791, 7774, 7846, 11655, 9728, 15851, 10074, 7830, 13608, 9734, 13937, 15892, 11671, 13933, 15870, 11671, 13655, 13607, 13597, 11682]}