{"avg": [0.4333334, 0.3948854, 0.35920638, 0.39747396, 0.44202384, 0.5034286, 0.38492066, 0.40408164, 0.37753198, 0.4297572, 0.45837852, 0.4477026, 0.4597333, 0.44640216, 0.4436946, 0.42556754, 0.4304562, 0.4332097, 0.45572692, 0.46022537, 0.5217592, 0.44715253, 0.566744, 0.4890853, 0.4175724, 0.4175741, 0.47858882, 0.49917856, 0.48731497, 0.54976755, 0.5502547, 0.4587861, 0.48871568, 0.5536441, 0.5234734, 0.55073303, 0.52214026, 0.5266559, 0.4544858, 0.58323663, 0.46915436, 0.50669706, 0.44509843, 0.51982397, 0.55228835, 0.55732304, 0.55095917, 0.5899476, 0.5897375, 0.5615161], "std": [0.14907122, 0.14488252, 0.114730224, 0.14369324, 0.14759153, 0.13834164, 0.14053203, 0.14610721, 0.1359268, 0.14962214, 0.1538601, 0.1492187, 0.15110885, 0.1489487, 0.15184137, 0.14939158, 0.1527596, 0.1521762, 0.151392, 0.15160982, 0.1335767, 0.15237427, 0.09113334, 0.14837912, 0.14924859, 0.14948049, 0.15130997, 0.14567822, 0.14079848, 0.11513826, 0.115002014, 0.15155841, 0.14860067, 0.1145851, 0.13594738, 0.11888668, 0.1381742, 0.1395987, 0.15665685, 0.09114738, 0.15709071, 0.15112995, 0.15945476, 0.14464465, 0.12304562, 0.119552225, 0.12910634, 0.09550866, 0.09260866, 0.12806426], "var": [1.0, 0.98, 0.98, 0.96, 0.96, 0.94, 0.94, 0.94, 0.94, 0.94, 0.94, 0.92, 0.9, 0.9, 0.88, 0.88, 0.86, 0.84, 0.82, 0.82, 0.82, 0.82, 0.8, 0.8, 0.8, 0.82, 0.8, 0.8, 0.78, 0.78, 0.78, 0.76, 0.74, 0.74, 0.74, 0.74, 0.72, 0.72, 0.7, 0.7, 0.68, 0.66, 0.66, 0.66, 0.66, 0.64, 0.64, 0.64, 0.64, 0.62], "best": [0.5666667, 0.6195768, 0.5893425, 0.6096775, 0.5988096, 0.6038096, 0.6067461, 0.60646266, 0.6072311, 0.6034162, 0.6078133, 0.60342526, 0.60430115, 0.60599655, 0.6050904, 0.5976959, 0.6015099, 0.6034014, 0.6036611, 0.6039962, 0.6048753, 0.6063493, 0.604416, 0.6061866, 0.60700285, 0.60485184, 0.60701305, 0.60827076, 0.60931545, 0.6105102, 0.61139303, 0.6074933, 0.60805655, 0.61207247, 0.6139614, 0.6160494, 0.61055213, 0.6155358, 0.6198471, 0.6189013, 0.6209239, 0.617389, 0.6240805, 0.62512213, 0.6237, 0.62701994, 0.6286478, 0.6302213, 0.6319361, 0.63080394], "duration": [882, 856, 875, 869, 883, 853, 758, 755, 800, 758, 769, 852, 831, 807, 825, 861, 868, 879, 1100, 849, 876, 880, 849, 859, 864, 870, 856, 862, 938, 927, 944, 879, 900, 956, 878, 869, 916, 1151, 1125, 881, 897, 1157, 856, 911, 914, 893, 904, 900, 905, 1106]}