{"avg": [0.14285716, 0.18880579, 0.21352728, 0.20394717, 0.20611715, 0.18887024, 0.20526686, 0.23899767, 0.21586908, 0.22041808, 0.19239089, 0.20484355, 0.22466168, 0.23399426, 0.2249286, 0.21000901, 0.22960034, 0.24731325, 0.24520142, 0.2767297, 0.2691158, 0.24227071, 0.2471399, 0.28634486, 0.2909103, 0.280209, 0.28494608, 0.28284115, 0.31150162, 0.24304128, 0.2934778, 0.30825865, 0.32812154, 0.30042058, 0.33374423, 0.3188091, 0.30563164, 0.33772007, 0.3364487, 0.3600592, 0.3478641, 0.34760568, 0.3091457, 0.38246393, 0.3838505, 0.39413664, 0.39279655, 0.41204998, 0.44963318, 0.4261594], "std": [0.068346195, 0.07154402, 0.051666472, 0.06339014, 0.077400036, 0.068994485, 0.049298305, 0.05412491, 0.061241746, 0.06603131, 0.091373466, 0.08230527, 0.08739331, 0.04656624, 0.06515932, 0.09137139, 0.08899399, 0.03539702, 0.07322579, 0.04805786, 0.06691968, 0.08829931, 0.08336017, 0.052772425, 0.050623707, 0.08488678, 0.05548923, 0.093514934, 0.06641876, 0.09131461, 0.07620163, 0.048942745, 0.050478484, 0.05985675, 0.052099098, 0.08381992, 0.105032176, 0.09311742, 0.08410057, 0.07053014, 0.082481556, 0.07017187, 0.07633006, 0.06747403, 0.08028387, 0.06520172, 0.065129, 0.058367644, 0.053991854, 0.07985273], "var": [1.0, 0.98, 0.94, 0.94, 0.9, 0.9, 0.9, 0.88, 0.84, 0.82, 0.8, 0.78, 0.76, 0.78, 0.74, 0.74, 0.74, 0.72, 0.72, 0.7, 0.68, 0.7, 0.7, 0.7, 0.68, 0.68, 0.64, 0.62, 0.58, 0.6, 0.56, 0.58, 0.56, 0.52, 0.52, 0.5, 0.48, 0.48, 0.46, 0.42, 0.4, 0.38, 0.36, 0.32, 0.3, 0.28, 0.24, 0.22, 0.22, 0.22], "best": [0.1888889, 0.3134921, 0.32211277, 0.3170912, 0.32289058, 0.31174603, 0.31840926, 0.32050142, 0.31841272, 0.3194529, 0.3201389, 0.32117915, 0.32134503, 0.32384825, 0.3254186, 0.32796094, 0.33424935, 0.3296041, 0.3319292, 0.3344716, 0.34352392, 0.3412841, 0.34599084, 0.3471993, 0.34935752, 0.34789512, 0.3533147, 0.35303456, 0.35646674, 0.35921615, 0.44199753, 0.36046475, 0.3621709, 0.3657623, 0.4473196, 0.45164838, 0.4543385, 0.45567015, 0.45627734, 0.45833075, 0.46155065, 0.46378365, 0.38627827, 0.4671436, 0.470274, 0.47403196, 0.47695655, 0.48022994, 0.4838125, 0.4868659], "duration": [2382, 2061, 3944, 2092, 2124, 2177, 2071, 4300, 2472, 4277, 2018, 4547, 4038, 5871, 2012, 3007, 2014, 3960, 3960, 3936, 2023, 2005, 5649, 3924, 2010, 2004, 4285, 2014, 1991, 2029, 5834, 5859, 2120, 3957, 4399, 2372, 5287, 3949, 2024, 2012, 3933, 2004, 3944, 2004, 3939, 3933, 5881, 2025, 2018, 2032]}