{"avg": [0.18461539, 0.19740337, 0.2356096, 0.19898914, 0.20498663, 0.1683027, 0.23237602, 0.24222949, 0.21561058, 0.21999466, 0.26052204, 0.2940733, 0.22440906, 0.2601754, 0.257041, 0.3146109, 0.29442355, 0.32180595, 0.2784609, 0.3103398, 0.31390715, 0.33411366, 0.3103188, 0.34191817, 0.30161777, 0.35915127, 0.30487198, 0.35675716, 0.3572913, 0.358064, 0.31875125, 0.36398044, 0.31077504, 0.40024513, 0.42345828, 0.38291022, 0.384292, 0.39951497, 0.3767306, 0.4274202, 0.4119681, 0.391024, 0.408387, 0.4109477, 0.4195373, 0.4089562, 0.36941993, 0.4170692, 0.39415902, 0.42774412], "std": [0.13114579, 0.14374335, 0.07775044, 0.106446505, 0.12275185, 0.12264893, 0.1197764, 0.13903154, 0.14919338, 0.10786807, 0.1386695, 0.11434257, 0.14982672, 0.12875348, 0.11223191, 0.090369605, 0.095925935, 0.085801445, 0.11050819, 0.11751566, 0.11460849, 0.087791584, 0.09611785, 0.075438075, 0.0829164, 0.074103594, 0.11096764, 0.083879635, 0.08302981, 0.10936018, 0.12656967, 0.08452953, 0.122636534, 0.07406061, 0.045878213, 0.08546222, 0.086911544, 0.08799887, 0.089631304, 0.056526516, 0.09760228, 0.14068034, 0.06994078, 0.09294548, 0.07720148, 0.1046546, 0.1386481, 0.09622878, 0.12177145, 0.10724703], "var": [0.98, 0.98, 0.94, 0.92, 0.9, 0.86, 0.84, 0.86, 0.84, 0.8, 0.78, 0.74, 0.7, 0.68, 0.7, 0.68, 0.66, 0.62, 0.6, 0.58, 0.58, 0.56, 0.58, 0.58, 0.54, 0.54, 0.5, 0.48, 0.46, 0.44, 0.42, 0.44, 0.44, 0.42, 0.44, 0.42, 0.4, 0.4, 0.38, 0.36, 0.36, 0.36, 0.34, 0.34, 0.32, 0.3, 0.28, 0.26, 0.26, 0.26], "best": [0.3555556, 0.40134314, 0.3921202, 0.381688, 0.39510363, 0.38939017, 0.39270893, 0.39611995, 0.3892699, 0.39041954, 0.39073908, 0.39332244, 0.45279866, 0.39937893, 0.40104878, 0.40248019, 0.4034515, 0.4059655, 0.40813497, 0.41163328, 0.41485757, 0.4161745, 0.41731155, 0.42143506, 0.40638214, 0.42484665, 0.42868486, 0.42998078, 0.4326205, 0.43463176, 0.43827274, 0.44046667, 0.44265568, 0.4455727, 0.45022577, 0.45516515, 0.4576729, 0.4603898, 0.4640125, 0.46597987, 0.5197258, 0.47063497, 0.47317535, 0.4767266, 0.4803773, 0.48350272, 0.48634535, 0.4871951, 0.48934692, 0.4914568], "duration": [3476, 5098, 3273, 7488, 7185, 4859, 4981, 5094, 3063, 6982, 5517, 3715, 3122, 2949, 2479, 5039, 2909, 3165, 3305, 3768, 2687, 2603, 2850, 4820, 4858, 3739, 2626, 2609, 2904, 3853, 3333, 2466, 2964, 2822, 2722, 2745, 2997, 2956, 3829, 3110, 3033, 3159, 2814, 2989, 2586, 2898, 2826, 2802, 2612, 2917]}