{"avg": [0.45416674, 0.42753533, 0.43732634, 0.4004607, 0.43418473, 0.4326514, 0.45629963, 0.48259303, 0.5244971, 0.5208665, 0.4744984, 0.49135882, 0.50284314, 0.514003, 0.5167993, 0.49971873, 0.499685, 0.51949626, 0.53983504, 0.5019317, 0.50856155, 0.5329523, 0.52225906, 0.51339287, 0.5736549, 0.5739813, 0.5840169, 0.5819755, 0.5760934, 0.5827612, 0.5825682, 0.5949841, 0.60083324, 0.5815147, 0.60331935, 0.6030552, 0.60895604, 0.6192901, 0.6183749, 0.6015939, 0.6289442, 0.6238438, 0.62537974, 0.6393594, 0.64479685, 0.636169, 0.6458796, 0.6492327, 0.6450759, 0.6617643], "std": [0.10569254, 0.13023755, 0.16574842, 0.17592557, 0.11467117, 0.14548573, 0.1415889, 0.10605872, 0.05484083, 0.06106229, 0.110760406, 0.08940837, 0.08401644, 0.07860226, 0.08470682, 0.13789275, 0.117244095, 0.08319021, 0.059603978, 0.11886385, 0.14184429, 0.07880509, 0.15263896, 0.1556634, 0.021402415, 0.021518404, 0.019478433, 0.026160378, 0.04586797, 0.027069582, 0.046039842, 0.028516203, 0.022198182, 0.05075785, 0.028350037, 0.028300734, 0.02694961, 0.015755355, 0.02532757, 0.040470023, 0.016165458, 0.031577583, 0.035185985, 0.013138679, 0.014965113, 0.025714923, 0.019399954, 0.020704407, 0.030319193, 0.0032036293], "var": [0.98, 0.96, 0.96, 0.96, 0.96, 0.96, 0.94, 0.92, 0.9, 0.9, 0.9, 0.88, 0.84, 0.8, 0.8, 0.78, 0.76, 0.74, 0.72, 0.68, 0.66, 0.62, 0.62, 0.62, 0.6, 0.6, 0.58, 0.58, 0.54, 0.52, 0.54, 0.52, 0.48, 0.44, 0.44, 0.4, 0.38, 0.38, 0.38, 0.36, 0.34, 0.32, 0.3, 0.3, 0.3, 0.26, 0.24, 0.22, 0.2, 0.2], "best": [0.51111114, 0.5587302, 0.55452853, 0.5619982, 0.5569264, 0.55490893, 0.55625004, 0.5580924, 0.56112957, 0.56053644, 0.5634017, 0.5624248, 0.56474525, 0.5676299, 0.5694552, 0.5719123, 0.5744445, 0.5743014, 0.57997036, 0.58237827, 0.5850743, 0.58399594, 0.5897861, 0.59332013, 0.5953357, 0.5982296, 0.59743536, 0.604713, 0.6077113, 0.6110796, 0.6106319, 0.6159618, 0.6197035, 0.6229605, 0.6248229, 0.62758124, 0.63028634, 0.63317627, 0.6363226, 0.63917094, 0.64015335, 0.6439412, 0.64635074, 0.6491848, 0.6525636, 0.6566024, 0.65846825, 0.661269, 0.66398823, 0.66633034], "duration": [27170, 31177, 31534, 25079, 24770, 25133, 31539, 26963, 27006, 27013, 26951, 27025, 31545, 27025, 27038, 27008, 27024, 26997, 27043, 27013, 36058, 26984, 26963, 31529, 27054, 27015, 27035, 27054, 31530, 31561, 27051, 27018, 27069, 27012, 27050, 27098, 27031, 27049, 27044, 27072, 27082, 27081, 27047, 27072, 27021, 27047, 27033, 27032, 27055, 27065]}