{"avg": [0.14920637, 0.17800456, 0.19771504, 0.18006869, 0.17788245, 0.20953722, 0.21487674, 0.21492736, 0.2443287, 0.2205768, 0.23279336, 0.24501576, 0.23641396, 0.2590194, 0.24182834, 0.28039217, 0.28709134, 0.27964643, 0.24720587, 0.32529318, 0.29876184, 0.28103307, 0.32553047, 0.3015411, 0.2941884, 0.2922963, 0.30789942, 0.31893784, 0.32814106, 0.33921257, 0.34134883, 0.34578684, 0.35385704, 0.36655644, 0.3750301, 0.3613899, 0.3623101, 0.37213847, 0.36887816, 0.385676, 0.3455743, 0.36828348, 0.37267318, 0.39437854, 0.38220182, 0.39345035, 0.4214941, 0.4122755, 0.42640013, 0.44065088], "std": [0.045949575, 0.06320264, 0.09028971, 0.060492568, 0.09024752, 0.092138775, 0.106206916, 0.07595283, 0.05322622, 0.08035084, 0.103399865, 0.07581521, 0.08425301, 0.07120215, 0.06759888, 0.09499309, 0.0827842, 0.09433043, 0.071966834, 0.07731044, 0.09822512, 0.10595781, 0.08586194, 0.0912884, 0.079617634, 0.089093134, 0.09330198, 0.08644574, 0.10171242, 0.08617993, 0.07964173, 0.09163588, 0.08707507, 0.08886125, 0.08937771, 0.08676541, 0.09214959, 0.080691814, 0.0955153, 0.088369735, 0.09338765, 0.1106505, 0.1088219, 0.09231835, 0.09238507, 0.088245995, 0.05146387, 0.091353014, 0.07016478, 0.06366799], "var": [0.98, 0.96, 0.98, 0.98, 0.98, 0.96, 0.96, 0.94, 0.94, 0.94, 0.92, 0.92, 0.92, 0.92, 0.9, 0.9, 0.88, 0.84, 0.82, 0.84, 0.84, 0.82, 0.8, 0.8, 0.8, 0.8, 0.82, 0.8, 0.78, 0.78, 0.76, 0.76, 0.74, 0.74, 0.74, 0.74, 0.74, 0.74, 0.72, 0.72, 0.7, 0.7, 0.68, 0.66, 0.64, 0.62, 0.62, 0.6, 0.58, 0.56], "best": [0.1888889, 0.29818594, 0.3946749, 0.23245527, 0.30378512, 0.39947763, 0.40412027, 0.4085773, 0.4099683, 0.41198304, 0.4129613, 0.41595516, 0.41662493, 0.41811532, 0.41115463, 0.41839406, 0.4144295, 0.4231758, 0.41754478, 0.42491907, 0.42842993, 0.43023092, 0.4309547, 0.4241472, 0.4332699, 0.42435902, 0.42721483, 0.43611115, 0.43020245, 0.43809527, 0.43972337, 0.4411707, 0.43758965, 0.44479722, 0.44632584, 0.4485925, 0.44635773, 0.45260185, 0.4545423, 0.45291185, 0.45579445, 0.45750594, 0.46068794, 0.46268415, 0.46452248, 0.46613532, 0.4669049, 0.4693151, 0.47151184, 0.47379914], "duration": [2010, 5402, 2015, 3969, 5810, 3932, 1990, 3931, 4929, 5869, 4126, 3899, 2057, 4061, 8419, 4154, 3986, 2508, 3974, 3994, 4003, 5811, 2035, 2147, 2316, 2413, 7759, 5857, 3930, 3921, 1972, 2297, 4032, 1981, 2343, 3984, 2102, 1973, 3928, 1963, 1950, 2073, 2362, 4345, 2094, 3880, 2017, 2024, 2054, 2424]}