{"avg": [0.11250001, 0.17085318, 0.15746473, 0.17662622, 0.1848848, 0.14145151, 0.109207, 0.10911061, 0.1757381, 0.15497299, 0.20428286, 0.1765173, 0.17181772, 0.23971641, 0.21448985, 0.24148719, 0.23124096, 0.28758582, 0.32577047, 0.27188033, 0.29315868, 0.30106014, 0.27203327, 0.2818954, 0.3039636, 0.34955865, 0.358029, 0.369258, 0.3531136, 0.3892194, 0.39040086, 0.45456436, 0.39851192, 0.4257511, 0.40892893, 0.46284768, 0.48663875, 0.45408085, 0.47174218, 0.4664313, 0.42018053, 0.48516858, 0.50987244, 0.48551902, 0.48547688, 0.4775076, 0.518254, 0.5014287, 0.49051994, 0.54187655, 0.4658004, 0.4717567, 0.49676523, 0.46216595, 0.48601437, 0.5316937, 0.5318839, 0.53379244, 0.48475507, 0.5602682, 0.56427664, 0.53091383, 0.48498872, 0.5217845, 0.5420116, 0.5558352, 0.57239723, 0.55600923, 0.577117, 0.5724218, 0.49705002, 0.60195786, 0.54619324, 0.56828904, 0.6057906], "std": [0.11718635, 0.12270404, 0.09126993, 0.13438252, 0.113668345, 0.15324306, 0.09730412, 0.11951772, 0.11961044, 0.11985835, 0.16911367, 0.15377955, 0.15982047, 0.12491249, 0.14923356, 0.16226497, 0.19347091, 0.15745373, 0.15375772, 0.18005519, 0.1612661, 0.2102065, 0.13111404, 0.20524427, 0.1938307, 0.18452059, 0.12185705, 0.14435722, 0.14707942, 0.12512125, 0.1674882, 0.096354865, 0.13424207, 0.13828471, 0.12810181, 0.13072865, 0.11126698, 0.11016675, 0.17403375, 0.1359402, 0.15622829, 0.11599585, 0.13031876, 0.15110584, 0.12918237, 0.10979696, 0.11195411, 0.10337234, 0.09374433, 0.1076314, 0.1375076, 0.113358304, 0.10084405, 0.13524255, 0.09699238, 0.10646868, 0.102428064, 0.08785422, 0.11338895, 0.109146014, 0.076496206, 0.07118639, 0.11169253, 0.103476584, 0.1323744, 0.12657626, 0.10179555, 0.11380869, 0.07653553, 0.09264313, 0.09330747, 0.09545533, 0.12749499, 0.091429755, 0.08017616], "var": [1.0, 0.98, 0.96, 0.94, 0.92, 0.92, 0.9, 0.88, 0.88, 0.84, 0.82, 0.8, 0.78, 0.76, 0.74, 0.74, 0.72, 0.72, 0.68, 0.64, 0.62, 0.6, 0.6, 0.58, 0.54, 0.52, 0.52, 0.52, 0.48, 0.48, 0.44, 0.42, 0.4, 0.4, 0.38, 0.38, 0.36, 0.34, 0.3, 0.3, 0.32, 0.32, 0.32, 0.32, 0.3, 0.28, 0.26, 0.28, 0.28, 0.28, 0.3, 0.3, 0.3, 0.28, 0.28, 0.28, 0.28, 0.28, 0.28, 0.26, 0.28, 0.3, 0.34, 0.32, 0.32, 0.28, 0.26, 0.24, 0.24, 0.24, 0.26, 0.26, 0.26, 0.24, 0.24], "best": [0.3555556, 0.39722225, 0.32877624, 0.39100534, 0.39741427, 0.5324469, 0.24326679, 0.38067573, 0.3938413, 0.40182376, 0.5418967, 0.53085905, 0.408935, 0.5448709, 0.49102992, 0.5538041, 0.5608338, 0.56293714, 0.56126314, 0.55889, 0.56259733, 0.56383735, 0.5663685, 0.57556784, 0.57726264, 0.57994777, 0.5839335, 0.57519656, 0.5901351, 0.5803658, 0.59396625, 0.58443475, 0.5931951, 0.6005454, 0.59715414, 0.60604787, 0.60832286, 0.6001612, 0.6126212, 0.6144546, 0.6163302, 0.61909235, 0.62239164, 0.6252058, 0.6274594, 0.6298886, 0.63184524, 0.634526, 0.6319659, 0.6394404, 0.64303535, 0.64553696, 0.64178735, 0.6494236, 0.65133524, 0.65038997, 0.65505177, 0.6570542, 0.6590852, 0.66142637, 0.66319954, 0.65881974, 0.66047734, 0.6677008, 0.6695333, 0.6705741, 0.67223376, 0.67418265, 0.67561126, 0.6775576, 0.6500217, 0.6805374, 0.68225265, 0.68354285, 0.6852285], "duration": [5416, 2870, 4982, 7429, 3606, 5071, 2957, 4716, 7090, 6775, 10901, 8876, 5864, 4889, 5011, 11038, 13793, 9120, 10917, 8965, 9072, 10938, 12618, 8993, 6821, 14497, 13392, 12713, 16999, 12739, 10810, 14570, 8751, 14637, 12703, 14740, 14565, 15231, 14479, 14575, 14550, 14580, 17021, 14597, 17515, 14559, 14556, 14565, 14501, 14712, 15132, 14496, 17046, 14487, 14293, 14474, 14572, 14486, 16810, 14532, 14507, 14460, 10543, 14390, 14368, 14527, 14530, 14444, 16945, 14532, 14632, 14574, 14528, 14609, 14638]}