{"avg": [0.13456792, 0.17860672, 0.18852334, 0.1701814, 0.19253115, 0.16996498, 0.18782133, 0.21515581, 0.2078494, 0.2241771, 0.21997952, 0.21760915, 0.23410138, 0.22441167, 0.23699318, 0.26375598, 0.2624055, 0.24781746, 0.26854268, 0.28997916, 0.24492581, 0.2903639, 0.271666, 0.28293312, 0.30126616, 0.28989908, 0.3295059, 0.33493817, 0.3561949, 0.32971612, 0.3243221, 0.3554629, 0.35012403, 0.35260844, 0.38641942, 0.34811237, 0.39732468, 0.40335456, 0.37027118, 0.43545038, 0.45137596, 0.42526263, 0.44422728, 0.44823864, 0.46028343, 0.48774633, 0.46468198, 0.4549831, 0.50014365, 0.45891425], "std": [0.07266144, 0.07889123, 0.08524162, 0.080117606, 0.04272303, 0.08286807, 0.07582906, 0.0525621, 0.066328846, 0.06631184, 0.06596865, 0.055591237, 0.042913258, 0.07999627, 0.071006306, 0.05750065, 0.09679936, 0.08739299, 0.09056739, 0.07100511, 0.06077001, 0.08879052, 0.09878049, 0.08114874, 0.099783845, 0.070747204, 0.10499604, 0.08889388, 0.08785186, 0.086796544, 0.101223074, 0.092300855, 0.09227929, 0.09763581, 0.09143399, 0.0990967, 0.09852429, 0.088686384, 0.106991716, 0.0827521, 0.07399387, 0.09733278, 0.083274394, 0.08064729, 0.07732366, 0.046392646, 0.07770624, 0.097037055, 0.034771867, 0.09890324], "var": [0.98, 0.96, 0.96, 0.92, 0.94, 0.92, 0.88, 0.88, 0.84, 0.84, 0.84, 0.84, 0.84, 0.82, 0.78, 0.76, 0.72, 0.74, 0.7, 0.68, 0.66, 0.66, 0.64, 0.62, 0.6, 0.58, 0.54, 0.5, 0.48, 0.44, 0.42, 0.4, 0.38, 0.36, 0.32, 0.32, 0.3, 0.3, 0.3, 0.3, 0.28, 0.24, 0.22, 0.22, 0.22, 0.22, 0.2, 0.2, 0.2, 0.18], "best": [0.24444446, 0.26296297, 0.2936508, 0.30009922, 0.23113161, 0.28804374, 0.29694617, 0.29929453, 0.35501355, 0.35731417, 0.30343065, 0.30690944, 0.3091398, 0.4063021, 0.40846807, 0.40979752, 0.47137052, 0.41326404, 0.4207553, 0.41832715, 0.4211589, 0.42561597, 0.47927666, 0.42613256, 0.43146095, 0.43079698, 0.43268186, 0.43806875, 0.44261384, 0.44577485, 0.44879937, 0.4513217, 0.45501593, 0.45797348, 0.51642096, 0.46403283, 0.46627977, 0.46907532, 0.47277337, 0.47495067, 0.4793343, 0.4842447, 0.48826718, 0.49222058, 0.4959888, 0.49972486, 0.5040283, 0.5078345, 0.5108947, 0.514292], "duration": [8643, 6586, 5513, 3328, 5430, 5474, 6077, 7925, 3676, 7490, 9242, 9013, 7111, 3220, 3078, 5493, 5356, 5261, 5676, 3713, 5395, 3509, 5387, 6143, 8384, 9170, 2765, 3946, 3368, 5235, 3004, 2568, 5406, 3145, 2820, 5926, 6903, 3182, 5037, 2696, 5480, 3192, 4769, 3366, 2682, 2740, 3077, 2467, 2585, 2577]}