{"avg": [0.35555562, 0.41772488, 0.41265848, 0.4638602, 0.4305079, 0.4364167, 0.38865012, 0.44886035, 0.44900537, 0.41118675, 0.4620196, 0.48393288, 0.45536387, 0.48334762, 0.4055556, 0.45304054, 0.47384903, 0.47660238, 0.45021147, 0.48840243, 0.4571884, 0.4517828, 0.4477044, 0.44438192, 0.49754757, 0.4993844, 0.5064462, 0.44562218, 0.4369062, 0.4874987, 0.45325252, 0.4689223, 0.48357493, 0.5101823, 0.5032058, 0.5016053, 0.5111048, 0.46389169, 0.5228026, 0.48080754, 0.4977782, 0.54154396, 0.4895464, 0.52511954, 0.5383355, 0.51709473, 0.48924285, 0.50775963, 0.4992784, 0.499276], "std": [0.11758895, 0.12449912, 0.1161094, 0.122492485, 0.107809536, 0.12344393, 0.15440793, 0.14182441, 0.086360216, 0.11321229, 0.09289098, 0.080778465, 0.11086679, 0.08769964, 0.119792804, 0.08665745, 0.1071968, 0.08560029, 0.12598746, 0.080239005, 0.090056196, 0.12867582, 0.11217261, 0.12316741, 0.07642976, 0.072335556, 0.07080767, 0.09317416, 0.1437357, 0.104540996, 0.12191429, 0.12471708, 0.103368156, 0.06767099, 0.0700707, 0.10096862, 0.06959894, 0.11149649, 0.053428464, 0.08631286, 0.10373201, 0.010610231, 0.10397568, 0.060980424, 0.040190917, 0.06583949, 0.12362056, 0.101785354, 0.10368202, 0.081081375], "var": [0.99333334, 0.99333334, 0.98, 0.98, 0.97333336, 0.96, 0.96, 0.9533333, 0.94, 0.93333334, 0.9266667, 0.92, 0.91333336, 0.9066667, 0.8933333, 0.88666666, 0.87333333, 0.8666667, 0.86, 0.8666667, 0.8666667, 0.86, 0.86, 0.8466667, 0.8466667, 0.8466667, 0.8466667, 0.84, 0.8466667, 0.8466667, 0.8333333, 0.82666665, 0.82, 0.82, 0.8066667, 0.79333335, 0.7866667, 0.7733333, 0.7866667, 0.78, 0.7733333, 0.76, 0.74666667, 0.74, 0.7266667, 0.7133333, 0.7133333, 0.7133333, 0.7, 0.68666667], "best": [0.51111114, 0.55740744, 0.5349207, 0.5454518, 0.54182196, 0.5423958, 0.54499394, 0.54653025, 0.5470861, 0.5370852, 0.5403193, 0.5465748, 0.54550266, 0.5470399, 0.54900795, 0.5495226, 0.5503268, 0.5515626, 0.5437909, 0.5478943, 0.55125916, 0.5515011, 0.55169415, 0.5519791, 0.55313814, 0.5511067, 0.55321527, 0.5544291, 0.5551736, 0.5554313, 0.55586934, 0.55654544, 0.55489135, 0.55572265, 0.55864906, 0.5592032, 0.5611073, 0.5616784, 0.5618611, 0.5623495, 0.562883, 0.5636947, 0.5605769, 0.564304, 0.56542957, 0.5670251, 0.5673281, 0.56783557, 0.568819, 0.56966054], "duration": [24774, 26573, 26916, 26925, 26600, 26915, 26918, 26871, 26677, 24980, 26624, 27002, 26977, 31484, 26692, 26640, 26984, 26939, 26964, 26609, 26954, 31491, 27052, 27460, 26997, 27006, 27044, 26680, 26926, 27095, 27031, 27032, 27047, 27014, 27009, 27141, 26994, 27009, 27078, 27066, 27024, 27041, 27004, 27033, 26954, 26968, 27062, 27052, 26998, 26983]}