{"avg": [0.1873016, 0.19417237, 0.21746677, 0.21891823, 0.22237073, 0.2535109, 0.24085064, 0.23456904, 0.2805085, 0.25546816, 0.26558846, 0.23705606, 0.26365617, 0.24004783, 0.26636255, 0.2835568, 0.29276243, 0.29669517, 0.25900432, 0.30577847, 0.33518207, 0.32304457, 0.31438676, 0.3215666, 0.33961746, 0.33042276, 0.3166154, 0.31769177, 0.34488836, 0.3467257, 0.32711938, 0.32346773, 0.3159087, 0.36129972, 0.38547152, 0.37326652, 0.36236012, 0.3569569, 0.3334838, 0.37005723, 0.35451695, 0.38182357, 0.3774513, 0.39828026, 0.381367, 0.392633, 0.4106948, 0.41083103, 0.42191058, 0.38412598], "std": [0.086766034, 0.10522692, 0.08827917, 0.11168526, 0.066260874, 0.07678518, 0.06536143, 0.07652382, 0.06982502, 0.0666509, 0.087954424, 0.07587378, 0.090402365, 0.08888166, 0.08480881, 0.049853336, 0.073050216, 0.05894997, 0.07881775, 0.07528614, 0.05593219, 0.034064386, 0.0695895, 0.04676781, 0.038135476, 0.060245957, 0.063953094, 0.044445407, 0.055898506, 0.047633465, 0.063353375, 0.05617415, 0.045794256, 0.045004595, 0.04594442, 0.055760395, 0.06310384, 0.061501347, 0.06301157, 0.0597724, 0.053697024, 0.04164199, 0.04908949, 0.04028129, 0.041878365, 0.042725015, 0.050367527, 0.060222477, 0.044003334, 0.049278848], "var": [0.98, 0.98, 0.96, 0.92, 0.9, 0.9, 0.9, 0.9, 0.86, 0.84, 0.84, 0.84, 0.82, 0.8, 0.82, 0.8, 0.78, 0.78, 0.76, 0.74, 0.74, 0.72, 0.72, 0.74, 0.74, 0.7, 0.7, 0.72, 0.72, 0.72, 0.7, 0.72, 0.72, 0.72, 0.7, 0.68, 0.7, 0.72, 0.7, 0.66, 0.64, 0.66, 0.64, 0.64, 0.66, 0.68, 0.68, 0.66, 0.68, 0.64], "best": [0.2888889, 0.3725624, 0.38264918, 0.3855763, 0.32229903, 0.36953208, 0.3280594, 0.31930977, 0.38343015, 0.38498965, 0.44036725, 0.38335714, 0.40982035, 0.37366524, 0.38637447, 0.38747492, 0.40880826, 0.39142248, 0.34178934, 0.42630944, 0.42760438, 0.38124284, 0.43152964, 0.415735, 0.4178121, 0.43489534, 0.42978123, 0.3871648, 0.43178755, 0.43926755, 0.44198978, 0.424937, 0.36529627, 0.4462302, 0.4478525, 0.45056695, 0.4473244, 0.4494615, 0.4566882, 0.4378052, 0.45946097, 0.4546715, 0.44086, 0.46367386, 0.46676147, 0.46250352, 0.46974593, 0.4755099, 0.4731462, 0.45325977], "duration": [7387, 5640, 7451, 9465, 9215, 8017, 7403, 11125, 7612, 5449, 11264, 7388, 9882, 9377, 9121, 5602, 5711, 5656, 3477, 7367, 5460, 3700, 5410, 9381, 5367, 5521, 5565, 9441, 5512, 3716, 6294, 11738, 5573, 5561, 6964, 9937, 11164, 5300, 7958, 7461, 3599, 5298, 6740, 3716, 2979, 7001, 6092, 11085, 5356, 7106]}