{"avg": [0.39841273, 0.44109273, 0.39159665, 0.4048587, 0.42133674, 0.4791321, 0.47693348, 0.46490303, 0.5312234, 0.46743506, 0.50299823, 0.46284908, 0.46321443, 0.5202976, 0.49579796, 0.5276748, 0.48980823, 0.52521646, 0.5043137, 0.5289386, 0.4889219, 0.48390847, 0.51469445, 0.5549824, 0.52802116, 0.55883193, 0.5533584, 0.55959153, 0.5649317, 0.55503035, 0.5528603, 0.57050645, 0.57883495, 0.58119625, 0.58259743, 0.57690495, 0.592742, 0.59584504, 0.59851503, 0.59824514, 0.5875416, 0.6051211, 0.6141197, 0.60805553, 0.60727113, 0.6298569, 0.6243996, 0.6407464, 0.6408552, 0.63551444], "std": [0.12750883, 0.144571, 0.14222212, 0.12463721, 0.14947388, 0.10429142, 0.11129658, 0.11423694, 0.04074533, 0.11038953, 0.076477386, 0.11231443, 0.11170439, 0.06593058, 0.101621434, 0.05448881, 0.0838461, 0.055591807, 0.07935206, 0.060455445, 0.10951831, 0.1337226, 0.108535275, 0.011086073, 0.06949621, 0.013983972, 0.04222823, 0.04413124, 0.016893687, 0.041741565, 0.05487459, 0.01871057, 0.01644497, 0.019892571, 0.020931166, 0.05604598, 0.0145946825, 0.023335926, 0.020634377, 0.028905222, 0.060779326, 0.025314448, 0.02039778, 0.033406023, 0.060149346, 0.0123356655, 0.025587942, 0.0045007253, 0.013139259, 0.019784357], "var": [1.0, 1.0, 0.98, 0.96, 0.94, 0.94, 0.92, 0.9, 0.88, 0.84, 0.82, 0.8, 0.76, 0.76, 0.76, 0.74, 0.72, 0.74, 0.72, 0.7, 0.68, 0.68, 0.68, 0.64, 0.62, 0.6, 0.6, 0.6, 0.58, 0.56, 0.52, 0.52, 0.5, 0.52, 0.54, 0.54, 0.56, 0.54, 0.56, 0.52, 0.5, 0.48, 0.46, 0.46, 0.42, 0.38, 0.36, 0.36, 0.34, 0.32], "best": [0.51111114, 0.5604309, 0.5531746, 0.5521446, 0.5475935, 0.54818165, 0.54935837, 0.54836863, 0.5535037, 0.5530776, 0.5565515, 0.5560374, 0.552519, 0.55611116, 0.55594873, 0.558628, 0.55672216, 0.5594517, 0.56145126, 0.5625107, 0.56443536, 0.5655329, 0.568185, 0.5701694, 0.5716826, 0.5727717, 0.57601416, 0.57999474, 0.5843964, 0.58685917, 0.5886317, 0.5902951, 0.5947559, 0.5981182, 0.60010487, 0.6029791, 0.60784, 0.6116402, 0.6157044, 0.61911273, 0.6209925, 0.6237428, 0.62697935, 0.6300172, 0.6615184, 0.63603514, 0.6397684, 0.6425811, 0.646127, 0.64996386], "duration": [31602, 27409, 27333, 27303, 31785, 27327, 27336, 26938, 31943, 27443, 27533, 27097, 26938, 27362, 31973, 27398, 27123, 27391, 32060, 27366, 27297, 27275, 27285, 27434, 27428, 27619, 27709, 32233, 27697, 27504, 27500, 27672, 27779, 32258, 27642, 27550, 27483, 32141, 27611, 27459, 27500, 27330, 27485, 27456, 36928, 27357, 27313, 27327, 27410, 27636]}