{"avg": [0.16944447, 0.20037206, 0.1984028, 0.18450332, 0.19496672, 0.2111323, 0.2012875, 0.2006803, 0.20777798, 0.24046652, 0.24559997, 0.22325501, 0.22834344, 0.24180213, 0.2493591, 0.2548676, 0.26298365, 0.2479961, 0.26400778, 0.27951372, 0.24147369, 0.2733819, 0.26470342, 0.25693002, 0.28848484, 0.29205984, 0.3083526, 0.3095569, 0.31970447, 0.3105293, 0.32391873, 0.33046132, 0.32305533, 0.33967766, 0.32900438, 0.34677255, 0.33699772, 0.3690965, 0.37182537, 0.37655428, 0.3772769, 0.37049884, 0.3893284, 0.37624097, 0.404651, 0.40897676, 0.39815775, 0.41483375, 0.41756096, 0.41616666], "std": [0.047385342, 0.05302157, 0.05274554, 0.04642567, 0.076223604, 0.075938955, 0.061155178, 0.07543127, 0.06654976, 0.046958163, 0.048095502, 0.05885559, 0.049802177, 0.053288892, 0.046443604, 0.04156753, 0.047689717, 0.031721547, 0.053562034, 0.042642035, 0.05794926, 0.048129503, 0.04976075, 0.058540124, 0.049045254, 0.04458746, 0.045624636, 0.04493998, 0.03735977, 0.04936958, 0.04796516, 0.04813393, 0.053639617, 0.0361092, 0.056540992, 0.049013168, 0.05349974, 0.033724677, 0.027382687, 0.03936459, 0.047482423, 0.056535784, 0.028906416, 0.057535958, 0.01966319, 0.019595185, 0.05268775, 0.023032177, 0.024632197, 0.045030918], "var": [0.96, 0.96, 0.92, 0.9, 0.9, 0.86, 0.82, 0.8, 0.76, 0.74, 0.72, 0.72, 0.7, 0.68, 0.64, 0.62, 0.58, 0.56, 0.56, 0.56, 0.52, 0.48, 0.46, 0.42, 0.4, 0.42, 0.38, 0.38, 0.38, 0.34, 0.32, 0.28, 0.28, 0.28, 0.26, 0.26, 0.24, 0.24, 0.24, 0.24, 0.22, 0.18, 0.18, 0.14, 0.14, 0.14, 0.12, 0.12, 0.12, 0.12], "best": [0.26666668, 0.30833334, 0.2904762, 0.2314421, 0.30140516, 0.30380952, 0.29814816, 0.30589572, 0.2986864, 0.3051677, 0.30702037, 0.30957222, 0.31026924, 0.31248522, 0.3143739, 0.31639063, 0.3169764, 0.30078453, 0.3184955, 0.32223845, 0.3154341, 0.3256881, 0.32846004, 0.33034602, 0.33367562, 0.33887047, 0.34259585, 0.34751773, 0.35105038, 0.35376897, 0.35734507, 0.36150306, 0.36605763, 0.36872464, 0.37171555, 0.37522772, 0.37892607, 0.3817037, 0.38753968, 0.3905229, 0.39519513, 0.39901352, 0.4026423, 0.40665212, 0.40972796, 0.41387546, 0.4181062, 0.42098933, 0.42439267, 0.42742437], "duration": [6147, 4171, 3880, 1903, 7759, 3844, 5793, 1903, 3903, 7784, 7733, 7747, 8057, 5812, 7732, 5850, 9683, 5893, 7716, 5795, 6124, 9701, 5816, 2019, 4177, 8057, 8042, 5833, 9661, 3955, 5794, 7727, 5789, 9672, 10455, 7740, 6200, 4209, 7723, 1916, 2017, 5774, 3893, 4166, 3855, 3840, 3857, 3843, 3851, 2005]}