{"avg": [0.15982907, 0.20484091, 0.24166669, 0.22846793, 0.20043099, 0.23035587, 0.24073976, 0.23396827, 0.2227897, 0.24353483, 0.2242275, 0.25919512, 0.2615482, 0.2505242, 0.25871065, 0.24493852, 0.27101725, 0.28211862, 0.3094119, 0.27500442, 0.3015862, 0.31441253, 0.31260955, 0.30948463, 0.30418602, 0.30094966, 0.30072296, 0.3211737, 0.32053468, 0.32082015, 0.33876494, 0.32096598, 0.33238897, 0.34260502, 0.35354543, 0.3470194, 0.35134888, 0.35149223, 0.35453415, 0.36549345, 0.39616778, 0.3824931, 0.40920886, 0.3720038, 0.39979815, 0.38586885, 0.42648786, 0.4040488, 0.4277088, 0.4085712, 0.4223414, 0.3875408, 0.44065833, 0.44993293, 0.42553163, 0.44653255, 0.44811797, 0.4236603, 0.44480023, 0.45471743, 0.47481576, 0.46839482, 0.46297264, 0.4879779, 0.47526696, 0.48086554, 0.47207585, 0.48303705, 0.5022992, 0.4827572, 0.5098155, 0.5062434, 0.4957903, 0.51027334, 0.5208908, 0.51745427, 0.5164765, 0.525451, 0.5310476, 0.52037716, 0.5310564, 0.5364162, 0.5280354, 0.53100735, 0.53185743, 0.5341988, 0.5424202, 0.5353475, 0.5508407, 0.5492615, 0.5541502, 0.5528072, 0.5550136, 0.5601092, 0.56209874, 0.5676768, 0.56525016, 0.56335396, 0.57193696, 0.5699739], "std": [0.082866326, 0.068841696, 0.06921163, 0.06997616, 0.074015535, 0.07582288, 0.06479847, 0.08023901, 0.068079844, 0.089805916, 0.068335935, 0.07184123, 0.08199933, 0.070041865, 0.061221387, 0.07887247, 0.062502906, 0.04369058, 0.042168405, 0.057332594, 0.060732007, 0.047654465, 0.06442713, 0.04848272, 0.07098005, 0.058349896, 0.063934594, 0.04934609, 0.027522301, 0.04586391, 0.040051624, 0.058528483, 0.084751956, 0.05360629, 0.04934731, 0.048301354, 0.046443988, 0.034225456, 0.048403833, 0.040093385, 0.045639873, 0.03448486, 0.047141396, 0.04759945, 0.042357698, 0.056330137, 0.04793859, 0.054481562, 0.046848867, 0.054880258, 0.05366508, 0.055673614, 0.052338053, 0.03882313, 0.05716086, 0.044902764, 0.046957027, 0.051481366, 0.053733923, 0.059523888, 0.041282654, 0.042958003, 0.0566061, 0.013068836, 0.04494965, 0.037069857, 0.059965607, 0.05063861, 0.010251436, 0.057978235, 0.016469954, 0.035008468, 0.05972572, 0.03912681, 0.015607313, 0.009814681, 0.033414047, 0.017034102, 0.013794431, 0.0398609, 0.0055308603, 0.0105871465, 0.046043158, 0.031209659, 0.039841484, 0.03522932, 0.0061503802, 0.033703867, 0.013447851, 5.9604645e-08, 0.013071888, 5.9604645e-08, 0.0, 0.013071888, 0.013447851, 0.018885244, 0.013447852, 5.9604645e-08, 0.018373264, 0.013447851], "var": [0.98, 0.94, 0.9, 0.9, 0.9, 0.92, 0.92, 0.9, 0.88, 0.9, 0.88, 0.86, 0.84, 0.82, 0.82, 0.82, 0.84, 0.84, 0.8, 0.78, 0.78, 0.76, 0.78, 0.8, 0.76, 0.72, 0.72, 0.72, 0.72, 0.7, 0.68, 0.68, 0.64, 0.6, 0.56, 0.56, 0.56, 0.54, 0.56, 0.52, 0.5, 0.48, 0.44, 0.44, 0.42, 0.4, 0.42, 0.42, 0.42, 0.42, 0.4, 0.38, 0.38, 0.38, 0.38, 0.38, 0.36, 0.34, 0.32, 0.28, 0.28, 0.28, 0.3, 0.3, 0.3, 0.3, 0.3, 0.26, 0.26, 0.24, 0.26, 0.24, 0.2, 0.2, 0.2, 0.16, 0.14, 0.12, 0.12, 0.1, 0.1, 0.1, 0.08, 0.08, 0.08, 0.08, 0.06, 0.02, 0.02, 0.02, 0.02, 0.02, 0.02, 0.02, 0.02, 0.02, 0.02, 0.02, 0.02, 0.02], "best": [0.33333334, 0.31623933, 0.318254, 0.35766047, 0.3138694, 0.3642548, 0.31653866, 0.34992787, 0.3145397, 0.37889227, 0.31517094, 0.41468963, 0.41613045, 0.3188818, 0.3576622, 0.32593733, 0.36064655, 0.32587546, 0.39067036, 0.32393414, 0.39061493, 0.41927862, 0.42067724, 0.4213947, 0.42242873, 0.42453104, 0.4259921, 0.43134925, 0.34114096, 0.3963617, 0.428516, 0.41164583, 0.43902308, 0.44108203, 0.44309556, 0.444506, 0.4374933, 0.437591, 0.43927902, 0.43972194, 0.45484245, 0.44457883, 0.50089103, 0.46136063, 0.46295604, 0.50764894, 0.5096102, 0.46550226, 0.46738183, 0.47220564, 0.5189379, 0.46539807, 0.52250177, 0.4785303, 0.48056734, 0.48218617, 0.48468938, 0.48314363, 0.4877915, 0.5401523, 0.48955244, 0.4913367, 0.4955658, 0.49427962, 0.49893546, 0.50111586, 0.50171715, 0.50393176, 0.5060834, 0.50840783, 0.56275105, 0.56849885, 0.57069105, 0.57269895, 0.575029, 0.5214956, 0.57944185, 0.5817646, 0.58425117, 0.5311181, 0.53314114, 0.57193005, 0.59265965, 0.5388098, 0.59651035, 0.5979304, 0.5441957, 0.5457115, 0.602924, 0.54926145, 0.6064378, 0.5528073, 0.5550136, 0.6123967, 0.614182, 0.61582494, 0.61733335, 0.5633539, 0.62054795, 0.62205726], "duration": [3849, 3485, 9169, 7405, 4695, 9270, 5646, 9298, 7528, 7506, 5358, 11687, 3412, 7151, 11107, 7115, 13083, 7342, 9453, 9228, 9084, 9474, 11780, 7821, 3327, 2693, 7160, 9008, 5718, 11243, 5154, 7238, 3761, 4835, 5171, 5330, 3988, 5339, 3290, 7082, 2747, 3568, 3507, 7572, 4287, 5287, 3429, 7409, 3732, 6247, 5650, 5394, 3527, 3182, 5386, 3644, 4053, 3321, 3490, 5584, 4566, 3620, 5953, 3394, 3299, 3631, 5456, 4134, 3480, 5437, 4086, 3614, 8245, 3960, 3678, 4371, 3464, 4408, 3570, 3555, 4113, 3677, 3581, 3489, 3011, 3613, 3602, 3636, 3690, 3528, 3614, 5092, 3634, 3691, 3366, 3731, 3468, 4247, 3689, 3465]}