{"avg": [0.30555558, 0.3879606, 0.4157672, 0.44317463, 0.4826924, 0.4808437, 0.46606782, 0.4675097, 0.48105818, 0.47249162, 0.5036855, 0.46906003, 0.4787224, 0.48284772, 0.49453607, 0.48891944, 0.54224944, 0.52872074, 0.5459064, 0.57276005, 0.5463168, 0.5146993, 0.55976456, 0.5582139, 0.57542795, 0.59306777, 0.5759511, 0.5797537, 0.60287577, 0.5869461, 0.6037884, 0.62356585, 0.6249049, 0.6196419, 0.6293426, 0.63696414, 0.64452547, 0.638433, 0.65182555, 0.6339544, 0.66428185, 0.67189527, 0.66678995, 0.6738421, 0.65849364, 0.67791164, 0.6801836, 0.692957, 0.6959447, 0.6977743], "std": [0.13528663, 0.087520644, 0.105034865, 0.09181195, 0.08783437, 0.08434487, 0.090033635, 0.1180757, 0.09062653, 0.11504917, 0.0842073, 0.093759574, 0.11305912, 0.09122354, 0.08896006, 0.09544255, 0.053643666, 0.06891067, 0.05529742, 0.02151329, 0.07755346, 0.09259754, 0.0560899, 0.06712194, 0.059435062, 0.020306816, 0.058625594, 0.081879735, 0.030510578, 0.0621813, 0.036775984, 0.025172213, 0.025945846, 0.039538328, 0.033081625, 0.025702335, 0.029562898, 0.04255327, 0.029636392, 0.07219685, 0.014495904, 0.0073595247, 0.034582756, 0.017441671, 0.075790256, 0.01908394, 0.019004727, 0.001807914, 0.0023109058, 0.0034018217], "var": [0.98, 0.98, 1.0, 0.98, 0.98, 0.98, 0.98, 0.96, 0.96, 0.92, 0.88, 0.86, 0.84, 0.84, 0.84, 0.82, 0.8, 0.76, 0.74, 0.74, 0.7, 0.68, 0.66, 0.62, 0.58, 0.54, 0.52, 0.48, 0.46, 0.42, 0.38, 0.36, 0.34, 0.3, 0.3, 0.28, 0.26, 0.24, 0.22, 0.18, 0.18, 0.18, 0.16, 0.16, 0.14, 0.14, 0.14, 0.14, 0.14, 0.12], "best": [0.51111114, 0.5289683, 0.5436508, 0.54709, 0.5496032, 0.5525332, 0.5546251, 0.5525489, 0.5475377, 0.5542208, 0.55840623, 0.5575397, 0.5627886, 0.56670827, 0.5653182, 0.57026124, 0.5748016, 0.5762153, 0.5792011, 0.62565213, 0.58883053, 0.59554046, 0.5977434, 0.60029364, 0.6055643, 0.6104435, 0.6152778, 0.6191563, 0.6248366, 0.6289683, 0.63219064, 0.6349713, 0.63970226, 0.6441391, 0.6480159, 0.6520438, 0.6564403, 0.6604695, 0.6639265, 0.6672936, 0.670218, 0.67393637, 0.6785172, 0.6816076, 0.68473697, 0.6874191, 0.6904087, 0.69340897, 0.6968512, 0.69972426], "duration": [30407, 26226, 27141, 27079, 27399, 27309, 27298, 26896, 27256, 27309, 27339, 27374, 27249, 31907, 27033, 36640, 27312, 27323, 27344, 27236, 27166, 27242, 27360, 27326, 27324, 27321, 31892, 27314, 27424, 27337, 27405, 27474, 27387, 33320, 27389, 27499, 27411, 36637, 27389, 27386, 27354, 31837, 27276, 27319, 27276, 27251, 27197, 31734, 27278, 31838]}