{"avg": [0.10962964, 0.18963587, 0.16729772, 0.22243385, 0.23991734, 0.20364508, 0.19478907, 0.23206781, 0.28286153, 0.24128254, 0.24260153, 0.28302702, 0.25495562, 0.23539299, 0.2807514, 0.28817904, 0.27765557, 0.31483832, 0.30077896, 0.28160638, 0.28627583, 0.31432343, 0.32448676, 0.3270906, 0.37655595, 0.31807822, 0.334848, 0.33377582, 0.37771398, 0.39525998, 0.352361, 0.34958008, 0.38413063, 0.38521427, 0.37837186, 0.38668364, 0.37335405, 0.39283347, 0.38951612, 0.38177916, 0.41202483, 0.42475733, 0.41533342, 0.4362095, 0.43692797, 0.41212472, 0.4305576, 0.43658757, 0.44034755, 0.45702285], "std": [0.12048371, 0.15820935, 0.10992147, 0.12181417, 0.11343901, 0.14075243, 0.12030565, 0.14109053, 0.09772185, 0.13136005, 0.13054228, 0.11117838, 0.11982328, 0.10244827, 0.120696336, 0.09466589, 0.09138048, 0.09979801, 0.09558123, 0.096833825, 0.08886918, 0.1172174, 0.094370514, 0.12152097, 0.07406523, 0.09154387, 0.089984514, 0.0921074, 0.0713891, 0.04368477, 0.08239692, 0.09707453, 0.07466028, 0.071442336, 0.07780893, 0.07649154, 0.079850405, 0.06367226, 0.06760052, 0.072502226, 0.05029179, 0.046867136, 0.060426645, 0.014600555, 0.018452141, 0.06465316, 0.042162675, 0.052410584, 0.04753246, 0.016107088], "var": [0.96, 0.92, 0.88, 0.84, 0.82, 0.8, 0.78, 0.74, 0.74, 0.7, 0.7, 0.7, 0.66, 0.64, 0.6, 0.6, 0.62, 0.58, 0.54, 0.52, 0.5, 0.5, 0.52, 0.48, 0.52, 0.5, 0.52, 0.5, 0.46, 0.42, 0.4, 0.4, 0.42, 0.4, 0.38, 0.36, 0.32, 0.34, 0.32, 0.3, 0.28, 0.28, 0.28, 0.28, 0.28, 0.28, 0.26, 0.24, 0.2, 0.2], "best": [0.3555556, 0.40000004, 0.38978177, 0.3950794, 0.39877903, 0.40439564, 0.40517965, 0.40574867, 0.40804905, 0.39718065, 0.39832175, 0.39857984, 0.40002525, 0.40282622, 0.40966815, 0.4042939, 0.4113325, 0.4149899, 0.40512347, 0.40643948, 0.4066516, 0.41663533, 0.41808146, 0.40897864, 0.41184992, 0.41289282, 0.414701, 0.4160902, 0.41681102, 0.41920534, 0.4213639, 0.42219263, 0.4237265, 0.4255482, 0.4276155, 0.43053585, 0.43329924, 0.43528014, 0.43840468, 0.43932113, 0.44088587, 0.44274488, 0.44711107, 0.44958365, 0.45163032, 0.45423397, 0.45716947, 0.45968992, 0.4627932, 0.46534568], "duration": [2000, 2279, 2200, 1861, 1877, 1875, 1899, 2208, 1932, 2183, 1870, 2540, 1886, 2740, 1894, 2226, 1912, 1941, 2311, 1880, 2220, 2011, 1905, 2201, 1920, 1938, 1916, 1940, 1908, 1951, 1939, 1904, 1904, 1944, 1904, 1910, 1907, 1999, 1933, 1980, 1917, 2235, 1917, 1995, 1903, 2225, 2868, 1928, 1911, 1919]}