{"avg": [0.13518518, 0.1218632, 0.19175526, 0.18698674, 0.20339383, 0.20582849, 0.22235353, 0.2292122, 0.23108174, 0.21905503, 0.22093098, 0.26123106, 0.2386624, 0.22783789, 0.26279628, 0.29502442, 0.27938017, 0.28955343, 0.29489753, 0.34909955, 0.31134513, 0.31877127, 0.38012958, 0.32857257, 0.3652993, 0.3222138, 0.3663429, 0.40142652, 0.3858724, 0.4099937, 0.4257781, 0.42932892, 0.43522808, 0.46002284, 0.42195225, 0.45141277, 0.4604807, 0.44643828, 0.4781156, 0.49235588, 0.50339615, 0.48964846, 0.49005565, 0.4882977, 0.50073886, 0.48682696, 0.51578975, 0.5161622, 0.5318707, 0.5022567, 0.49936748, 0.53887737, 0.5380822, 0.5443392, 0.542337, 0.5342722, 0.55109364, 0.55323017, 0.5554467, 0.53715163, 0.559343, 0.5397054, 0.56312895, 0.54181546, 0.5666824, 0.56870544, 0.57043546, 0.5721164, 0.5739648, 0.5755478, 0.5772897, 0.5788813, 0.58042806, 0.58193177, 0.5834846, 0.58481777, 0.586203, 0.587635, 0.58894676, 0.5899878, 0.59139407, 0.5926107, 0.59372425, 0.5948839, 0.5961552, 0.5971204, 0.59819925, 0.5991879, 0.60015523, 0.6011642, 0.60208976, 0.60305536, 0.60400003, 0.60486686, 0.60565996, 0.6065483, 0.6074716, 0.60837454, 0.60925764, 0.6100712], "std": [0.09458958, 0.09617094, 0.09488071, 0.102208465, 0.10477178, 0.104424424, 0.08296222, 0.07797981, 0.09654472, 0.10360211, 0.08554886, 0.07035905, 0.10224398, 0.122589335, 0.115921274, 0.06291847, 0.10117376, 0.09914204, 0.0913155, 0.07431375, 0.10741836, 0.081819244, 0.064819515, 0.10829332, 0.10202551, 0.12176071, 0.111528724, 0.082754016, 0.08059931, 0.08340673, 0.06723389, 0.06889244, 0.08714229, 0.061546624, 0.09067603, 0.072378755, 0.07141954, 0.09668117, 0.044962335, 0.033555616, 0.008174411, 0.06937862, 0.07467145, 0.07942447, 0.06820246, 0.08565149, 0.03751071, 0.050213948, 1.1920929e-07, 0.06550997, 0.09137279, 1.1920929e-07, 0.014064079, 0.0, 0.016320297, 0.056741133, 5.9604645e-08, 1.1920929e-07, 0.0, 0.080633774, 5.9604645e-08, 0.08387105, 0.0, 0.0873143, 5.9604645e-08, 1.1920929e-07, 5.9604645e-08, 0.0, 0.0, 5.9604645e-08, 1.1920929e-07, 0.0, 5.9604645e-08, 0.0, 5.9604645e-08, 1.1920929e-07, 0.0, 0.0, 0.0, 0.0, 5.9604645e-08, 5.9604645e-08, 0.0, 0.0, 0.0, 1.1920929e-07, 5.9604645e-08, 5.9604645e-08, 0.0, 5.9604645e-08, 1.1920929e-07, 5.9604645e-08, 5.9604645e-08, 1.1920929e-07, 0.0, 0.0, 1.1920929e-07, 0.0, 5.9604645e-08, 0.0], "var": [0.98, 0.96, 0.96, 0.94, 0.92, 0.9, 0.86, 0.82, 0.78, 0.78, 0.8, 0.78, 0.74, 0.74, 0.7, 0.68, 0.64, 0.6, 0.58, 0.56, 0.52, 0.5, 0.46, 0.44, 0.42, 0.38, 0.34, 0.32, 0.28, 0.26, 0.26, 0.26, 0.24, 0.24, 0.2, 0.18, 0.18, 0.16, 0.16, 0.16, 0.16, 0.16, 0.14, 0.12, 0.1, 0.1, 0.1, 0.1, 0.1, 0.08, 0.08, 0.08, 0.08, 0.08, 0.06, 0.04, 0.04, 0.04, 0.04, 0.04, 0.04, 0.04, 0.04, 0.02, 0.02, 0.02, 0.02, 0.02, 0.02, 0.02, 0.02, 0.02, 0.02, 0.02, 0.02, 0.02, 0.02, 0.02, 0.02, 0.02, 0.02, 0.02, 0.02, 0.02, 0.02, 0.02, 0.02, 0.02, 0.02, 0.02, 0.02, 0.02, 0.02, 0.02, 0.02, 0.02, 0.02, 0.02, 0.02, 0.02], "best": [0.2777778, 0.3134921, 0.31274801, 0.37988272, 0.38435742, 0.38730162, 0.38663328, 0.39334503, 0.39549416, 0.39684764, 0.32324696, 0.3932655, 0.39820904, 0.42469314, 0.42583174, 0.40419215, 0.40663087, 0.41054213, 0.41418973, 0.43354642, 0.4229781, 0.42769277, 0.43941048, 0.44207662, 0.44350463, 0.44560796, 0.4475426, 0.45029536, 0.4550837, 0.45933014, 0.4641587, 0.46850684, 0.4727896, 0.4770928, 0.48201063, 0.48535177, 0.48933846, 0.54907703, 0.496996, 0.5010199, 0.50543976, 0.509917, 0.51355135, 0.5165136, 0.5197393, 0.5232503, 0.52547497, 0.5287157, 0.5318706, 0.53508735, 0.5368789, 0.53887725, 0.5415981, 0.5443392, 0.5468633, 0.5489228, 0.5510937, 0.55323005, 0.5554467, 0.55731, 0.55934304, 0.56136084, 0.56312895, 0.5651512, 0.56668246, 0.5687053, 0.5704354, 0.5721164, 0.5739648, 0.57554775, 0.5772898, 0.5788813, 0.580428, 0.58193177, 0.58348453, 0.58481765, 0.586203, 0.587635, 0.58894676, 0.5899878, 0.591394, 0.5926108, 0.59372425, 0.5948839, 0.5961552, 0.5971205, 0.5981993, 0.59918797, 0.60015523, 0.6011643, 0.60208964, 0.6030554, 0.604, 0.60486674, 0.60565996, 0.6065483, 0.6074717, 0.60837454, 0.6092576, 0.6100712], "duration": [3393, 2072, 2124, 1986, 2121, 2208, 2297, 2052, 4849, 2432, 1951, 2032, 2130, 2485, 2068, 2091, 2607, 2249, 2581, 2628, 3322, 2159, 2263, 2325, 2354, 2502, 2226, 2236, 2641, 2231, 2238, 2270, 2266, 2301, 2243, 3428, 2680, 2374, 2639, 2250, 2683, 2270, 2334, 2351, 2614, 2364, 2266, 2725, 2342, 2249, 3993, 2818, 2249, 3021, 2633, 2351, 2267, 2267, 2263, 2638, 2633, 2274, 2233, 2256, 2431, 2257, 2263, 2305, 2260, 2266, 3685, 2289, 2259, 2631, 2253, 2256, 2281, 2255, 2699, 2639, 2262, 4038, 2418, 2661, 2354, 2265, 2255, 2251, 2263, 2243, 2671, 2729, 2316, 2378, 2252, 2735, 2641, 2677, 2292, 2327]}