{"avg": [0.14074074, 0.17868482, 0.15423465, 0.22368436, 0.23075204, 0.25571373, 0.16931218, 0.21470019, 0.24324885, 0.17643851, 0.18859178, 0.21410671, 0.19944844, 0.20614582, 0.23570384, 0.2767212, 0.30406004, 0.27730277, 0.33289987, 0.31635392, 0.3155556, 0.32545108, 0.34815264, 0.35864717, 0.28063017, 0.30197108, 0.35986653, 0.33733252, 0.33910888, 0.3818176, 0.36722875, 0.38624898, 0.3761702, 0.40835252, 0.39479923, 0.38676113, 0.41231394, 0.42209226, 0.4112915, 0.40659133, 0.4198104, 0.4503151, 0.42716736, 0.438853, 0.46696338, 0.45656103, 0.47797504, 0.4565775, 0.45936304, 0.4835521], "std": [0.08613003, 0.14994358, 0.10493215, 0.11740199, 0.10560887, 0.1161174, 0.12446985, 0.12054337, 0.11941935, 0.13889816, 0.13883871, 0.13238743, 0.13250576, 0.14530668, 0.16413675, 0.13170807, 0.09105261, 0.13027659, 0.095598914, 0.13052614, 0.100778244, 0.116947286, 0.09248576, 0.085378975, 0.14501563, 0.12588114, 0.091253825, 0.1422654, 0.14563036, 0.12045858, 0.1371897, 0.077158764, 0.086361006, 0.056979083, 0.099289194, 0.07869864, 0.08460272, 0.06746475, 0.060019225, 0.072674826, 0.06298674, 0.02540513, 0.06962593, 0.067780964, 0.022902386, 0.04933835, 0.014782697, 0.06452993, 0.044028293, 0.015375994], "var": [1.0, 0.98, 0.98, 0.96, 0.96, 0.94, 0.94, 0.94, 0.94, 0.92, 0.92, 0.9, 0.9, 0.9, 0.92, 0.9, 0.9, 0.88, 0.88, 0.88, 0.88, 0.86, 0.84, 0.82, 0.8, 0.78, 0.74, 0.72, 0.68, 0.68, 0.64, 0.62, 0.58, 0.58, 0.54, 0.54, 0.52, 0.5, 0.48, 0.48, 0.44, 0.44, 0.42, 0.42, 0.42, 0.4, 0.4, 0.4, 0.36, 0.34], "best": [0.3555556, 0.39682543, 0.38511226, 0.38856426, 0.39302632, 0.39346287, 0.3965609, 0.39501768, 0.39310881, 0.3980726, 0.3979854, 0.3829853, 0.38901764, 0.39384228, 0.39832246, 0.40161508, 0.4038549, 0.4099512, 0.4125777, 0.41638404, 0.41980228, 0.41738594, 0.42259073, 0.42603987, 0.42407268, 0.4296643, 0.43283212, 0.43499756, 0.43777633, 0.4405513, 0.4445171, 0.4480426, 0.45093918, 0.4536996, 0.45675746, 0.46020266, 0.46149507, 0.46468607, 0.4670608, 0.46835223, 0.4704472, 0.47286198, 0.4753808, 0.4786559, 0.48180968, 0.48507386, 0.48774418, 0.49187422, 0.49447674, 0.49600327], "duration": [1950, 1947, 1914, 1901, 1951, 1918, 2237, 1848, 1920, 2009, 1960, 2346, 1905, 1900, 2239, 1917, 1965, 2302, 1927, 2211, 1982, 1983, 2267, 1989, 2004, 2260, 1958, 1898, 1934, 1905, 2002, 1935, 1965, 2225, 1905, 1899, 1910, 1903, 1970, 1904, 2290, 1905, 1911, 1920, 1920, 1949, 2248, 1905, 1920, 1917]}