{"avg": [0.16319445, 0.17326389, 0.16965349, 0.1878808, 0.19676875, 0.20303835, 0.21678005, 0.21495765, 0.23477186, 0.23257305, 0.20739834, 0.23697479, 0.2345238, 0.25298756, 0.25679642, 0.25454134, 0.25552762, 0.2794574, 0.31395912, 0.30223244, 0.27062112, 0.32638797, 0.29431936, 0.34031817, 0.3331755, 0.36365822, 0.32771167, 0.3351989, 0.33476627, 0.30934694, 0.35505828, 0.39500362, 0.3900343, 0.40710947, 0.42275852, 0.43275067, 0.4229525, 0.41976145, 0.41105247, 0.43882948, 0.41933703, 0.46832567, 0.45506015, 0.4634607, 0.42782113, 0.45359942, 0.49026924, 0.49148396, 0.51130176, 0.5048491], "std": [0.090328515, 0.071481, 0.057398725, 0.0737785, 0.054235797, 0.074195445, 0.06861269, 0.07694829, 0.067932345, 0.094200455, 0.04049807, 0.09129901, 0.09570689, 0.07325467, 0.06807138, 0.08549001, 0.06820437, 0.074878275, 0.08323708, 0.09201077, 0.0554657, 0.08111823, 0.10186436, 0.1060038, 0.085278586, 0.07013413, 0.10557657, 0.098048545, 0.07983019, 0.08651259, 0.08169594, 0.093162775, 0.08873837, 0.062588565, 0.06796497, 0.11445594, 0.07548245, 0.09998685, 0.08327065, 0.09349534, 0.10118807, 0.05457055, 0.08918012, 0.057608556, 0.11041057, 0.09516377, 0.057155598, 0.06267537, 0.046850707, 0.056707785], "var": [1.0, 1.0, 0.96, 0.94, 0.92, 0.88, 0.86, 0.86, 0.84, 0.8, 0.78, 0.76, 0.74, 0.76, 0.76, 0.72, 0.7, 0.7, 0.68, 0.66, 0.64, 0.62, 0.62, 0.6, 0.64, 0.64, 0.62, 0.58, 0.58, 0.54, 0.52, 0.5, 0.48, 0.52, 0.5, 0.46, 0.46, 0.44, 0.4, 0.38, 0.36, 0.36, 0.34, 0.32, 0.3, 0.28, 0.26, 0.22, 0.26, 0.28], "best": [0.3777778, 0.32093257, 0.3134921, 0.40572813, 0.309127, 0.40802234, 0.4123147, 0.41516098, 0.41733235, 0.41961455, 0.24196747, 0.42329603, 0.4257809, 0.3805556, 0.42817834, 0.43024123, 0.3810105, 0.43333337, 0.436073, 0.44014755, 0.3853554, 0.4439234, 0.5084886, 0.5077914, 0.45419568, 0.4571226, 0.51481485, 0.46176153, 0.4649523, 0.46736443, 0.46809155, 0.5245346, 0.52731615, 0.47714472, 0.47993988, 0.5362482, 0.48807132, 0.5404776, 0.49344707, 0.49608138, 0.50013447, 0.5490903, 0.55209434, 0.50869477, 0.5561734, 0.5573243, 0.5576059, 0.56103045, 0.56325924, 0.565494], "duration": [4083, 4363, 3949, 8413, 3608, 3964, 5892, 5921, 4099, 4269, 5922, 2081, 2239, 4141, 4065, 2058, 8713, 5952, 6663, 2092, 5948, 2019, 5897, 5903, 2071, 7874, 5874, 4030, 6286, 7842, 5847, 5874, 6013, 5974, 2045, 5958, 3961, 3912, 5968, 2359, 2043, 9751, 3965, 5893, 5932, 6221, 4359, 7857, 7829, 5907]}