{"avg": [0.3752382, 0.41916355, 0.4644261, 0.50710344, 0.53335214, 0.54207504, 0.56260556, 0.57177055, 0.5812605, 0.5953496, 0.6139651, 0.6284006, 0.64384466, 0.6620245, 0.676166, 0.6884939, 0.69762564, 0.7071456, 0.7151561, 0.7218114, 0.72824275, 0.73390406, 0.7385713, 0.74275213, 0.74691576, 0.7504745, 0.75395447, 0.757584, 0.7607136, 0.76369435, 0.76653296, 0.7689404, 0.7713165, 0.77354765, 0.7754971, 0.7774832, 0.7794475, 0.78113174, 0.78277063, 0.7844029, 0.7857346, 0.7871817, 0.7884599, 0.7897764, 0.7908531, 0.7920609, 0.7932703, 0.7942943, 0.79522693, 0.79619825], "std": [0.1304202, 0.11407784, 0.09676182, 0.07385606, 0.054685697, 0.05171874, 0.008590083, 0.0108851, 0.015500515, 0.016041622, 0.017726388, 0.019923309, 0.020073915, 0.012543045, 0.008872701, 1.1920929e-07, 4.172325e-07, 3.5762787e-07, 2.3841858e-07, 2.3841858e-07, 3.5762787e-07, 1.7881393e-07, 1.7881393e-07, 5.9604645e-08, 1.7881393e-07, 1.7881393e-07, 2.9802322e-07, 2.3841858e-07, 0.0, 4.7683716e-07, 5.9604645e-08, 2.9802322e-07, 0.0, 2.3841858e-07, 2.9802322e-07, 1.1920929e-07, 5.9604645e-08, 0.0, 2.3841858e-07, 1.7881393e-07, 2.3841858e-07, 2.3841858e-07, 0.0, 4.172325e-07, 1.1920929e-07, 0.0, 2.9802322e-07, 1.7881393e-07, 2.9802322e-07, 2.9802322e-07], "var": [0.94, 0.88, 0.78, 0.7, 0.62, 0.44, 0.42, 0.36, 0.32, 0.28, 0.22, 0.16, 0.06, 0.04, 0.02, 0.02, 0.02, 0.02, 0.02, 0.02, 0.02, 0.02, 0.02, 0.02, 0.02, 0.02, 0.02, 0.02, 0.02, 0.02, 0.02, 0.02, 0.02, 0.02, 0.02, 0.02, 0.02, 0.02, 0.02, 0.02, 0.02, 0.02, 0.02, 0.02, 0.02, 0.02, 0.02, 0.02, 0.02, 0.02], "best": [0.51111114, 0.5471656, 0.5477183, 0.55026895, 0.5590223, 0.56611115, 0.5755426, 0.58595294, 0.59733826, 0.6098814, 0.6246598, 0.63888, 0.6528927, 0.66553545, 0.677569, 0.688494, 0.6976252, 0.7071452, 0.71515584, 0.72181165, 0.7282424, 0.73390424, 0.73857147, 0.7427522, 0.7469156, 0.75047433, 0.75395477, 0.7575842, 0.7607136, 0.76369387, 0.766533, 0.7689407, 0.7713165, 0.7735474, 0.7754968, 0.77748334, 0.77944744, 0.78113174, 0.7827709, 0.7844031, 0.78573483, 0.78718144, 0.7884599, 0.7897768, 0.79085296, 0.7920609, 0.7932706, 0.7942941, 0.79522663, 0.79619855], "duration": [108420, 145632, 133238, 114975, 106026, 153211, 124334, 124484, 119615, 128902, 101075, 124508, 124703, 133156, 124532, 119610, 129150, 128731, 105439, 128862, 114830, 110307, 115057, 129121, 110519, 152590, 151762, 142443, 128991, 133843, 124410, 119521, 133849, 138422, 124500, 119872, 114900, 133682, 119541, 110370, 137972, 124581, 117119, 106087, 124277, 124370, 124244, 115162, 128611, 120189]}