{"avg": [0.092063494, 0.11388513, 0.16806582, 0.14275795, 0.21403293, 0.14026454, 0.17804284, 0.1786745, 0.22051688, 0.26195842, 0.22382614, 0.22432378, 0.20532882, 0.23517005, 0.25558245, 0.24297576, 0.25685373, 0.21809326, 0.2601923, 0.26886752, 0.28235, 0.26192912, 0.311922, 0.29112062, 0.3214561, 0.2782145, 0.31862697, 0.33052814, 0.2857363, 0.30328184, 0.3048844, 0.28545582, 0.34191695, 0.35981563, 0.2756304, 0.28768754, 0.34630534, 0.32948813, 0.31479356, 0.33603695, 0.34578878, 0.3546147, 0.36406264, 0.3733654, 0.36211193, 0.3529493, 0.3894724, 0.38206857, 0.3875142, 0.4224872], "std": [0.08049982, 0.09382115, 0.14384143, 0.1220277, 0.1140568, 0.12642258, 0.09844679, 0.08893442, 0.08377552, 0.10393089, 0.13588613, 0.091987975, 0.11216631, 0.059077207, 0.08704287, 0.10249794, 0.1193016, 0.082465544, 0.11836345, 0.08264516, 0.122573584, 0.11907162, 0.11382443, 0.08069797, 0.10925753, 0.12893905, 0.074526444, 0.06504201, 0.07340672, 0.11961901, 0.09473939, 0.09938944, 0.12014875, 0.109897375, 0.11911866, 0.14631407, 0.1182773, 0.12775813, 0.15342905, 0.10820149, 0.07723692, 0.10692047, 0.11679158, 0.11841727, 0.13711745, 0.12685542, 0.114217564, 0.1238823, 0.11720441, 0.1250765], "var": [0.98, 0.98, 0.98, 0.98, 0.98, 0.96, 0.96, 0.94, 0.92, 0.9, 0.9, 0.9, 0.9, 0.92, 0.92, 0.9, 0.86, 0.86, 0.84, 0.82, 0.78, 0.78, 0.76, 0.76, 0.74, 0.7, 0.68, 0.7, 0.72, 0.72, 0.72, 0.74, 0.7, 0.7, 0.7, 0.7, 0.7, 0.7, 0.72, 0.74, 0.74, 0.72, 0.7, 0.68, 0.64, 0.64, 0.66, 0.62, 0.64, 0.66], "best": [0.20000002, 0.21530613, 0.5283525, 0.37936512, 0.38014576, 0.38285717, 0.3791091, 0.3834777, 0.37936512, 0.38305393, 0.38467297, 0.38771933, 0.38461345, 0.34468254, 0.3911586, 0.3925121, 0.3938831, 0.3832728, 0.5325312, 0.39636046, 0.532555, 0.53338695, 0.54052293, 0.39766994, 0.5433651, 0.5363859, 0.40045694, 0.40283287, 0.35702556, 0.53844404, 0.54553705, 0.5394937, 0.55068123, 0.546592, 0.54248, 0.54851985, 0.5541646, 0.5503512, 0.54860103, 0.5565693, 0.5528352, 0.5573076, 0.5575964, 0.5586944, 0.5553836, 0.55380523, 0.55956155, 0.55807966, 0.56018853, 0.5609256], "duration": [5769, 2033, 4037, 2089, 7833, 2001, 2376, 1989, 6142, 3972, 4034, 5883, 3983, 4020, 5838, 5974, 7817, 4361, 9965, 2217, 7852, 4014, 10434, 7780, 9660, 2445, 7750, 7817, 9666, 7819, 11518, 9637, 4517, 9684, 8043, 7855, 13799, 4242, 9750, 7844, 13375, 5999, 7783, 11539, 9697, 8283, 9716, 10128, 10111, 4200]}