{"avg": [0.16944447, 0.20661378, 0.20664792, 0.22578096, 0.19790521, 0.17824367, 0.19471511, 0.20699702, 0.20917118, 0.22079152, 0.21342798, 0.22798704, 0.23819068, 0.20798121, 0.21398355, 0.22683886, 0.24512006, 0.23145199, 0.2372457, 0.24736077, 0.24513793, 0.23764898, 0.23848563, 0.22471718, 0.24979192, 0.25886205, 0.25865558, 0.2574191, 0.25936067, 0.2842324, 0.26041454, 0.3056765, 0.27253288, 0.2808265, 0.30583093, 0.28957072, 0.33212045, 0.29148594, 0.33047187, 0.32891217, 0.32218385, 0.2997794, 0.33032882, 0.3210819, 0.32451174, 0.35913295, 0.36276546, 0.36655346, 0.3659863, 0.36993775, 0.400692, 0.34253955, 0.4163703, 0.41587996, 0.35881677, 0.36520195, 0.40339425, 0.39526278, 0.41343307, 0.41640887, 0.42458192, 0.42122656, 0.4396266, 0.44762427, 0.42494273, 0.4585449, 0.46993425, 0.44290912, 0.46713105, 0.47433186, 0.4687028, 0.46576586, 0.48566404, 0.48041955, 0.47828788, 0.48196524, 0.49631125, 0.50810415, 0.49924913, 0.5010253, 0.5167851, 0.5061178, 0.51979434, 0.50256354, 0.53428364, 0.53893507, 0.53316265, 0.5229247, 0.53562355, 0.56472826, 0.54201394, 0.5463421, 0.5557598, 0.5584617, 0.55991447, 0.5605015, 0.5687555, 0.554873, 0.5875303, 0.5854978, 0.58877784, 0.581638, 0.595494, 0.5922605, 0.5883525, 0.6103559, 0.61336964, 0.59852004, 0.6042539, 0.6104265, 0.6199282, 0.6107784, 0.6197904, 0.61660486, 0.62148076, 0.6216494, 0.63004345, 0.62947685, 0.63058937, 0.62660015, 0.6332448, 0.6360444, 0.6354827, 0.6370589, 0.6388502, 0.64106375, 0.6411645, 0.64336354, 0.6443892, 0.6455441, 0.64558285, 0.64777577, 0.6477307, 0.6499386, 0.6495656, 0.6517738, 0.65281355, 0.65377414, 0.65478384, 0.6558403, 0.6566369, 0.65602124, 0.6583586, 0.6593596, 0.66023, 0.6610889, 0.6620484, 0.6628834, 0.6637074, 0.6645743], "std": [0.047385342, 0.052306104, 0.053026117, 0.021297622, 0.07778152, 0.0792855, 0.05991699, 0.040954463, 0.05065251, 0.026576694, 0.044841878, 0.030025996, 0.03335329, 0.07560785, 0.069606766, 0.03492431, 0.042293027, 0.050910976, 0.049223885, 0.039368965, 0.019697879, 0.068078175, 0.034028847, 0.0751495, 0.04809668, 0.02540164, 0.059642367, 0.053192385, 0.043297425, 0.048970304, 0.059087925, 0.06290985, 0.031077564, 0.033063505, 0.050979134, 0.043733843, 0.05985262, 0.06436935, 0.05889272, 0.066431604, 0.065314405, 0.07398382, 0.057530418, 0.05070218, 0.07535291, 0.084879346, 0.06294496, 0.0855142, 0.09029362, 0.07045326, 0.06588643, 0.10988886, 0.041598655, 0.07082825, 0.10834339, 0.093362115, 0.059905257, 0.0707959, 0.069030814, 0.06097426, 0.077879444, 0.06892047, 0.050065123, 0.0447558, 0.068763666, 0.058427714, 0.003204797, 0.06262932, 0.050776977, 0.033793084, 0.05998078, 0.047905635, 0.015525358, 0.05146407, 0.038381808, 0.0481674, 0.039207563, 0.029856764, 0.04501962, 0.041751754, 0.035527594, 0.04411767, 0.035862446, 0.04477187, 0.037824266, 0.037023455, 0.035545494, 0.029056598, 0.03919133, 0.034095585, 0.037182048, 0.034628157, 0.036618985, 0.03706898, 0.05932948, 0.061107058, 0.03561945, 0.06150236, 0.021928636, 0.028555077, 0.030081315, 0.03513403, 0.026513632, 0.03247967, 0.03588582, 0.007177627, 0.0059163105, 0.029248659, 0.025134757, 0.02266711, 0.005807302, 0.02438356, 0.01273963, 0.024886165, 0.012894391, 0.022642655, 0.0012829658, 0.0048726606, 0.0054820348, 0.013775667, 0.0049535194, 0.0013078795, 0.0053687384, 0.0062407576, 0.0039101, 5.9604645e-08, 0.0041455585, 5.9604645e-08, 5.9604645e-08, 5.9604645e-08, 0.0043712547, 1.1920929e-07, 0.00462581, 0.0, 0.004716838, 0.0, 0.0, 1.1920929e-07, 0.0, 5.9604645e-08, 0.0, 0.005449749, 0.0, 5.9604645e-08, 0.0, 0.0, 5.9604645e-08, 5.9604645e-08, 1.1920929e-07, 0.0], "var": [0.98, 0.98, 0.96, 0.94, 0.94, 0.92, 0.9, 0.88, 0.86, 0.88, 0.86, 0.82, 0.78, 0.74, 0.72, 0.68, 0.66, 0.64, 0.62, 0.6, 0.6, 0.58, 0.58, 0.56, 0.56, 0.6, 0.62, 0.6, 0.62, 0.62, 0.58, 0.56, 0.56, 0.56, 0.6, 0.6, 0.58, 0.58, 0.62, 0.62, 0.58, 0.56, 0.58, 0.58, 0.56, 0.56, 0.56, 0.52, 0.5, 0.48, 0.46, 0.42, 0.44, 0.44, 0.42, 0.4, 0.4, 0.42, 0.38, 0.38, 0.38, 0.36, 0.36, 0.36, 0.34, 0.34, 0.32, 0.3, 0.28, 0.32, 0.3, 0.32, 0.32, 0.32, 0.28, 0.28, 0.3, 0.3, 0.3, 0.26, 0.26, 0.26, 0.24, 0.24, 0.22, 0.22, 0.22, 0.2, 0.2, 0.2, 0.18, 0.18, 0.18, 0.18, 0.16, 0.16, 0.16, 0.12, 0.12, 0.12, 0.12, 0.12, 0.12, 0.12, 0.12, 0.12, 0.12, 0.12, 0.12, 0.12, 0.12, 0.12, 0.12, 0.12, 0.12, 0.1, 0.1, 0.1, 0.1, 0.08, 0.08, 0.06, 0.06, 0.04, 0.04, 0.04, 0.04, 0.04, 0.04, 0.04, 0.04, 0.04, 0.04, 0.04, 0.04, 0.04, 0.04, 0.04, 0.04, 0.04, 0.04, 0.02, 0.02, 0.02, 0.02, 0.02, 0.02, 0.02, 0.02, 0.02], "best": [0.26666668, 0.30833334, 0.30967742, 0.29624233, 0.3086168, 0.3009689, 0.3008109, 0.2378307, 0.3223403, 0.24323674, 0.30347946, 0.29635686, 0.32635963, 0.30387208, 0.30137017, 0.2992696, 0.30503085, 0.30001846, 0.30516312, 0.30651343, 0.2984127, 0.30045846, 0.26667613, 0.30050814, 0.30801004, 0.30873019, 0.41410673, 0.36039397, 0.31197992, 0.41699618, 0.41875002, 0.41924605, 0.31022787, 0.33233082, 0.40583014, 0.40601367, 0.42514694, 0.41482592, 0.41634035, 0.41829327, 0.4204685, 0.42183417, 0.42299026, 0.42442352, 0.4257728, 0.52218133, 0.43616384, 0.5238117, 0.43902332, 0.4476652, 0.52683055, 0.5275575, 0.44548953, 0.5284632, 0.45025572, 0.45198414, 0.4534288, 0.45535243, 0.53251326, 0.45603716, 0.5335337, 0.5339423, 0.46275157, 0.46511367, 0.46782705, 0.5506987, 0.4755503, 0.5535745, 0.5380531, 0.5387551, 0.5572132, 0.55836153, 0.54052246, 0.5607178, 0.5417481, 0.56136656, 0.5621931, 0.56544566, 0.56669945, 0.56763923, 0.5812936, 0.5703826, 0.58396626, 0.585335, 0.58659923, 0.58812356, 0.5896314, 0.59108126, 0.592347, 0.59354377, 0.5950797, 0.59238434, 0.5977615, 0.59894216, 0.6004418, 0.6018927, 0.60304636, 0.6046225, 0.6056011, 0.606945, 0.6083641, 0.61002856, 0.6112888, 0.6128504, 0.614271, 0.61568224, 0.6170871, 0.6186121, 0.61993915, 0.62096983, 0.62225014, 0.6238104, 0.6252292, 0.626412, 0.6277312, 0.62901354, 0.6304138, 0.63153386, 0.6329268, 0.6339724, 0.6350535, 0.63639396, 0.6375885, 0.63872683, 0.6398598, 0.6410638, 0.64227235, 0.6433635, 0.6443893, 0.6455442, 0.6467511, 0.6477759, 0.64901376, 0.6499386, 0.6508738, 0.6517738, 0.65281355, 0.653774, 0.65478384, 0.6558402, 0.6566369, 0.6576645, 0.6583586, 0.6593595, 0.66023, 0.6610889, 0.66204846, 0.66288334, 0.66370726, 0.6645743], "duration": [6160, 3920, 8078, 1991, 7749, 3939, 5912, 2250, 1929, 1981, 2312, 3903, 3969, 1968, 3863, 1973, 5840, 4003, 6410, 3867, 3877, 3871, 2281, 4041, 2017, 4308, 3938, 4231, 3860, 2023, 3904, 8486, 3928, 4264, 5850, 4027, 2150, 5876, 5909, 2104, 3990, 3984, 7866, 8194, 4075, 7837, 4115, 5941, 5950, 4481, 5994, 4060, 2525, 6500, 2216, 6366, 4112, 4467, 4113, 2224, 4131, 4100, 4155, 2237, 2207, 6037, 2240, 2585, 5996, 4130, 6075, 2614, 6022, 2236, 4128, 4122, 10157, 7898, 6028, 7894, 7894, 6005, 8296, 2244, 2274, 4113, 4122, 6004, 6007, 2243, 4113, 4152, 2220, 2216, 6019, 4134, 4510, 6007, 6002, 6027, 2250, 2234, 2664, 2247, 4136, 2246, 2267, 6002, 4133, 2238, 2259, 6368, 4228, 4110, 4121, 2229, 2221, 2622, 2236, 4117, 2235, 2225, 2604, 2241, 2231, 2245, 2237, 2309, 2628, 2233, 2229, 2637, 2224, 2605, 2272, 2627, 2248, 2233, 2239, 2250, 2252, 2279, 2231, 2253, 2279, 2620, 2260, 3308, 2242, 2236]}