{"avg": [0.38538018, 0.4407376, 0.47392082, 0.50442517, 0.5420217, 0.5436265, 0.56565106, 0.576536, 0.58510935, 0.5974871, 0.61388016, 0.63657665, 0.64982796, 0.6674596, 0.68086493, 0.69095236, 0.7009941, 0.7094077, 0.7172412, 0.72342545, 0.7296124, 0.7353268, 0.73967177, 0.7440132, 0.7485121, 0.7521648, 0.75572056, 0.7589339, 0.76192147, 0.7645702, 0.76724815, 0.7697525, 0.7722698, 0.7745167, 0.7766777, 0.7786155, 0.78053427, 0.7822605, 0.7840142, 0.7855602, 0.78695685, 0.78825426, 0.78956044, 0.790901, 0.79205847, 0.7931667, 0.79425627, 0.795353, 0.79632765, 0.79733676], "std": [0.12890062, 0.11769244, 0.11663144, 0.091280475, 0.034499217, 0.06715504, 0.011507724, 0.013009343, 0.036219817, 0.037917674, 0.041077983, 0.018395085, 0.022354282, 0.014651268, 1.1920929e-07, 5.9604645e-08, 1.1920929e-07, 2.3841858e-07, 5.9604645e-08, 2.9802322e-07, 1.1920929e-07, 5.9604645e-08, 0.0, 2.3841858e-07, 1.7881393e-07, 5.9604645e-08, 1.7881393e-07, 3.5762787e-07, 4.172325e-07, 1.7881393e-07, 0.0, 0.0, 2.9802322e-07, 2.3841858e-07, 1.7881393e-07, 2.9802322e-07, 4.172325e-07, 4.7683716e-07, 2.9802322e-07, 1.7881393e-07, 0.0, 3.5762787e-07, 1.1920929e-07, 2.9802322e-07, 3.5762787e-07, 1.7881393e-07, 5.9604645e-08, 1.7881393e-07, 1.7881393e-07, 1.7881393e-07], "var": [0.88, 0.86, 0.74, 0.68, 0.6, 0.54, 0.42, 0.32, 0.26, 0.2, 0.12, 0.1, 0.04, 0.02, 0.02, 0.02, 0.02, 0.02, 0.02, 0.02, 0.02, 0.02, 0.02, 0.02, 0.02, 0.02, 0.02, 0.02, 0.02, 0.02, 0.02, 0.02, 0.02, 0.02, 0.02, 0.02, 0.02, 0.02, 0.02, 0.02, 0.02, 0.02, 0.02, 0.02, 0.02, 0.02, 0.02, 0.02, 0.02, 0.02], "best": [0.51111114, 0.543066, 0.54512477, 0.5501095, 0.55947423, 0.568254, 0.57678246, 0.58663327, 0.5986592, 0.6132085, 0.6275001, 0.64297515, 0.6575029, 0.66990167, 0.68086505, 0.6909524, 0.70099396, 0.70940745, 0.71724117, 0.72342575, 0.7296125, 0.7353269, 0.73967177, 0.7440134, 0.7485119, 0.7521647, 0.75572073, 0.75893354, 0.7619219, 0.76457, 0.76724815, 0.7697525, 0.7722695, 0.77451646, 0.77667755, 0.7786152, 0.78053385, 0.78226, 0.7840145, 0.78556, 0.78695685, 0.7882546, 0.78956056, 0.7909007, 0.7920581, 0.7931665, 0.7942563, 0.7953532, 0.7963278, 0.79733694], "duration": [111512, 125259, 126456, 137314, 130747, 126288, 126154, 103672, 117251, 135071, 135226, 148979, 126678, 113224, 126811, 117741, 131351, 113085, 117603, 122077, 122133, 113131, 117304, 112814, 112711, 126373, 108272, 103786, 126381, 144506, 126365, 117348, 112781, 139821, 135432, 103799, 108372, 131015, 126423, 112874, 114708, 121798, 121714, 117269, 144394, 135288, 135320, 112854, 130840, 112854]}