{"avg": [0.39791673, 0.39758405, 0.40094224, 0.46411568, 0.44684708, 0.45668656, 0.4645503, 0.43829265, 0.47492573, 0.4801065, 0.49262148, 0.49352807, 0.5485887, 0.55426604, 0.53607655, 0.54111797, 0.49101427, 0.5862508, 0.5657375, 0.54546916, 0.59308106, 0.57630724, 0.5510213, 0.5768984, 0.583277, 0.6032757, 0.6018398, 0.6059372, 0.6247976, 0.57234323, 0.5884862, 0.5697147, 0.6077121, 0.6448001, 0.6217208, 0.6045679, 0.65201837, 0.63338625, 0.59579265, 0.6096713, 0.65881276, 0.63677496, 0.6560231, 0.6723631, 0.6636046, 0.6776233, 0.6548845, 0.652139, 0.68770313, 0.69330186], "std": [0.14882353, 0.14392282, 0.14394116, 0.1484378, 0.15082707, 0.15281951, 0.15120667, 0.15185116, 0.1488721, 0.14892268, 0.14539497, 0.14745401, 0.11536, 0.113157466, 0.13461211, 0.12985618, 0.14952475, 0.0745855, 0.108191065, 0.12674333, 0.0730291, 0.10312128, 0.1275345, 0.10417541, 0.10491838, 0.07862302, 0.08064934, 0.079125315, 0.020414468, 0.12645951, 0.11254693, 0.13823488, 0.0890941, 0.016519865, 0.08836938, 0.12266119, 0.016629748, 0.09079149, 0.13063063, 0.11903778, 0.01935047, 0.0922505, 0.028835969, 0.014901091, 0.026633292, 0.015849752, 0.09112755, 0.10383968, 0.016223738, 0.012246911], "var": [1.0, 0.98, 0.98, 0.94, 0.9, 0.86, 0.86, 0.84, 0.84, 0.82, 0.82, 0.8, 0.78, 0.78, 0.78, 0.78, 0.76, 0.76, 0.72, 0.74, 0.72, 0.7, 0.74, 0.78, 0.78, 0.76, 0.74, 0.76, 0.72, 0.7, 0.68, 0.68, 0.66, 0.64, 0.6, 0.6, 0.6, 0.56, 0.54, 0.52, 0.5, 0.46, 0.44, 0.4, 0.38, 0.36, 0.32, 0.3, 0.3, 0.3], "best": [0.5666667, 0.6127977, 0.6027418, 0.6057143, 0.6072173, 0.611012, 0.61127824, 0.6052255, 0.6126624, 0.6094919, 0.612834, 0.61428577, 0.6178267, 0.6158581, 0.6191535, 0.62318933, 0.6223168, 0.6235987, 0.62470245, 0.62764424, 0.6298593, 0.6322138, 0.6349252, 0.636866, 0.63803345, 0.6409382, 0.6448006, 0.6469623, 0.65000004, 0.64994943, 0.6538545, 0.65595245, 0.65850997, 0.6602105, 0.66432905, 0.6670369, 0.6696501, 0.67287236, 0.67577106, 0.6769284, 0.67885333, 0.6815893, 0.68401873, 0.68571436, 0.6887964, 0.69094646, 0.69440466, 0.6970191, 0.6988763, 0.701699], "duration": [1170, 1517, 1582, 1482, 1378, 2694, 1174, 1380, 1385, 1184, 1375, 1222, 1167, 1236, 1192, 1209, 1405, 1197, 1240, 1189, 1407, 1186, 1201, 1187, 1216, 1202, 1203, 1205, 1398, 1399, 1163, 1178, 1096, 1097, 1105, 1101, 1140, 1168, 1145, 1140, 1158, 1178, 1188, 1226, 1269, 1216, 1195, 1190, 1178, 1155]}