{"avg": [0.18555556, 0.2342713, 0.21015874, 0.19518691, 0.19724114, 0.24357866, 0.2226801, 0.18230262, 0.16179532, 0.23908474, 0.23184507, 0.23186852, 0.20765162, 0.19659291, 0.22525588, 0.21191362, 0.20788853, 0.24549264, 0.27525142, 0.2561455, 0.25976378, 0.23149592, 0.26045445, 0.25736544, 0.27790868, 0.31757835, 0.2551785, 0.28543815, 0.2741887, 0.28709334, 0.3038233, 0.28189236, 0.3040588, 0.2799247, 0.25961658, 0.26232806, 0.29967645, 0.2562739, 0.30227938, 0.27395195, 0.2570761, 0.31289655, 0.31433338, 0.29797104, 0.32494548, 0.2712333, 0.30549046, 0.35036415, 0.32935396, 0.31406873], "std": [0.07045706, 0.0986973, 0.11343236, 0.09038591, 0.0927125, 0.05797317, 0.086146705, 0.08182632, 0.07686545, 0.08752525, 0.08221987, 0.066368, 0.08831383, 0.09123767, 0.070551604, 0.081708275, 0.06744116, 0.07128857, 0.063921705, 0.07287747, 0.09215692, 0.06299192, 0.071898796, 0.07778204, 0.05608005, 0.08308761, 0.09274161, 0.094580375, 0.07367542, 0.078350335, 0.0839211, 0.10519474, 0.05685847, 0.07337271, 0.07111674, 0.05708033, 0.08277633, 0.054447833, 0.07436729, 0.06315857, 0.061452832, 0.07901173, 0.07064557, 0.09216432, 0.09135499, 0.046203718, 0.10240313, 0.05903314, 0.09517617, 0.09621297], "var": [1.0, 1.0, 0.98, 0.96, 0.96, 0.96, 0.96, 0.96, 0.94, 0.92, 0.9, 0.9, 0.9, 0.9, 0.9, 0.9, 0.88, 0.86, 0.86, 0.86, 0.84, 0.82, 0.8, 0.78, 0.78, 0.78, 0.78, 0.78, 0.78, 0.76, 0.76, 0.76, 0.76, 0.76, 0.76, 0.76, 0.76, 0.76, 0.74, 0.74, 0.76, 0.76, 0.76, 0.74, 0.74, 0.74, 0.72, 0.72, 0.7, 0.68], "best": [0.2777778, 0.3746032, 0.39183676, 0.3169483, 0.3287982, 0.31569666, 0.31514043, 0.3158112, 0.30087578, 0.3820376, 0.31622252, 0.3145925, 0.32063493, 0.32057905, 0.3748225, 0.38171667, 0.31750646, 0.31885576, 0.39380705, 0.39631188, 0.3750462, 0.37671962, 0.39824456, 0.3777264, 0.39961243, 0.49104857, 0.40353304, 0.49496442, 0.40526816, 0.40601745, 0.49672157, 0.4980111, 0.40934283, 0.4094431, 0.40957615, 0.3810794, 0.5000744, 0.322604, 0.5014196, 0.41297564, 0.3245216, 0.4133595, 0.415291, 0.41630435, 0.41671735, 0.32720524, 0.5064654, 0.5074821, 0.50855845, 0.5094115], "duration": [4341, 2535, 6301, 4190, 4215, 4429, 6091, 2457, 4132, 4154, 4004, 3872, 2374, 1975, 4025, 1942, 4135, 3708, 6291, 4140, 8152, 5965, 4270, 5811, 6116, 4443, 4437, 2025, 6079, 4204, 7943, 4359, 6235, 8105, 2123, 7997, 8074, 6268, 4003, 3962, 6012, 6969, 8170, 6258, 6409, 4218, 2308, 9824, 6147, 6125]}