{"avg": [0.41666672, 0.37972304, 0.37839139, 0.41260508, 0.3967071, 0.38442346, 0.43199223, 0.40293777, 0.44943768, 0.39016548, 0.42559177, 0.47207212, 0.4332172, 0.47238356, 0.47587457, 0.42416227, 0.45916334, 0.4026387, 0.50251466, 0.44246495, 0.45103812, 0.46066433, 0.4591572, 0.46081713, 0.51100713, 0.47415128, 0.50466657, 0.5250336, 0.554776, 0.48729762, 0.49330992, 0.50500464, 0.52275646, 0.5797717, 0.56402814, 0.5484574, 0.54332036, 0.49934644, 0.49880213, 0.52808094, 0.5623429, 0.53483355, 0.545637, 0.53033787, 0.58014613, 0.52708197, 0.5675049, 0.56928074, 0.56957126, 0.53188086], "std": [0.15000002, 0.13928378, 0.13580462, 0.14694786, 0.14516985, 0.1398821, 0.15035778, 0.14655362, 0.15180318, 0.14141524, 0.15267153, 0.1490684, 0.15217325, 0.15318309, 0.14807351, 0.15076113, 0.15233639, 0.14648648, 0.13751778, 0.15116967, 0.15173304, 0.15146172, 0.15059781, 0.15248094, 0.1366117, 0.15062307, 0.1390791, 0.13056058, 0.1045223, 0.14642952, 0.14332667, 0.13971841, 0.12888111, 0.07252857, 0.097570896, 0.116933145, 0.12068271, 0.14136279, 0.14293921, 0.13392909, 0.10382892, 0.12712447, 0.11709456, 0.12834685, 0.07755244, 0.13095234, 0.10191636, 0.09387804, 0.09912149, 0.12907201], "var": [0.984, 0.976, 0.96, 0.952, 0.936, 0.928, 0.912, 0.896, 0.896, 0.896, 0.88, 0.88, 0.872, 0.872, 0.864, 0.856, 0.848, 0.84, 0.824, 0.808, 0.808, 0.8, 0.792, 0.784, 0.776, 0.76, 0.76, 0.76, 0.76, 0.76, 0.752, 0.752, 0.76, 0.752, 0.736, 0.728, 0.736, 0.736, 0.728, 0.728, 0.712, 0.704, 0.688, 0.68, 0.672, 0.664, 0.664, 0.68, 0.672, 0.664], "best": [0.5666667, 0.60767204, 0.5986395, 0.59184986, 0.5980677, 0.601377, 0.5969697, 0.5993022, 0.6014791, 0.6010227, 0.601882, 0.60553414, 0.606388, 0.60822517, 0.61087006, 0.59803927, 0.60983783, 0.5957127, 0.59854203, 0.6086273, 0.60644263, 0.59921306, 0.60809404, 0.6080746, 0.60831875, 0.6026331, 0.6000001, 0.6089716, 0.60971475, 0.611267, 0.61141545, 0.6057434, 0.6043395, 0.6063919, 0.6122154, 0.6129608, 0.6149872, 0.6030455, 0.6097683, 0.61558646, 0.6166456, 0.61765766, 0.61830425, 0.6136644, 0.61894554, 0.6195351, 0.619879, 0.61216205, 0.6209968, 0.6221652], "duration": [1164, 1187, 1219, 1151, 1166, 1145, 1210, 1128, 1209, 1271, 1173, 1399, 1146, 1166, 1270, 1205, 1137, 1260, 1156, 1175, 1157, 1224, 1130, 1196, 1336, 1201, 1150, 1255, 1164, 1259, 1163, 1229, 1278, 1186, 1148, 1282, 1256, 1170, 1254, 1222, 1149, 1489, 1241, 1139, 1257, 1212, 1145, 1652, 1269, 1136]}