{"avg": [0.40915036, 0.45350143, 0.4420966, 0.4932586, 0.46264067, 0.4723059, 0.50348043, 0.51736957, 0.50070614, 0.49106562, 0.4920707, 0.5117639, 0.5065077, 0.5363149, 0.5000021, 0.5383155, 0.5017985, 0.5310094, 0.51750106, 0.53249377, 0.54048884, 0.5416358, 0.51635253, 0.54370725, 0.54752624, 0.51799023, 0.5656908, 0.5508625, 0.55526084, 0.57622945, 0.57636964, 0.5765421, 0.57272905, 0.58511394, 0.58137524, 0.5757741, 0.5949844, 0.59238917, 0.58394736, 0.6033119, 0.60665643, 0.59255123, 0.62212837, 0.59972435, 0.6312358, 0.6166838, 0.6222029, 0.6330029, 0.6369149, 0.6512838, 0.6491061, 0.6521416, 0.657369, 0.6559363, 0.66629225, 0.6640913, 0.6713061, 0.6757185, 0.6789735, 0.6816982, 0.68398774, 0.6817746, 0.689022, 0.68664193, 0.68816805, 0.69583124, 0.6983129, 0.7004348, 0.70236045, 0.7046308, 0.70119715, 0.70831233, 0.71039546, 0.7121811, 0.71403414, 0.7157249, 0.7173722, 0.7192945, 0.721057, 0.72287, 0.7241468, 0.7256816, 0.72717774, 0.72836596, 0.72970766, 0.730932, 0.73255223, 0.7337169, 0.7350187, 0.73621166, 0.7373017, 0.7384454, 0.73963916, 0.7409499, 0.7420177, 0.7430636, 0.74408823, 0.7452909, 0.74627125, 0.7472961], "std": [0.10590657, 0.107597284, 0.123703636, 0.07157232, 0.12666509, 0.109413646, 0.1002806, 0.08934274, 0.100539304, 0.10633142, 0.12906803, 0.09820486, 0.10216431, 0.041461926, 0.10596556, 0.042121176, 0.08109545, 0.088718586, 0.07339699, 0.060282085, 0.05549802, 0.05758355, 0.107509926, 0.056520183, 0.05519117, 0.10704621, 0.010971434, 0.060861465, 0.060274042, 0.01549094, 0.018845078, 0.016187536, 0.06348841, 0.020471754, 0.026154842, 0.06915723, 0.020636072, 0.029189114, 0.06728088, 0.026743388, 0.025484452, 0.07016804, 0.018707464, 0.0750078, 0.019858317, 0.03874434, 0.02963163, 0.023699028, 0.02503675, 0.001782102, 0.017298259, 0.023898248, 0.01560995, 0.024134971, 0.0075106495, 0.022650227, 0.0076099844, 0.0023637684, 1.1920929e-07, 5.9604645e-08, 1.1920929e-07, 0.018499246, 1.1920929e-07, 0.01913604, 0.020638438, 5.9604645e-08, 1.1920929e-07, 1.1920929e-07, 5.9604645e-08, 5.9604645e-08, 0.020484319, 0.0, 1.1920929e-07, 0.0, 5.9604645e-08, 0.0, 1.1920929e-07, 5.9604645e-08, 1.1920929e-07, 1.1920929e-07, 5.9604645e-08, 5.9604645e-08, 1.1920929e-07, 1.1920929e-07, 1.1920929e-07, 1.7881393e-07, 0.0, 0.0, 5.9604645e-08, 1.1920929e-07, 1.1920929e-07, 1.1920929e-07, 1.1920929e-07, 5.9604645e-08, 0.0, 5.9604645e-08, 5.9604645e-08, 1.1920929e-07, 1.1920929e-07, 5.9604645e-08], "var": [0.96, 0.92, 0.9, 0.86, 0.84, 0.84, 0.82, 0.84, 0.8, 0.78, 0.8, 0.78, 0.74, 0.7, 0.68, 0.66, 0.66, 0.66, 0.62, 0.58, 0.54, 0.52, 0.52, 0.5, 0.5, 0.48, 0.48, 0.48, 0.46, 0.44, 0.44, 0.44, 0.4, 0.38, 0.36, 0.4, 0.36, 0.36, 0.34, 0.34, 0.32, 0.3, 0.28, 0.26, 0.26, 0.22, 0.18, 0.16, 0.14, 0.14, 0.14, 0.12, 0.12, 0.1, 0.1, 0.08, 0.06, 0.04, 0.04, 0.04, 0.04, 0.04, 0.04, 0.04, 0.04, 0.04, 0.04, 0.04, 0.04, 0.04, 0.02, 0.02, 0.02, 0.02, 0.02, 0.02, 0.02, 0.02, 0.02, 0.02, 0.02, 0.02, 0.02, 0.02, 0.02, 0.02, 0.02, 0.02, 0.02, 0.02, 0.02, 0.02, 0.02, 0.02, 0.02, 0.02, 0.02, 0.02, 0.02, 0.02], "best": [0.51111114, 0.5587302, 0.5602183, 0.5549207, 0.55730873, 0.544674, 0.55151516, 0.5492485, 0.55184776, 0.55314726, 0.5537573, 0.5558232, 0.5577116, 0.5581409, 0.55796564, 0.55996174, 0.5626664, 0.5623514, 0.5665533, 0.5710372, 0.56742257, 0.5742425, 0.5756875, 0.5709351, 0.5730671, 0.576526, 0.57918876, 0.5850341, 0.5868737, 0.58752435, 0.59272915, 0.5965395, 0.59865177, 0.60319936, 0.6059434, 0.6085336, 0.61208904, 0.6164888, 0.6190343, 0.62198883, 0.62487197, 0.6275133, 0.6307386, 0.6349984, 0.63785374, 0.6413533, 0.6436221, 0.6454882, 0.6486311, 0.651744, 0.6556865, 0.6588145, 0.66208184, 0.6651779, 0.66829944, 0.6712539, 0.6732086, 0.6763741, 0.6789736, 0.68169814, 0.68398786, 0.6865511, 0.6890219, 0.6915829, 0.69389206, 0.6958312, 0.698313, 0.7004349, 0.7023605, 0.70463073, 0.70631826, 0.70831233, 0.71039534, 0.7121811, 0.7140342, 0.7157249, 0.7173723, 0.7192944, 0.7210571, 0.7228701, 0.7241467, 0.72568166, 0.72717786, 0.7283661, 0.72970754, 0.7309318, 0.73255223, 0.7337169, 0.7350186, 0.73621154, 0.7373016, 0.7384455, 0.73963904, 0.74095, 0.7420177, 0.74306357, 0.7440883, 0.745291, 0.7462714, 0.74729604], "duration": [31227, 26944, 31472, 31530, 31538, 27049, 27007, 27067, 27106, 26985, 27033, 27014, 27008, 31604, 31511, 27117, 27000, 27114, 27007, 35996, 27033, 27019, 27047, 27084, 27049, 27011, 27325, 27079, 31571, 27037, 27028, 27128, 27010, 27005, 31513, 27007, 36101, 26994, 27042, 27021, 27011, 31534, 31541, 26986, 27077, 27105, 27087, 27027, 27028, 27003, 27007, 27009, 31571, 27004, 36099, 27352, 27085, 27077, 31557, 27059, 27065, 27104, 31588, 27074, 29361, 26998, 27042, 26983, 31444, 26975, 31566, 31445, 26984, 27056, 26968, 27006, 31501, 27014, 31487, 27051, 26996, 26979, 27009, 27069, 27024, 31562, 27009, 27131, 27088, 27059, 27033, 27069, 31536, 27005, 27008, 27010, 31550, 31551, 31579, 27018]}