{"avg": [0.40915036, 0.45350143, 0.4420966, 0.48593256, 0.50160855, 0.4693405, 0.46310407, 0.5011131, 0.46224862, 0.50795746, 0.46910158, 0.5199667, 0.49976444, 0.5034325, 0.52639997, 0.5151964, 0.5214844, 0.54695636, 0.53417224, 0.5385138, 0.56034464, 0.551066, 0.56871504, 0.5549563, 0.5665183, 0.5716021, 0.5759027, 0.56642807, 0.5610725, 0.5849345, 0.58489823, 0.5801505, 0.5828795, 0.59246945, 0.59666693, 0.5953467, 0.60038066, 0.607916, 0.609192, 0.62235934, 0.6154332, 0.61424714, 0.61918193, 0.6290406, 0.6273183, 0.6298993, 0.644979, 0.6430137, 0.6444474, 0.63868445], "std": [0.10590657, 0.107597284, 0.123703636, 0.104916714, 0.069469824, 0.10593078, 0.12949418, 0.10114524, 0.10600317, 0.09774993, 0.13347423, 0.06811444, 0.10534909, 0.108855635, 0.06304728, 0.07182822, 0.0994225, 0.045503274, 0.0969854, 0.051366348, 0.017282676, 0.044463202, 0.016064702, 0.049227517, 0.019791426, 0.020799598, 0.01894242, 0.050887834, 0.054643508, 0.019182, 0.022607507, 0.023590809, 0.024417548, 0.019501269, 0.021815142, 0.026445882, 0.022744691, 0.017636167, 0.020114055, 0.0070552207, 0.025234727, 0.02368885, 0.0306484, 0.022402821, 0.023948764, 0.030987956, 0.002273824, 0.010408824, 0.025251526, 0.031824134], "var": [0.96, 0.92, 0.92, 0.88, 0.88, 0.88, 0.88, 0.86, 0.84, 0.84, 0.8, 0.78, 0.74, 0.74, 0.76, 0.74, 0.74, 0.74, 0.72, 0.7, 0.7, 0.7, 0.68, 0.7, 0.68, 0.66, 0.68, 0.64, 0.6, 0.6, 0.6, 0.6, 0.64, 0.6, 0.56, 0.52, 0.52, 0.5, 0.48, 0.52, 0.52, 0.5, 0.46, 0.46, 0.46, 0.46, 0.46, 0.42, 0.42, 0.4], "best": [0.51111114, 0.5587302, 0.5602183, 0.5549207, 0.5529582, 0.55299294, 0.55488217, 0.5553885, 0.55582213, 0.56002593, 0.56700546, 0.5662208, 0.55972224, 0.56774545, 0.5709043, 0.5746696, 0.57640135, 0.57755023, 0.57931554, 0.58081096, 0.58261365, 0.5850607, 0.5873422, 0.58984566, 0.5898513, 0.5934549, 0.59591454, 0.5986902, 0.6009453, 0.6030884, 0.6059482, 0.6090001, 0.6100988, 0.61148375, 0.61394703, 0.61668813, 0.6194195, 0.6221684, 0.62545174, 0.62924594, 0.6327548, 0.6353253, 0.6374005, 0.6396273, 0.64458674, 0.6470045, 0.64703596, 0.6499312, 0.65567565, 0.6560334], "duration": [31240, 26951, 31499, 27023, 29629, 27026, 27068, 31502, 26941, 31596, 27025, 27017, 26995, 27052, 27088, 27045, 27002, 27046, 27073, 36080, 31601, 27038, 27085, 27039, 27009, 27082, 27032, 27061, 27058, 27029, 31552, 27016, 27019, 26962, 27029, 27099, 31611, 31568, 31555, 31587, 29278, 27180, 27026, 31691, 27056, 27063, 27067, 27017, 27071, 27062]}