{"avg": [0.36041668, 0.43314078, 0.39606148, 0.42403367, 0.42279235, 0.43188897, 0.4307423, 0.49675167, 0.43961474, 0.4047713, 0.4241442, 0.4579984, 0.43219352, 0.48658282, 0.45877394, 0.4919604, 0.42082357, 0.47853944, 0.51940423, 0.47465435, 0.4495146, 0.47425175, 0.44222292, 0.4899098, 0.52790755, 0.47723135, 0.48161936, 0.539916, 0.5035623, 0.5040044, 0.45011646, 0.50536305, 0.5414181, 0.52835214, 0.48784173, 0.5462436, 0.50040174, 0.49502522, 0.47743544, 0.5991795, 0.4951185, 0.5156095, 0.5988698, 0.5334233, 0.5967347, 0.54366314, 0.5600803, 0.54800874, 0.5675776, 0.6008756], "std": [0.13905375, 0.14864822, 0.14194575, 0.14673743, 0.14969066, 0.14860491, 0.15125364, 0.13852867, 0.14973812, 0.14410664, 0.14914897, 0.1506561, 0.15096794, 0.14511096, 0.15227735, 0.14386399, 0.14913401, 0.1456582, 0.12874587, 0.14872691, 0.15045297, 0.14886603, 0.15384123, 0.14235687, 0.1269796, 0.14832823, 0.1465032, 0.11560927, 0.13686636, 0.13844901, 0.15278664, 0.13769147, 0.11758582, 0.12832583, 0.14531514, 0.11415768, 0.14430006, 0.14585254, 0.15052174, 0.007224274, 0.14514208, 0.13670628, 0.006457608, 0.1269133, 0.007589667, 0.11892948, 0.10160118, 0.11555304, 0.10041805, 0.008456948], "var": [1.0, 1.0, 0.992, 0.976, 0.968, 0.952, 0.952, 0.952, 0.952, 0.952, 0.944, 0.936, 0.928, 0.928, 0.928, 0.92, 0.928, 0.92, 0.92, 0.904, 0.896, 0.88, 0.88, 0.864, 0.848, 0.84, 0.84, 0.832, 0.824, 0.808, 0.792, 0.784, 0.776, 0.776, 0.76, 0.768, 0.76, 0.76, 0.752, 0.744, 0.736, 0.72, 0.72, 0.712, 0.72, 0.704, 0.704, 0.704, 0.712, 0.696], "best": [0.5666667, 0.6038691, 0.59841275, 0.60285723, 0.6046909, 0.59592664, 0.5976191, 0.59352875, 0.5947727, 0.59814644, 0.5970741, 0.59720504, 0.59695905, 0.5987389, 0.60026234, 0.6019123, 0.5959034, 0.6014716, 0.6027726, 0.59870946, 0.59848297, 0.60224724, 0.6030176, 0.5978023, 0.60337305, 0.6024369, 0.60179114, 0.6035715, 0.60505146, 0.60344136, 0.60105306, 0.6039142, 0.604893, 0.6058126, 0.60628086, 0.6066683, 0.608014, 0.6068901, 0.60837924, 0.60914546, 0.6090567, 0.61020994, 0.6105614, 0.61103755, 0.61140454, 0.61192656, 0.6120052, 0.6132726, 0.61379033, 0.6131737], "duration": [1311, 4658, 1788, 2253, 1382, 1367, 1332, 1303, 1313, 1339, 1302, 1553, 1362, 1240, 1481, 1305, 1323, 1187, 1209, 1245, 1270, 1138, 1138, 1141, 1156, 1136, 1303, 1590, 1331, 1391, 1387, 1320, 1519, 1369, 1363, 1181, 1324, 1353, 1577, 1385, 1474, 1347, 1376, 1541, 1380, 1390, 1392, 1372, 1356, 1331]}