{"avg": [0.34166673, 0.39560187, 0.44133306, 0.37408656, 0.42449328, 0.44909695, 0.48501888, 0.433555, 0.45974195, 0.52257854, 0.48733371, 0.55214304, 0.49440876, 0.5186668, 0.52940965, 0.50746435, 0.48072806, 0.5593958, 0.575053, 0.5526226, 0.6206543, 0.51947236, 0.5821914, 0.60582644, 0.59740347, 0.6294439, 0.5892646, 0.56374115, 0.61042345, 0.6045014, 0.6169641, 0.64120024, 0.62509185, 0.64158696, 0.6386828, 0.6550358, 0.6594436, 0.65299207, 0.65948176, 0.66334194, 0.6476308, 0.6653314, 0.67186517, 0.6689201, 0.6786407, 0.68761504, 0.67397493, 0.68306386, 0.6853495, 0.6853528], "std": [0.12990384, 0.14431708, 0.1525526, 0.1363808, 0.14620125, 0.15313038, 0.14749809, 0.15131089, 0.15385425, 0.13312948, 0.15090184, 0.11488547, 0.14917682, 0.13908641, 0.13809513, 0.14578415, 0.15607002, 0.12262089, 0.10630619, 0.12934896, 0.012663039, 0.1460505, 0.11093517, 0.07185944, 0.07998847, 0.016085938, 0.112141766, 0.13605218, 0.07949465, 0.08702445, 0.074337535, 0.020853788, 0.07150711, 0.025980808, 0.027006038, 0.013632751, 0.012384449, 0.02094616, 0.021220779, 0.01994722, 0.07540542, 0.027188478, 0.021971254, 0.030171655, 0.0153141655, 0.0111702345, 0.029799946, 0.027665759, 0.019254439, 0.031587455], "var": [0.96, 0.96, 0.96, 0.94, 0.94, 0.92, 0.9, 0.88, 0.88, 0.88, 0.88, 0.86, 0.86, 0.86, 0.84, 0.84, 0.84, 0.82, 0.82, 0.8, 0.8, 0.8, 0.76, 0.78, 0.8, 0.78, 0.76, 0.76, 0.74, 0.72, 0.7, 0.7, 0.68, 0.68, 0.66, 0.66, 0.62, 0.62, 0.6, 0.62, 0.64, 0.64, 0.62, 0.6, 0.58, 0.58, 0.58, 0.58, 0.58, 0.58], "best": [0.5666667, 0.61726195, 0.61568636, 0.62455654, 0.6063493, 0.6134648, 0.61617166, 0.6187628, 0.62186956, 0.61830556, 0.6228292, 0.6206862, 0.62237865, 0.6226246, 0.62476605, 0.6285715, 0.6239528, 0.6257245, 0.63306177, 0.635593, 0.63758874, 0.63288915, 0.64014554, 0.6436826, 0.64635575, 0.64667374, 0.64977545, 0.6514848, 0.65250635, 0.6550659, 0.6571331, 0.6603365, 0.66181254, 0.6655164, 0.668052, 0.66937697, 0.6720383, 0.6752125, 0.67698157, 0.6797238, 0.6822864, 0.6849873, 0.68745565, 0.6899611, 0.6922543, 0.69505143, 0.69845194, 0.7004155, 0.70272565, 0.7045405], "duration": [1161, 1126, 1326, 1141, 1706, 1169, 1192, 1179, 1293, 1297, 1101, 1391, 1186, 1209, 1175, 1359, 1188, 1201, 1174, 1193, 1205, 1371, 1158, 1175, 1168, 1185, 1383, 1197, 1181, 1194, 1208, 1195, 1186, 1183, 1203, 1198, 1195, 1180, 1190, 1183, 1143, 1132, 1145, 1156, 1190, 1192, 1186, 1191, 1179, 1180]}