{"avg": [0.4074075, 0.4362292, 0.44802207, 0.43804446, 0.486121, 0.51141953, 0.5256788, 0.5200245, 0.527683, 0.5496942, 0.54966027, 0.56269413, 0.582578, 0.595137, 0.60102636, 0.6068415, 0.611879, 0.6142547, 0.6352853, 0.6399848, 0.66085637, 0.6708251, 0.6728747, 0.68156034, 0.68795305, 0.6931808, 0.69864756, 0.70322514, 0.7084817, 0.71348244, 0.7171943, 0.721556, 0.72529763, 0.7290701, 0.7324269, 0.7355938, 0.7385865, 0.741623, 0.7445862, 0.7469279, 0.749424, 0.75179505, 0.7538147, 0.7560496, 0.7580337, 0.7597925, 0.7618116, 0.7637986, 0.7652125, 0.7668101], "std": [0.10614413, 0.11413331, 0.12255397, 0.11137663, 0.08354418, 0.07357335, 0.06440591, 0.07523931, 0.07010969, 0.04694526, 0.068689264, 0.058031213, 0.023016881, 0.021950185, 0.02516536, 0.028992428, 0.061479818, 0.06563949, 0.056859024, 0.064232156, 0.012537945, 0.004695832, 0.020793995, 0.00488863, 0.0006954363, 0.0009614402, 0.001106589, 0.0019464217, 0.0010194778, 0.0013495071, 0.002401404, 0.0025761607, 0.0019937295, 5.9604645e-08, 0.0, 0.0, 1.7881393e-07, 1.7881393e-07, 5.9604645e-08, 2.3841858e-07, 0.0, 2.3841858e-07, 0.0, 0.0, 1.1920929e-07, 1.7881393e-07, 1.7881393e-07, 1.1920929e-07, 0.0, 0.0], "var": [1.0, 0.94, 0.88, 0.84, 0.8, 0.76, 0.7, 0.66, 0.64, 0.6, 0.54, 0.48, 0.46, 0.36, 0.34, 0.3, 0.24, 0.18, 0.16, 0.12, 0.1, 0.1, 0.08, 0.06, 0.06, 0.06, 0.06, 0.06, 0.06, 0.06, 0.04, 0.04, 0.02, 0.02, 0.02, 0.02, 0.02, 0.02, 0.02, 0.02, 0.02, 0.02, 0.02, 0.02, 0.02, 0.02, 0.02, 0.02, 0.02, 0.02], "best": [0.51111114, 0.5516755, 0.54846746, 0.5557198, 0.55624574, 0.5582307, 0.56360346, 0.5683761, 0.5726912, 0.5790695, 0.5865942, 0.5959667, 0.60443026, 0.61136174, 0.6209165, 0.62901956, 0.6354972, 0.6425438, 0.64825594, 0.657176, 0.66381013, 0.6724237, 0.6775432, 0.68281806, 0.68834376, 0.6936392, 0.69903874, 0.70417184, 0.7086709, 0.71374726, 0.71799266, 0.72231567, 0.7256962, 0.72907007, 0.7324269, 0.7355938, 0.73858666, 0.74162316, 0.7445863, 0.74692816, 0.749424, 0.7517953, 0.7538147, 0.7560496, 0.7580336, 0.7597927, 0.76181144, 0.7637987, 0.7652125, 0.7668101], "duration": [53228, 62930, 58409, 66410, 58388, 71922, 54141, 54010, 63104, 58505, 58538, 63012, 63045, 72149, 58649, 67767, 54332, 54608, 63103, 59453, 67595, 54039, 58545, 54079, 58559, 54003, 53999, 53887, 63154, 54116, 58675, 54087, 54105, 54166, 63075, 54093, 63141, 63090, 54111, 54169, 58549, 54046, 54145, 54102, 54106, 54134, 54139, 54095, 63070, 54100]}