{"avg": [0.15308642, 0.19919083, 0.22049637, 0.19143985, 0.20175739, 0.14960721, 0.19991016, 0.19712652, 0.20474318, 0.1877242, 0.18690851, 0.21765026, 0.21838091, 0.2103098, 0.20311664, 0.20951754, 0.24097922, 0.18397525, 0.20201315, 0.21571754, 0.22917342, 0.19860198, 0.22131708, 0.2382725, 0.18778343, 0.21993737, 0.23161319, 0.2172194, 0.2301214, 0.23868424, 0.25997442, 0.2213698, 0.21836542, 0.23298746, 0.25034544, 0.265733, 0.24027327, 0.2293705, 0.24702682, 0.24391034, 0.2518221, 0.29635197, 0.21789923, 0.26454234, 0.25398785, 0.2767451, 0.21764669, 0.2616936, 0.26554134, 0.23168203], "std": [0.08450255, 0.054655727, 0.063613296, 0.0794631, 0.05909257, 0.07519262, 0.06614013, 0.0639512, 0.06760918, 0.074928686, 0.10212767, 0.05589801, 0.051248897, 0.075764835, 0.071811795, 0.058498602, 0.08128001, 0.041739874, 0.10048085, 0.08055206, 0.0842111, 0.088554434, 0.08285385, 0.10340312, 0.053878784, 0.100366846, 0.093832836, 0.08473476, 0.08870448, 0.075888574, 0.08656668, 0.07980614, 0.0695235, 0.08769764, 0.07526406, 0.073648944, 0.09109167, 0.07932086, 0.08929253, 0.06854921, 0.10561532, 0.08674741, 0.079542466, 0.0763041, 0.11094579, 0.106752254, 0.08098151, 0.08385445, 0.06762235, 0.07251117], "var": [0.99333334, 0.99333334, 0.9866667, 0.98, 0.97333336, 0.96666664, 0.9533333, 0.94, 0.94, 0.93333334, 0.9266667, 0.91333336, 0.91333336, 0.9, 0.9, 0.9, 0.9, 0.88666666, 0.8933333, 0.8933333, 0.88666666, 0.87333333, 0.8666667, 0.87333333, 0.8666667, 0.8666667, 0.86, 0.8466667, 0.84, 0.84, 0.84, 0.8333333, 0.8333333, 0.82666665, 0.8333333, 0.82, 0.81333333, 0.8066667, 0.8, 0.7866667, 0.7866667, 0.7733333, 0.76666665, 0.76666665, 0.76666665, 0.75333333, 0.75333333, 0.74666667, 0.74666667, 0.73333335], "best": [0.2777778, 0.30026457, 0.3746032, 0.30742738, 0.3150794, 0.2856061, 0.31674156, 0.3706543, 0.37244177, 0.31629232, 0.3751951, 0.3775336, 0.31828752, 0.37729472, 0.37811702, 0.30203485, 0.3770177, 0.22192265, 0.3799641, 0.39168805, 0.37943277, 0.38007298, 0.39238343, 0.3809603, 0.3043084, 0.38100338, 0.402374, 0.3935533, 0.39437142, 0.39568895, 0.4847722, 0.39594358, 0.39670593, 0.39656314, 0.4032363, 0.3824096, 0.39731148, 0.38050947, 0.3836451, 0.38346177, 0.48647037, 0.39796683, 0.3793978, 0.3982742, 0.4876453, 0.40511128, 0.3833783, 0.38513446, 0.40571317, 0.38584334], "duration": [5888, 1998, 3919, 5847, 3921, 2038, 1973, 4028, 3945, 2009, 2090, 2060, 3927, 2040, 2122, 5896, 5857, 4105, 2116, 4000, 4028, 4017, 3944, 9719, 2005, 4024, 7792, 6992, 9710, 5840, 9745, 5855, 3918, 5905, 7776, 8687, 5943, 4239, 4005, 2096, 5885, 8485, 3958, 7771, 5969, 6095, 3959, 6647, 3956, 3963]}