{"avg": [0.15907861, 0.20736592, 0.23643754, 0.27021128, 0.30533004, 0.33180264, 0.38013378, 0.40674582, 0.43343207, 0.47401208, 0.49353337, 0.50202584, 0.52716964, 0.5432949, 0.5538999, 0.5632589, 0.57575953, 0.5837459, 0.59091896, 0.5973269, 0.6028193, 0.6086521, 0.613346, 0.61762816, 0.62145984, 0.6254107, 0.62864166, 0.6319975, 0.6349582, 0.6375815, 0.6397406, 0.64194113, 0.644113, 0.6462002, 0.64802545, 0.6496644, 0.65122044, 0.6528167, 0.654293, 0.65576607, 0.65716547, 0.65846395, 0.65967125, 0.6609681, 0.6619815, 0.66311324, 0.66406816, 0.6649857, 0.6658445, 0.66671747], "std": [0.072443455, 0.077189095, 0.071835965, 0.08105444, 0.079288095, 0.082073994, 0.08340618, 0.07538736, 0.06736541, 0.032525927, 0.031339843, 0.050399102, 0.022853997, 0.0181325, 0.019867236, 0.020394323, 0.00093076366, 5.9604645e-08, 1.1920929e-07, 1.1920929e-07, 2.3841858e-07, 0.0, 1.7881393e-07, 5.9604645e-08, 3.5762787e-07, 1.7881393e-07, 1.7881393e-07, 2.9802322e-07, 1.7881393e-07, 1.7881393e-07, 2.3841858e-07, 5.9604645e-08, 2.9802322e-07, 0.0, 1.1920929e-07, 1.1920929e-07, 2.3841858e-07, 0.0, 5.9604645e-08, 3.5762787e-07, 5.9604645e-08, 1.7881393e-07, 4.172325e-07, 2.3841858e-07, 5.9604645e-08, 1.1920929e-07, 0.0, 0.0, 2.3841858e-07, 0.0], "var": [0.86, 0.76, 0.72, 0.64, 0.58, 0.54, 0.48, 0.48, 0.36, 0.32, 0.2, 0.12, 0.06, 0.06, 0.06, 0.04, 0.02, 0.02, 0.02, 0.02, 0.02, 0.02, 0.02, 0.02, 0.02, 0.02, 0.02, 0.02, 0.02, 0.02, 0.02, 0.02, 0.02, 0.02, 0.02, 0.02, 0.02, 0.02, 0.02, 0.02, 0.02, 0.02, 0.02, 0.02, 0.02, 0.02, 0.02, 0.02, 0.02, 0.02], "best": [0.3777778, 0.40797526, 0.4130618, 0.42059657, 0.428736, 0.43928576, 0.45135313, 0.46471223, 0.4801954, 0.49430215, 0.5083481, 0.5229356, 0.53504854, 0.54747725, 0.558074, 0.5671914, 0.5759084, 0.58374584, 0.59091884, 0.597327, 0.6028191, 0.6086521, 0.6133458, 0.6176282, 0.6214595, 0.62541085, 0.62864184, 0.6319972, 0.634958, 0.6375817, 0.6397408, 0.6419412, 0.6441127, 0.6462002, 0.64802533, 0.6496645, 0.6512207, 0.6528167, 0.65429294, 0.6557664, 0.6571654, 0.6584638, 0.6596708, 0.6609679, 0.66198146, 0.66311336, 0.66406816, 0.6649857, 0.66584474, 0.66671747], "duration": [24216, 16912, 19352, 27477, 15834, 28254, 14324, 22787, 22444, 19201, 12506, 16890, 11148, 10323, 10070, 10925, 9241, 11293, 10009, 9951, 13550, 9184, 10886, 10335, 12359, 9684, 11180, 10033, 10770, 9623, 9533, 10382, 11040, 8946, 9923, 8432, 9867, 8488, 11498, 11686, 9664, 10024, 12606, 8787, 11693, 9258, 9074, 11110, 8897, 10295]}