{"avg": [0.10317461, 0.121286854, 0.11968254, 0.23269843, 0.19759427, 0.20776248, 0.16700739, 0.14974743, 0.20833737, 0.21919337, 0.24675865, 0.20961241, 0.23128518, 0.2836944, 0.28511328, 0.24447073, 0.26034117, 0.29510015, 0.3176025, 0.24558985, 0.25983876, 0.24735981, 0.31049037, 0.30095422, 0.34922782, 0.2735302, 0.33182275, 0.33192673, 0.3737786, 0.29180166, 0.3375523, 0.39199707, 0.38930154, 0.33753255, 0.3926923, 0.38333976, 0.38997394, 0.4064164, 0.41681823, 0.4115863, 0.4193522, 0.4005948, 0.42682987, 0.42103842, 0.39467284, 0.39767903, 0.43463275, 0.44469863, 0.4528671, 0.4853211], "std": [0.077712975, 0.09500542, 0.10812472, 0.097510464, 0.1337553, 0.14566962, 0.11029521, 0.14010711, 0.14783989, 0.06650986, 0.09484206, 0.10933035, 0.1130968, 0.083828, 0.08248668, 0.123114936, 0.111106254, 0.13432848, 0.081669055, 0.1367041, 0.10647734, 0.16283853, 0.096309796, 0.0994448, 0.08354506, 0.11339874, 0.11773249, 0.08630014, 0.11450771, 0.13923347, 0.118657574, 0.07414031, 0.07433529, 0.08848114, 0.10797159, 0.09222834, 0.08050743, 0.09842624, 0.08013687, 0.08974315, 0.0899934, 0.10262286, 0.1056582, 0.09311033, 0.0870604, 0.12562546, 0.085985444, 0.08567629, 0.09749965, 0.0673398], "var": [1.0, 0.96, 0.92, 0.9, 0.9, 0.9, 0.86, 0.84, 0.82, 0.78, 0.76, 0.74, 0.7, 0.7, 0.68, 0.64, 0.62, 0.6, 0.58, 0.56, 0.52, 0.48, 0.48, 0.44, 0.44, 0.4, 0.42, 0.38, 0.38, 0.36, 0.34, 0.36, 0.34, 0.34, 0.36, 0.36, 0.34, 0.32, 0.32, 0.3, 0.3, 0.32, 0.3, 0.28, 0.26, 0.24, 0.28, 0.28, 0.32, 0.3], "best": [0.20000002, 0.2187075, 0.36746037, 0.38148153, 0.38730162, 0.53272766, 0.33492064, 0.38992217, 0.5353142, 0.3935823, 0.3931014, 0.39500743, 0.3857313, 0.38811862, 0.39349863, 0.39755437, 0.3986441, 0.40063977, 0.4038623, 0.4056208, 0.40594858, 0.5377045, 0.40930313, 0.41124564, 0.5382025, 0.41841027, 0.53878003, 0.423958, 0.540681, 0.42979464, 0.5424286, 0.5430229, 0.5432901, 0.4400933, 0.5443002, 0.5449365, 0.54569674, 0.5456867, 0.54654294, 0.5469238, 0.5465388, 0.5473852, 0.54809964, 0.5497394, 0.5506086, 0.55151623, 0.5526286, 0.5697939, 0.55511117, 0.560906], "duration": [5811, 4250, 2182, 4020, 5785, 5999, 4138, 2279, 2179, 4244, 7754, 4010, 4099, 5862, 7699, 6185, 6095, 7890, 4222, 6091, 2944, 4341, 2125, 2111, 4591, 2336, 2339, 4182, 4115, 2293, 4092, 7782, 2560, 2240, 8395, 4246, 4057, 2217, 2096, 4587, 2221, 2229, 2267, 2344, 4168, 2486, 4166, 2201, 2633, 2285]}