{"avg": [0.16400003, 0.16982542, 0.18633333, 0.17598097, 0.18965395, 0.19066347, 0.18957779, 0.18343174, 0.17919682, 0.18286984, 0.18640952, 0.17966348, 0.18275554, 0.17847301, 0.17545715, 0.18642855, 0.17640953, 0.18287936, 0.18649523, 0.17856824, 0.1942222, 0.18893015, 0.18292695, 0.17907304, 0.18236506, 0.16489525, 0.17192699, 0.18214606, 0.17967302, 0.18274602, 0.17162223, 0.18621907, 0.17584762, 0.18692379, 0.19632383, 0.18203175, 0.17868252, 0.17597142, 0.16868256, 0.17916827, 0.17549524, 0.17240319, 0.17891112, 0.16664763, 0.18578093, 0.1831746, 0.18591426, 0.1681778, 0.18639047, 0.16712381], "std": [0.1036509, 0.1149589, 0.117132284, 0.11951178, 0.119045325, 0.10768139, 0.11904823, 0.113986686, 0.12166645, 0.12000212, 0.11604649, 0.11806918, 0.12006484, 0.12729385, 0.12537313, 0.11719309, 0.113443136, 0.120003305, 0.116042174, 0.12730111, 0.10538192, 0.12491035, 0.118944794, 0.12269632, 0.12576395, 0.12667255, 0.12662464, 0.12471681, 0.11811789, 0.118945174, 0.12659745, 0.11605244, 0.11949998, 0.11094178, 0.1188343, 0.1257858, 0.1273038, 0.1195107, 0.124364, 0.12270223, 0.124220535, 0.122022815, 0.12269018, 0.11122684, 0.12203586, 0.11523188, 0.12197238, 0.12886767, 0.11719464, 0.10599782], "var": [1.0, 1.0, 1.0, 1.0, 1.0, 1.0, 1.0, 1.0, 1.0, 1.0, 1.0, 1.0, 1.0, 1.0, 1.0, 1.0, 1.0, 1.0, 1.0, 1.0, 1.0, 1.0, 1.0, 1.0, 1.0, 1.0, 1.0, 1.0, 1.0, 1.0, 1.0, 1.0, 1.0, 1.0, 1.0, 1.0, 1.0, 1.0, 1.0, 1.0, 1.0, 1.0, 1.0, 1.0, 1.0, 1.0, 1.0, 1.0, 1.0, 1.0], "best": [0.51111114, 0.54539686, 0.54539686, 0.54539686, 0.54539686, 0.54539686, 0.54539686, 0.54539686, 0.54539686, 0.54539686, 0.54539686, 0.54539686, 0.54539686, 0.54539686, 0.54539686, 0.54539686, 0.54539686, 0.54539686, 0.54539686, 0.54539686, 0.54539686, 0.54539686, 0.54539686, 0.54539686, 0.54539686, 0.54539686, 0.54539686, 0.54539686, 0.54539686, 0.54539686, 0.54539686, 0.54539686, 0.54539686, 0.54539686, 0.54539686, 0.54539686, 0.54539686, 0.54539686, 0.54539686, 0.54539686, 0.54539686, 0.54539686, 0.54539686, 0.54539686, 0.54539686, 0.54539686, 0.54539686, 0.54539686, 0.54539686, 0.54539686], "duration": [7178, 6183, 7795, 7753, 7791, 7178, 7801, 7737, 7804, 7176, 8112, 7762, 7777, 7781, 7821, 7780, 7793, 7788, 7803, 7803, 7474, 7771, 7768, 7786, 7389, 7168, 7769, 7760, 7139, 7834, 7775, 7796, 7812, 7779, 7790, 7879, 7806, 7779, 7775, 7802, 7822, 7804, 7880, 7297, 7926, 7196, 7808, 7949, 7226, 6028]}