{"avg": [0.17013891, 0.20955883, 0.19644664, 0.22778791, 0.2342369, 0.21651496, 0.22145723, 0.26256067, 0.2515873, 0.27126765, 0.23568767, 0.26624465, 0.23435865, 0.2891336, 0.25774753, 0.27421328, 0.23718184, 0.26983804, 0.2921851, 0.28442624, 0.30847925, 0.3132304, 0.33394966, 0.31073076, 0.2922104, 0.30260357, 0.30057076, 0.3785122, 0.3579319, 0.3605698, 0.30757484, 0.38366157, 0.35578352, 0.3537317, 0.3813932, 0.39246917, 0.31733507, 0.39165172, 0.36227593, 0.3984678, 0.42786393, 0.40865552, 0.3952432, 0.4033319, 0.40177926, 0.38864827, 0.40391925, 0.44710082, 0.41296986, 0.44513455], "std": [0.09547791, 0.12559608, 0.0910864, 0.10883837, 0.080212474, 0.08510509, 0.077518836, 0.084462345, 0.087828, 0.07868883, 0.065751165, 0.1054524, 0.100918494, 0.08511574, 0.10854977, 0.072585754, 0.07267595, 0.1038475, 0.070342645, 0.08845633, 0.08798164, 0.09117055, 0.07982923, 0.109167665, 0.084903315, 0.09659013, 0.09261045, 0.07148977, 0.1019748, 0.07934404, 0.08608301, 0.07452387, 0.08007241, 0.06694436, 0.09776075, 0.07664935, 0.072146505, 0.059552535, 0.10393125, 0.07085777, 0.06953532, 0.08261817, 0.10351146, 0.0851587, 0.09078019, 0.11520206, 0.11373532, 0.076974005, 0.09383296, 0.10161133], "var": [0.98, 0.98, 0.96, 0.96, 0.94, 0.94, 0.94, 0.94, 0.94, 0.9, 0.9, 0.9, 0.9, 0.88, 0.84, 0.84, 0.84, 0.84, 0.84, 0.84, 0.82, 0.84, 0.84, 0.84, 0.84, 0.86, 0.86, 0.86, 0.84, 0.82, 0.78, 0.8, 0.78, 0.78, 0.78, 0.74, 0.74, 0.72, 0.7, 0.68, 0.7, 0.66, 0.68, 0.68, 0.66, 0.68, 0.66, 0.64, 0.62, 0.58], "best": [0.3777778, 0.45049608, 0.40851372, 0.40748298, 0.39902323, 0.40208334, 0.39980364, 0.44940305, 0.40351474, 0.4004662, 0.40065888, 0.4076944, 0.41009128, 0.41096613, 0.4139654, 0.40493247, 0.41346157, 0.41384965, 0.41189653, 0.41412908, 0.41510418, 0.41555744, 0.47286794, 0.4678893, 0.41948053, 0.4204687, 0.46474743, 0.47676972, 0.5166242, 0.5188941, 0.4271366, 0.52022606, 0.42696536, 0.42687467, 0.52106947, 0.580027, 0.43184054, 0.48457474, 0.5258741, 0.52144015, 0.5784549, 0.5305976, 0.5318577, 0.532665, 0.53417814, 0.5353685, 0.5379001, 0.5939377, 0.54058844, 0.5978884], "duration": [5968, 7649, 3633, 11044, 12241, 8085, 11097, 7481, 9087, 7393, 9065, 7333, 9379, 5346, 5912, 7028, 9321, 5519, 7149, 3278, 5566, 12306, 7415, 5553, 9466, 5433, 3703, 5513, 3406, 3272, 3270, 5531, 3685, 3431, 3422, 5451, 7342, 4094, 3215, 3111, 4290, 6179, 3591, 5371, 3837, 4175, 3719, 4204, 3627, 3842]}