{"avg": [0.13518518, 0.1218632, 0.14394224, 0.19423841, 0.16636054, 0.1978807, 0.20214632, 0.19264762, 0.18900505, 0.18867576, 0.2311796, 0.20192477, 0.23931901, 0.23781393, 0.24624099, 0.23440889, 0.25321347, 0.24354103, 0.2441831, 0.24970135, 0.2636745, 0.26911923, 0.27578077, 0.23090598, 0.26849103, 0.3099468, 0.30748644, 0.3106709, 0.3035022, 0.30188563, 0.30378833, 0.3380362, 0.31010357, 0.31832892, 0.3309613, 0.3312365, 0.32269672, 0.35331225, 0.3273562, 0.3361974, 0.34732845, 0.35613263, 0.36303407, 0.36444783, 0.3531296, 0.3694419, 0.362657, 0.36257356, 0.36847597, 0.38232484], "std": [0.09458958, 0.09617094, 0.07666514, 0.071406744, 0.09938559, 0.073586375, 0.079523765, 0.068096936, 0.08863007, 0.08344299, 0.05241654, 0.09889856, 0.06826424, 0.06127528, 0.06585986, 0.049673546, 0.043891277, 0.09253287, 0.091048114, 0.08853565, 0.081940316, 0.059298903, 0.06584408, 0.06293465, 0.058832973, 0.039238505, 0.044401474, 0.042459764, 0.05099681, 0.056157913, 0.051700935, 0.03077346, 0.059113517, 0.055023026, 0.048344325, 0.04029468, 0.06159908, 0.018298212, 0.050537165, 0.04605789, 0.049791954, 0.035698447, 0.037284374, 0.04004985, 0.057158273, 0.043212652, 0.056050885, 0.06116687, 0.057672486, 0.044566978], "var": [0.98, 0.94, 0.9, 0.9, 0.88, 0.84, 0.82, 0.82, 0.78, 0.74, 0.7, 0.66, 0.62, 0.62, 0.58, 0.56, 0.54, 0.5, 0.48, 0.48, 0.44, 0.4, 0.38, 0.34, 0.32, 0.32, 0.3, 0.28, 0.26, 0.24, 0.24, 0.24, 0.2, 0.18, 0.18, 0.18, 0.18, 0.18, 0.18, 0.16, 0.16, 0.16, 0.16, 0.16, 0.16, 0.16, 0.14, 0.12, 0.12, 0.12], "best": [0.2777778, 0.3134921, 0.28154764, 0.30654764, 0.30996618, 0.3104396, 0.31193927, 0.29913962, 0.3075881, 0.31193927, 0.31249362, 0.31300473, 0.31615165, 0.3221448, 0.3217172, 0.3227626, 0.3138761, 0.32268092, 0.32471412, 0.3274146, 0.33000514, 0.33131272, 0.33268547, 0.33344418, 0.33382273, 0.33406594, 0.33683014, 0.34002268, 0.34424832, 0.3468464, 0.34935868, 0.3510757, 0.35573018, 0.3591614, 0.36218122, 0.36532426, 0.36645356, 0.36970788, 0.3725794, 0.37336376, 0.37411016, 0.37693486, 0.37967968, 0.38294828, 0.38646895, 0.38948137, 0.39235908, 0.39482787, 0.39817607, 0.40064478], "duration": [4423, 2047, 1983, 1973, 2313, 2036, 2039, 1985, 1956, 1981, 2033, 2365, 2598, 2006, 2014, 1930, 1928, 2107, 1945, 1969, 2056, 2318, 1952, 1935, 2084, 1937, 1977, 2178, 2295, 1949, 2347, 2072, 2286, 2000, 1972, 2310, 2294, 2040, 2318, 2022, 1977, 1968, 2016, 1942, 2288, 1950, 1946, 2612, 1936, 2035]}