{"avg": [0.37380958, 0.3914966, 0.46533254, 0.44463348, 0.37157926, 0.4008252, 0.47019202, 0.4809253, 0.5262022, 0.44654483, 0.48011208, 0.49095783, 0.4922821, 0.47905537, 0.5423499, 0.5795472, 0.5676931, 0.54809105, 0.53037816, 0.5427552, 0.5344289, 0.61228514, 0.61405355, 0.4777967, 0.5232011, 0.59244955, 0.6199716, 0.60464317, 0.6026282, 0.5818059, 0.5851937, 0.6337474, 0.6312057, 0.61362034, 0.6414971, 0.63170177, 0.6416304, 0.6528168, 0.6473313, 0.6583206, 0.66269326, 0.6632897, 0.65983903, 0.67154825, 0.6787716, 0.67411536, 0.6805165, 0.6853402, 0.6955452, 0.69662446], "std": [0.14374724, 0.13715936, 0.1469526, 0.15274411, 0.1314251, 0.14241792, 0.14680737, 0.14602639, 0.12636225, 0.15106046, 0.14898698, 0.14519416, 0.14450248, 0.15013117, 0.11993591, 0.080764234, 0.09817318, 0.12234643, 0.1346967, 0.12791248, 0.13398275, 0.010103659, 0.01301973, 0.16089085, 0.14638346, 0.084768884, 0.014236596, 0.08233721, 0.08565892, 0.11203101, 0.11611842, 0.018520389, 0.019564072, 0.08966427, 0.018427158, 0.023579951, 0.02183584, 0.019694505, 0.019327294, 0.016326409, 0.018191133, 0.019864691, 0.028011626, 0.022094766, 0.014812807, 0.027922867, 0.024773194, 0.017341895, 0.010366942, 0.014567509], "var": [0.98, 0.98, 0.98, 0.96, 0.96, 0.96, 0.96, 0.92, 0.92, 0.92, 0.9, 0.9, 0.88, 0.88, 0.86, 0.82, 0.82, 0.8, 0.8, 0.8, 0.78, 0.78, 0.8, 0.8, 0.78, 0.78, 0.76, 0.74, 0.76, 0.74, 0.74, 0.74, 0.74, 0.74, 0.74, 0.74, 0.74, 0.72, 0.68, 0.66, 0.64, 0.64, 0.6, 0.6, 0.58, 0.54, 0.52, 0.48, 0.48, 0.46], "best": [0.5666667, 0.5921769, 0.60361254, 0.6058202, 0.59652954, 0.59626776, 0.60565156, 0.5976191, 0.5997355, 0.6017815, 0.60339254, 0.6057923, 0.60440737, 0.6059234, 0.60692644, 0.6093423, 0.61171436, 0.61437464, 0.6178069, 0.6207937, 0.62133765, 0.6244282, 0.62807745, 0.63167995, 0.63325703, 0.6347816, 0.6364962, 0.63975114, 0.64333117, 0.6459428, 0.64754677, 0.65030015, 0.65372485, 0.65612996, 0.6590035, 0.66244185, 0.6640416, 0.6669129, 0.6708747, 0.6736487, 0.6776996, 0.68210685, 0.68571436, 0.6882396, 0.6915611, 0.6953, 0.69802266, 0.70107216, 0.7040541, 0.70886767], "duration": [1170, 1380, 1380, 1308, 1306, 1523, 1471, 1379, 1337, 1359, 1595, 1577, 1227, 1287, 1351, 1363, 1502, 1321, 1340, 1369, 1369, 1306, 1309, 1313, 1314, 1289, 1282, 1302, 1250, 1309, 1340, 1310, 1302, 1334, 1296, 1524, 1377, 1377, 1370, 1361, 1295, 1567, 1281, 1319, 1322, 1374, 1290, 1340, 2056, 1345]}