{"avg": [0.36866662, 0.38399053, 0.3843809, 0.38230473, 0.38541904, 0.3858972, 0.39230156, 0.4048845, 0.40495598, 0.41108364, 0.41161996, 0.41498786, 0.41761428, 0.42990482, 0.42391628, 0.43657076, 0.43748152, 0.44985884, 0.45021594, 0.45633537, 0.45094338, 0.46296826, 0.46915063, 0.46917018, 0.46975914, 0.4760302, 0.48785785, 0.5003105, 0.50119257, 0.50174546, 0.508248, 0.5205632, 0.5271131, 0.5398859, 0.54631156, 0.55332506, 0.5542583, 0.5613133, 0.56902564, 0.5765699, 0.57739896, 0.57852626, 0.5861764, 0.5874562, 0.58851767, 0.59563327, 0.59726477, 0.604689, 0.60651624, 0.60836756], "std": [0.14211266, 0.13714801, 0.13673843, 0.13351457, 0.13589717, 0.13573474, 0.13763215, 0.14152093, 0.14181487, 0.14333521, 0.1431981, 0.14279899, 0.1449662, 0.14694694, 0.14635372, 0.14798076, 0.1474867, 0.14786388, 0.14788377, 0.14798795, 0.14823732, 0.14745706, 0.14695989, 0.14735505, 0.1471941, 0.14673992, 0.14432865, 0.14114524, 0.14174633, 0.1418378, 0.13988802, 0.13463517, 0.13203758, 0.12536204, 0.12171349, 0.1167928, 0.11728002, 0.1122085, 0.10582284, 0.099522255, 0.09987876, 0.10033302, 0.09354952, 0.09402357, 0.0944542, 0.08535431, 0.08591393, 0.07634287, 0.076799236, 0.077296354], "var": [1.0, 0.98, 0.96, 0.94, 0.94, 0.9, 0.88, 0.86, 0.86, 0.88, 0.86, 0.86, 0.86, 0.88, 0.86, 0.82, 0.82, 0.82, 0.8, 0.8, 0.8, 0.76, 0.76, 0.74, 0.72, 0.7, 0.68, 0.66, 0.68, 0.66, 0.66, 0.68, 0.68, 0.68, 0.66, 0.64, 0.62, 0.64, 0.62, 0.62, 0.66, 0.64, 0.64, 0.62, 0.62, 0.58, 0.58, 0.58, 0.56, 0.52], "best": [0.5666667, 0.5976191, 0.5978572, 0.598254, 0.5986905, 0.5989524, 0.59904766, 0.59904766, 0.59892863, 0.5997884, 0.6006667, 0.60129875, 0.6019048, 0.60230774, 0.6025851, 0.6074604, 0.6084822, 0.6093838, 0.610344, 0.6112532, 0.6121191, 0.61292523, 0.6136797, 0.6144514, 0.61505955, 0.61579055, 0.61648357, 0.6171253, 0.6178402, 0.6187357, 0.6195715, 0.620338, 0.6210417, 0.62187594, 0.6228852, 0.623864, 0.62490743, 0.62601036, 0.62708026, 0.6283029, 0.6296191, 0.6309525, 0.6322336, 0.6336324, 0.63496757, 0.6362646, 0.63760877, 0.63903755, 0.64046633, 0.64191455], "duration": [3587, 3494, 3451, 3660, 3437, 3527, 3577, 3496, 3451, 3614, 3475, 3505, 3383, 3182, 3109, 3521, 3657, 3497, 3547, 3597, 3532, 3500, 3610, 3452, 3490, 3616, 3538, 3223, 3510, 3569, 3536, 3620, 3583, 3576, 3591, 3486, 3541, 3607, 3483, 3480, 3613, 3517, 3501, 3589, 3519, 3601, 3478, 3563, 3526, 3453]}