{"avg": [0.15555556, 0.21137686, 0.2590278, 0.22846793, 0.21946768, 0.22313231, 0.20500882, 0.21721734, 0.2002241, 0.24104004, 0.26420584, 0.26562867, 0.26492062, 0.23102093, 0.25577223, 0.2815725, 0.2746252, 0.28500858, 0.27901697, 0.2830236, 0.29783562, 0.29333314, 0.29810593, 0.27190253, 0.2968614, 0.2960755, 0.29642048, 0.3167677, 0.29594722, 0.29239115, 0.31422025, 0.31170762, 0.30118, 0.32425937, 0.3351906, 0.31207734, 0.33559546, 0.34575996, 0.32413548, 0.33563069, 0.32164487, 0.34637865, 0.33995795, 0.34373704, 0.36256889, 0.36416206, 0.34262106, 0.3637288, 0.35537294, 0.35192716], "std": [0.08036007, 0.0631535, 0.08071124, 0.059139546, 0.0731103, 0.077076755, 0.091249034, 0.068021245, 0.07605608, 0.06598485, 0.042314507, 0.056876153, 0.061334155, 0.072064586, 0.06803009, 0.041553702, 0.06420224, 0.06275699, 0.060528174, 0.07047242, 0.06542561, 0.06022335, 0.05486056, 0.072775945, 0.04831877, 0.042850398, 0.047098957, 0.03915425, 0.044866204, 0.071543336, 0.038790878, 0.04365847, 0.063016295, 0.037861697, 0.038925406, 0.060313858, 0.03467742, 0.033088177, 0.041365925, 0.038189903, 0.047333743, 0.030515138, 0.03644712, 0.02879396, 0.04979872, 0.030988127, 0.04261237, 0.02839688, 0.04257528, 0.032121748], "var": [0.98, 0.94, 0.9, 0.86, 0.86, 0.86, 0.86, 0.86, 0.84, 0.8, 0.78, 0.76, 0.76, 0.72, 0.7, 0.7, 0.66, 0.62, 0.6, 0.58, 0.58, 0.56, 0.54, 0.52, 0.5, 0.5, 0.5, 0.5, 0.48, 0.5, 0.5, 0.46, 0.44, 0.44, 0.44, 0.4, 0.38, 0.36, 0.36, 0.36, 0.34, 0.34, 0.32, 0.3, 0.28, 0.32, 0.34, 0.32, 0.32, 0.3], "best": [0.2777778, 0.31623933, 0.36031747, 0.30624568, 0.30783242, 0.36761907, 0.36560848, 0.3575964, 0.30558893, 0.36176264, 0.3166933, 0.3175485, 0.4189852, 0.30874252, 0.3213872, 0.3117011, 0.36517859, 0.3674788, 0.3772583, 0.35797745, 0.3794692, 0.3820073, 0.36921102, 0.3529594, 0.3690241, 0.3333129, 0.38926214, 0.39119667, 0.33795094, 0.394528, 0.36878195, 0.3739611, 0.34254536, 0.3979201, 0.37608722, 0.40415806, 0.4613253, 0.4073304, 0.37460318, 0.40468436, 0.41494983, 0.41578212, 0.37342703, 0.42161822, 0.4234059, 0.4270332, 0.41534027, 0.43131992, 0.43412596, 0.38039133], "duration": [3869, 3635, 9379, 7718, 7150, 5657, 5571, 7298, 5614, 3536, 7420, 7445, 7330, 8048, 9950, 12984, 7535, 7455, 6269, 13159, 8107, 13645, 5462, 7486, 5391, 7114, 11843, 11296, 9282, 7390, 12893, 9364, 7150, 9436, 7392, 5632, 13175, 5662, 11137, 6415, 9402, 3535, 4919, 11086, 5494, 7155, 5479, 7945, 7351, 7309]}