{"avg": [0.30555558, 0.38611114, 0.3683745, 0.42379537, 0.4587782, 0.45636278, 0.4441155, 0.42348075, 0.43042707, 0.44582674, 0.41556385, 0.48076662, 0.4741794, 0.46375746, 0.49031875, 0.50332415, 0.5216832, 0.51442087, 0.48751232, 0.48019388, 0.5003615, 0.548024, 0.527261, 0.48965237, 0.53960586, 0.5393102, 0.5580985, 0.5396956, 0.56690055, 0.5739621, 0.5639071, 0.5961931, 0.59073514, 0.60792756, 0.5995166, 0.5998478, 0.592483, 0.61358345, 0.5970313, 0.61978614, 0.5974485, 0.62951094, 0.64427185, 0.59756196, 0.60559595, 0.6522919, 0.6564474, 0.66148275, 0.6532912, 0.6735814], "std": [0.13528663, 0.1447321, 0.1422192, 0.10545038, 0.11065958, 0.094312586, 0.0975339, 0.09201167, 0.14283709, 0.1456438, 0.14998367, 0.08904831, 0.09135348, 0.11136612, 0.08154736, 0.07992536, 0.07090391, 0.0793035, 0.10605683, 0.119212694, 0.09128766, 0.059601206, 0.08311369, 0.12601857, 0.10149261, 0.06717414, 0.06484034, 0.08420717, 0.058488943, 0.06742615, 0.07688888, 0.030163482, 0.062576905, 0.025801009, 0.06391548, 0.037691984, 0.06182296, 0.06530068, 0.07001765, 0.039350756, 0.11278223, 0.036085285, 0.026137607, 0.1123613, 0.12223402, 0.026066342, 0.024412232, 0.023529418, 0.03815204, 5.9604645e-08], "var": [0.98, 0.98, 0.98, 1.0, 0.96, 0.94, 0.92, 0.9, 0.88, 0.86, 0.84, 0.8, 0.8, 0.78, 0.78, 0.74, 0.72, 0.68, 0.66, 0.64, 0.62, 0.64, 0.62, 0.6, 0.56, 0.54, 0.54, 0.52, 0.52, 0.5, 0.5, 0.5, 0.46, 0.44, 0.4, 0.38, 0.34, 0.3, 0.28, 0.24, 0.22, 0.2, 0.2, 0.2, 0.18, 0.16, 0.14, 0.12, 0.12, 0.12], "best": [0.51111114, 0.5602183, 0.5510497, 0.53888893, 0.5487456, 0.54743594, 0.55153775, 0.5566598, 0.5585498, 0.55905193, 0.562482, 0.56711006, 0.56682783, 0.56850106, 0.5577985, 0.568796, 0.57361114, 0.57728636, 0.5794727, 0.5810944, 0.5830494, 0.584893, 0.5902778, 0.5942545, 0.5956104, 0.59952974, 0.6006236, 0.6034416, 0.6058201, 0.6095475, 0.6150826, 0.6179694, 0.62173104, 0.6262351, 0.6303756, 0.6341621, 0.636979, 0.639157, 0.64258957, 0.6447786, 0.6471975, 0.6499819, 0.6531192, 0.6562937, 0.6583649, 0.66065747, 0.66417235, 0.66736513, 0.6709485, 0.6735815], "duration": [30545, 26679, 26926, 24935, 27238, 31770, 31515, 26607, 27057, 27504, 25155, 37458, 27039, 31885, 27469, 31905, 27357, 27336, 27353, 27337, 27312, 27310, 27306, 25365, 27272, 27247, 27248, 27400, 36379, 32747, 27408, 27360, 27366, 27369, 27307, 31774, 27267, 27233, 27165, 27254, 27289, 27328, 27253, 27360, 27255, 27228, 27285, 31807, 27327, 27237]}