{"avg": [0.39422235, 0.43248582, 0.44375882, 0.45821586, 0.46584922, 0.47255048, 0.4790666, 0.4865524, 0.49413502, 0.50919896, 0.520955, 0.5289513, 0.5366992, 0.54438156, 0.5448431, 0.545243, 0.5455933, 0.5459022, 0.5461768, 0.5464224, 0.5466435, 0.54773253, 0.5470255, 0.54719144, 0.5473436, 0.5474837, 0.54761297, 0.5477327, 0.54784375, 0.54794735, 0.54804385, 0.5481342, 0.5482188, 0.5482984, 0.54837334, 0.548444, 0.5485106, 0.5485737, 0.5486335, 0.5486901, 0.54874396, 0.5487953, 0.548844, 0.54889065, 0.54893494, 0.54897743, 0.54901797, 0.5490569, 0.549094, 0.54912984], "std": [0.13160436, 0.12854409, 0.12472931, 0.11419413, 0.11381362, 0.113670856, 0.11324922, 0.11118747, 0.108749785, 0.08804702, 0.0700833, 0.061178166, 0.050206676, 0.0051757805, 0.005311836, 0.005444783, 0.0055717444, 0.0056914655, 0.0058035394, 0.0059080916, 0.006005458, 0.0075083375, 0.0061804797, 0.0062591215, 0.0063325013, 0.006401064, 0.00646522, 0.006525337, 0.006581759, 0.006634805, 0.00668474, 0.0067318254, 0.0067762765, 0.0068183197, 0.0068581216, 0.0068958625, 0.0069316807, 0.00696572, 0.00699812, 0.00702897, 0.0070584044, 0.007086503, 0.0071133357, 0.0071390155, 0.007163589, 0.0071871458, 0.0072097355, 0.007231418, 0.0072522406, 0.0072722593], "var": [1.0, 1.0, 0.96, 0.96, 0.96, 0.94, 0.9, 0.86, 0.82, 0.78, 0.78, 0.76, 0.74, 0.74, 0.74, 0.74, 0.74, 0.74, 0.74, 0.74, 0.74, 0.74, 0.74, 0.74, 0.74, 0.74, 0.74, 0.74, 0.74, 0.74, 0.74, 0.74, 0.74, 0.74, 0.74, 0.74, 0.74, 0.74, 0.74, 0.74, 0.74, 0.74, 0.74, 0.74, 0.74, 0.74, 0.74, 0.74, 0.74, 0.74], "best": [0.51111114, 0.54587305, 0.5463492, 0.54714286, 0.5487302, 0.5499683, 0.55095243, 0.55145127, 0.5517064, 0.5519577, 0.5522064, 0.5524098, 0.55265874, 0.55290604, 0.55335605, 0.5537778, 0.55447423, 0.5551168, 0.55568784, 0.55619884, 0.55665874, 0.5803175, 0.55745316, 0.5577985, 0.5581151, 0.55840635, 0.5586752, 0.5589242, 0.55915534, 0.5593706, 0.55957144, 0.5597594, 0.5599355, 0.56010103, 0.5602568, 0.56040365, 0.56054235, 0.56067353, 0.56079787, 0.56091577, 0.5610278, 0.5611344, 0.56123585, 0.56133264, 0.561425, 0.56151325, 0.5615977, 0.5616785, 0.56175596, 0.5618303], "duration": [63239, 64027, 65037, 66212, 67643, 68224, 69752, 69875, 71783, 73687, 73736, 75132, 76289, 76338, 76418, 76310, 76385, 76320, 76271, 76331, 76387, 76558, 76351, 76379, 76362, 76341, 76316, 76296, 76252, 76347, 76267, 76359, 76353, 76395, 76344, 76363, 76328, 76387, 76432, 76379, 76287, 76384, 76401, 76410, 76361, 76498, 76609, 76496, 76528, 76497]}