{"avg": [0.1408889, 0.1630381, 0.17869845, 0.15826984, 0.19364206, 0.16710415, 0.16721588, 0.18517506, 0.20110199, 0.19836406, 0.1855676, 0.18461587, 0.18185635, 0.19117998, 0.17926872, 0.16996127, 0.15486786, 0.17645474, 0.15938042, 0.15929824, 0.16428606, 0.16038369, 0.13924891, 0.17623204, 0.15675001, 0.15713727, 0.15496558, 0.15833686, 0.1677389, 0.14460951, 0.14760064, 0.15932617, 0.15221311, 0.15157953, 0.15631682, 0.17289487, 0.14153652, 0.13730006, 0.13944238, 0.1359917, 0.14951351, 0.13639304, 0.14310433, 0.13720843, 0.1359845, 0.13255386, 0.14911947, 0.13806553, 0.15841866, 0.14116347], "std": [0.12208963, 0.12638478, 0.12948136, 0.11981052, 0.12836407, 0.12842397, 0.1293291, 0.121780775, 0.11653614, 0.1270683, 0.13137701, 0.10796043, 0.11194881, 0.11485305, 0.12948127, 0.11949037, 0.12724124, 0.11213937, 0.122269675, 0.13353984, 0.11431006, 0.13438253, 0.12781252, 0.12498675, 0.13084933, 0.13620211, 0.12915847, 0.13291992, 0.13058624, 0.13215698, 0.13089214, 0.13245384, 0.13278739, 0.13073593, 0.1296103, 0.13857295, 0.12250885, 0.1306367, 0.1347472, 0.13578305, 0.13371995, 0.12280036, 0.12677632, 0.12001614, 0.11735998, 0.13128485, 0.14771762, 0.1261375, 0.13878202, 0.12628701], "var": [0.98, 0.98, 0.96, 0.94, 0.9, 0.88, 0.88, 0.86, 0.86, 0.88, 0.9, 0.88, 0.84, 0.84, 0.82, 0.84, 0.8, 0.78, 0.82, 0.8, 0.8, 0.82, 0.82, 0.8, 0.8, 0.78, 0.8, 0.82, 0.8, 0.78, 0.76, 0.76, 0.76, 0.74, 0.7, 0.72, 0.7, 0.68, 0.64, 0.64, 0.66, 0.62, 0.62, 0.62, 0.64, 0.66, 0.64, 0.62, 0.6, 0.62], "best": [0.3555556, 0.3893651, 0.3896032, 0.38698417, 0.49857146, 0.39003178, 0.3900794, 0.3888209, 0.38984132, 0.39301592, 0.39441273, 0.3950361, 0.39567465, 0.45046398, 0.39640594, 0.39676195, 0.3948413, 0.3972923, 0.39740744, 0.39753556, 0.39498416, 0.39671206, 0.396811, 0.3986612, 0.3988691, 0.3990413, 0.39949334, 0.39991185, 0.40009642, 0.40028465, 0.40034926, 0.40040967, 0.40058535, 0.40076482, 0.40096176, 0.5058912, 0.3948413, 0.39489922, 0.4012072, 0.40133095, 0.3950437, 0.38200158, 0.3950454, 0.39505726, 0.39515516, 0.3952487, 0.49538305, 0.39109764, 0.39542663, 0.39547786], "duration": [9178, 10533, 9445, 11252, 11963, 11409, 11495, 11588, 11875, 10984, 11905, 12517, 10338, 11103, 10090, 9338, 8199, 9712, 9561, 8695, 9466, 8330, 9609, 9302, 8839, 9037, 9046, 8889, 9160, 8931, 7268, 7986, 8244, 8718, 7868, 8782, 8303, 7805, 8149, 7014, 7523, 6896, 7855, 7216, 7288, 7141, 7578, 7291, 7084, 7155]}