{"avg": [0.16666667, 0.18993652, 0.20321068, 0.21400979, 0.21840234, 0.24778329, 0.2743609, 0.26612473, 0.312629, 0.32925278, 0.33943686, 0.3303077, 0.34832042, 0.38942134, 0.3726409, 0.38247702, 0.39864707, 0.39151052, 0.38403907, 0.41000348, 0.4107342, 0.4022557, 0.40708053, 0.40529, 0.41577438, 0.4312736, 0.4357909, 0.46313146, 0.46223468, 0.43424267, 0.45326746, 0.4486969, 0.4588911, 0.48496932, 0.47347096, 0.46505883, 0.4765135, 0.50079715, 0.5011125, 0.49535778, 0.51815116, 0.5300258, 0.52050453, 0.5028744, 0.52458715, 0.5271181, 0.5312087, 0.5276191, 0.54970044, 0.5314488], "std": [0.1074585, 0.11676494, 0.12207741, 0.1062107, 0.09576081, 0.12660128, 0.112873584, 0.103220314, 0.101122215, 0.0866868, 0.11986468, 0.11428319, 0.09995824, 0.0850776, 0.06939573, 0.08688108, 0.058889024, 0.053948015, 0.09794914, 0.05903295, 0.06659674, 0.07403956, 0.0712915, 0.08539151, 0.068612315, 0.068239726, 0.075243026, 0.05319168, 0.058408014, 0.08530324, 0.08222303, 0.07139069, 0.071338795, 0.06536196, 0.07170225, 0.07553144, 0.073832706, 0.06692473, 0.06571679, 0.069828615, 0.061169658, 0.05335066, 0.06289902, 0.073882505, 0.064387895, 0.06652687, 0.06539776, 0.06816884, 0.05287874, 0.06785442], "var": [0.96, 0.98, 0.94, 0.88, 0.88, 0.84, 0.78, 0.74, 0.7, 0.72, 0.68, 0.6, 0.52, 0.5, 0.5, 0.5, 0.5, 0.5, 0.46, 0.46, 0.44, 0.44, 0.42, 0.44, 0.4, 0.4, 0.34, 0.32, 0.28, 0.24, 0.22, 0.18, 0.16, 0.16, 0.14, 0.14, 0.14, 0.12, 0.12, 0.12, 0.08, 0.04, 0.04, 0.04, 0.04, 0.04, 0.04, 0.04, 0.04, 0.04], "best": [0.3555556, 0.37936512, 0.38499284, 0.38682353, 0.3834406, 0.3964727, 0.40172285, 0.40627486, 0.4125245, 0.41993654, 0.5612319, 0.42893577, 0.43254447, 0.43513992, 0.4396908, 0.5723687, 0.5754186, 0.45207378, 0.580013, 0.4608599, 0.46595317, 0.47035003, 0.4748417, 0.60558736, 0.48217568, 0.48638558, 0.4907225, 0.49551308, 0.5003943, 0.50432014, 0.50917476, 0.5131079, 0.5167739, 0.5208217, 0.52467024, 0.528818, 0.5327043, 0.5363281, 0.5402521, 0.54362607, 0.5470394, 0.5506146, 0.5536283, 0.55634654, 0.559881, 0.5626616, 0.5653071, 0.56794846, 0.5704411, 0.57309294], "duration": [10043, 7795, 9966, 6266, 15456, 18470, 10208, 8594, 11664, 18081, 8033, 6183, 10103, 6472, 10273, 17355, 6619, 4562, 9046, 6399, 8028, 10206, 6004, 10096, 4218, 4744, 6672, 4370, 4726, 6259, 6262, 4097, 4335, 3972, 4966, 3964, 3993, 4320, 4309, 4341, 3988, 4332, 4316, 4670, 4341, 3986, 4658, 4380, 4680, 4045]}