{"avg": [0.14705884, 0.19511361, 0.22034772, 0.16214286, 0.19766715, 0.19568162, 0.16923296, 0.21267974, 0.1815383, 0.18416597, 0.19915134, 0.23165788, 0.18308267, 0.18368845, 0.19896783, 0.18626961, 0.22414485, 0.23731361, 0.24101345, 0.2167911, 0.21408251, 0.21810159, 0.22277701, 0.22221556, 0.2141477, 0.22081497, 0.24298061, 0.2316346, 0.21253861, 0.21604837, 0.24210204, 0.24908748, 0.24359995, 0.25495067, 0.23403776, 0.26380983, 0.23691876, 0.22435954, 0.24646534, 0.26778898, 0.2652384, 0.23252092, 0.2331032, 0.25595242, 0.26039937, 0.2786062, 0.2605668, 0.27657163, 0.25632325, 0.2594285], "std": [0.087864146, 0.06058346, 0.07217573, 0.112670876, 0.08971802, 0.07864967, 0.11184291, 0.09827168, 0.08470163, 0.079932526, 0.10240412, 0.057901297, 0.10198919, 0.07579172, 0.081740506, 0.06796092, 0.08307728, 0.093167886, 0.059788994, 0.066119306, 0.074762724, 0.08735322, 0.08267135, 0.06560808, 0.05616136, 0.084060326, 0.08291248, 0.0710763, 0.0636134, 0.07554483, 0.07019084, 0.089415364, 0.076305866, 0.09028491, 0.09032223, 0.054068856, 0.09428306, 0.0872737, 0.06958996, 0.075371414, 0.061800167, 0.07119571, 0.07458573, 0.05963487, 0.077849686, 0.096128024, 0.07077065, 0.075653404, 0.08853007, 0.10237123], "var": [0.99333334, 0.9866667, 0.9866667, 0.98, 0.96666664, 0.96, 0.96, 0.96, 0.94666666, 0.93333334, 0.9266667, 0.9266667, 0.9266667, 0.9266667, 0.92, 0.92, 0.9066667, 0.8933333, 0.8933333, 0.88666666, 0.88, 0.87333333, 0.86, 0.86, 0.8666667, 0.86, 0.85333335, 0.8466667, 0.8466667, 0.8333333, 0.82666665, 0.81333333, 0.82, 0.81333333, 0.81333333, 0.82, 0.8066667, 0.8, 0.79333335, 0.8, 0.8, 0.79333335, 0.79333335, 0.7866667, 0.78, 0.78, 0.78, 0.7733333, 0.76, 0.76666665], "best": [0.2777778, 0.31139123, 0.31065762, 0.39587304, 0.39011544, 0.3180839, 0.39071193, 0.35976595, 0.29773578, 0.29906446, 0.39846942, 0.30351782, 0.30416766, 0.30568126, 0.3511338, 0.3988796, 0.3135674, 0.4001146, 0.3165636, 0.30637825, 0.30351967, 0.38408768, 0.31038013, 0.3164262, 0.31712678, 0.31771386, 0.40132278, 0.36902204, 0.29733914, 0.31899673, 0.35236555, 0.44044626, 0.3852957, 0.40129182, 0.4018742, 0.3191883, 0.40216807, 0.40305427, 0.39446273, 0.4031533, 0.35443962, 0.4060453, 0.40418893, 0.31816816, 0.37835997, 0.4069944, 0.4073748, 0.39432213, 0.40784848, 0.4350897], "duration": [5758, 5252, 4943, 7285, 7109, 3940, 3461, 5290, 7276, 3563, 3284, 5017, 3523, 5416, 3723, 4069, 3572, 5654, 7042, 7407, 3886, 3261, 4849, 7482, 5571, 5190, 3138, 5601, 5831, 3395, 3791, 5820, 9876, 5640, 5333, 7078, 3237, 7404, 7524, 3719, 3530, 3558, 7091, 5642, 7298, 8115, 9401, 3902, 5458, 5298]}