{"avg": [0.4729167, 0.4792064, 0.40060544, 0.44479877, 0.42590523, 0.48024935, 0.50286424, 0.56297785, 0.5246905, 0.5437669, 0.5425074, 0.5157076, 0.56362695, 0.55962884, 0.5103051, 0.54869723, 0.5470334, 0.58918667, 0.55245805, 0.6102111, 0.6112636, 0.5911358, 0.610775, 0.5602544, 0.56558377, 0.5525122, 0.60223746, 0.60195416, 0.6238676, 0.6238648, 0.61135507, 0.6149116, 0.61340636, 0.5710825, 0.63554186, 0.63168687, 0.5806884, 0.6019108, 0.5993039, 0.63428944, 0.64789593, 0.6574868, 0.6456564, 0.6588733, 0.64829993, 0.67177564, 0.671309, 0.66672695, 0.69028085, 0.687078], "std": [0.13905373, 0.15350837, 0.14975497, 0.15444085, 0.15418388, 0.14921658, 0.14088893, 0.096393086, 0.13436916, 0.12062357, 0.12409205, 0.14030741, 0.10699091, 0.10625651, 0.14800143, 0.118854605, 0.12127009, 0.07451417, 0.12443579, 0.007807327, 0.007237422, 0.0823488, 0.012633296, 0.12034546, 0.12221811, 0.12921119, 0.07676282, 0.08447813, 0.012353647, 0.017228805, 0.08118158, 0.08252048, 0.08033598, 0.13806733, 0.02026368, 0.018546669, 0.13694388, 0.11348144, 0.12537101, 0.09067634, 0.023001539, 0.027956918, 0.08506652, 0.026536012, 0.094937496, 0.028125007, 0.029571947, 0.035697635, 0.019269994, 0.033195753], "var": [0.98, 0.96, 0.96, 0.96, 0.92, 0.9, 0.88, 0.84, 0.82, 0.8, 0.78, 0.76, 0.72, 0.7, 0.68, 0.7, 0.7, 0.7, 0.7, 0.7, 0.68, 0.68, 0.64, 0.64, 0.64, 0.6, 0.58, 0.58, 0.58, 0.54, 0.5, 0.48, 0.48, 0.48, 0.48, 0.48, 0.46, 0.42, 0.4, 0.4, 0.36, 0.34, 0.3, 0.28, 0.26, 0.24, 0.22, 0.18, 0.18, 0.18], "best": [0.5666667, 0.62470245, 0.6204302, 0.61230165, 0.6146698, 0.6133459, 0.6097265, 0.61117053, 0.6116191, 0.6149612, 0.615499, 0.61511636, 0.61787, 0.61310124, 0.619687, 0.61880136, 0.6183975, 0.6198563, 0.62256, 0.6241931, 0.62474984, 0.625392, 0.6266779, 0.6290664, 0.6298193, 0.6326288, 0.6351703, 0.6377022, 0.6406502, 0.64208984, 0.6447965, 0.6488243, 0.6523715, 0.65497756, 0.65757984, 0.65986645, 0.6613159, 0.66362303, 0.66599894, 0.66846895, 0.67195183, 0.6742532, 0.67735565, 0.6813534, 0.683822, 0.6870614, 0.6910272, 0.6938327, 0.696272, 0.70023906], "duration": [1321, 1096, 1081, 1082, 1081, 1271, 1088, 1455, 1127, 1088, 1091, 1085, 1088, 1082, 1086, 1274, 1300, 1125, 1085, 1290, 1123, 1087, 1095, 1269, 1095, 1091, 1089, 1085, 1456, 1081, 1263, 1091, 1281, 1088, 1094, 1084, 1089, 1090, 1088, 1090, 1093, 1094, 1458, 1098, 1265, 1269, 1091, 1277, 1089, 1096]}