{"avg": [0.15982907, 0.2211808, 0.23873018, 0.25000003, 0.22285476, 0.23542544, 0.21412979, 0.22757098, 0.24230814, 0.24484688, 0.26399443, 0.25708047, 0.27761316, 0.26028422, 0.2621135, 0.3043861, 0.26875502, 0.27930197, 0.2946099, 0.303397, 0.337812, 0.31556234, 0.33734336, 0.30485436, 0.3364705, 0.34534356, 0.34125134, 0.3597028, 0.3377981, 0.3416649, 0.35640213, 0.34444445, 0.34751648, 0.36590716, 0.34581637, 0.32848924, 0.3808832, 0.3839841, 0.39506707, 0.3612184, 0.3811258, 0.3737037, 0.39001775, 0.39647716, 0.39950544, 0.38678652, 0.40788278, 0.4124306, 0.42220223, 0.4247949], "std": [0.0670273, 0.066508226, 0.07844986, 0.07535969, 0.08305324, 0.08757593, 0.0742623, 0.077679574, 0.06733174, 0.06688294, 0.08160572, 0.07312606, 0.04562008, 0.07521269, 0.06284408, 0.0493917, 0.07084682, 0.04981373, 0.08334838, 0.057425436, 0.027910229, 0.038092133, 0.06566746, 0.06510715, 0.048627928, 0.050146196, 0.04974759, 0.051473152, 0.04430587, 0.06151698, 0.045150273, 0.0767367, 0.07857924, 0.036156613, 0.07334549, 0.08708259, 0.041061684, 0.04654665, 0.027424738, 0.079540804, 0.022137804, 0.073794276, 0.027325116, 0.036664516, 0.031050874, 0.07221766, 0.04237365, 0.030439982, 0.032935902, 0.033949655], "var": [1.0, 0.98, 0.98, 0.96, 0.96, 0.94, 0.92, 0.92, 0.92, 0.9, 0.9, 0.88, 0.84, 0.86, 0.84, 0.8, 0.8, 0.78, 0.74, 0.72, 0.72, 0.68, 0.64, 0.62, 0.6, 0.58, 0.56, 0.56, 0.58, 0.6, 0.6, 0.6, 0.6, 0.6, 0.6, 0.58, 0.56, 0.56, 0.58, 0.56, 0.54, 0.54, 0.54, 0.52, 0.52, 0.52, 0.5, 0.52, 0.5, 0.52], "best": [0.2777778, 0.31623933, 0.318254, 0.36243388, 0.3235072, 0.3615757, 0.3251462, 0.3260462, 0.36361906, 0.3237201, 0.3910424, 0.3932655, 0.3283097, 0.37373096, 0.33126768, 0.3963574, 0.3378275, 0.3390152, 0.45243272, 0.39764887, 0.40697807, 0.34738606, 0.40999725, 0.3920235, 0.41183847, 0.42089337, 0.42313436, 0.47364625, 0.42122012, 0.41793656, 0.42345113, 0.42713296, 0.42817464, 0.41141933, 0.43472564, 0.43150052, 0.43643984, 0.4941753, 0.4461283, 0.46810493, 0.4227717, 0.44627023, 0.45239067, 0.5029175, 0.4637555, 0.4574225, 0.52218914, 0.45975462, 0.48421776, 0.47165418], "duration": [3700, 3769, 7433, 5758, 10693, 5675, 3951, 7544, 3796, 3636, 7483, 9542, 7520, 8444, 5368, 9290, 5569, 9811, 5751, 12424, 10020, 6412, 7846, 3472, 9272, 7662, 11330, 7650, 5934, 7454, 3668, 10664, 10959, 7542, 9257, 8174, 5678, 7484, 7197, 7073, 5747, 3771, 10923, 3665, 9409, 13762, 9416, 9230, 7504, 7658]}