{"avg": [0.09027779, 0.15248019, 0.12870677, 0.119389996, 0.18663959, 0.13242666, 0.14019138, 0.13325882, 0.1503118, 0.20996137, 0.21796182, 0.20207286, 0.19478878, 0.17669089, 0.19791892, 0.2299183, 0.28337386, 0.2791115, 0.26860648, 0.2797342, 0.25924918, 0.26893306, 0.26354668, 0.29670784, 0.34340245, 0.29963407, 0.34131518, 0.2753403, 0.36326376, 0.3094227, 0.3351982, 0.33443126, 0.399896, 0.39587918, 0.4270591, 0.42775786, 0.43079826, 0.41799664, 0.4799131, 0.38380343, 0.47917372, 0.5189, 0.49485752, 0.4998053, 0.41368097, 0.45714703, 0.47996032, 0.48929432, 0.47412592, 0.49192387], "std": [0.10288096, 0.1285961, 0.15719128, 0.15307598, 0.15619026, 0.16762187, 0.10597976, 0.1525313, 0.18433222, 0.1340614, 0.15719776, 0.15514973, 0.1658314, 0.17390324, 0.16350102, 0.16168992, 0.16287528, 0.16983958, 0.17016733, 0.16055232, 0.21098365, 0.18379611, 0.16797073, 0.14860663, 0.10891066, 0.13623384, 0.19057105, 0.15935193, 0.15018977, 0.1915219, 0.14391237, 0.09643473, 0.15309589, 0.1378763, 0.1093869, 0.16235241, 0.11155557, 0.13267678, 0.10565362, 0.14338209, 0.10803746, 0.07058194, 0.08943051, 0.11966912, 0.15896785, 0.11613522, 0.10602836, 0.103133515, 0.12219063, 0.073717214], "var": [1.0, 0.98, 0.96, 0.94, 0.92, 0.9, 0.86, 0.88, 0.86, 0.84, 0.8, 0.78, 0.76, 0.78, 0.8, 0.8, 0.8, 0.78, 0.74, 0.7, 0.74, 0.7, 0.68, 0.66, 0.66, 0.66, 0.62, 0.6, 0.62, 0.62, 0.62, 0.58, 0.54, 0.52, 0.52, 0.52, 0.52, 0.5, 0.48, 0.5, 0.48, 0.5, 0.5, 0.5, 0.5, 0.5, 0.5, 0.48, 0.5, 0.48], "best": [0.3555556, 0.39722225, 0.5257041, 0.52751327, 0.5330005, 0.53554726, 0.3791091, 0.5309888, 0.5364324, 0.39814445, 0.5338523, 0.5394025, 0.541227, 0.5421569, 0.5140693, 0.40398175, 0.54314065, 0.5454828, 0.5497805, 0.5514595, 0.54867727, 0.54227996, 0.5546819, 0.5558362, 0.55098265, 0.55721176, 0.56170636, 0.55985063, 0.5607233, 0.56241316, 0.5637427, 0.5648154, 0.5661677, 0.5682904, 0.5648363, 0.573297, 0.57453406, 0.57611233, 0.5777857, 0.5742198, 0.5811546, 0.5827954, 0.5848957, 0.58689725, 0.58939606, 0.5911098, 0.5932377, 0.59498703, 0.59661895, 0.59799445], "duration": [4805, 2898, 4694, 9385, 7032, 2672, 6526, 7171, 6715, 6888, 4989, 6896, 6494, 8891, 4775, 2517, 8752, 6934, 6914, 10649, 7072, 6939, 6923, 4603, 11420, 10781, 11645, 8952, 5106, 9280, 6834, 9044, 9039, 13264, 11414, 12704, 11009, 11029, 11011, 9257, 12841, 14512, 14636, 12900, 10960, 12913, 11126, 12933, 12709, 14594]}