{"avg": [0.14385967, 0.20536149, 0.15575397, 0.195696, 0.19998111, 0.2543639, 0.2192177, 0.15785299, 0.24375147, 0.2275923, 0.24592465, 0.21447076, 0.20089947, 0.25269663, 0.25546843, 0.22976907, 0.27362424, 0.25003192, 0.2528462, 0.3295196, 0.2665873, 0.2995882, 0.3316765, 0.32651082, 0.3407115, 0.35873482, 0.28969702, 0.37045404, 0.38571003, 0.3674178, 0.38789934, 0.36002976, 0.43828306, 0.3872501, 0.38664246, 0.37437102, 0.43050644, 0.40943745, 0.40339598, 0.42951083, 0.42984247, 0.45520937, 0.45446604, 0.4382763, 0.45201883, 0.45525572, 0.45940414, 0.47649214, 0.526058, 0.49542192, 0.5011344, 0.53274685, 0.45075572, 0.47058696, 0.52965873, 0.5217227, 0.5513386, 0.51476604, 0.5162635, 0.54220587, 0.58299965, 0.5653523, 0.55166364, 0.56589264, 0.57586163, 0.6105691, 0.54698855, 0.5932759, 0.57382125, 0.59388065, 0.6107988, 0.64516443, 0.5619132, 0.62227684, 0.61759436, 0.6223008, 0.5972606, 0.6370304, 0.5981041, 0.6068048, 0.63132495, 0.6548439, 0.6245438, 0.6257633, 0.6494686, 0.6457258, 0.6452797, 0.6554517, 0.59804523, 0.6283514, 0.6451721, 0.6614027, 0.62801653, 0.61965185, 0.6687803, 0.6182665, 0.6476491, 0.63865036, 0.64344025, 0.66568667, 0.6611856, 0.65056765, 0.6621956, 0.67115134, 0.64850795, 0.6843309, 0.6698708, 0.6759833, 0.6957101, 0.6783135, 0.6929867, 0.6893863, 0.6711787, 0.6865598, 0.66031057, 0.6779515, 0.6966968, 0.696469, 0.7107768, 0.6544024, 0.66923165, 0.72265875, 0.71457464, 0.7244467, 0.6926917, 0.6820635, 0.67858106, 0.70621264, 0.7004571, 0.67498225, 0.6855742, 0.73226804, 0.71483994, 0.704886, 0.70378673, 0.64234525, 0.7068666, 0.69366133, 0.68951946, 0.7055811, 0.7062577, 0.6780367, 0.71463263, 0.74178916, 0.69807583, 0.6809291, 0.69196707, 0.73410743, 0.71401685, 0.7000183], "std": [0.101289526, 0.12398369, 0.07632304, 0.122976765, 0.13683257, 0.07811265, 0.13150208, 0.15251604, 0.12143425, 0.14017521, 0.15903206, 0.13437259, 0.13928246, 0.14206445, 0.14048083, 0.1441876, 0.127018, 0.12659796, 0.10789295, 0.10059542, 0.10974845, 0.077103786, 0.078960754, 0.11091167, 0.09804856, 0.10855146, 0.12755202, 0.14057468, 0.1008649, 0.09293192, 0.083373755, 0.12247549, 0.104991, 0.10324205, 0.12162817, 0.10062969, 0.104073316, 0.07744447, 0.11886132, 0.09687693, 0.1436257, 0.117384106, 0.07692265, 0.09002893, 0.11342198, 0.11342235, 0.13045122, 0.10037672, 0.08491816, 0.099407, 0.10627853, 0.108031005, 0.13861202, 0.08375328, 0.095665134, 0.10016987, 0.111699656, 0.08688278, 0.13359225, 0.07753106, 0.08737426, 0.079955466, 0.11773766, 0.076920226, 0.084507346, 0.050162137, 0.10161408, 0.07514861, 0.0911329, 0.082866535, 0.06878297, 0.014882488, 0.07042315, 0.08010265, 0.068975136, 0.07675091, 0.079971164, 0.05280984, 0.11754677, 0.09502983, 0.06324421, 0.04325504, 0.06595153, 0.07097801, 0.053623497, 0.054016937, 0.062173788, 0.05765661, 0.0723343, 0.075038694, 0.068985716, 0.05212213, 0.09316534, 0.083522074, 0.052685093, 0.095886745, 0.070698746, 0.0914842, 0.07353638, 0.06200626, 0.06618355, 0.07613016, 0.067184165, 0.061968453, 0.07454389, 0.05273922, 0.06505246, 0.061932005, 0.04113164, 0.084101744, 0.04922377, 0.05484095, 0.0689067, 0.059663657, 0.092350185, 0.06735753, 0.052687064, 0.054323647, 0.036601312, 0.096864425, 0.07335217, 0.0010888998, 0.036548298, 0.0016266264, 0.06382847, 0.070051946, 0.07230682, 0.05429217, 0.06071523, 0.07453559, 0.088715725, 1.1920929e-07, 0.0501184, 0.060715232, 0.062222194, 0.095046036, 0.060536966, 0.06945826, 0.07210193, 0.063828446, 0.06382847, 0.07620634, 0.057814363, 5.9604645e-08, 0.07027283, 0.07620632, 0.07332955, 0.03880237, 0.06222224, 0.07087812], "var": [1.0, 0.98, 0.98, 0.96, 0.96, 0.94, 0.92, 0.9, 0.92, 0.9, 0.9, 0.86, 0.84, 0.84, 0.84, 0.82, 0.78, 0.78, 0.74, 0.74, 0.74, 0.72, 0.72, 0.7, 0.68, 0.68, 0.66, 0.66, 0.68, 0.66, 0.68, 0.68, 0.64, 0.64, 0.66, 0.62, 0.62, 0.6, 0.6, 0.6, 0.6, 0.58, 0.58, 0.56, 0.56, 0.56, 0.56, 0.56, 0.56, 0.52, 0.5, 0.48, 0.46, 0.44, 0.44, 0.42, 0.42, 0.4, 0.36, 0.36, 0.36, 0.32, 0.3, 0.28, 0.26, 0.26, 0.26, 0.24, 0.22, 0.22, 0.2, 0.2, 0.2, 0.2, 0.2, 0.2, 0.18, 0.18, 0.16, 0.14, 0.14, 0.14, 0.14, 0.14, 0.12, 0.12, 0.12, 0.1, 0.1, 0.1, 0.08, 0.06, 0.06, 0.04, 0.04, 0.04, 0.04, 0.04, 0.04, 0.04, 0.04, 0.04, 0.04, 0.04, 0.04, 0.04, 0.04, 0.04, 0.04, 0.04, 0.04, 0.04, 0.04, 0.04, 0.04, 0.04, 0.04, 0.04, 0.04, 0.04, 0.04, 0.04, 0.04, 0.04, 0.04, 0.04, 0.04, 0.04, 0.04, 0.04, 0.04, 0.04, 0.04, 0.04, 0.04, 0.04, 0.04, 0.04, 0.04, 0.04, 0.04, 0.04, 0.02, 0.02, 0.02, 0.02, 0.02, 0.02, 0.02, 0.02], "best": [0.31111112, 0.38187137, 0.23373018, 0.3779915, 0.38344675, 0.37936512, 0.38665375, 0.38771933, 0.38736364, 0.5449371, 0.5467524, 0.38819337, 0.38955167, 0.5464267, 0.39375666, 0.5523351, 0.5495373, 0.40004638, 0.39003834, 0.50491804, 0.3962024, 0.39838457, 0.40670198, 0.5633364, 0.56438726, 0.56608844, 0.4144498, 0.5706073, 0.57192194, 0.56448805, 0.5657625, 0.5754652, 0.5773802, 0.5782274, 0.5798992, 0.5809292, 0.58177847, 0.5838145, 0.5851897, 0.5864102, 0.5879666, 0.5882033, 0.58957267, 0.59110683, 0.592952, 0.59510493, 0.596202, 0.598011, 0.59998935, 0.60634923, 0.6041987, 0.61007226, 0.60909307, 0.6107466, 0.612479, 0.61835146, 0.620493, 0.62230265, 0.62399566, 0.6263368, 0.62817883, 0.6308576, 0.6337069, 0.6356718, 0.63754874, 0.639102, 0.6411655, 0.6430509, 0.6451292, 0.6472223, 0.6496353, 0.6517902, 0.65367305, 0.6548447, 0.65662754, 0.6585431, 0.66007125, 0.6611905, 0.66313934, 0.6646836, 0.6664463, 0.6682351, 0.6698226, 0.6715715, 0.673679, 0.67552996, 0.677031, 0.67878014, 0.68063915, 0.6819805, 0.683908, 0.68519413, 0.686781, 0.6884527, 0.69003105, 0.69152766, 0.69297844, 0.6942855, 0.6958606, 0.69724154, 0.69861114, 0.7445371, 0.7013929, 0.7027867, 0.7040519, 0.7054491, 0.7066801, 0.7076967, 0.70887303, 0.7098421, 0.71099424, 0.7123285, 0.7133486, 0.7144266, 0.715645, 0.7168403, 0.71796954, 0.7189841, 0.71992725, 0.72106904, 0.7219937, 0.72293115, 0.7240059, 0.72506154, 0.72602504, 0.7268766, 0.72770375, 0.728824, 0.7296238, 0.73053783, 0.73132575, 0.7322679, 0.73314047, 0.7340528, 0.73489785, 0.73567855, 0.73644805, 0.7372459, 0.7381306, 0.7389145, 0.739591, 0.7402589, 0.74096507, 0.7417892, 0.7425202, 0.7431513, 0.7438189, 0.74447775, 0.74512804, 0.74576986], "duration": [6274, 3946, 2005, 8487, 9611, 5867, 6749, 7750, 9664, 4352, 7737, 2061, 5836, 4199, 8471, 8319, 6517, 4326, 6019, 4192, 4200, 4197, 5858, 5890, 6127, 5950, 6048, 7824, 7836, 6013, 2202, 7955, 4172, 4090, 4234, 5888, 6181, 2106, 4122, 2226, 6041, 5905, 8242, 6436, 7808, 7905, 7953, 9782, 11659, 7840, 13947, 11686, 11603, 12097, 8095, 9793, 11655, 8260, 13589, 11789, 13592, 13931, 11742, 13606, 14559, 13564, 11681, 13552, 11629, 15811, 13537, 13568, 13519, 13626, 13547, 13562, 17236, 13550, 11657, 14001, 13533, 13599, 11676, 11713, 13536, 13586, 13640, 20877, 13530, 13627, 13638, 13590, 13605, 13667, 13609, 15889, 13681, 13603, 13703, 13599, 15822, 13678, 13597, 13605, 15913, 13661, 13574, 13615, 13595, 13641, 13656, 13640, 13551, 13600, 15808, 13591, 13594, 13587, 13585, 13693, 13560, 13571, 13571, 13576, 13648, 13630, 15828, 13564, 13580, 13626, 13558, 13563, 13568, 13576, 13601, 14100, 15902, 13775, 13588, 13577, 13623, 13599, 15951, 13593, 13621, 13665, 13566, 13571, 13653, 13636]}