{"avg": [0.14285716, 0.18880579, 0.21352728, 0.20394717, 0.20611715, 0.18887024, 0.20526686, 0.23899767, 0.21586908, 0.22041808, 0.19239089, 0.20484355, 0.22466168, 0.2284387, 0.22528376, 0.21003579, 0.22250338, 0.2502914, 0.2267819, 0.2627466, 0.26188174, 0.26523924, 0.23956057, 0.24907112, 0.2590057, 0.25739262, 0.27503943, 0.27260163, 0.269284, 0.26083624, 0.26321328, 0.29181436, 0.303964, 0.29695514, 0.29320547, 0.30859214, 0.3041468, 0.32698125, 0.33497232, 0.32197505, 0.33960655, 0.32602444, 0.36387074, 0.3520667, 0.3689294, 0.356275, 0.36404145, 0.37400663, 0.38004526, 0.37417093, 0.38242456, 0.39963844, 0.38598502, 0.40397635, 0.4310558, 0.41776383, 0.3961954, 0.42203796, 0.44101194, 0.42497334, 0.4415522, 0.42246622, 0.45316496, 0.43298027, 0.4556495, 0.455962, 0.45872262, 0.46603075, 0.4690764, 0.4710329, 0.4680395, 0.48979595, 0.47604126, 0.4874301, 0.4672965, 0.48663718, 0.49247435, 0.4992129, 0.49682394, 0.49492556, 0.49393317, 0.5170983, 0.48883462, 0.50946057, 0.5164868, 0.5224747, 0.5156235, 0.5194244, 0.52099913, 0.5353199, 0.53460276, 0.5349339, 0.537564, 0.5421866, 0.53933746, 0.5441389, 0.54782796, 0.5429884, 0.5508032, 0.54866844, 0.5510215, 0.5530915, 0.55565363, 0.5509825, 0.5565398, 0.5540214, 0.5586768, 0.5601737, 0.5617102, 0.56409234, 0.563441, 0.565921, 0.5663645, 0.5679121, 0.5697476, 0.57076174, 0.57062364, 0.5731457, 0.57425845, 0.5762497, 0.57739025, 0.57837236, 0.57947737, 0.58076584, 0.58176553, 0.58281505, 0.5837194, 0.58467436, 0.58573943, 0.58690894, 0.58787686, 0.5887116, 0.5895349, 0.5904626, 0.59131944, 0.59227604, 0.5930524, 0.59376425, 0.5947358, 0.59563875, 0.59647596, 0.5971985, 0.5979627, 0.5987167, 0.59946066, 0.60014623, 0.60087144, 0.60168207, 0.6023875, 0.60322195], "std": [0.068346195, 0.07154402, 0.051666472, 0.06339014, 0.077400036, 0.068994485, 0.049298305, 0.05412491, 0.061241746, 0.06603131, 0.091373466, 0.08230527, 0.08739331, 0.044852633, 0.065208696, 0.09131663, 0.08473534, 0.037484244, 0.094733186, 0.04411114, 0.071752414, 0.05302573, 0.087994166, 0.05354784, 0.061480407, 0.045461632, 0.04528232, 0.043707263, 0.06732853, 0.06233497, 0.060016613, 0.06382185, 0.046673946, 0.04766869, 0.052755423, 0.050138295, 0.045841526, 0.048759587, 0.0402773, 0.0526013, 0.06875365, 0.05878638, 0.048306394, 0.04963212, 0.05241988, 0.056302417, 0.041179374, 0.049566098, 0.028276224, 0.04676945, 0.052763954, 0.04601987, 0.05873211, 0.055036943, 0.036232136, 0.039884318, 0.047180627, 0.03558672, 0.03700136, 0.0544882, 0.047544733, 0.04668905, 0.03202009, 0.038706288, 0.052741338, 0.039670896, 0.031361822, 0.033208884, 0.031180823, 0.029458996, 0.028310433, 0.027539589, 0.03173556, 0.03350596, 0.05279813, 0.02945346, 0.03007264, 0.028711775, 0.041233484, 0.031130126, 0.042731937, 0.022070277, 0.047093015, 0.04207629, 0.028102783, 0.023987759, 0.03172878, 0.028640667, 0.029329702, 0.005590438, 0.017971672, 0.019073397, 0.01894617, 0.006388937, 0.02049147, 0.0063972697, 0.0026852405, 0.018510137, 0.0024496892, 0.0065455986, 0.0073170266, 0.0033519613, 0.0026034338, 0.019179597, 0.0035573775, 0.020100402, 0.0039186897, 0.0037659053, 0.003530171, 0.0020563246, 0.007579534, 0.0034351195, 0.004270117, 0.003981008, 0.0029480585, 0.0031946937, 0.0047169896, 0.0031704481, 0.0034177299, 0.0, 0.0, 5.9604645e-08, 5.9604645e-08, 1.1920929e-07, 0.0, 5.9604645e-08, 5.9604645e-08, 0.0, 5.9604645e-08, 5.9604645e-08, 0.0, 1.1920929e-07, 1.1920929e-07, 0.0, 5.9604645e-08, 0.0, 0.0, 0.0, 0.0, 0.0, 5.9604645e-08, 0.0, 0.0, 0.0, 5.9604645e-08, 0.0, 5.9604645e-08, 0.0, 0.0, 5.9604645e-08], "var": [1.0, 0.98, 0.94, 0.94, 0.9, 0.9, 0.9, 0.88, 0.84, 0.82, 0.8, 0.78, 0.76, 0.78, 0.74, 0.74, 0.74, 0.7, 0.72, 0.72, 0.72, 0.72, 0.68, 0.66, 0.64, 0.64, 0.62, 0.62, 0.58, 0.56, 0.56, 0.54, 0.56, 0.56, 0.54, 0.5, 0.48, 0.46, 0.5, 0.46, 0.42, 0.42, 0.44, 0.42, 0.4, 0.36, 0.36, 0.36, 0.34, 0.34, 0.36, 0.34, 0.32, 0.32, 0.32, 0.34, 0.34, 0.32, 0.32, 0.3, 0.26, 0.24, 0.24, 0.26, 0.26, 0.24, 0.24, 0.24, 0.24, 0.24, 0.24, 0.24, 0.22, 0.2, 0.2, 0.2, 0.2, 0.2, 0.2, 0.2, 0.2, 0.2, 0.18, 0.16, 0.16, 0.14, 0.12, 0.1, 0.1, 0.1, 0.1, 0.1, 0.1, 0.1, 0.1, 0.1, 0.1, 0.1, 0.1, 0.1, 0.1, 0.08, 0.08, 0.08, 0.08, 0.06, 0.06, 0.06, 0.06, 0.06, 0.04, 0.04, 0.04, 0.04, 0.04, 0.04, 0.04, 0.04, 0.02, 0.02, 0.02, 0.02, 0.02, 0.02, 0.02, 0.02, 0.02, 0.02, 0.02, 0.02, 0.02, 0.02, 0.02, 0.02, 0.02, 0.02, 0.02, 0.02, 0.02, 0.02, 0.02, 0.02, 0.02, 0.02, 0.02, 0.02, 0.02, 0.02, 0.02, 0.02], "best": [0.1888889, 0.3134921, 0.32211277, 0.3170912, 0.32289058, 0.31174603, 0.31840926, 0.32050142, 0.31841272, 0.3194529, 0.3201389, 0.32117915, 0.32134503, 0.32384825, 0.3254186, 0.32735044, 0.3282264, 0.32863045, 0.3297647, 0.33948416, 0.34279308, 0.34583393, 0.3464904, 0.3495773, 0.3489737, 0.3517581, 0.34075758, 0.34153813, 0.36391848, 0.3428744, 0.35515457, 0.35449845, 0.36982244, 0.35711235, 0.3627606, 0.37485337, 0.36677286, 0.37193686, 0.37156639, 0.38193452, 0.45303696, 0.44303355, 0.45585006, 0.44812256, 0.460279, 0.46041283, 0.3946331, 0.45647624, 0.40282786, 0.40395814, 0.47027782, 0.47158444, 0.47318804, 0.47476083, 0.4858343, 0.48828122, 0.47788483, 0.4815212, 0.48336005, 0.48512417, 0.49785084, 0.4889545, 0.4904375, 0.49037308, 0.5051846, 0.5068444, 0.49728113, 0.49886948, 0.51202726, 0.5029789, 0.5047405, 0.5171852, 0.51860726, 0.5199742, 0.51100504, 0.5125309, 0.52430254, 0.52555364, 0.52716184, 0.5283935, 0.5297259, 0.53094256, 0.5324206, 0.5335627, 0.53476685, 0.53610146, 0.5375095, 0.5388849, 0.5401263, 0.54128677, 0.5424757, 0.5438509, 0.5449667, 0.5462686, 0.5475584, 0.54865265, 0.5498294, 0.55099016, 0.5522175, 0.5532533, 0.554468, 0.555663, 0.55688095, 0.5578089, 0.55919135, 0.5601881, 0.5615976, 0.56255555, 0.5635537, 0.56459105, 0.5660571, 0.5672194, 0.5684159, 0.5695374, 0.5705355, 0.5716479, 0.57266605, 0.5739383, 0.57514083, 0.5762497, 0.57739025, 0.5783724, 0.5794774, 0.58076596, 0.58176553, 0.582815, 0.58371943, 0.58467436, 0.5857395, 0.5869089, 0.58787686, 0.5887115, 0.589535, 0.5904626, 0.5913195, 0.59227604, 0.5930524, 0.59376425, 0.5947358, 0.59563875, 0.5964759, 0.5971985, 0.5979627, 0.5987167, 0.5994607, 0.60014623, 0.6008715, 0.60168207, 0.6023875, 0.603222], "duration": [2348, 2028, 3920, 2035, 2032, 2027, 2024, 4233, 2407, 4237, 1964, 4251, 3923, 3902, 1956, 2975, 1960, 2035, 3895, 2291, 1975, 3907, 2489, 3910, 3912, 3917, 2327, 2298, 5837, 5857, 1957, 1972, 5836, 2290, 4251, 3903, 4238, 1982, 4236, 3903, 1962, 1971, 2290, 2294, 2014, 2034, 2338, 2618, 1967, 1977, 1973, 1960, 1971, 1973, 2250, 1959, 2620, 1965, 2040, 2310, 1963, 1995, 1964, 1961, 2294, 1969, 1967, 2315, 2982, 1975, 1971, 1971, 1973, 1966, 1972, 1985, 1972, 2297, 1992, 1986, 1975, 2307, 1976, 1971, 1980, 1970, 2313, 1980, 2293, 1978, 1971, 2299, 1980, 1978, 1971, 1977, 1982, 1992, 1982, 2302, 1973, 1980, 1982, 2963, 2000, 2671, 1977, 1968, 1976, 2303, 2296, 1984, 1995, 2338, 1962, 1962, 2677, 2037, 1996, 1962, 1959, 1968, 2647, 1962, 2150, 1971, 1965, 2003, 2632, 1970, 1978, 1965, 2101, 1964, 2163, 1977, 2302, 2310, 1983, 2001, 1974, 1976, 3099, 1968, 2306, 1973, 2353, 1978, 1978, 2302]}