{"avg": [0.09305556, 0.109300606, 0.102043025, 0.13275376, 0.1121709, 0.116298884, 0.15660818, 0.24235211, 0.14895292, 0.22833608, 0.21503499, 0.25656962, 0.13202173, 0.18572074, 0.2668603, 0.20974237, 0.1328593, 0.23187968, 0.28055313, 0.2680106, 0.24851193, 0.20414245, 0.2868473, 0.26168385, 0.31620362, 0.27925244, 0.3137859, 0.29492185, 0.3256834, 0.29318827, 0.29252768, 0.42558894, 0.29541507, 0.28087384, 0.39521375, 0.40790337, 0.37688175, 0.39584768, 0.47508353, 0.46627772, 0.41830435, 0.41345078, 0.44760236, 0.43907344, 0.5295125, 0.46986058, 0.55095387, 0.45054212, 0.4064444, 0.53828293], "std": [0.103999875, 0.15436679, 0.108182184, 0.11168432, 0.13231227, 0.092920676, 0.12837334, 0.18913901, 0.13434245, 0.20024301, 0.19142056, 0.11189881, 0.14978477, 0.15867805, 0.15814485, 0.1557404, 0.11347654, 0.16429512, 0.18477562, 0.18733753, 0.18197508, 0.18155771, 0.14545247, 0.16170941, 0.14334609, 0.174256, 0.15958053, 0.17204042, 0.17528626, 0.18171725, 0.10397377, 0.14315656, 0.15794984, 0.20050089, 0.16905242, 0.17022303, 0.2352396, 0.21910232, 0.16764846, 0.12707527, 0.1776325, 0.16669135, 0.15868773, 0.19487874, 0.14150316, 0.14399594, 0.12086742, 0.18702441, 0.19104226, 0.12784287], "var": [0.98, 0.94, 0.9, 0.88, 0.84, 0.82, 0.78, 0.74, 0.74, 0.72, 0.7, 0.68, 0.64, 0.6, 0.58, 0.56, 0.54, 0.54, 0.5, 0.48, 0.48, 0.44, 0.42, 0.4, 0.4, 0.38, 0.38, 0.36, 0.34, 0.34, 0.34, 0.34, 0.34, 0.3, 0.28, 0.26, 0.26, 0.24, 0.22, 0.22, 0.22, 0.22, 0.22, 0.22, 0.2, 0.2, 0.2, 0.2, 0.18, 0.16], "best": [0.3555556, 0.5259921, 0.33492064, 0.34136906, 0.38682783, 0.23368178, 0.37685886, 0.5351371, 0.38568953, 0.5392196, 0.5437938, 0.5479688, 0.5485798, 0.5488579, 0.55040216, 0.3960718, 0.35406163, 0.5502014, 0.5504304, 0.55341274, 0.55525327, 0.55592483, 0.55647236, 0.5582055, 0.56084937, 0.56303746, 0.56574655, 0.565677, 0.56726056, 0.5701128, 0.5372865, 0.57102525, 0.57425606, 0.574987, 0.57598543, 0.57941717, 0.58300245, 0.58540833, 0.58931965, 0.59356767, 0.59674984, 0.5998825, 0.6020105, 0.60491365, 0.60778606, 0.6114728, 0.6148526, 0.618574, 0.620541, 0.62293637], "duration": [3093, 2352, 7191, 9449, 4810, 2716, 10898, 7081, 8916, 7267, 7104, 7112, 5011, 7434, 6745, 7061, 4699, 7279, 6866, 5426, 10863, 7355, 9633, 5469, 8783, 9085, 9002, 9914, 7170, 7607, 10869, 11064, 9139, 5478, 5630, 9177, 5120, 7423, 3276, 7791, 6198, 6930, 7364, 5140, 7338, 5493, 5246, 7263, 7735, 5508]}