{"avg": [0.12539685, 0.1623016, 0.1341799, 0.21372133, 0.15600199, 0.20736568, 0.161585, 0.15411144, 0.19745281, 0.15813088, 0.24013971, 0.19551016, 0.17538883, 0.22105661, 0.27466467, 0.20240892, 0.2762295, 0.2220268, 0.26733404, 0.26094446, 0.28346646, 0.2965934, 0.25352582, 0.2836854, 0.25840914, 0.33870327, 0.33908486, 0.31104606, 0.35027, 0.40593514, 0.36711767, 0.32797685, 0.3791622, 0.34266868, 0.33211118, 0.33368593, 0.38082287, 0.34373695, 0.37105846, 0.49170578, 0.3879279, 0.4822786, 0.43756053, 0.43882486, 0.44864607, 0.46707147, 0.45619866, 0.47218114, 0.49939469, 0.51023805, 0.5215397, 0.54664814, 0.5684413, 0.57228893, 0.58937556, 0.5676863, 0.57022965, 0.572379, 0.6171806, 0.6207724, 0.57650936, 0.5678328, 0.6205848, 0.583371, 0.63256097, 0.5991843, 0.59270275, 0.60858476, 0.6202512, 0.659876, 0.62697, 0.59465104, 0.63695645, 0.6447841, 0.6390161], "std": [0.09413381, 0.12343153, 0.1053704, 0.10520217, 0.11864391, 0.12752555, 0.10908019, 0.0965857, 0.109356344, 0.11267638, 0.10180937, 0.10383628, 0.105017565, 0.12851213, 0.13886379, 0.12041286, 0.0994138, 0.14088723, 0.15223055, 0.11252882, 0.15210253, 0.12963118, 0.15352741, 0.15205112, 0.1757147, 0.106605016, 0.16539556, 0.14259516, 0.16023546, 0.12915267, 0.19838102, 0.14748794, 0.12830777, 0.17263085, 0.21198775, 0.13334855, 0.14784351, 0.14954877, 0.13874109, 0.09160863, 0.18441097, 0.11338926, 0.14046164, 0.13723058, 0.15849295, 0.13298048, 0.16336776, 0.12764971, 0.13508202, 0.11729933, 0.10163153, 0.10590306, 0.10324593, 0.07803372, 0.095571965, 0.088074975, 0.11400903, 0.0969107, 0.038684044, 0.036672983, 0.117855795, 0.12969771, 0.04970345, 0.1248913, 0.044662397, 0.11823356, 0.07688046, 0.08562078, 0.10852584, 1.1920929e-07, 0.08593998, 0.09306648, 0.11016045, 0.055372566, 0.07937052], "var": [1.0, 0.96, 0.92, 0.9, 0.88, 0.88, 0.86, 0.84, 0.84, 0.84, 0.84, 0.82, 0.8, 0.78, 0.78, 0.8, 0.78, 0.76, 0.78, 0.78, 0.78, 0.78, 0.8, 0.78, 0.78, 0.78, 0.76, 0.76, 0.74, 0.74, 0.74, 0.72, 0.7, 0.68, 0.66, 0.64, 0.62, 0.58, 0.54, 0.52, 0.5, 0.48, 0.44, 0.4, 0.4, 0.4, 0.36, 0.34, 0.3, 0.3, 0.28, 0.28, 0.26, 0.26, 0.22, 0.22, 0.2, 0.2, 0.2, 0.2, 0.2, 0.2, 0.2, 0.18, 0.18, 0.18, 0.16, 0.16, 0.14, 0.14, 0.12, 0.1, 0.1, 0.1, 0.1], "best": [0.3555556, 0.3708617, 0.36746037, 0.38306883, 0.3837302, 0.38469094, 0.34146172, 0.33896378, 0.53394485, 0.34172338, 0.38910538, 0.3448065, 0.34281403, 0.5323954, 0.53503245, 0.379781, 0.5318957, 0.5328904, 0.53812414, 0.5346752, 0.53998977, 0.54231995, 0.544176, 0.545405, 0.54300815, 0.54888225, 0.5503939, 0.55308044, 0.55360025, 0.5565755, 0.55883485, 0.56152236, 0.56265754, 0.5635873, 0.5660207, 0.5680392, 0.56896526, 0.57059276, 0.5716835, 0.57396185, 0.57840234, 0.5805588, 0.5837283, 0.5863449, 0.58920074, 0.59109026, 0.5937822, 0.5960362, 0.5986395, 0.6017839, 0.6042073, 0.6068662, 0.6110044, 0.61437297, 0.61771286, 0.6210938, 0.6250137, 0.6279283, 0.6302117, 0.63357127, 0.6371661, 0.6395215, 0.64186555, 0.645213, 0.6472786, 0.64970815, 0.6522659, 0.65470445, 0.6574085, 0.6598761, 0.6622642, 0.6641444, 0.6663981, 0.6684739, 0.6706829], "duration": [5727, 3965, 2232, 4108, 4055, 7940, 4097, 2045, 2068, 4231, 5864, 5824, 4143, 6084, 7747, 7812, 7853, 6194, 9717, 9924, 4212, 9785, 5976, 4231, 4192, 7961, 4362, 5965, 7945, 9911, 2433, 6127, 7828, 4405, 7962, 7919, 7778, 4641, 2622, 7984, 9752, 7912, 8005, 6207, 4397, 2681, 4338, 2619, 6282, 4229, 4361, 3369, 4178, 2543, 2417, 4818, 4340, 6180, 2795, 2451, 4761, 7927, 2508, 2556, 2468, 2443, 2646, 4457, 2465, 2395, 6138, 4268, 2447, 2622, 2452]}