{"avg": [0.40915036, 0.46375355, 0.44526288, 0.48029676, 0.47892493, 0.4786839, 0.48986012, 0.51657945, 0.46714383, 0.50593257, 0.50713956, 0.48953357, 0.4957078, 0.5245277, 0.5156077, 0.5153174, 0.55125946, 0.5083792, 0.52140284, 0.52751726, 0.5196, 0.51738346, 0.552834, 0.5537791, 0.5672206, 0.5576105, 0.5580486, 0.56856596, 0.5610092, 0.5777493, 0.58125013, 0.5920432, 0.5847719, 0.586831, 0.59512156, 0.59075654, 0.5983192, 0.5852873, 0.58959997, 0.598376, 0.5871798, 0.6111527, 0.6174457, 0.6151762, 0.6260431, 0.6266224, 0.62655705, 0.6337122, 0.63910735, 0.6380586], "std": [0.10590657, 0.082721174, 0.11039003, 0.078306295, 0.10387093, 0.11008005, 0.077468395, 0.06099989, 0.10612628, 0.0681157, 0.077183284, 0.11075751, 0.08456084, 0.059061363, 0.09935847, 0.06897999, 0.010145778, 0.077124864, 0.07375093, 0.070118554, 0.07982767, 0.07489938, 0.04487982, 0.043582924, 0.014407396, 0.0463906, 0.049543127, 0.048222516, 0.048489526, 0.018018762, 0.018381331, 0.010167956, 0.022653423, 0.022279121, 0.017494893, 0.024279976, 0.022858633, 0.061223745, 0.0619402, 0.029338336, 0.0644695, 0.021374209, 0.017434753, 0.025857685, 0.013239198, 0.018889192, 0.024310818, 0.02142019, 0.020153038, 0.021908617], "var": [1.0, 1.0, 1.0, 1.0, 0.98, 0.96, 0.96, 0.96, 0.96, 0.94, 0.94, 0.94, 0.94, 0.9, 0.92, 0.9, 0.86, 0.86, 0.86, 0.86, 0.84, 0.82, 0.8, 0.78, 0.78, 0.78, 0.78, 0.76, 0.76, 0.74, 0.74, 0.74, 0.76, 0.76, 0.76, 0.76, 0.74, 0.74, 0.72, 0.72, 0.7, 0.7, 0.7, 0.72, 0.72, 0.7, 0.68, 0.66, 0.66, 0.66], "best": [0.51111114, 0.5587302, 0.56170636, 0.5509662, 0.55835223, 0.55158734, 0.5569758, 0.55315316, 0.54984885, 0.55470604, 0.5569445, 0.5547846, 0.55734444, 0.5601376, 0.5634482, 0.56273264, 0.56560206, 0.56418276, 0.5699043, 0.57156944, 0.5733999, 0.5713698, 0.578018, 0.58058923, 0.5857572, 0.585985, 0.58784384, 0.5898701, 0.5976118, 0.59872806, 0.6013018, 0.60418475, 0.6085873, 0.6112865, 0.6135235, 0.6121926, 0.61442745, 0.6173637, 0.6243476, 0.6268869, 0.6289279, 0.63072294, 0.6337851, 0.63194895, 0.63897324, 0.642012, 0.6447408, 0.64830244, 0.651795, 0.6543138], "duration": [31220, 24747, 26927, 25058, 26984, 31416, 26921, 27027, 25078, 27880, 27017, 27054, 26984, 27009, 26998, 26961, 27027, 27061, 26990, 27006, 27040, 27093, 31539, 27005, 27017, 31765, 27029, 27077, 27001, 27039, 27019, 31530, 27019, 31497, 26972, 26974, 26968, 26962, 26987, 26991, 26983, 31530, 27065, 27035, 27007, 27048, 35981, 26991, 26945, 27012]}