{"avg": [0.151634, 0.15610023, 0.17649284, 0.21592264, 0.17481963, 0.20995371, 0.17679492, 0.2815923, 0.26121032, 0.2101218, 0.26250136, 0.25532064, 0.29993477, 0.28610915, 0.26305464, 0.27958223, 0.36861113, 0.32848927, 0.26352933, 0.36462355, 0.40683198, 0.40626293, 0.3558335, 0.3512149, 0.38992313, 0.42821923, 0.45527065, 0.4328731, 0.37566102, 0.44836396, 0.41221905, 0.4498908, 0.49443334, 0.47592542, 0.49059525, 0.48931223, 0.5147622, 0.50036603, 0.575436, 0.5372565, 0.5220453, 0.5417761, 0.51234615, 0.55262744, 0.6064484, 0.57676715, 0.613922, 0.61816716, 0.61755735, 0.6375005], "std": [0.07280471, 0.109874874, 0.13076879, 0.11172163, 0.15966035, 0.16384853, 0.13608967, 0.09274723, 0.14233452, 0.141356, 0.14125074, 0.13169706, 0.14222372, 0.13244791, 0.12683958, 0.12659442, 0.13361315, 0.15175098, 0.13458058, 0.16563071, 0.11932856, 0.13355629, 0.12988529, 0.17041656, 0.12144975, 0.13416107, 0.11332302, 0.16494426, 0.18270516, 0.16660191, 0.15489724, 0.1479484, 0.1450625, 0.13608715, 0.12930018, 0.16163364, 0.15873003, 0.11086506, 0.05871092, 0.14223237, 0.15307242, 0.14701821, 0.14744252, 0.119704574, 0.052963205, 0.09628616, 0.051915783, 0.052634515, 0.056749366, 0.006587613], "var": [1.0, 0.98, 0.94, 0.94, 0.92, 0.9, 0.9, 0.86, 0.86, 0.86, 0.86, 0.84, 0.84, 0.86, 0.82, 0.8, 0.78, 0.74, 0.74, 0.72, 0.7, 0.68, 0.68, 0.7, 0.66, 0.64, 0.66, 0.64, 0.62, 0.6, 0.56, 0.54, 0.5, 0.46, 0.44, 0.42, 0.38, 0.36, 0.36, 0.36, 0.34, 0.32, 0.32, 0.28, 0.26, 0.24, 0.22, 0.22, 0.2, 0.2], "best": [0.3555556, 0.37236232, 0.3943311, 0.3855556, 0.5378067, 0.54206353, 0.39214706, 0.3923328, 0.5438731, 0.38831478, 0.54833233, 0.5494013, 0.54943556, 0.54782236, 0.5518809, 0.39974445, 0.5519683, 0.5547023, 0.5544394, 0.55440116, 0.5578115, 0.5609079, 0.56389123, 0.56484884, 0.5660661, 0.5670387, 0.5710228, 0.5725569, 0.5758952, 0.57821554, 0.5814598, 0.5825397, 0.58568525, 0.5886689, 0.59119356, 0.59446675, 0.5970948, 0.6006823, 0.60376304, 0.6076319, 0.61091596, 0.61412066, 0.61760396, 0.62048274, 0.6233661, 0.62711334, 0.6299217, 0.63376325, 0.6373081, 0.6401905], "duration": [2258, 3819, 1890, 4266, 3930, 4887, 1993, 9533, 5949, 5692, 2295, 3925, 3956, 5730, 3913, 1938, 4076, 4275, 7656, 4946, 4027, 4385, 5940, 4118, 4004, 2178, 5924, 2667, 4117, 2699, 2303, 4086, 2300, 2670, 5993, 2307, 2296, 4492, 2347, 4097, 4123, 5961, 4156, 4132, 2369, 4131, 2319, 2349, 2407, 2345]}