{"avg": [0.16604939, 0.16056645, 0.2064768, 0.19415268, 0.17978874, 0.19667424, 0.20028289, 0.15807423, 0.19177754, 0.17851347, 0.17685506, 0.20879933, 0.21423216, 0.19498134, 0.19801204, 0.21973947, 0.23133741, 0.20283201, 0.19595827, 0.23695529, 0.21046166, 0.21994278, 0.18914288, 0.19122261, 0.2317454, 0.23404938, 0.21098778, 0.21441229, 0.24279006, 0.22577895, 0.2127934, 0.24395923, 0.24667242, 0.19959427, 0.24544443, 0.24483874, 0.2542734, 0.2662485, 0.2288548, 0.24556696, 0.22262079, 0.27819443, 0.26055574, 0.24565382, 0.24023867, 0.25654653, 0.26198915, 0.26504475, 0.26449847, 0.2669307], "std": [0.059889276, 0.084718235, 0.07170514, 0.10087499, 0.05396168, 0.06103982, 0.0533062, 0.06970729, 0.0781664, 0.09304119, 0.05984228, 0.081057236, 0.10396668, 0.09218421, 0.07888486, 0.088851705, 0.0680477, 0.09259472, 0.09320545, 0.053566765, 0.085011795, 0.05723954, 0.061873116, 0.057453047, 0.089067295, 0.076893546, 0.0915949, 0.10093114, 0.063004695, 0.07461023, 0.05268939, 0.0875379, 0.05326239, 0.07553584, 0.10616714, 0.078459255, 0.09818525, 0.07425272, 0.08160886, 0.06684299, 0.091988616, 0.074479364, 0.086917736, 0.08908842, 0.08966081, 0.07375988, 0.07531137, 0.09843339, 0.086034276, 0.08111065], "var": [1.0, 1.0, 0.9866667, 0.9866667, 0.97333336, 0.96666664, 0.96, 0.94666666, 0.93333334, 0.9266667, 0.9266667, 0.9266667, 0.92, 0.91333336, 0.9, 0.8933333, 0.88666666, 0.88, 0.87333333, 0.86, 0.85333335, 0.84, 0.82666665, 0.82, 0.81333333, 0.82, 0.82, 0.8066667, 0.79333335, 0.79333335, 0.78, 0.78, 0.78, 0.78, 0.78, 0.78, 0.78, 0.78, 0.7733333, 0.7733333, 0.76, 0.74666667, 0.74, 0.74, 0.7266667, 0.72, 0.7266667, 0.7133333, 0.7133333, 0.7], "best": [0.2777778, 0.31481484, 0.37664402, 0.39421102, 0.29616207, 0.30328798, 0.30345473, 0.3059891, 0.3028128, 0.40174195, 0.21890758, 0.39073086, 0.40450516, 0.39209223, 0.39308822, 0.40580556, 0.40633166, 0.39229497, 0.4072674, 0.31637272, 0.31662, 0.31243166, 0.31669843, 0.30328366, 0.48076564, 0.3924324, 0.3810275, 0.3816842, 0.3819941, 0.31954905, 0.319971, 0.39315143, 0.3823035, 0.3201049, 0.4821543, 0.40991676, 0.4102245, 0.3953497, 0.4085348, 0.41082895, 0.39329755, 0.41170976, 0.41265467, 0.40899974, 0.41350776, 0.41130677, 0.41467214, 0.48740885, 0.41555256, 0.41606912], "duration": [3904, 3921, 3973, 3980, 5911, 5861, 2067, 1976, 3961, 4022, 2007, 5849, 3873, 5898, 3955, 3891, 2060, 5846, 2007, 6374, 2013, 9040, 2018, 1980, 3965, 5898, 7775, 2059, 2045, 5837, 2242, 9717, 4004, 4220, 4028, 3976, 3946, 3994, 5861, 3925, 5823, 3955, 4001, 6226, 5803, 1986, 4002, 3915, 4006, 5806]}