{"avg": [0.1751634, 0.18133107, 0.16657333, 0.14036554, 0.17810458, 0.20386098, 0.15902324, 0.21877919, 0.14509617, 0.15195805, 0.20205693, 0.18726666, 0.17576382, 0.21877737, 0.23798473, 0.16126215, 0.22643936, 0.19138181, 0.22042572, 0.21138394, 0.21908654, 0.21066943, 0.19888707, 0.22876103, 0.21276386, 0.2138196, 0.21135971, 0.19425456, 0.23539826, 0.20280586, 0.20304574, 0.23220952, 0.24208412, 0.2406324, 0.20554595, 0.2116187, 0.23704995, 0.2492122, 0.2349307, 0.2480628, 0.23865479, 0.25296867, 0.2678656, 0.20949043, 0.23759685, 0.22964884, 0.24329805, 0.2245464, 0.22685996, 0.2393136], "std": [0.07444097, 0.078748636, 0.06634158, 0.07536765, 0.09644473, 0.07192749, 0.093629405, 0.08162252, 0.072882906, 0.089733794, 0.070633315, 0.08035531, 0.077883884, 0.116187185, 0.074392505, 0.09507028, 0.055991784, 0.056373607, 0.099784054, 0.08981602, 0.06651095, 0.08023398, 0.09748675, 0.07447275, 0.05949182, 0.088400126, 0.08835131, 0.06223254, 0.069727056, 0.059833176, 0.09442927, 0.06846434, 0.062538326, 0.05892019, 0.06625027, 0.06839993, 0.04827943, 0.07882517, 0.062137693, 0.08613288, 0.046815068, 0.082743034, 0.07127125, 0.09529112, 0.049973264, 0.08271292, 0.06347688, 0.0788725, 0.06848212, 0.058354244], "var": [1.0, 1.0, 0.99333334, 0.9866667, 0.9866667, 0.97333336, 0.96, 0.94666666, 0.94666666, 0.94, 0.93333334, 0.9266667, 0.9266667, 0.92, 0.91333336, 0.9, 0.9, 0.9066667, 0.9066667, 0.9, 0.9066667, 0.9066667, 0.9066667, 0.9066667, 0.9066667, 0.9, 0.88666666, 0.88666666, 0.8933333, 0.88, 0.87333333, 0.87333333, 0.86, 0.85333335, 0.85333335, 0.85333335, 0.86, 0.85333335, 0.8466667, 0.8333333, 0.82666665, 0.82666665, 0.82, 0.8066667, 0.79333335, 0.7866667, 0.79333335, 0.7866667, 0.7733333, 0.7733333], "best": [0.2777778, 0.31419235, 0.30634922, 0.28910258, 0.30849674, 0.31519014, 0.3774977, 0.37400797, 0.30263007, 0.29909742, 0.37670407, 0.31206182, 0.31022412, 0.39987135, 0.40158734, 0.38076568, 0.3068394, 0.30035153, 0.4020542, 0.38127574, 0.40396827, 0.3143611, 0.38178426, 0.40451026, 0.30263007, 0.31141895, 0.4046976, 0.31652033, 0.37767154, 0.3120731, 0.31254062, 0.312369, 0.38070711, 0.38118038, 0.3036328, 0.3815513, 0.3158343, 0.40290383, 0.31642896, 0.40333647, 0.30897385, 0.38222227, 0.4796967, 0.3825591, 0.31148955, 0.40325278, 0.40361175, 0.38306686, 0.38003212, 0.38334283], "duration": [4050, 2050, 3951, 2112, 4019, 2137, 4346, 5940, 2017, 3983, 7883, 1986, 4016, 5993, 4011, 2149, 3938, 2018, 3955, 2096, 2017, 1995, 2068, 2511, 3946, 7857, 3974, 3972, 5989, 2138, 4031, 6204, 4153, 5944, 3942, 3997, 4041, 4029, 5903, 4060, 5948, 5912, 4318, 5961, 2066, 4039, 2036, 5924, 5955, 3973]}