{"avg": [0.16111112, 0.11986112, 0.209191, 0.15820107, 0.1829271, 0.22292605, 0.16314611, 0.17716736, 0.19889644, 0.21896113, 0.20220591, 0.16995752, 0.20779252, 0.21828389, 0.2593208, 0.3007412, 0.3094614, 0.26370695, 0.2759365, 0.33042046, 0.3530584, 0.31912455, 0.3350514, 0.36746407, 0.330538, 0.37454075, 0.3402976, 0.40040174, 0.36952627, 0.36496004, 0.43768942, 0.41236123, 0.41250342, 0.46539864, 0.45301345, 0.44069356, 0.46585518, 0.46417114, 0.44897145, 0.48637918, 0.49898806, 0.4749829, 0.5636146, 0.48270172, 0.4962479, 0.508198, 0.519127, 0.5027848, 0.55829036, 0.5811705], "std": [0.08940823, 0.13976003, 0.14944324, 0.09826549, 0.14954282, 0.1598577, 0.12610559, 0.101308696, 0.1044294, 0.13178273, 0.09705976, 0.13560097, 0.1481039, 0.15655513, 0.10587503, 0.1578683, 0.12486041, 0.15764172, 0.13168672, 0.14556946, 0.16795306, 0.16904429, 0.15733041, 0.15439576, 0.15954338, 0.16967888, 0.15333103, 0.15296078, 0.09797819, 0.16046208, 0.12869906, 0.1212805, 0.1784421, 0.1166975, 0.12000495, 0.15738839, 0.12806563, 0.117099084, 0.11760226, 0.09930871, 0.099612676, 0.16329032, 0.039759096, 0.15663041, 0.10237567, 0.10090235, 0.0794313, 0.14875008, 0.061680265, 0.03655406], "var": [0.98, 0.96, 0.96, 0.94, 0.94, 0.94, 0.94, 0.94, 0.92, 0.9, 0.88, 0.88, 0.9, 0.88, 0.88, 0.86, 0.84, 0.82, 0.8, 0.8, 0.82, 0.78, 0.78, 0.8, 0.78, 0.78, 0.76, 0.72, 0.72, 0.72, 0.68, 0.68, 0.66, 0.68, 0.68, 0.66, 0.64, 0.64, 0.62, 0.6, 0.58, 0.54, 0.52, 0.5, 0.48, 0.5, 0.48, 0.46, 0.44, 0.44], "best": [0.3555556, 0.5259921, 0.5257041, 0.38994712, 0.53169227, 0.53685117, 0.39709, 0.39254126, 0.3917618, 0.52657866, 0.39910197, 0.39331272, 0.5394252, 0.5269044, 0.52960503, 0.541159, 0.54292226, 0.544757, 0.5340549, 0.53508484, 0.5455805, 0.5486314, 0.5492764, 0.5515538, 0.5462091, 0.5541299, 0.5534193, 0.55424434, 0.5582284, 0.55378556, 0.5596639, 0.5614313, 0.55892414, 0.562918, 0.56565, 0.5658553, 0.56857204, 0.57109284, 0.5748199, 0.5726356, 0.5773217, 0.58167183, 0.5806629, 0.5831511, 0.5849277, 0.58850074, 0.5920568, 0.59396696, 0.59665143, 0.5988122], "duration": [3841, 3777, 9546, 1856, 5721, 5783, 5768, 4137, 3751, 4299, 1962, 5742, 6056, 5804, 5815, 5826, 7723, 5812, 3899, 8066, 13454, 13474, 7788, 11575, 9645, 13455, 11599, 13507, 9651, 9644, 13853, 11588, 13589, 18001, 11580, 13519, 11964, 13515, 13514, 13528, 13515, 13559, 13559, 13517, 13523, 13536, 13516, 13545, 13550, 13521]}