{"avg": [0.3806667, 0.40792388, 0.42053342, 0.42099681, 0.43344766, 0.43999812, 0.44656986, 0.4592123, 0.46577394, 0.4783905, 0.47910675, 0.49211, 0.50504375, 0.5181524, 0.53148437, 0.54469794, 0.5581448, 0.56499493, 0.56584775, 0.57869494, 0.59148574, 0.5996409, 0.6078848, 0.61639005, 0.6187143, 0.6212648, 0.6232054, 0.6266946, 0.63031244, 0.63428366, 0.6370321, 0.6395612, 0.6427157, 0.6457691, 0.65019256, 0.65384966, 0.65718234, 0.6613826, 0.6644745, 0.66899866, 0.67265046, 0.6775592, 0.68272054, 0.6882115, 0.6940291, 0.69959944, 0.704837, 0.7093847, 0.7139953, 0.7181742], "std": [0.14561597, 0.1453373, 0.14742485, 0.14749691, 0.14874342, 0.14914317, 0.14936079, 0.14877681, 0.14822313, 0.14625399, 0.14628972, 0.14345218, 0.13945739, 0.134384, 0.12796776, 0.119982935, 0.11003575, 0.10451085, 0.10527717, 0.09094891, 0.07246125, 0.061028834, 0.045518227, 0.017192468, 0.01766852, 0.018050265, 0.018636487, 0.01930474, 0.019770367, 0.020327296, 0.020733401, 0.021162067, 0.021158898, 0.021823173, 0.0217227, 0.021740742, 0.021978458, 0.02190202, 0.022295514, 0.021768486, 0.022072805, 0.02143791, 0.020390825, 0.018589504, 0.015632486, 0.013088748, 0.008689705, 0.00797429, 0.006478179, 0.005199826], "var": [0.96, 0.92, 0.9, 0.88, 0.86, 0.86, 0.84, 0.84, 0.82, 0.82, 0.78, 0.74, 0.7, 0.66, 0.62, 0.58, 0.56, 0.56, 0.56, 0.54, 0.52, 0.5, 0.48, 0.48, 0.46, 0.48, 0.44, 0.4, 0.36, 0.36, 0.38, 0.36, 0.36, 0.34, 0.32, 0.34, 0.3, 0.28, 0.26, 0.24, 0.22, 0.22, 0.22, 0.2, 0.16, 0.14, 0.12, 0.1, 0.06, 0.04], "best": [0.5666667, 0.60047626, 0.6007143, 0.6031747, 0.6044048, 0.60523814, 0.6057937, 0.6063266, 0.6067858, 0.60703707, 0.6071429, 0.60744596, 0.6088096, 0.60989016, 0.61139464, 0.6148572, 0.6183334, 0.6217928, 0.62484133, 0.62751883, 0.62995243, 0.6321542, 0.63471866, 0.63743275, 0.64037704, 0.6432191, 0.646044, 0.6486773, 0.6515817, 0.65466344, 0.6579366, 0.6610139, 0.6639584, 0.66686875, 0.66978997, 0.6728844, 0.67599213, 0.6790606, 0.68223065, 0.6853236, 0.6885239, 0.6917074, 0.6950227, 0.69847184, 0.7020455, 0.70572495, 0.7094203, 0.7131105, 0.7167163, 0.7202722], "duration": [3272, 3255, 3249, 3196, 3255, 3199, 3279, 3218, 3271, 3175, 3286, 3280, 3092, 3143, 3249, 3238, 3241, 3168, 3160, 3241, 3251, 3257, 3278, 3227, 3243, 3256, 3241, 3255, 3269, 3261, 3235, 3269, 3249, 3268, 3297, 3253, 3272, 3261, 3236, 3291, 3277, 3267, 3248, 3265, 3615, 3285, 3330, 3262, 3254, 3271]}