{"avg": [0.12592594, 0.12689076, 0.18944317, 0.23241553, 0.15376039, 0.13804814, 0.1661822, 0.1721835, 0.19311793, 0.16588467, 0.22268435, 0.16561666, 0.17664236, 0.21734479, 0.22359568, 0.1840854, 0.20599055, 0.29163206, 0.14954217, 0.2620311, 0.26422846, 0.23884448, 0.20579177, 0.18613009, 0.25046855, 0.26268393, 0.26395154, 0.2162477, 0.17164212, 0.3061566, 0.22432122, 0.2350783, 0.29461533, 0.26264393, 0.29713228, 0.23326337, 0.32986733, 0.21563946, 0.31281912, 0.283773, 0.24044745, 0.29998064, 0.30940282, 0.2814922, 0.28083548, 0.32840657, 0.3180705, 0.28399053, 0.24998161, 0.27178764], "std": [0.1546712, 0.10590108, 0.16399457, 0.1725119, 0.12995218, 0.09191839, 0.1287846, 0.113002725, 0.1406913, 0.10766945, 0.15744826, 0.121907204, 0.10374192, 0.15218912, 0.12618768, 0.12620376, 0.14055884, 0.17006636, 0.14730282, 0.10719358, 0.13853799, 0.15214746, 0.14216048, 0.14534184, 0.13850743, 0.15352185, 0.17051864, 0.112716615, 0.15614693, 0.13940868, 0.13271606, 0.15966144, 0.20271683, 0.15216997, 0.13965975, 0.13232407, 0.16618182, 0.14577119, 0.15084423, 0.1489748, 0.13729885, 0.13049111, 0.13180602, 0.12655252, 0.15370013, 0.15776044, 0.14512046, 0.13250959, 0.12472516, 0.1518904], "var": [0.99333334, 0.99333334, 0.9866667, 0.98, 0.97333336, 0.96666664, 0.96, 0.94666666, 0.94666666, 0.94666666, 0.94666666, 0.93333334, 0.9266667, 0.91333336, 0.91333336, 0.9066667, 0.9066667, 0.8933333, 0.8933333, 0.8933333, 0.88666666, 0.88666666, 0.88666666, 0.88, 0.8666667, 0.86, 0.8466667, 0.84, 0.82666665, 0.82666665, 0.82, 0.8066667, 0.8, 0.79333335, 0.8, 0.7866667, 0.7866667, 0.78, 0.7733333, 0.76666665, 0.75333333, 0.74, 0.74666667, 0.74, 0.73333335, 0.73333335, 0.7266667, 0.7266667, 0.7133333, 0.70666665], "best": [0.51111114, 0.38862437, 0.5417234, 0.54974544, 0.39365083, 0.32680377, 0.38610366, 0.3774294, 0.5352584, 0.37876615, 0.49626046, 0.38501066, 0.38722676, 0.54136693, 0.53443867, 0.38035345, 0.3816367, 0.53808475, 0.535822, 0.54164165, 0.54380685, 0.5440831, 0.5400403, 0.38333338, 0.5361055, 0.5449772, 0.5457289, 0.38333338, 0.38882104, 0.54684883, 0.5478665, 0.5479237, 0.5488237, 0.5346735, 0.5505806, 0.53557986, 0.5507308, 0.5375988, 0.5513904, 0.5519673, 0.39123577, 0.5355226, 0.55206746, 0.5437378, 0.5390858, 0.5534324, 0.5540278, 0.5518609, 0.39319924, 0.39357808], "duration": [5831, 1917, 7747, 5943, 1937, 3860, 1986, 2048, 3946, 3927, 3989, 3982, 1946, 5799, 7686, 3804, 1993, 6021, 3934, 5835, 5893, 5867, 5837, 2355, 5887, 5850, 9635, 3921, 2155, 7733, 5914, 5863, 9715, 5843, 5875, 3973, 9664, 5841, 5858, 9664, 2027, 3979, 10094, 5796, 5960, 9717, 7837, 5859, 3993, 2112]}