{"avg": [0.30196086, 0.49243698, 0.47810853, 0.3930159, 0.43398142, 0.48945993, 0.42774126, 0.4582411, 0.54309577, 0.5078935, 0.50766873, 0.48782605, 0.50510705, 0.49061725, 0.5857424, 0.52439934, 0.54612494, 0.5329316, 0.5711161, 0.574793, 0.5905753, 0.6160899, 0.59428984, 0.5512137, 0.61872995, 0.6035348, 0.6208087, 0.6214228, 0.6280541, 0.6270267, 0.6303752, 0.6389503, 0.6430625, 0.6222979, 0.6451542, 0.645877, 0.6571715, 0.65335935, 0.6579154, 0.6621071, 0.6582809, 0.6686421, 0.67590666, 0.67486924, 0.6722559, 0.6766205, 0.68658125, 0.6860144, 0.69337827, 0.70406896], "std": [0.09665693, 0.13549148, 0.1448669, 0.14294906, 0.15021548, 0.14645661, 0.15266381, 0.15474203, 0.121005714, 0.1437066, 0.1444983, 0.15314502, 0.15015323, 0.15033324, 0.08098835, 0.14119205, 0.12423949, 0.14005738, 0.10617181, 0.09769097, 0.07953212, 0.01645882, 0.08974186, 0.13049413, 0.016292464, 0.08599206, 0.018516721, 0.0178718, 0.021176502, 0.019387668, 0.018666122, 0.015019169, 0.02046424, 0.096557595, 0.019577377, 0.022112953, 0.015485739, 0.023576498, 0.020383341, 0.023560356, 0.026636075, 0.022456815, 0.018279625, 0.02258237, 0.026263652, 0.031759053, 0.022063477, 0.029137796, 0.026425328, 0.008982965], "var": [0.96, 0.92, 0.88, 0.84, 0.82, 0.8, 0.76, 0.72, 0.7, 0.72, 0.7, 0.72, 0.7, 0.68, 0.66, 0.62, 0.58, 0.56, 0.54, 0.52, 0.54, 0.5, 0.48, 0.44, 0.42, 0.4, 0.38, 0.38, 0.36, 0.34, 0.34, 0.34, 0.32, 0.3, 0.32, 0.32, 0.3, 0.26, 0.24, 0.22, 0.2, 0.18, 0.18, 0.18, 0.16, 0.16, 0.16, 0.16, 0.14, 0.12], "best": [0.5666667, 0.6044819, 0.60758936, 0.59952384, 0.6029305, 0.603602, 0.6090226, 0.6166453, 0.6173092, 0.619819, 0.62135184, 0.62264746, 0.62644935, 0.6305576, 0.6303408, 0.63265604, 0.63375753, 0.6342025, 0.6361325, 0.6374496, 0.6370337, 0.6373716, 0.63913655, 0.64103806, 0.64149666, 0.64295566, 0.64656484, 0.64728796, 0.64851195, 0.6518602, 0.6530084, 0.655095, 0.657567, 0.6616719, 0.6648527, 0.6674399, 0.6697414, 0.6732467, 0.6761824, 0.67877644, 0.68167555, 0.6837208, 0.68692315, 0.6901831, 0.6925421, 0.6948824, 0.6981193, 0.70088965, 0.70402694, 0.70708025], "duration": [1483, 1156, 1391, 1194, 1199, 1187, 1179, 1191, 1222, 1180, 1284, 1202, 1211, 1608, 1192, 1208, 1202, 1182, 1219, 1611, 1213, 1211, 1196, 1194, 1192, 1188, 1198, 1213, 1612, 1197, 1201, 1172, 1118, 1110, 1293, 1106, 1191, 1187, 1190, 1252, 1184, 1363, 1188, 1134, 1131, 1322, 1138, 1338, 1192, 1191]}