{"avg": [0.1513889, 0.15047619, 0.17629573, 0.15893102, 0.2553308, 0.24189264, 0.2129943, 0.23070833, 0.22901903, 0.22301587, 0.25429574, 0.2575539, 0.21899778, 0.2448578, 0.27058867, 0.28379112, 0.34858233, 0.23944305, 0.3031896, 0.34327734, 0.3220629, 0.3416243, 0.35865423, 0.35809523, 0.35378692, 0.42559147, 0.3931321, 0.33106312, 0.36243024, 0.43333337, 0.3991491, 0.44664907, 0.4863657, 0.47652307, 0.46549594, 0.48727804, 0.5017961, 0.48695487, 0.46908876, 0.4524961, 0.4881665, 0.4812095, 0.49109426, 0.53136426, 0.5074388, 0.53199893, 0.5587242, 0.54594415, 0.5760444, 0.5446144], "std": [0.09756883, 0.15423107, 0.114915885, 0.094712175, 0.1237512, 0.1683527, 0.1482393, 0.13731578, 0.14980003, 0.1591629, 0.16019839, 0.14735612, 0.15544312, 0.14187118, 0.15787272, 0.13465385, 0.15339753, 0.10336085, 0.16090423, 0.13563132, 0.13860928, 0.1317372, 0.16056192, 0.10771986, 0.13521755, 0.1252773, 0.13808264, 0.20534848, 0.15548702, 0.11906973, 0.145955, 0.16004054, 0.09753263, 0.12196349, 0.15530922, 0.104279175, 0.07944169, 0.14484605, 0.15962598, 0.16939852, 0.125706, 0.17025542, 0.10912472, 0.101288155, 0.15623945, 0.10433702, 0.102343924, 0.110600375, 0.060169287, 0.10553345], "var": [0.98, 0.98, 0.96, 0.94, 0.92, 0.88, 0.86, 0.88, 0.86, 0.84, 0.82, 0.8, 0.78, 0.78, 0.74, 0.72, 0.7, 0.68, 0.66, 0.64, 0.62, 0.64, 0.6, 0.62, 0.58, 0.6, 0.56, 0.58, 0.56, 0.56, 0.52, 0.5, 0.52, 0.48, 0.48, 0.46, 0.44, 0.42, 0.4, 0.4, 0.4, 0.38, 0.38, 0.38, 0.34, 0.32, 0.3, 0.28, 0.28, 0.28], "best": [0.3555556, 0.5259921, 0.38627756, 0.38859737, 0.53194445, 0.537004, 0.5402657, 0.525439, 0.5310447, 0.5339354, 0.5362516, 0.5388662, 0.54115355, 0.54243946, 0.5420742, 0.53661424, 0.5440492, 0.39660037, 0.54389113, 0.54372156, 0.54180896, 0.5438851, 0.5512295, 0.54748315, 0.5476149, 0.5494506, 0.55667764, 0.5544987, 0.5557948, 0.55778414, 0.5621461, 0.56264067, 0.5650889, 0.566327, 0.568254, 0.5702036, 0.57220966, 0.5741532, 0.5789962, 0.5809886, 0.58265364, 0.5852058, 0.5878067, 0.59086424, 0.5941348, 0.5973746, 0.59977543, 0.6034652, 0.60638064, 0.6096715], "duration": [3783, 7580, 9828, 1830, 7648, 9935, 5708, 3822, 7676, 7694, 5769, 5824, 11815, 9649, 7777, 7676, 9679, 11418, 9868, 7715, 11531, 13356, 11594, 9547, 9737, 9675, 13445, 11558, 9651, 11496, 8228, 13472, 11622, 13479, 22463, 13487, 11613, 13504, 11617, 11599, 15722, 13504, 13487, 15717, 15755, 13452, 13500, 13498, 13507, 13472]}