{"avg": [0.42962965, 0.44365084, 0.46562052, 0.4218335, 0.40880868, 0.47174352, 0.4347158, 0.44939473, 0.47121102, 0.47036862, 0.4631798, 0.44717988, 0.5034338, 0.48601198, 0.48438406, 0.48825932, 0.4675228, 0.5300744, 0.50530267, 0.49900827, 0.525296, 0.50337154, 0.5252051, 0.52411485, 0.52733856, 0.5426228, 0.5043871, 0.52765995, 0.5507119, 0.55270606, 0.5328405, 0.55429125, 0.5587157, 0.56436205, 0.5508388, 0.55384344, 0.5567582, 0.5616007, 0.5685901, 0.5728474, 0.57836235, 0.55957454, 0.5796382, 0.5864785, 0.58643156, 0.59064984, 0.5770368, 0.5982936, 0.5929338, 0.5840933], "std": [0.10507036, 0.13034278, 0.10094919, 0.111858316, 0.110589094, 0.100575075, 0.11755866, 0.10345733, 0.111017026, 0.10812263, 0.10277396, 0.11708839, 0.06886684, 0.08128855, 0.102622904, 0.09327099, 0.103803866, 0.05063087, 0.075285956, 0.07934035, 0.054555673, 0.083958104, 0.053090505, 0.06600867, 0.05921388, 0.043216538, 0.07678893, 0.059891608, 0.011324304, 0.009492087, 0.05494344, 0.011416334, 0.011199738, 0.011956911, 0.04363246, 0.047286253, 0.046697445, 0.016286721, 0.015003656, 0.019937184, 0.016945925, 0.047758266, 0.01553654, 0.011720808, 0.017880227, 0.016268529, 0.05376423, 0.011144107, 0.023182709, 0.05287261], "var": [0.98, 0.98, 0.96, 0.98, 0.98, 0.98, 0.96, 0.92, 0.92, 0.9, 0.9, 0.9, 0.9, 0.88, 0.88, 0.86, 0.86, 0.84, 0.82, 0.8, 0.8, 0.78, 0.78, 0.78, 0.76, 0.74, 0.72, 0.72, 0.7, 0.7, 0.68, 0.64, 0.62, 0.64, 0.66, 0.64, 0.64, 0.6, 0.6, 0.58, 0.6, 0.6, 0.6, 0.6, 0.56, 0.56, 0.56, 0.58, 0.56, 0.56], "best": [0.51111114, 0.5539683, 0.5464647, 0.54609656, 0.5452263, 0.54381335, 0.54561067, 0.5452112, 0.54888415, 0.55237013, 0.5535861, 0.55324596, 0.5474391, 0.55045354, 0.55304116, 0.55428445, 0.55540794, 0.5509987, 0.55356866, 0.55434424, 0.5570189, 0.5596541, 0.55961204, 0.56068176, 0.5619798, 0.5653705, 0.5681966, 0.56775564, 0.5693182, 0.57190585, 0.5715391, 0.5730159, 0.57488495, 0.5770452, 0.57968616, 0.58206356, 0.58510125, 0.5878171, 0.58928573, 0.5916468, 0.59359276, 0.59635144, 0.5975202, 0.5998846, 0.60320914, 0.60567284, 0.6085017, 0.6105719, 0.6131793, 0.6154851], "duration": [26862, 31573, 26799, 31229, 30619, 27116, 35399, 27034, 27035, 31703, 26689, 27002, 27019, 27073, 27056, 27055, 25080, 27027, 31655, 27109, 27089, 31516, 27039, 27037, 27080, 31619, 27054, 27151, 27152, 26976, 27014, 27073, 27070, 27333, 26955, 27060, 26998, 31474, 31582, 26980, 27041, 26928, 36014, 27004, 27054, 26969, 27004, 27274, 27190, 31617]}