{"avg": [0.11250001, 0.1886519, 0.20666225, 0.20983729, 0.20320334, 0.15000123, 0.2188229, 0.2463242, 0.2716847, 0.26034, 0.2713299, 0.24778366, 0.21408577, 0.28266412, 0.3207805, 0.27348852, 0.2314855, 0.30039907, 0.34352922, 0.2916819, 0.37921792, 0.3130925, 0.39243186, 0.3594131, 0.35591596, 0.36662674, 0.33026713, 0.37924737, 0.38017407, 0.43570596, 0.48210564, 0.4830894, 0.43406552, 0.5061735, 0.4183736, 0.50836504, 0.45104042, 0.4607353, 0.52675325, 0.53050137, 0.5166742, 0.5623337, 0.5303086, 0.5495528, 0.51659834, 0.53365034, 0.5145972, 0.605911, 0.51790637, 0.5389303], "std": [0.117186345, 0.13877344, 0.12253593, 0.10119662, 0.103498146, 0.14528981, 0.17349103, 0.173149, 0.16186404, 0.16351834, 0.18338405, 0.14243586, 0.112111576, 0.14010596, 0.14023444, 0.18857878, 0.16778669, 0.15764238, 0.20901537, 0.14178851, 0.15531331, 0.19211146, 0.16724654, 0.17176469, 0.13935435, 0.1797963, 0.15348086, 0.19474581, 0.19148035, 0.12800008, 0.12416571, 0.10676786, 0.19752198, 0.14544336, 0.20343384, 0.10563155, 0.16491714, 0.14881505, 0.08447718, 0.09354072, 0.07474325, 0.07859951, 0.08396965, 0.10989504, 0.11203489, 0.11897767, 0.10998227, 0.016561786, 0.17013219, 0.11836171], "var": [0.98, 0.98, 0.94, 0.92, 0.9, 0.86, 0.86, 0.86, 0.82, 0.82, 0.84, 0.8, 0.76, 0.74, 0.72, 0.7, 0.68, 0.7, 0.7, 0.72, 0.7, 0.68, 0.64, 0.68, 0.64, 0.68, 0.68, 0.66, 0.62, 0.6, 0.6, 0.56, 0.54, 0.5, 0.48, 0.48, 0.48, 0.46, 0.46, 0.48, 0.48, 0.48, 0.46, 0.44, 0.44, 0.42, 0.44, 0.42, 0.38, 0.36], "best": [0.3555556, 0.39275798, 0.52931845, 0.40224093, 0.39877903, 0.5349207, 0.5371072, 0.5409775, 0.54138064, 0.5455939, 0.543886, 0.54736656, 0.38804567, 0.5424756, 0.5495727, 0.55166805, 0.54431164, 0.55389667, 0.55476195, 0.55464166, 0.5587302, 0.56135947, 0.56257045, 0.5647326, 0.5651946, 0.5638013, 0.56009585, 0.57129157, 0.5692878, 0.5737706, 0.5767677, 0.5795573, 0.58244354, 0.58481395, 0.58807576, 0.5895734, 0.5923361, 0.5952491, 0.5990016, 0.6017675, 0.6038611, 0.60597485, 0.60696906, 0.6105551, 0.6121794, 0.6140584, 0.61640066, 0.6191672, 0.6219563, 0.624222], "duration": [2029, 6168, 9896, 3792, 7685, 7680, 9928, 5806, 5769, 7668, 5762, 7739, 4009, 3960, 5955, 8410, 7863, 9695, 9610, 9600, 13821, 4178, 11624, 9722, 9681, 9797, 9759, 11648, 11605, 13531, 18060, 11679, 13506, 13520, 13873, 13504, 13872, 13501, 13504, 13475, 11646, 13546, 13496, 13518, 13497, 13512, 15766, 13537, 13492, 13518]}