Hyperparameter,InfinityPool,LogicErrorPool,MemoryPool,MultiThreadedPool
BitWise Inversion,0.6658119288888888,0.51609578,0.714111704,0.5750784722222222
RandomInversion,0.626175185,0.474457001,0.6719794649999999,0.538215506
SingleBitInversion,0.660783786,0.501814278,0.704958764,0.549545887
