{"avg": [0.16993463, 0.20551407, 0.2376017, 0.17307015, 0.18358846, 0.18769789, 0.18461841, 0.17016841, 0.18686517, 0.18644921, 0.14324526, 0.20335889, 0.18378058, 0.2252485, 0.21605651, 0.2037089, 0.25382388, 0.19303259, 0.21744321, 0.23610112, 0.19104627, 0.2648435, 0.21290217, 0.25407907, 0.23247106, 0.27082518, 0.2891351, 0.24076922, 0.31030044, 0.2441367, 0.2794779, 0.32783136, 0.36610663, 0.3961633, 0.29583222, 0.35275042, 0.23915052, 0.30170295, 0.3354898, 0.30655435, 0.2682314, 0.31169426, 0.37683508, 0.35833025, 0.31114045, 0.2810766, 0.29224384, 0.3413221, 0.32157493, 0.25834382], "std": [0.111487255, 0.10202407, 0.161864, 0.12804368, 0.12589973, 0.12863806, 0.121059895, 0.117007874, 0.104492046, 0.1245469, 0.13087107, 0.17376824, 0.15360093, 0.115618356, 0.14454079, 0.17983738, 0.15790886, 0.09643215, 0.10877542, 0.14636041, 0.1153867, 0.13666765, 0.16202211, 0.13612875, 0.16068731, 0.12837747, 0.15706424, 0.10423193, 0.11416022, 0.16031508, 0.16598105, 0.13200589, 0.15850776, 0.14679259, 0.16611628, 0.1257581, 0.14198788, 0.16377084, 0.14723785, 0.16461267, 0.15102623, 0.12909698, 0.15756725, 0.15806967, 0.17231113, 0.17064638, 0.17716973, 0.14031012, 0.115997724, 0.12256494], "var": [0.984, 0.984, 0.976, 0.968, 0.952, 0.944, 0.944, 0.936, 0.928, 0.92, 0.912, 0.904, 0.896, 0.896, 0.888, 0.88, 0.872, 0.864, 0.864, 0.848, 0.848, 0.848, 0.832, 0.816, 0.808, 0.808, 0.792, 0.792, 0.784, 0.776, 0.76, 0.776, 0.776, 0.776, 0.76, 0.752, 0.744, 0.76, 0.768, 0.768, 0.768, 0.752, 0.736, 0.728, 0.72, 0.72, 0.704, 0.704, 0.704, 0.688], "best": [0.51111114, 0.38076568, 0.54036283, 0.38028088, 0.37766445, 0.38739392, 0.3853753, 0.38133284, 0.33926547, 0.37506405, 0.38005725, 0.535046, 0.5351507, 0.5323696, 0.53671384, 0.53426707, 0.53718823, 0.38108334, 0.3843736, 0.537105, 0.38075343, 0.5374409, 0.53650373, 0.5385134, 0.53760505, 0.5388982, 0.5402657, 0.3853175, 0.5402061, 0.54220927, 0.5425135, 0.5426317, 0.54599386, 0.5462949, 0.54618806, 0.5469852, 0.39413944, 0.54950875, 0.55048704, 0.53986156, 0.54904556, 0.5493155, 0.5508491, 0.5516719, 0.55059236, 0.55319744, 0.55288434, 0.5540278, 0.5532671, 0.5532357], "duration": [3838, 3840, 5749, 3824, 5712, 2019, 3887, 3852, 3944, 7623, 5663, 3888, 5753, 3874, 2035, 5869, 5841, 3845, 5771, 9549, 7716, 5854, 5814, 5805, 5800, 4018, 3977, 5769, 7845, 3992, 9887, 7843, 7741, 7862, 5818, 9636, 4078, 7812, 10068, 7867, 5917, 3968, 11571, 9723, 7789, 4017, 4062, 5957, 7707, 2114]}