{"avg": [0.47450992, 0.44189602, 0.4627672, 0.4802769, 0.5126836, 0.45898387, 0.47541073, 0.45921472, 0.5017332, 0.49736953, 0.50847346, 0.5035576, 0.5042167, 0.4885238, 0.52216035, 0.50043, 0.4906196, 0.52486926, 0.5376982, 0.5188799, 0.5291367, 0.52594113, 0.5396297, 0.51974213, 0.52314734, 0.52166545, 0.52844024, 0.53596824, 0.54471815, 0.5133107, 0.5589513, 0.5640288, 0.56181526, 0.55316246, 0.55672014, 0.5561193, 0.55832916, 0.5697582, 0.56150746, 0.55517906, 0.5753904, 0.54229033, 0.5802783, 0.559353, 0.5842888, 0.58723754, 0.57756764, 0.5909938, 0.58903325, 0.5904756], "std": [0.065983936, 0.10210773, 0.098929726, 0.08232441, 0.061983515, 0.105239876, 0.08482807, 0.08174204, 0.06805353, 0.07766427, 0.06449602, 0.066765286, 0.07324645, 0.078788295, 0.060814172, 0.07305755, 0.08329137, 0.056265887, 0.042602636, 0.066954784, 0.052669376, 0.06325105, 0.042008147, 0.07676453, 0.06531103, 0.071958736, 0.058702294, 0.055644937, 0.05673848, 0.075029925, 0.012463383, 0.008400972, 0.010729939, 0.038832795, 0.042875458, 0.041553874, 0.03964198, 0.012355057, 0.03954983, 0.056094076, 0.013169799, 0.07166001, 0.013970277, 0.06121624, 0.008519026, 0.007386714, 0.042255208, 0.010661671, 0.013639407, 0.014699299], "var": [0.98, 0.96, 0.96, 0.94, 0.92, 0.9, 0.9, 0.9, 0.88, 0.86, 0.84, 0.84, 0.82, 0.8, 0.76, 0.74, 0.74, 0.74, 0.72, 0.7, 0.68, 0.68, 0.68, 0.68, 0.66, 0.68, 0.64, 0.64, 0.66, 0.66, 0.64, 0.62, 0.62, 0.64, 0.62, 0.62, 0.6, 0.58, 0.58, 0.56, 0.6, 0.58, 0.58, 0.58, 0.6, 0.58, 0.54, 0.5, 0.46, 0.42], "best": [0.51111114, 0.5489263, 0.5475257, 0.5461516, 0.54665774, 0.54037106, 0.5424523, 0.54512477, 0.54403526, 0.5455939, 0.54785424, 0.5455475, 0.54854363, 0.5502671, 0.55356795, 0.55076087, 0.55282396, 0.5558309, 0.55714846, 0.5592839, 0.5606079, 0.5613042, 0.56317735, 0.56463337, 0.5661863, 0.5673064, 0.5684967, 0.5696892, 0.5722742, 0.57397664, 0.57441825, 0.5735559, 0.5771111, 0.57841706, 0.5795298, 0.5779357, 0.58168477, 0.5830799, 0.58452386, 0.5861269, 0.5878863, 0.58926195, 0.5901338, 0.59205633, 0.5932663, 0.5950638, 0.59665656, 0.59893966, 0.60056645, 0.6023389], "duration": [31598, 25070, 31406, 26954, 27022, 26949, 27028, 25611, 26976, 26918, 25054, 26965, 26994, 26953, 26996, 26948, 27008, 27089, 27064, 27023, 27054, 27006, 27053, 27009, 26679, 26962, 35963, 31485, 27006, 26970, 27003, 27449, 27051, 27022, 26976, 27847, 27070, 27066, 27037, 26980, 27014, 27869, 26949, 27028, 27034, 27100, 31616, 27089, 27024, 27048]}