{"avg": [0.124444455, 0.1573619, 0.1589238, 0.15428254, 0.16969764, 0.15996446, 0.16316825, 0.16676599, 0.1605397, 0.15408042, 0.15527019, 0.1548583, 0.1623159, 0.17241174, 0.1729354, 0.16573592, 0.2007167, 0.18834135, 0.19305027, 0.19451296, 0.21540895, 0.20506664, 0.19859141, 0.2196733, 0.23223926, 0.22433409, 0.22864558, 0.21274814, 0.22370262, 0.22234856, 0.22473556, 0.22110388, 0.24725133, 0.24977896, 0.23481806, 0.2411962, 0.2339479, 0.25380567, 0.2595877, 0.25610334, 0.26258937, 0.2577566, 0.27539617, 0.27890456, 0.2784752, 0.28135133, 0.28823936, 0.28474668, 0.28669783, 0.2879251], "std": [0.12220203, 0.12982577, 0.12581459, 0.1374109, 0.11941203, 0.10877082, 0.11799503, 0.12164979, 0.11436313, 0.11467715, 0.12023898, 0.12519433, 0.121288806, 0.12943487, 0.12608196, 0.12975138, 0.12313889, 0.12462382, 0.13427371, 0.1281347, 0.12509224, 0.13075492, 0.13125332, 0.1269353, 0.11541971, 0.12933095, 0.12536821, 0.13967979, 0.123411305, 0.13421094, 0.122509964, 0.12728983, 0.10783285, 0.09980542, 0.12766379, 0.1102361, 0.12067529, 0.10800652, 0.10143093, 0.10840768, 0.10952876, 0.106946, 0.09645919, 0.096556574, 0.094594695, 0.085907236, 0.0950431, 0.09250532, 0.0838033, 0.091446556], "var": [0.98, 0.98, 0.98, 0.96, 0.94, 0.92, 0.9, 0.88, 0.86, 0.86, 0.84, 0.84, 0.84, 0.82, 0.84, 0.84, 0.84, 0.8, 0.78, 0.8, 0.82, 0.82, 0.78, 0.76, 0.74, 0.72, 0.72, 0.7, 0.7, 0.72, 0.74, 0.74, 0.7, 0.7, 0.7, 0.72, 0.7, 0.66, 0.64, 0.6, 0.58, 0.6, 0.64, 0.62, 0.6, 0.58, 0.56, 0.58, 0.6, 0.62], "best": [0.3555556, 0.38269845, 0.38269845, 0.3830159, 0.3830556, 0.38022226, 0.38285717, 0.38303858, 0.38317466, 0.38328046, 0.38222227, 0.3838673, 0.38412702, 0.3843468, 0.38450116, 0.38352385, 0.3845437, 0.3845192, 0.38452384, 0.384528, 0.38717464, 0.3879819, 0.38875908, 0.38944793, 0.39025798, 0.39100322, 0.38779002, 0.3922399, 0.39276648, 0.39330602, 0.39380956, 0.3943728, 0.3947818, 0.39528143, 0.39580768, 0.39207262, 0.3967196, 0.39707425, 0.39742276, 0.39782667, 0.39823416, 0.398645, 0.39903632, 0.3994205, 0.39981967, 0.4001905, 0.40060735, 0.4009862, 0.40133932, 0.4016586], "duration": [8585, 9523, 9057, 9838, 9190, 9728, 9576, 9161, 9899, 9805, 8800, 9073, 9086, 9130, 9208, 9223, 8891, 8023, 6414, 8351, 8191, 6334, 6480, 6237, 6230, 6209, 6165, 5850, 6130, 6442, 5715, 6221, 6330, 6202, 5865, 5733, 6019, 5833, 5798, 5666, 5791, 5923, 5824, 5731, 5838, 5758, 5677, 5765, 6024, 5924]}