{"avg": [0.15347223, 0.23086642, 0.17610407, 0.2180408, 0.20256995, 0.19940478, 0.21882649, 0.18209867, 0.21587954, 0.20525947, 0.20941456, 0.1888853, 0.21511333, 0.24460198, 0.21476275, 0.20109211, 0.2143699, 0.24268195, 0.23789097, 0.23159958, 0.24017769, 0.21770105, 0.20583531, 0.21653031, 0.26161504, 0.25282916, 0.26256648, 0.22927135, 0.2724282, 0.25899547, 0.2222771, 0.26034665, 0.24441664, 0.27601382, 0.28275812, 0.2862258, 0.28153604, 0.30828986, 0.29141736, 0.2664817, 0.2723379, 0.2693362, 0.28370744, 0.29564252, 0.33801425, 0.29595578, 0.31310037, 0.32031295, 0.2765693, 0.31005293], "std": [0.07213871, 0.07454797, 0.076058455, 0.06435418, 0.088819206, 0.08562923, 0.080290146, 0.07994389, 0.08958604, 0.08413394, 0.09241152, 0.1025677, 0.07326022, 0.075156115, 0.055606462, 0.08886422, 0.11339896, 0.09484177, 0.07632803, 0.08014588, 0.06341012, 0.094498135, 0.06835003, 0.11029363, 0.066742845, 0.10679573, 0.07049463, 0.10072103, 0.04618813, 0.11183205, 0.09593165, 0.08459111, 0.086208284, 0.063117415, 0.11942429, 0.045769814, 0.0864514, 0.067521654, 0.109811105, 0.10390788, 0.094840884, 0.075303204, 0.11389671, 0.08523098, 0.051095776, 0.065574706, 0.07442341, 0.08451929, 0.079691365, 0.100129604], "var": [1.0, 1.0, 1.0, 0.98, 0.97, 0.96, 0.94, 0.93, 0.92, 0.93, 0.91, 0.91, 0.9, 0.9, 0.9, 0.9, 0.89, 0.89, 0.89, 0.88, 0.86, 0.86, 0.85, 0.83, 0.81, 0.82, 0.83, 0.83, 0.83, 0.81, 0.81, 0.8, 0.78, 0.78, 0.76, 0.76, 0.75, 0.74, 0.72, 0.7, 0.7, 0.7, 0.69, 0.68, 0.67, 0.67, 0.68, 0.67, 0.67, 0.68], "best": [0.2777778, 0.37341273, 0.3154122, 0.31729147, 0.40574455, 0.31782198, 0.31971598, 0.30371317, 0.3756737, 0.31498152, 0.31605804, 0.32230115, 0.32255894, 0.40468812, 0.32098, 0.32185593, 0.37647912, 0.3780142, 0.40566212, 0.32796675, 0.31129813, 0.40645903, 0.40716258, 0.407665, 0.37888533, 0.40788645, 0.41508126, 0.37952673, 0.32713944, 0.3810658, 0.39754164, 0.3826331, 0.38312215, 0.3813784, 0.48748583, 0.33081347, 0.39929456, 0.42176092, 0.4920508, 0.38667116, 0.48956916, 0.38369733, 0.41708243, 0.4251621, 0.41799527, 0.39110988, 0.39169335, 0.4268119, 0.4027417, 0.426749], "duration": [2101, 2301, 6548, 5914, 3960, 2034, 5948, 3957, 2152, 2110, 4023, 5920, 2107, 2119, 4705, 2060, 4391, 6027, 2074, 5969, 7805, 5966, 4010, 6011, 6036, 4067, 3981, 4060, 8175, 4207, 7983, 7893, 4490, 5982, 9752, 5900, 4087, 6037, 4004, 4104, 5978, 4012, 6033, 2239, 7961, 7915, 4111, 5979, 7892, 8322]}