{"avg": [0.37333336, 0.40075243, 0.40463814, 0.4094572, 0.41454688, 0.4186845, 0.4261318, 0.43227977, 0.43646592, 0.43684024, 0.43799716, 0.44921505, 0.45587295, 0.46044102, 0.47219893, 0.48082733, 0.4844657, 0.48816246, 0.4958195, 0.5000935, 0.515065, 0.5157669, 0.51656693, 0.5214641, 0.52523416, 0.5292786, 0.53298473, 0.5335326, 0.5384788, 0.539259, 0.5407105, 0.5437151, 0.54420304, 0.5455972, 0.54613745, 0.550982, 0.55521965, 0.5566177, 0.5579046, 0.5591607, 0.5598885, 0.5641119, 0.56500274, 0.56577086, 0.5670325, 0.5674632, 0.56880003, 0.57039154, 0.571621, 0.5734186], "std": [0.12163495, 0.12274768, 0.11895573, 0.1195933, 0.12007426, 0.12086134, 0.12257543, 0.11940662, 0.11979791, 0.119760856, 0.11936759, 0.114590086, 0.11530253, 0.11506147, 0.10787948, 0.10564879, 0.10539366, 0.10517368, 0.1026671, 0.10204746, 0.07148174, 0.07187054, 0.07224777, 0.06803721, 0.06567107, 0.06042298, 0.057102557, 0.05733943, 0.050193418, 0.050409045, 0.051341694, 0.045421187, 0.045580994, 0.045849554, 0.04603159, 0.03586987, 0.026502375, 0.026609229, 0.026752556, 0.026811695, 0.02700918, 0.010703829, 0.010728791, 0.010813096, 0.010498714, 0.010647963, 0.010183932, 0.009828437, 0.009785765, 0.010614622], "var": [1.0, 0.96, 0.92, 0.88, 0.86, 0.88, 0.86, 0.84, 0.82, 0.82, 0.8, 0.78, 0.76, 0.72, 0.7, 0.66, 0.66, 0.66, 0.66, 0.64, 0.68, 0.7, 0.7, 0.68, 0.72, 0.72, 0.72, 0.7, 0.68, 0.68, 0.68, 0.7, 0.66, 0.64, 0.64, 0.6, 0.6, 0.58, 0.58, 0.58, 0.56, 0.58, 0.58, 0.54, 0.56, 0.54, 0.58, 0.6, 0.58, 0.54], "best": [0.51111114, 0.5463492, 0.5463492, 0.5460318, 0.54539686, 0.5447302, 0.545, 0.54614514, 0.54688495, 0.54740745, 0.547873, 0.548254, 0.5484921, 0.5489866, 0.54995465, 0.55117464, 0.5522421, 0.553212, 0.5540741, 0.55499583, 0.55644447, 0.5581179, 0.5597908, 0.56150454, 0.56313497, 0.56448257, 0.5657082, 0.5669489, 0.5681009, 0.5692392, 0.60426986, 0.57141834, 0.5725397, 0.5735931, 0.57476664, 0.57584584, 0.576918, 0.57798374, 0.57919383, 0.5804762, 0.5817659, 0.58314365, 0.5843538, 0.58548546, 0.58659816, 0.5877037, 0.5887716, 0.5898751, 0.5910318, 0.59218985], "duration": [67147, 64677, 64987, 64022, 64524, 64114, 65360, 66215, 65720, 66524, 65619, 65839, 68817, 68662, 69002, 68702, 70899, 72118, 71591, 71733, 73585, 73460, 74908, 75228, 74850, 75124, 75842, 76162, 75401, 76564, 76156, 75301, 75557, 75492, 75642, 75363, 77507, 77407, 77569, 77406, 77454, 77353, 77557, 77600, 77584, 77504, 77620, 77539, 78361, 77508]}