{"avg": [0.19523811, 0.19131948, 0.17677249, 0.20625001, 0.232003, 0.24966675, 0.2300023, 0.20684063, 0.22845076, 0.26467922, 0.23773426, 0.28523263, 0.25180146, 0.28505912, 0.27625418, 0.2881468, 0.30186006, 0.2880423, 0.3096927, 0.30755433, 0.3267709, 0.33175203, 0.30845264, 0.33080903, 0.30604628, 0.30199566, 0.37996575, 0.3645692, 0.36414385, 0.40433475, 0.37472764, 0.3723884, 0.4026539, 0.42561233, 0.41715235, 0.41862655, 0.42575943, 0.42285275, 0.4458927, 0.43686843, 0.4289651, 0.48047328, 0.45540357, 0.4301906, 0.48620865, 0.5003106, 0.5075537, 0.50984526, 0.5248775, 0.47420874], "std": [0.07509128, 0.098404765, 0.0699941, 0.08577167, 0.08422199, 0.07223137, 0.07035799, 0.091892794, 0.07618825, 0.08930108, 0.08220135, 0.0626037, 0.08565412, 0.07928977, 0.091644414, 0.07364365, 0.082556956, 0.06655806, 0.06752087, 0.056931637, 0.055876855, 0.07332981, 0.08980435, 0.0841504, 0.083258525, 0.08361531, 0.07748213, 0.09998881, 0.08863268, 0.080532104, 0.09366011, 0.089454524, 0.100974336, 0.060768656, 0.07888604, 0.08041907, 0.092924364, 0.06183822, 0.073934965, 0.09851772, 0.107236795, 0.0481163, 0.06835019, 0.12693201, 0.061842382, 0.065521546, 0.05544195, 0.06160825, 0.052400578, 0.0976392], "var": [1.0, 0.96, 0.94, 0.9, 0.9, 0.86, 0.82, 0.82, 0.8, 0.78, 0.74, 0.72, 0.7, 0.72, 0.7, 0.66, 0.62, 0.62, 0.6, 0.64, 0.6, 0.56, 0.56, 0.52, 0.54, 0.54, 0.5, 0.48, 0.48, 0.46, 0.46, 0.44, 0.42, 0.42, 0.4, 0.4, 0.38, 0.36, 0.36, 0.32, 0.28, 0.28, 0.28, 0.24, 0.24, 0.22, 0.22, 0.22, 0.22, 0.2], "best": [0.2888889, 0.3725624, 0.30793652, 0.3746032, 0.38053608, 0.3827665, 0.31709802, 0.38403803, 0.3787844, 0.38310662, 0.38573456, 0.38182816, 0.38629383, 0.38846877, 0.38958472, 0.3918319, 0.44912955, 0.39681947, 0.39726448, 0.39925966, 0.45600042, 0.45699856, 0.45977443, 0.46199813, 0.40987706, 0.41192722, 0.51655275, 0.51785713, 0.52440566, 0.5278856, 0.5313647, 0.5287849, 0.53700155, 0.5351085, 0.53923035, 0.54248905, 0.5525922, 0.54870874, 0.55769557, 0.5611854, 0.5644434, 0.5671461, 0.5627907, 0.5746032, 0.57677406, 0.5798522, 0.5828527, 0.5866063, 0.58981305, 0.5927123], "duration": [7208, 5636, 5292, 9661, 6274, 16529, 2980, 4895, 2954, 9390, 5371, 5446, 7707, 9269, 11161, 13651, 14500, 7338, 12972, 5266, 9401, 14809, 13104, 14986, 13870, 11173, 14925, 13075, 13109, 14871, 11076, 15012, 13190, 14969, 14930, 14945, 14939, 13126, 14976, 13126, 16265, 15002, 14892, 15470, 14930, 15169, 14949, 16748, 15264, 14864]}