{"avg": [0.37283957, 0.420386, 0.4021967, 0.4180932, 0.43051764, 0.42574698, 0.40378487, 0.39978582, 0.4204845, 0.49562314, 0.46770015, 0.40055728, 0.4226457, 0.4416538, 0.41622648, 0.43790948, 0.44347683, 0.4576501, 0.42782283, 0.44312102, 0.47348246, 0.45864308, 0.468775, 0.4999771, 0.39253783, 0.464969, 0.44977927, 0.46988413, 0.43751034, 0.4608862, 0.4686237, 0.45775515, 0.4873761, 0.48250237, 0.47826374, 0.49856752, 0.5009388, 0.4852716, 0.4984665, 0.4927758, 0.50556093, 0.48675087, 0.46719676, 0.52893203, 0.5111348, 0.48993957, 0.52213, 0.47868767, 0.5112837, 0.5303783], "std": [0.12734616, 0.104576826, 0.13355528, 0.11820537, 0.12705238, 0.14085145, 0.13123587, 0.14115743, 0.112388246, 0.07109969, 0.08810609, 0.14873001, 0.11039235, 0.091061555, 0.13357593, 0.14061818, 0.11875987, 0.10957754, 0.11827319, 0.1086518, 0.08802738, 0.10830071, 0.10927954, 0.07129702, 0.15333934, 0.13783523, 0.108588964, 0.08919572, 0.14626718, 0.1223879, 0.105444655, 0.12388936, 0.0852461, 0.082530975, 0.10469284, 0.07394635, 0.1271343, 0.08447551, 0.07897136, 0.085600436, 0.0947624, 0.10302665, 0.13950917, 0.038225494, 0.07043362, 0.10275794, 0.08447534, 0.085550986, 0.07315777, 0.05203361], "var": [0.99333334, 0.99333334, 0.9866667, 0.9866667, 0.9866667, 0.98, 0.96666664, 0.96, 0.9533333, 0.94666666, 0.94666666, 0.94, 0.93333334, 0.92, 0.9066667, 0.9066667, 0.8933333, 0.8933333, 0.8933333, 0.8933333, 0.8933333, 0.88666666, 0.88, 0.88, 0.87333333, 0.87333333, 0.88, 0.87333333, 0.86, 0.86, 0.86, 0.8666667, 0.86, 0.85333335, 0.84, 0.8333333, 0.8333333, 0.8333333, 0.82, 0.81333333, 0.8066667, 0.8066667, 0.8066667, 0.79333335, 0.7866667, 0.78, 0.78, 0.78, 0.76666665, 0.75333333], "best": [0.51111114, 0.5534392, 0.53764176, 0.54005605, 0.54285717, 0.53973925, 0.5386925, 0.54092306, 0.53544587, 0.54156876, 0.54160404, 0.5424793, 0.54324245, 0.5431052, 0.5397616, 0.54181534, 0.5408947, 0.5426669, 0.5443517, 0.544095, 0.5452335, 0.5438905, 0.5437624, 0.5455834, 0.54430544, 0.5466585, 0.5437489, 0.54726446, 0.54794854, 0.5412345, 0.5480089, 0.54529804, 0.5483461, 0.54644686, 0.54523, 0.54972225, 0.54866874, 0.5454819, 0.54780537, 0.54889506, 0.54901344, 0.54931396, 0.5497114, 0.5497134, 0.55176616, 0.55081415, 0.5528153, 0.5503631, 0.5512538, 0.5539739], "duration": [25418, 27014, 23478, 27242, 27351, 27014, 27046, 25187, 26959, 27467, 27081, 25450, 26935, 27018, 25437, 25310, 27366, 27204, 31536, 27049, 27063, 27278, 27311, 27335, 27260, 27292, 27938, 27346, 27393, 31905, 27280, 31805, 27304, 27392, 27360, 36407, 27777, 27308, 27333, 27418, 27432, 27434, 27354, 27445, 27140, 27317, 27429, 26940, 31902, 27418]}