{"avg": [0.15238094, 0.21067886, 0.18248303, 0.19336422, 0.23711872, 0.2644501, 0.23788963, 0.2569827, 0.29096103, 0.34655136, 0.3371088, 0.34262976, 0.33991992, 0.3916337, 0.39685157, 0.3549805, 0.42752853, 0.40062168, 0.42698175, 0.43789324, 0.4423918, 0.45751676, 0.45539424, 0.4588347, 0.47690794, 0.4833469, 0.48656768, 0.488579, 0.4603416, 0.46856225, 0.49994305, 0.49605262, 0.515794, 0.50148743, 0.52361226, 0.52793556, 0.53832114, 0.5421778, 0.54323244, 0.54401594, 0.534115, 0.5478572, 0.539069, 0.5603374, 0.54730284, 0.5427098, 0.52358335, 0.54836786, 0.5811779, 0.5693874], "std": [0.1355262, 0.14856379, 0.13078706, 0.14573407, 0.1323184, 0.12958646, 0.12772846, 0.13407367, 0.13988599, 0.12169282, 0.11060879, 0.10265958, 0.12125177, 0.08799475, 0.118638225, 0.13114005, 0.06385002, 0.10064781, 0.10135322, 0.082626246, 0.08327469, 0.08084398, 0.06327029, 0.09296797, 0.07372125, 0.068552665, 0.07789659, 0.07867296, 0.074143656, 0.054137196, 0.0397001, 0.06359223, 0.048094135, 0.08991128, 0.044285763, 0.074022844, 0.058137998, 0.06345867, 0.053966384, 0.08332773, 0.09754525, 0.06898075, 0.08707998, 0.07521066, 0.09419509, 0.09469543, 0.082118176, 0.08873662, 0.09231569, 0.102709845], "var": [0.98, 0.94, 0.84, 0.82, 0.82, 0.76, 0.72, 0.64, 0.6, 0.62, 0.62, 0.64, 0.62, 0.64, 0.6, 0.58, 0.54, 0.48, 0.42, 0.34, 0.32, 0.34, 0.34, 0.32, 0.36, 0.36, 0.32, 0.3, 0.3, 0.3, 0.26, 0.3, 0.28, 0.26, 0.3, 0.28, 0.26, 0.24, 0.26, 0.24, 0.2, 0.16, 0.16, 0.18, 0.18, 0.18, 0.18, 0.18, 0.16, 0.16], "best": [0.4666667, 0.4451814, 0.3949329, 0.39900798, 0.46116304, 0.5158614, 0.40628022, 0.40985137, 0.41392732, 0.55322057, 0.4685136, 0.5604938, 0.55270433, 0.566124, 0.56822866, 0.45232978, 0.5680098, 0.57325715, 0.5755891, 0.5780754, 0.579558, 0.58158064, 0.5832552, 0.60722685, 0.59783024, 0.59991324, 0.6230464, 0.626158, 0.6198895, 0.51137197, 0.6078577, 0.62466234, 0.6153439, 0.6377075, 0.6191071, 0.650229, 0.64444447, 0.64666444, 0.6494909, 0.6601933, 0.6626001, 0.6647573, 0.6670129, 0.6692213, 0.67109656, 0.6733481, 0.6751776, 0.67720914, 0.6791675, 0.6812026], "duration": [9901, 18512, 10780, 16588, 13535, 9304, 10326, 12146, 14440, 14524, 10044, 16649, 12261, 19610, 14248, 4922, 9339, 13882, 13844, 16487, 13913, 21820, 14158, 26611, 16096, 18188, 18369, 22241, 13853, 11533, 11680, 9714, 9702, 14931, 16230, 14115, 20437, 24004, 21912, 23527, 23591, 16037, 21815, 21635, 27385, 25569, 22160, 23963, 28984, 25682]}