{"avg": [0.1603175, 0.17425595, 0.20411707, 0.23293307, 0.20394573, 0.14303933, 0.21750525, 0.22330092, 0.22705004, 0.21152575, 0.23395061, 0.22092415, 0.27501547, 0.26142743, 0.24948499, 0.28619072, 0.2715971, 0.25360382, 0.28279337, 0.29078352, 0.328082, 0.3112126, 0.25617298, 0.34141487, 0.3823028, 0.29780322, 0.30857822, 0.35204044, 0.29438418, 0.36709684, 0.39190763, 0.33321103, 0.3729774, 0.36553413, 0.35806602, 0.36753422, 0.34437066, 0.37266025, 0.36973485, 0.40635136, 0.39955622, 0.39997435, 0.3869515, 0.38970548, 0.40646756, 0.35376754, 0.3577277, 0.3970812, 0.43059674, 0.42354658, 0.38480243, 0.41252205, 0.4079247, 0.3822867, 0.41317987, 0.42216447, 0.42990902, 0.39682063, 0.44282416, 0.44606864, 0.42499554, 0.41253287, 0.43329433, 0.4163927, 0.42085862, 0.4020019, 0.4132021, 0.39600542, 0.41645613, 0.41691956, 0.41877568, 0.43718335, 0.40277514, 0.431338, 0.41322547, 0.46282616, 0.45530272, 0.43827668, 0.4434094, 0.4378956, 0.45671117, 0.44153023, 0.45252693, 0.4720379, 0.4906918, 0.46398476, 0.44122347, 0.46700117, 0.4923834, 0.4744418, 0.45356107, 0.47591788, 0.48690894, 0.44548228, 0.4646174, 0.47570693, 0.5145451, 0.47518215, 0.47159317, 0.49794364, 0.5177971, 0.48148298, 0.5061473, 0.53060615, 0.5020596, 0.522263, 0.5042344, 0.51102644, 0.51700693, 0.5158333, 0.5430753, 0.54183584, 0.49502063, 0.4957481, 0.49398372, 0.52731925, 0.5127792, 0.52248585, 0.50197905, 0.49384454, 0.5345479, 0.51711, 0.511844, 0.5192051, 0.5104733, 0.5179291, 0.53179127, 0.53014284, 0.5413849, 0.5257357, 0.5440796, 0.5293384, 0.5034271, 0.54571635, 0.5651237, 0.5162384, 0.5377525, 0.56055206, 0.5462303, 0.54464924, 0.530708, 0.544388, 0.5748809, 0.5653767, 0.5250599, 0.51831007, 0.55596554, 0.557669, 0.53365475, 0.5579983], "std": [0.10630183, 0.12978618, 0.1009635, 0.12543629, 0.17103407, 0.104095004, 0.13842481, 0.13206422, 0.11947077, 0.13624558, 0.14163655, 0.11089219, 0.1362235, 0.11092354, 0.1441854, 0.13454692, 0.08263069, 0.12168804, 0.14017841, 0.1415672, 0.1178182, 0.111208186, 0.1266649, 0.090049915, 0.05960791, 0.138837, 0.11973722, 0.07049595, 0.11575795, 0.06369648, 0.032677397, 0.11838681, 0.06544771, 0.11949839, 0.07906832, 0.07593867, 0.10168063, 0.10553841, 0.07763146, 0.06584116, 0.06876323, 0.07042721, 0.08857661, 0.05215259, 0.050540227, 0.08201533, 0.0766577, 0.074417375, 0.033025317, 0.07285932, 0.088168696, 0.092963435, 0.065951034, 0.076471366, 0.064813964, 0.06595405, 0.059830982, 0.06929786, 0.06194241, 0.055166736, 0.086495705, 0.08390352, 0.08789711, 0.079727, 0.080835395, 0.084903315, 0.07233526, 0.07238824, 0.081625186, 0.09002527, 0.0906509, 0.075819485, 0.08966348, 0.06952308, 0.0874627, 0.059531346, 0.06506402, 0.08206295, 0.08129314, 0.07859392, 0.10236182, 0.08774341, 0.08687952, 0.06590553, 0.051287066, 0.08343985, 0.07840596, 0.06788873, 0.0638285, 0.089011125, 0.09321693, 0.092466354, 0.07027285, 0.091434106, 0.07787536, 0.07482677, 0.046957236, 0.07539702, 0.10170396, 0.061415296, 0.05704226, 0.07949898, 0.06482777, 0.059045356, 0.074262336, 0.05433931, 0.06573456, 0.06735753, 0.061752312, 0.06319374, 0.038802367, 0.038705856, 0.0777627, 0.07391188, 0.07655714, 0.06033281, 0.08518355, 0.06735755, 0.075833045, 0.07505772, 0.074268624, 0.07210196, 0.07433763, 0.07210193, 0.07530802, 0.07332961, 0.06735754, 0.068789266, 0.062222227, 0.08518356, 0.07426863, 0.07087815, 0.07760474, 0.062222227, 0.060332797, 0.07620636, 0.068789266, 0.051445182, 0.06467062, 0.07768956, 0.07332959, 0.06735753, 0.036601312, 0.05144517, 0.07583303, 0.077167735, 0.06222224, 0.059012055, 0.07206157, 0.062222216], "var": [1.0, 0.98, 0.96, 0.94, 0.9, 0.86, 0.86, 0.84, 0.82, 0.78, 0.74, 0.72, 0.68, 0.68, 0.64, 0.66, 0.62, 0.62, 0.6, 0.6, 0.58, 0.56, 0.58, 0.58, 0.54, 0.54, 0.52, 0.5, 0.48, 0.48, 0.5, 0.48, 0.5, 0.48, 0.48, 0.5, 0.46, 0.46, 0.46, 0.44, 0.42, 0.46, 0.44, 0.44, 0.44, 0.42, 0.42, 0.42, 0.4, 0.38, 0.4, 0.4, 0.4, 0.4, 0.4, 0.36, 0.38, 0.4, 0.4, 0.38, 0.36, 0.38, 0.38, 0.36, 0.36, 0.36, 0.36, 0.38, 0.36, 0.36, 0.34, 0.32, 0.3, 0.3, 0.26, 0.24, 0.24, 0.22, 0.22, 0.2, 0.2, 0.2, 0.2, 0.18, 0.16, 0.14, 0.14, 0.14, 0.14, 0.12, 0.12, 0.12, 0.12, 0.14, 0.14, 0.12, 0.1, 0.1, 0.08, 0.08, 0.08, 0.08, 0.06, 0.04, 0.04, 0.04, 0.04, 0.04, 0.04, 0.04, 0.04, 0.04, 0.02, 0.02, 0.02, 0.02, 0.02, 0.02, 0.02, 0.02, 0.02, 0.02, 0.02, 0.02, 0.02, 0.02, 0.02, 0.02, 0.02, 0.02, 0.02, 0.02, 0.02, 0.02, 0.02, 0.02, 0.02, 0.02, 0.02, 0.02, 0.02, 0.02, 0.02, 0.02, 0.02, 0.02, 0.02, 0.02, 0.02, 0.02], "best": [0.3555556, 0.3997733, 0.3880953, 0.39126986, 0.3963204, 0.3845916, 0.38850415, 0.3921053, 0.39063376, 0.39167482, 0.45705467, 0.39671782, 0.3972531, 0.39996952, 0.40138367, 0.46144938, 0.4064587, 0.40660048, 0.46548292, 0.4950224, 0.41559064, 0.41881493, 0.39929557, 0.42034557, 0.42153674, 0.4249804, 0.4263055, 0.42851323, 0.43053705, 0.43225813, 0.43477187, 0.43628627, 0.4394045, 0.4406156, 0.44303355, 0.44565496, 0.44817132, 0.4492118, 0.44984764, 0.50752693, 0.48342538, 0.45687348, 0.48382184, 0.45966595, 0.4601547, 0.46153784, 0.46264973, 0.4640177, 0.46598202, 0.5546305, 0.46929556, 0.56481487, 0.47220784, 0.47355697, 0.47579786, 0.47703052, 0.4780352, 0.47951293, 0.48026347, 0.48209643, 0.5955596, 0.5969159, 0.48752838, 0.48913878, 0.4909014, 0.49253586, 0.493834, 0.49556914, 0.49743277, 0.49858814, 0.5105013, 0.5008171, 0.5014205, 0.50299627, 0.50412947, 0.5059867, 0.5077062, 0.5094168, 0.5107713, 0.5123207, 0.62462395, 0.5152414, 0.51647705, 0.51769316, 0.51945496, 0.6322156, 0.5225032, 0.524475, 0.52571666, 0.6384548, 0.528824, 0.6410988, 0.53135335, 0.5328547, 0.53381395, 0.53504765, 0.5360994, 0.53721803, 0.64981216, 0.5400337, 0.5410828, 0.54256856, 0.54393315, 0.6561606, 0.5464526, 0.5476565, 0.54875493, 0.5499153, 0.5512217, 0.5523412, 0.5534456, 0.55460924, 0.55574745, 0.5568592, 0.558036, 0.5592637, 0.6715094, 0.56137484, 0.56247294, 0.56368583, 0.6757244, 0.56572115, 0.566746, 0.56781626, 0.56880665, 0.56978095, 0.5706801, 0.57162434, 0.572496, 0.6844659, 0.685256, 0.57509005, 0.57601964, 0.5768274, 0.68873477, 0.57846063, 0.579234, 0.5799965, 0.58079827, 0.6927974, 0.5825598, 0.583277, 0.58403134, 0.58482116, 0.5855537, 0.5863656, 0.58707666, 0.58773434, 0.58846956, 0.5891094], "duration": [4168, 5138, 7017, 7706, 8746, 4388, 5315, 5696, 5364, 3425, 5328, 5275, 8723, 9666, 7664, 9015, 10984, 7768, 8957, 7684, 7195, 5245, 6924, 6961, 5236, 7095, 8880, 10794, 7102, 5219, 10763, 10847, 8870, 5044, 7163, 5157, 5075, 7675, 3306, 5304, 9561, 4074, 7120, 5089, 5224, 5028, 6967, 5141, 8792, 3111, 2928, 4989, 5641, 5138, 5653, 5259, 5165, 7112, 3101, 4897, 5521, 3113, 3146, 3019, 5324, 3402, 3504, 3137, 4372, 5152, 3849, 3355, 3270, 3007, 4192, 2774, 3145, 2828, 3119, 3152, 3136, 3146, 5226, 3893, 3358, 3137, 3625, 3054, 3292, 3102, 3030, 3051, 2832, 3182, 3124, 4837, 3156, 3046, 2851, 2975, 3046, 3611, 3154, 2977, 3122, 3245, 2991, 3033, 3816, 2921, 2863, 2857, 3083, 2634, 3314, 2989, 2910, 3088, 2860, 2914, 2962, 3084, 3140, 2985, 3069, 3116, 3166, 3110, 3013, 3155, 3381, 3610, 3204, 2872, 3188, 2981, 2779, 3516, 3998, 3359, 3079, 3088, 3069, 3131, 3546, 2893, 3122, 3203, 3290, 3081]}