{"avg": [0.45416674, 0.42753533, 0.43732634, 0.4535614, 0.41931343, 0.4803511, 0.45423147, 0.48161238, 0.51807636, 0.46193054, 0.4818342, 0.4928279, 0.5228129, 0.5516474, 0.5228162, 0.53876495, 0.54010093, 0.5205213, 0.5399523, 0.55174845, 0.5266454, 0.5626729, 0.5227698, 0.5665308, 0.5667681, 0.567164, 0.577033, 0.5706278, 0.5632322, 0.580149, 0.59126794, 0.5877522, 0.5793861, 0.57758504, 0.5969418, 0.6088738, 0.6051966, 0.60355055, 0.6127365, 0.61014473, 0.62288505, 0.6200903, 0.6331294, 0.6345846, 0.6397017, 0.6387271, 0.6510976, 0.6520657, 0.65051544, 0.650313, 0.6576031, 0.65423685, 0.6628877, 0.67285097, 0.6797905, 0.68185633, 0.67990416, 0.67997843, 0.68640226, 0.68850917, 0.6955783, 0.6908616, 0.68946683, 0.69394064, 0.69163525, 0.70079315, 0.6984068, 0.69651484, 0.69980687, 0.7130334, 0.7149344, 0.71655345, 0.7119275, 0.7199405, 0.72154075], "std": [0.10569254, 0.13023755, 0.16574842, 0.16288307, 0.122472465, 0.09572358, 0.15981954, 0.14382735, 0.06895951, 0.12553588, 0.11007974, 0.10520847, 0.060845412, 0.009912874, 0.088981815, 0.05473116, 0.042669218, 0.08564247, 0.051989384, 0.048770178, 0.07629344, 0.014494417, 0.08696911, 0.013073346, 0.014375796, 0.015052698, 0.012609839, 0.016256584, 0.059126202, 0.015721286, 0.01432476, 0.01705667, 0.061713543, 0.062463347, 0.02441989, 0.014558185, 0.023789506, 0.029248426, 0.019262506, 0.029950317, 0.024836827, 0.029414332, 0.025192244, 0.025458453, 0.02016683, 0.025657387, 0.015191938, 0.018777248, 0.024058972, 0.030332742, 0.023948794, 0.032465648, 0.02344595, 0.01541528, 0.012906394, 0.00443373, 0.019360008, 0.030746311, 0.016365504, 0.018222691, 1.1920929e-07, 0.020234805, 0.034503765, 0.033609122, 0.028088918, 0.020348916, 0.037121404, 0.029290946, 0.037500095, 0.0, 5.9604645e-08, 1.1920929e-07, 0.02397256, 5.9604645e-08, 5.9604645e-08], "var": [0.98, 0.96, 0.92, 0.88, 0.86, 0.84, 0.82, 0.8, 0.76, 0.76, 0.76, 0.74, 0.7, 0.68, 0.66, 0.64, 0.62, 0.64, 0.62, 0.58, 0.6, 0.58, 0.54, 0.54, 0.54, 0.58, 0.54, 0.54, 0.54, 0.52, 0.48, 0.5, 0.48, 0.46, 0.42, 0.4, 0.38, 0.36, 0.32, 0.3, 0.3, 0.28, 0.26, 0.26, 0.22, 0.2, 0.2, 0.18, 0.18, 0.16, 0.16, 0.12, 0.1, 0.1, 0.1, 0.08, 0.08, 0.08, 0.08, 0.08, 0.08, 0.08, 0.08, 0.08, 0.08, 0.08, 0.08, 0.08, 0.04, 0.04, 0.04, 0.04, 0.04, 0.04, 0.04], "best": [0.51111114, 0.5587302, 0.55452853, 0.5619982, 0.5612943, 0.55989164, 0.559945, 0.563325, 0.56094503, 0.5620143, 0.5622575, 0.5638709, 0.5633185, 0.56330895, 0.5655329, 0.56567466, 0.56719375, 0.5672524, 0.56980824, 0.572358, 0.5767926, 0.5786072, 0.5815791, 0.58404833, 0.58702374, 0.58824664, 0.590378, 0.59501135, 0.5964104, 0.5991166, 0.60168976, 0.60545266, 0.6085619, 0.6119871, 0.6149333, 0.61928064, 0.6231735, 0.62676334, 0.6298772, 0.6334874, 0.6355648, 0.63885766, 0.6426096, 0.6464232, 0.6494713, 0.6529464, 0.65674996, 0.66044706, 0.6635556, 0.6666336, 0.66920274, 0.67184037, 0.67423856, 0.6768312, 0.72422045, 0.6830413, 0.6857414, 0.68766505, 0.69025946, 0.6932142, 0.69557816, 0.697909, 0.7000229, 0.70209193, 0.7043246, 0.7060473, 0.7079914, 0.7097641, 0.7113286, 0.7130334, 0.71493447, 0.71655333, 0.7185762, 0.71994054, 0.7215408], "duration": [27189, 31153, 31507, 27026, 26644, 26987, 31408, 27007, 26984, 27009, 26987, 27025, 26997, 37128, 27256, 31638, 27082, 27087, 27088, 27054, 27043, 27514, 27005, 27058, 27548, 27079, 27015, 26987, 26931, 31474, 27015, 27060, 27488, 27178, 36056, 27053, 27627, 27006, 27120, 27039, 26996, 31510, 27078, 27512, 27069, 36106, 27115, 27147, 27366, 27245, 27122, 27157, 27383, 27142, 27974, 27156, 27163, 31628, 40717, 28896, 27122, 27098, 27094, 27895, 27044, 27027, 27016, 27628, 31557, 27947, 27066, 31549, 27015, 31493, 27059]}