{"avg": [0.15711115, 0.18812382, 0.19487782, 0.20668574, 0.21706745, 0.22609021, 0.23583174, 0.24976015, 0.2615469, 0.27166045, 0.28254634, 0.2962138, 0.30835396, 0.3195145, 0.3334145, 0.34898922, 0.3616649, 0.37516743, 0.39192653, 0.40783742, 0.42378578, 0.43763366, 0.45183128, 0.4685755, 0.48522788, 0.49943864, 0.5033662, 0.50700235, 0.5103791, 0.51352274, 0.51645714, 0.51920205, 0.5217755, 0.52419275, 0.52646804, 0.5286131, 0.5306391, 0.5325557, 0.5343712, 0.5360937, 0.53773016, 0.5392866, 0.5407691, 0.5421825, 0.54353184, 0.54482114, 0.5460543, 0.547235, 0.5483666, 0.549452], "std": [0.07745998, 0.08823234, 0.09887732, 0.105355136, 0.11316137, 0.12096612, 0.12824728, 0.1302688, 0.13553046, 0.14090557, 0.1449266, 0.14685819, 0.14830177, 0.14988624, 0.15009135, 0.14737293, 0.14708363, 0.14653267, 0.1402045, 0.13009164, 0.1214332, 0.11537271, 0.10713401, 0.09192081, 0.071000025, 0.016329873, 0.017207816, 0.018023403, 0.018782752, 0.01949123, 0.020153668, 0.020774325, 0.021356938, 0.021904856, 0.02242103, 0.022908121, 0.02336851, 0.023804316, 0.024217408, 0.024609545, 0.024982248, 0.025336912, 0.025674863, 0.025997188, 0.02630494, 0.026599163, 0.02688063, 0.027150212, 0.02740862, 0.027656537], "var": [0.98, 0.96, 0.94, 0.92, 0.9, 0.88, 0.84, 0.8, 0.8, 0.78, 0.76, 0.72, 0.68, 0.64, 0.6, 0.56, 0.52, 0.48, 0.44, 0.4, 0.36, 0.32, 0.28, 0.26, 0.24, 0.24, 0.24, 0.24, 0.24, 0.24, 0.24, 0.24, 0.24, 0.24, 0.24, 0.24, 0.24, 0.24, 0.24, 0.24, 0.24, 0.24, 0.24, 0.24, 0.24, 0.24, 0.24, 0.24, 0.24, 0.24], "best": [0.3777778, 0.408254, 0.41087306, 0.41460323, 0.41884923, 0.42330164, 0.42769843, 0.43233564, 0.43652782, 0.44121698, 0.4456826, 0.45024535, 0.45448416, 0.45843714, 0.46219957, 0.46628577, 0.47057545, 0.47508875, 0.4797355, 0.48451966, 0.489254, 0.49392295, 0.49864358, 0.5033058, 0.5080755, 0.5128445, 0.5175031, 0.5218166, 0.52582204, 0.5295512, 0.53303176, 0.5362878, 0.5393403, 0.54220784, 0.5449067, 0.54745126, 0.5498545, 0.5521279, 0.5542816, 0.55632484, 0.5582659, 0.5601123, 0.5618708, 0.5635475, 0.56514794, 0.56667733, 0.56814015, 0.56954074, 0.570883, 0.57217044], "duration": [7787, 7511, 6494, 7574, 7455, 7440, 7002, 6878, 6870, 6832, 6303, 6907, 6858, 6890, 6872, 6835, 6359, 5603, 6176, 6255, 5583, 5585, 5570, 5632, 5649, 5581, 5701, 5673, 5500, 5640, 5548, 5734, 5576, 5638, 5627, 5485, 5620, 5601, 5686, 5553, 5622, 5801, 5662, 5580, 5575, 5819, 5555, 5621, 5534, 5573]}