{"avg": [0.37380958, 0.39885956, 0.40206283, 0.368254, 0.4068794, 0.48004407, 0.38116625, 0.51668113, 0.465631, 0.5043125, 0.4789075, 0.49799952, 0.53713596, 0.53184795, 0.5350469, 0.5431747, 0.5638436, 0.5455772, 0.58519566, 0.5766558, 0.59275544, 0.59576154, 0.5964998, 0.5950096, 0.59478617, 0.57270646, 0.6030281, 0.6252203, 0.6232412, 0.60073113, 0.6097254, 0.60857916, 0.6167704, 0.62559426, 0.620288, 0.65620387, 0.64522153, 0.64700526, 0.6474899, 0.6532711, 0.65317535, 0.63792175, 0.6643474, 0.65944487, 0.6756246, 0.6390352, 0.6544855, 0.67758346, 0.66659105, 0.66196245], "std": [0.14374724, 0.14424096, 0.13986984, 0.13017797, 0.14546707, 0.14493226, 0.1386427, 0.13240625, 0.14713377, 0.13967617, 0.14988402, 0.14458872, 0.11706093, 0.12884441, 0.12020883, 0.12335734, 0.10421299, 0.12382754, 0.07805449, 0.08899062, 0.0646921, 0.07356196, 0.080676734, 0.07810511, 0.07684207, 0.109165035, 0.08450091, 0.020029638, 0.018224867, 0.081075124, 0.080750756, 0.074401796, 0.081883326, 0.083203964, 0.07819469, 0.012948012, 0.021162104, 0.021271791, 0.024113974, 0.027516892, 0.023403328, 0.09483129, 0.023950987, 0.029012308, 0.01518121, 0.08941553, 0.0879519, 0.029549286, 0.08379001, 0.08620248], "var": [0.98, 0.96, 0.96, 0.96, 0.94, 0.92, 0.92, 0.92, 0.9, 0.86, 0.84, 0.84, 0.86, 0.86, 0.84, 0.82, 0.78, 0.76, 0.76, 0.72, 0.7, 0.66, 0.68, 0.64, 0.6, 0.58, 0.56, 0.56, 0.54, 0.54, 0.54, 0.52, 0.54, 0.56, 0.54, 0.54, 0.54, 0.54, 0.52, 0.52, 0.52, 0.5, 0.52, 0.5, 0.48, 0.46, 0.44, 0.4, 0.38, 0.36], "best": [0.5666667, 0.607483, 0.5996928, 0.6031747, 0.6025762, 0.6025356, 0.602509, 0.60779226, 0.60838103, 0.6100642, 0.61335814, 0.6158355, 0.61337996, 0.6171573, 0.6173181, 0.6182891, 0.6210038, 0.6237354, 0.62303925, 0.62676924, 0.6280013, 0.6302794, 0.6332236, 0.63250464, 0.6380323, 0.6402653, 0.64210224, 0.6453954, 0.649623, 0.64459354, 0.6529637, 0.6552614, 0.6573585, 0.6600001, 0.6639255, 0.66663265, 0.6700217, 0.67228854, 0.67436326, 0.67629856, 0.67882013, 0.6807755, 0.68312085, 0.68613636, 0.6885879, 0.6920502, 0.693302, 0.69555223, 0.69802743, 0.7009524], "duration": [1358, 1565, 1276, 1248, 1286, 1331, 1278, 1257, 1269, 1268, 1275, 1335, 1306, 1242, 1244, 1517, 1775, 1248, 1266, 1976, 1693, 1272, 1329, 1300, 1256, 1439, 1327, 1310, 1262, 1221, 1250, 1314, 1558, 1647, 1243, 1249, 1315, 1356, 1248, 1268, 1341, 1236, 1338, 1500, 1337, 1589, 1262, 1240, 1271, 1337]}