{"avg": [0.37619048, 0.3410498, 0.37682202, 0.3929927, 0.41785717, 0.39857897, 0.4123716, 0.42748764, 0.43708912, 0.4529903, 0.4420106, 0.4178628, 0.41737744, 0.48969018, 0.46429273, 0.4220221, 0.4708698, 0.46694306, 0.49825484, 0.51857316, 0.49455315, 0.46758106, 0.46916375, 0.47271782, 0.5147714, 0.4987459, 0.53331065, 0.51437813, 0.5369553, 0.53223073, 0.5498009, 0.4941813, 0.57367927, 0.5705748, 0.58423036, 0.5788075, 0.56027246, 0.5797346, 0.5856048, 0.59629554, 0.583212, 0.6067601, 0.59299624, 0.6245489, 0.615294, 0.6346406, 0.60528874, 0.64176047, 0.6445666, 0.6269304], "std": [0.11921682, 0.14997967, 0.11930588, 0.09177703, 0.10771352, 0.12462752, 0.111708775, 0.10245986, 0.1069711, 0.12837711, 0.1046033, 0.10016358, 0.11471923, 0.10727059, 0.0810353, 0.07497294, 0.10193888, 0.07973495, 0.08124151, 0.06389588, 0.08285213, 0.103837505, 0.108255975, 0.11265921, 0.07235585, 0.08363368, 0.065231815, 0.0766208, 0.05987152, 0.06961094, 0.055795252, 0.12133724, 0.020362884, 0.04456614, 0.018511508, 0.048552833, 0.074571684, 0.09667352, 0.06743311, 0.050961524, 0.10299013, 0.02764745, 0.07743893, 0.021712828, 0.071384974, 0.0251715, 0.087203085, 0.018198287, 0.019352742, 0.065966755], "var": [0.98, 0.94, 0.96, 0.92, 0.92, 0.9, 0.9, 0.88, 0.84, 0.84, 0.86, 0.84, 0.84, 0.82, 0.78, 0.76, 0.74, 0.72, 0.72, 0.7, 0.66, 0.62, 0.58, 0.56, 0.56, 0.54, 0.52, 0.52, 0.48, 0.48, 0.44, 0.42, 0.38, 0.34, 0.3, 0.28, 0.28, 0.28, 0.28, 0.28, 0.26, 0.26, 0.22, 0.2, 0.18, 0.18, 0.14, 0.14, 0.12, 0.08], "best": [0.51111114, 0.53832203, 0.5449053, 0.54061425, 0.54206353, 0.54568386, 0.5468254, 0.55116457, 0.540681, 0.5429714, 0.54550266, 0.5462585, 0.545069, 0.54844064, 0.5498578, 0.55230373, 0.5529254, 0.5544686, 0.5561917, 0.56120175, 0.5637427, 0.5617808, 0.56278133, 0.56492066, 0.569523, 0.57180333, 0.5705436, 0.57421225, 0.5766156, 0.5783348, 0.58063495, 0.58503795, 0.58714324, 0.59107065, 0.59510064, 0.59927934, 0.604088, 0.60665226, 0.6126789, 0.61655915, 0.6213492, 0.6254895, 0.62903214, 0.63322157, 0.6370839, 0.64113975, 0.6453505, 0.6486552, 0.65234417, 0.65587556], "duration": [23249, 24203, 24517, 23147, 24850, 29232, 23583, 26640, 24969, 27082, 24922, 24756, 24751, 27102, 27023, 24813, 27135, 24996, 31428, 27005, 31590, 25182, 26941, 26716, 25109, 27052, 27242, 27060, 27064, 27062, 36312, 25191, 27036, 27037, 27793, 27083, 27089, 36091, 27134, 31531, 26997, 27031, 31588, 27172, 27163, 27106, 36203, 27003, 31530, 27278]}