{"avg": [0.3412698, 0.35483, 0.40256888, 0.4344323, 0.42492548, 0.4815812, 0.44698572, 0.44628218, 0.45864126, 0.45497358, 0.4694324, 0.47614083, 0.4241668, 0.48552555, 0.516691, 0.5136657, 0.52795035, 0.4981308, 0.5373009, 0.5290875, 0.5177628, 0.5171924, 0.56708246, 0.50103074, 0.5582717, 0.5483067, 0.5719243, 0.5692553, 0.58039635, 0.56183714, 0.54026216, 0.5687096, 0.56900835, 0.58952934, 0.5715203, 0.55536145, 0.6105534, 0.59365654, 0.5902055, 0.5625555, 0.6302804, 0.5717738, 0.6066469, 0.6297207, 0.6088351, 0.61863315, 0.6224648, 0.63878196, 0.6513716, 0.6536298], "std": [0.0842467, 0.13791513, 0.13553059, 0.10866713, 0.14452073, 0.084906325, 0.09147818, 0.111429766, 0.11735044, 0.13426302, 0.12715915, 0.09683818, 0.12747076, 0.11101019, 0.098092966, 0.07807953, 0.06689452, 0.11167806, 0.071973756, 0.0799489, 0.07894971, 0.1173999, 0.053542867, 0.11813505, 0.06695559, 0.080131255, 0.032562416, 0.056038793, 0.058035195, 0.074824035, 0.07773076, 0.073386274, 0.115360014, 0.073075175, 0.11701535, 0.11492026, 0.041288268, 0.07983396, 0.062533, 0.11385563, 0.03350004, 0.13019624, 0.119124316, 0.04362229, 0.074339084, 0.07015143, 0.07657827, 0.06746482, 0.03692, 0.04003587], "var": [0.98, 0.98, 0.96, 0.92, 0.9, 0.86, 0.84, 0.82, 0.8, 0.76, 0.72, 0.68, 0.64, 0.6, 0.6, 0.58, 0.56, 0.54, 0.54, 0.54, 0.5, 0.46, 0.46, 0.44, 0.44, 0.44, 0.42, 0.38, 0.36, 0.34, 0.32, 0.32, 0.32, 0.32, 0.32, 0.3, 0.28, 0.24, 0.22, 0.22, 0.22, 0.22, 0.2, 0.2, 0.18, 0.16, 0.16, 0.16, 0.14, 0.14], "best": [0.51111114, 0.5349207, 0.54395187, 0.54736656, 0.550376, 0.5523586, 0.55134106, 0.5518938, 0.55524087, 0.55818075, 0.56037223, 0.5634333, 0.5524434, 0.566094, 0.56994814, 0.57329226, 0.5763372, 0.5789636, 0.5820955, 0.5868305, 0.5910544, 0.59270144, 0.59772974, 0.60317016, 0.6047964, 0.6074088, 0.61018753, 0.61212826, 0.6155408, 0.6198021, 0.62144417, 0.62126786, 0.62337697, 0.6277542, 0.6314384, 0.63489413, 0.63637924, 0.6394064, 0.6417981, 0.64382064, 0.64437515, 0.6475914, 0.6492064, 0.65234494, 0.6549574, 0.6569056, 0.6596597, 0.6617725, 0.6651785, 0.6682287], "duration": [31509, 25587, 32016, 27013, 26934, 27236, 27291, 27232, 27130, 27390, 27285, 26969, 27453, 27333, 31983, 31888, 27346, 27444, 27333, 31812, 31644, 27286, 27391, 27504, 27290, 27253, 27280, 31835, 27328, 31788, 31765, 27226, 36399, 27201, 31731, 27330, 27275, 27277, 31860, 27274, 27324, 27296, 27249, 27249, 27244, 31800, 27251, 27259, 27281, 27323]}