{"avg": [0.17936507, 0.19652304, 0.22244792, 0.21276362, 0.17523386, 0.20436889, 0.18259771, 0.18689235, 0.22539973, 0.23290522, 0.20295388, 0.19573835, 0.19442923, 0.23276547, 0.23516387, 0.22992474, 0.22128342, 0.20006284, 0.22507583, 0.22545382, 0.18246537, 0.23192242, 0.23956068, 0.21052064, 0.22414705, 0.20928931, 0.26195556, 0.26213512, 0.24226564, 0.25015956, 0.232616, 0.26838845, 0.24330173, 0.24328989, 0.25408262, 0.24737701, 0.27640435, 0.26324666, 0.2636102, 0.23951708, 0.26934198, 0.25928813, 0.2893559, 0.25958574, 0.262465, 0.25078577, 0.28768906, 0.26723522, 0.28081614, 0.30463594], "std": [0.076157406, 0.08131558, 0.073396675, 0.08174993, 0.09263493, 0.086061895, 0.091262475, 0.07980393, 0.105456084, 0.0670069, 0.08552045, 0.09456561, 0.08011113, 0.056363646, 0.07071242, 0.07570053, 0.06813675, 0.06977501, 0.07097132, 0.06796538, 0.078013286, 0.07278628, 0.069332235, 0.06078404, 0.0751476, 0.067014076, 0.05726934, 0.061548788, 0.07930881, 0.06069495, 0.08608759, 0.048233356, 0.09300396, 0.07936889, 0.07117278, 0.06413325, 0.044712253, 0.0548296, 0.06693764, 0.0867346, 0.058286853, 0.047324747, 0.0601281, 0.06974239, 0.090185754, 0.0649173, 0.0442357, 0.05537584, 0.055128157, 0.05872233], "var": [1.0, 0.992, 0.984, 0.976, 0.968, 0.952, 0.952, 0.944, 0.952, 0.952, 0.944, 0.936, 0.928, 0.92, 0.912, 0.896, 0.888, 0.88, 0.88, 0.88, 0.88, 0.872, 0.872, 0.864, 0.856, 0.84, 0.84, 0.84, 0.832, 0.824, 0.816, 0.816, 0.8, 0.792, 0.784, 0.784, 0.776, 0.76, 0.744, 0.736, 0.728, 0.728, 0.72, 0.704, 0.688, 0.688, 0.68, 0.672, 0.68, 0.672], "best": [0.2777778, 0.29931974, 0.38650796, 0.31102127, 0.3145125, 0.3029716, 0.29765758, 0.3107143, 0.44323066, 0.3979846, 0.3129802, 0.3109159, 0.33966684, 0.31028485, 0.3065308, 0.35212475, 0.3124358, 0.30679566, 0.30475676, 0.36730158, 0.30436394, 0.30815318, 0.399819, 0.3114929, 0.30729467, 0.30795497, 0.3117929, 0.39948347, 0.386969, 0.31025398, 0.31063798, 0.35384983, 0.38733315, 0.4008785, 0.3887291, 0.31356567, 0.36362243, 0.39010358, 0.40616748, 0.34500274, 0.31153962, 0.31254512, 0.38816458, 0.42266744, 0.3932271, 0.31432694, 0.35916984, 0.31545895, 0.3930799, 0.4083617], "duration": [10716, 3705, 5298, 7003, 3524, 2835, 5325, 3522, 3191, 5133, 2959, 5447, 5365, 2963, 2961, 5580, 5413, 3992, 6923, 5465, 4785, 3105, 5171, 4970, 5218, 5354, 5370, 11588, 7146, 8034, 4740, 3733, 7396, 5482, 4744, 7333, 9300, 7328, 4929, 5622, 3245, 3112, 7348, 7266, 5840, 5370, 3734, 2974, 2920, 4905]}