{"avg": [0.39298242, 0.4477925, 0.48932624, 0.5314617, 0.5816196, 0.59843767, 0.60612935, 0.6328801, 0.65006614, 0.6543507, 0.6716515, 0.6874725, 0.7046142, 0.71853036, 0.732044, 0.7420647, 0.75260305, 0.76214415, 0.76966333, 0.7767319, 0.7827795, 0.7889269, 0.79446167, 0.79957944, 0.8035297, 0.80718064, 0.8108228, 0.8145045, 0.81753117, 0.82055336, 0.82291967, 0.82538784, 0.82781565, 0.8301425, 0.8322749, 0.8341409, 0.83590734, 0.83766544, 0.83936876, 0.8408694, 0.8423686, 0.84379363, 0.8451499, 0.8464427, 0.8475283, 0.84862715, 0.84965384, 0.8507193, 0.8517896, 0.8526474], "std": [0.1481184, 0.15108141, 0.14555635, 0.12827082, 0.08479045, 0.07027753, 0.07555728, 0.017576218, 0.0146028185, 0.024096739, 0.01873697, 0.015453738, 0.0066030766, 0.003994525, 0.004113969, 0.0045876508, 0.002626027, 1.7881393e-07, 3.5762787e-07, 2.9802322e-07, 1.7881393e-07, 5.9604645e-08, 5.9604645e-08, 1.7881393e-07, 5.9604645e-08, 2.3841858e-07, 2.3841858e-07, 2.9802322e-07, 5.364418e-07, 4.172325e-07, 2.3841858e-07, 1.1920929e-07, 2.9802322e-07, 3.5762787e-07, 4.7683716e-07, 1.7881393e-07, 2.3841858e-07, 1.1920929e-07, 1.1920929e-07, 3.5762787e-07, 2.3841858e-07, 1.1920929e-07, 0.0, 3.5762787e-07, 2.9802322e-07, 0.0, 2.3841858e-07, 2.9802322e-07, 1.7881393e-07, 2.3841858e-07], "var": [0.96, 0.9, 0.78, 0.68, 0.7, 0.62, 0.52, 0.52, 0.46, 0.34, 0.24, 0.14, 0.12, 0.1, 0.08, 0.06, 0.02, 0.02, 0.02, 0.02, 0.02, 0.02, 0.02, 0.02, 0.02, 0.02, 0.02, 0.02, 0.02, 0.02, 0.02, 0.02, 0.02, 0.02, 0.02, 0.02, 0.02, 0.02, 0.02, 0.02, 0.02, 0.02, 0.02, 0.02, 0.02, 0.02, 0.02, 0.02, 0.02, 0.02], "best": [0.5666667, 0.6005013, 0.60470015, 0.61148465, 0.61749935, 0.6264286, 0.6375993, 0.6476363, 0.65885425, 0.6712681, 0.6813252, 0.6941629, 0.7081233, 0.72064114, 0.73329055, 0.7436348, 0.7531246, 0.7621443, 0.7696637, 0.7767322, 0.78277934, 0.78892684, 0.7944616, 0.79957926, 0.8035296, 0.8071809, 0.81082255, 0.8145042, 0.81753063, 0.8205538, 0.8229194, 0.82538795, 0.82781535, 0.83014214, 0.83227444, 0.8341411, 0.8359076, 0.8376653, 0.83936864, 0.84086907, 0.84236836, 0.8437935, 0.8451499, 0.84644234, 0.847528, 0.84862715, 0.8496541, 0.850719, 0.8517898, 0.8526472], "duration": [5271, 5002, 5564, 5732, 4394, 5611, 5008, 5701, 4295, 4847, 4873, 5910, 4959, 5228, 4922, 5332, 5620, 5514, 5220, 5796, 5380, 5733, 5740, 5420, 5877, 5166, 6458, 5970, 5818, 4581, 5683, 6489, 6263, 5720, 5149, 5405, 5803, 6395, 5384, 5315, 5208, 4798, 6633, 4952, 4559, 5821, 5228, 5725, 4518, 5468]}