{"avg": [0.40915036, 0.42715845, 0.46514672, 0.4801782, 0.45995155, 0.49685985, 0.4556881, 0.49196726, 0.5252923, 0.48027405, 0.48705855, 0.5120575, 0.5088533, 0.52263683, 0.49024364, 0.5413195, 0.51665145, 0.48349833, 0.5467719, 0.5574754, 0.5274885, 0.5511322, 0.5615087, 0.50223434, 0.5698892, 0.5665346, 0.5541572, 0.57859606, 0.5665873, 0.57792944, 0.5890937, 0.56623346, 0.6027659, 0.58877116, 0.5902134, 0.58669096, 0.6143483, 0.60156345, 0.60972863, 0.6026892, 0.63517535, 0.6426397, 0.63923746, 0.65169734, 0.65542233, 0.65747225, 0.65232694, 0.6657452, 0.6717085, 0.6735981], "std": [0.10590657, 0.126037, 0.108130045, 0.07565492, 0.124670126, 0.077890925, 0.12713614, 0.10829338, 0.053858906, 0.113579266, 0.109061785, 0.102752335, 0.07369393, 0.062746756, 0.12896654, 0.044424456, 0.10618228, 0.1337792, 0.049530737, 0.017572228, 0.07517764, 0.055803783, 0.044922765, 0.119276434, 0.020111926, 0.05180363, 0.08216909, 0.02487712, 0.053471234, 0.057844725, 0.055253193, 0.07642782, 0.02661021, 0.07387738, 0.07047715, 0.066252865, 0.027542215, 0.06708519, 0.06772725, 0.065704286, 0.016967347, 0.016186131, 0.019023115, 0.010965089, 0.010922854, 0.013120938, 0.017237337, 0.011382565, 0.0054451055, 0.010674068], "var": [1.0, 1.0, 1.0, 1.0, 0.96, 0.94, 0.92, 0.9, 0.86, 0.82, 0.82, 0.82, 0.86, 0.86, 0.84, 0.82, 0.78, 0.76, 0.76, 0.76, 0.76, 0.74, 0.7, 0.68, 0.68, 0.64, 0.6, 0.58, 0.56, 0.54, 0.54, 0.5, 0.48, 0.46, 0.42, 0.42, 0.38, 0.38, 0.34, 0.3, 0.26, 0.26, 0.24, 0.24, 0.22, 0.22, 0.2, 0.18, 0.18, 0.16], "best": [0.51111114, 0.55732965, 0.5535219, 0.5509662, 0.556042, 0.55692184, 0.5610343, 0.55721503, 0.5604445, 0.5617483, 0.5695801, 0.56506103, 0.57248116, 0.56607443, 0.5743796, 0.5757519, 0.5766849, 0.57978183, 0.5831436, 0.5856768, 0.586897, 0.5882894, 0.591319, 0.59573776, 0.59711826, 0.5992923, 0.603057, 0.60686064, 0.60942143, 0.6116402, 0.61510503, 0.6197853, 0.6222064, 0.6262367, 0.6288085, 0.6316469, 0.63378567, 0.6369318, 0.6399579, 0.64305234, 0.6453629, 0.6491461, 0.6536381, 0.65662175, 0.66031516, 0.6638832, 0.66719955, 0.6698632, 0.67374015, 0.67699254], "duration": [31184, 26941, 26905, 25029, 27065, 27009, 27040, 26970, 27079, 27182, 26956, 27098, 27046, 27070, 27034, 27049, 27035, 26995, 36064, 27019, 26803, 27025, 35999, 25323, 27029, 31450, 27040, 26984, 26989, 27030, 26989, 36002, 26995, 26980, 26959, 28644, 27054, 27068, 26988, 27007, 27055, 31504, 27064, 31530, 26984, 28166, 26951, 27110, 31506, 27024]}