{"avg": [0.34166673, 0.3995974, 0.4263142, 0.39726448, 0.37222067, 0.44644558, 0.526103, 0.4213183, 0.37764427, 0.49574077, 0.46502262, 0.51291925, 0.48329604, 0.4954223, 0.5215329, 0.48935896, 0.5233909, 0.5133003, 0.58341116, 0.5691931, 0.52614534, 0.5696933, 0.54532504, 0.58958334, 0.5499809, 0.5911775, 0.57796055, 0.5978424, 0.6013388, 0.57657826, 0.62134975, 0.58543193, 0.55935395, 0.58636534, 0.60609657, 0.5926637, 0.6333319, 0.6210739, 0.62807477, 0.63886184, 0.6469769, 0.6442586, 0.6515026, 0.63432735, 0.6484741, 0.65139216, 0.6622273, 0.6173219, 0.6698383, 0.674859], "std": [0.12990384, 0.14395657, 0.15005654, 0.14255762, 0.13013548, 0.1484437, 0.12818202, 0.14903755, 0.13513067, 0.14416917, 0.14905547, 0.13974936, 0.1508124, 0.14539026, 0.1382826, 0.14912537, 0.13731845, 0.14367743, 0.083439045, 0.10819062, 0.1383177, 0.10286243, 0.12380566, 0.074132904, 0.12921993, 0.07971097, 0.10663943, 0.07576104, 0.083609685, 0.11343119, 0.008876582, 0.10920202, 0.12879035, 0.11002668, 0.090537466, 0.11368595, 0.017603306, 0.08642569, 0.019895833, 0.018159559, 0.014971627, 0.019471997, 0.014695373, 0.084971145, 0.022435887, 0.023505528, 0.016513763, 0.12645237, 0.0105232475, 0.016423387], "var": [1.0, 0.98, 0.96, 0.96, 0.96, 0.94, 0.92, 0.92, 0.94, 0.94, 0.92, 0.9, 0.9, 0.88, 0.88, 0.88, 0.84, 0.84, 0.84, 0.84, 0.84, 0.82, 0.82, 0.78, 0.76, 0.78, 0.76, 0.76, 0.74, 0.7, 0.72, 0.72, 0.68, 0.66, 0.62, 0.58, 0.56, 0.56, 0.54, 0.52, 0.52, 0.52, 0.5, 0.48, 0.46, 0.42, 0.4, 0.36, 0.32, 0.3], "best": [0.5666667, 0.6113096, 0.6150073, 0.61833847, 0.6162059, 0.6054335, 0.61254966, 0.61428577, 0.61666673, 0.6157535, 0.6061058, 0.6207314, 0.622102, 0.6202381, 0.61939514, 0.6233103, 0.61888534, 0.61849236, 0.62256736, 0.6229854, 0.6175623, 0.6230577, 0.6231312, 0.6227755, 0.6274453, 0.62589586, 0.62977904, 0.6318412, 0.63424146, 0.63671577, 0.6359173, 0.63833433, 0.6410193, 0.64215374, 0.6444416, 0.64660174, 0.6497087, 0.65214616, 0.65579474, 0.65663517, 0.659159, 0.6625285, 0.6648407, 0.66785717, 0.67121714, 0.6733922, 0.67552423, 0.67858744, 0.6810777, 0.68427414], "duration": [1152, 1342, 1139, 1129, 1175, 1599, 1186, 1190, 1163, 1181, 1378, 1383, 1380, 1170, 1169, 1183, 1284, 1110, 1113, 1119, 1180, 1190, 1198, 1180, 1200, 1241, 1394, 1391, 1382, 1191, 1193, 1336, 1141, 1186, 1185, 1387, 1198, 1194, 1181, 1194, 1397, 1194, 1194, 1194, 1393, 1186, 1373, 1150, 1184, 1169]}