{"avg": [0.41481483, 0.45587894, 0.41633207, 0.40146756, 0.41456497, 0.40307543, 0.40110996, 0.47434223, 0.46117663, 0.4617579, 0.447054, 0.43286446, 0.4604541, 0.43327302, 0.3915928, 0.4137196, 0.45822877, 0.4538528, 0.47463584, 0.4266558, 0.46368453, 0.48908257, 0.4567408, 0.4500182, 0.507749, 0.49083856, 0.46575865, 0.51430756, 0.5002218, 0.46762958, 0.47137383, 0.48285314, 0.47501484, 0.48106658, 0.49957982, 0.5037638, 0.520687, 0.5019415, 0.49214828, 0.49515393, 0.486443, 0.47877204, 0.485154, 0.4992935, 0.5135244, 0.49562305, 0.536181, 0.48612067, 0.49732378, 0.50354505], "std": [0.105539314, 0.08779945, 0.101165116, 0.12841348, 0.1208295, 0.13308753, 0.13458195, 0.08265981, 0.108286455, 0.08586044, 0.08486329, 0.11906348, 0.08502565, 0.089462355, 0.10724439, 0.10401252, 0.108529605, 0.111404344, 0.103109844, 0.10654515, 0.08840965, 0.0725237, 0.124227226, 0.12069158, 0.062422737, 0.07181205, 0.102441825, 0.063905634, 0.067241654, 0.10896491, 0.086334795, 0.08009884, 0.104958944, 0.08372845, 0.07296513, 0.094015464, 0.05403887, 0.06935817, 0.0795711, 0.0795688, 0.10199036, 0.104305275, 0.11011653, 0.10532825, 0.095941596, 0.080124944, 0.038344875, 0.07927413, 0.08057788, 0.080538526], "var": [0.984, 0.968, 0.952, 0.936, 0.928, 0.92, 0.92, 0.92, 0.904, 0.888, 0.88, 0.888, 0.88, 0.88, 0.872, 0.872, 0.872, 0.864, 0.848, 0.848, 0.856, 0.856, 0.864, 0.864, 0.848, 0.84, 0.832, 0.832, 0.824, 0.808, 0.808, 0.8, 0.8, 0.792, 0.776, 0.776, 0.784, 0.768, 0.768, 0.768, 0.768, 0.768, 0.768, 0.752, 0.744, 0.736, 0.736, 0.744, 0.728, 0.728], "best": [0.51111114, 0.5468254, 0.5468254, 0.54121, 0.54384923, 0.5375662, 0.5418838, 0.53843355, 0.541601, 0.53965205, 0.54294944, 0.5418494, 0.5398666, 0.5410065, 0.5432835, 0.53740275, 0.53803754, 0.54318446, 0.5438589, 0.5441961, 0.5402117, 0.54042536, 0.544, 0.541282, 0.5414089, 0.54501325, 0.5444123, 0.54404247, 0.54384923, 0.5463703, 0.54610884, 0.54671377, 0.54853225, 0.5467208, 0.54733247, 0.5496242, 0.5477058, 0.5496617, 0.5497153, 0.551396, 0.5526137, 0.5517689, 0.55400115, 0.5549387, 0.5567513, 0.55605394, 0.55548346, 0.5575544, 0.55639815, 0.5588429], "duration": [27449, 27385, 25393, 31969, 27048, 27347, 26876, 27125, 27122, 27751, 27643, 27092, 27214, 29948, 26663, 26904, 25464, 27313, 27369, 26973, 27382, 27430, 27315, 27407, 27403, 27348, 27380, 32013, 27396, 31619, 27290, 27008, 31673, 27083, 27566, 32227, 27759, 27456, 27358, 27353, 31912, 27364, 27366, 27505, 27498, 27171, 32008, 27308, 27341, 27269]}