{"avg": [0.10000002, 0.1808201, 0.16694777, 0.22502986, 0.18557988, 0.26217514, 0.27056324, 0.20510206, 0.24187508, 0.2406785, 0.26224938, 0.20116967, 0.21616288, 0.27057183, 0.24263671, 0.31623793, 0.3224121, 0.3103674, 0.41214517, 0.366588, 0.3577968, 0.33014184, 0.31596226, 0.31671128, 0.3789736, 0.36431262, 0.38402405, 0.44081327, 0.42456588, 0.35693124, 0.43055597, 0.49892303, 0.45040566, 0.5076823, 0.5380124, 0.525856, 0.4796283, 0.4932006, 0.5235911, 0.52578384, 0.4770251, 0.4800852, 0.5719604, 0.57297105, 0.57340926, 0.5462717, 0.6218291, 0.5661694, 0.6292969, 0.6223097], "std": [0.07640512, 0.11476777, 0.10233097, 0.1006208, 0.1267454, 0.11403903, 0.14576483, 0.11131223, 0.14741789, 0.14736916, 0.13568242, 0.15505208, 0.15092264, 0.123603165, 0.11654449, 0.14452377, 0.13182478, 0.15212719, 0.12575519, 0.10266944, 0.16859393, 0.12794608, 0.16818838, 0.16709901, 0.14279507, 0.18285842, 0.15293671, 0.1611789, 0.17091246, 0.1463803, 0.17696391, 0.1456517, 0.14446007, 0.10483258, 0.10800597, 0.11919627, 0.16961879, 0.1559662, 0.17434183, 0.13989025, 0.16079019, 0.1568988, 0.11222393, 0.10222367, 0.13371244, 0.1890316, 0.049709734, 0.14056088, 0.05395396, 0.08532264], "var": [0.96, 0.94, 0.92, 0.88, 0.86, 0.84, 0.8, 0.78, 0.76, 0.76, 0.72, 0.72, 0.7, 0.66, 0.64, 0.6, 0.58, 0.54, 0.52, 0.56, 0.54, 0.52, 0.52, 0.52, 0.5, 0.46, 0.44, 0.42, 0.4, 0.4, 0.38, 0.36, 0.34, 0.34, 0.34, 0.32, 0.32, 0.3, 0.26, 0.24, 0.22, 0.2, 0.2, 0.2, 0.2, 0.18, 0.18, 0.16, 0.14, 0.12], "best": [0.20000002, 0.3708617, 0.37787703, 0.38595074, 0.37821305, 0.5324787, 0.53517944, 0.38322, 0.54212356, 0.54567903, 0.5479219, 0.5512633, 0.5509662, 0.5519104, 0.5531085, 0.5540296, 0.5554791, 0.556648, 0.5575225, 0.5619212, 0.5627631, 0.5660505, 0.5671128, 0.5699624, 0.570828, 0.57304054, 0.57693046, 0.5793842, 0.58491516, 0.58765316, 0.5898578, 0.5934212, 0.59810746, 0.6010375, 0.6059899, 0.60990095, 0.61340237, 0.6162215, 0.6191635, 0.6228388, 0.6263123, 0.6288444, 0.6303419, 0.6342933, 0.6374687, 0.6409411, 0.64324903, 0.6476082, 0.6514888, 0.65409327], "duration": [4132, 2528, 3831, 4056, 3938, 5924, 2279, 4036, 2243, 2581, 2306, 2285, 2559, 4021, 2742, 2190, 4132, 2215, 4130, 4035, 2283, 5953, 2428, 2223, 2927, 2372, 6535, 2332, 2429, 2395, 2591, 2875, 3037, 3253, 2444, 2398, 4249, 4263, 2417, 2488, 2452, 6073, 4248, 2390, 4402, 2390, 2547, 2835, 2558, 4253]}