{"avg": [0.13333334, 0.15384378, 0.1640212, 0.20603175, 0.26659968, 0.18054895, 0.20586272, 0.20934844, 0.23210877, 0.21107027, 0.20350981, 0.2635735, 0.2676439, 0.29326448, 0.22352576, 0.26513135, 0.2870567, 0.3037735, 0.3048309, 0.30710042, 0.3727961, 0.40862522, 0.3602161, 0.36038333, 0.37684926, 0.3722631, 0.43288097, 0.40983945, 0.42273948, 0.4434871, 0.48400974, 0.4295431, 0.43122506, 0.47816893, 0.41872483, 0.48359206, 0.55977553, 0.49295896, 0.4643431, 0.4498192, 0.54873955, 0.5582129, 0.5440223, 0.520016, 0.56010073, 0.54873544, 0.6006083, 0.60709417, 0.58692163, 0.6112804, 0.5639465, 0.5999714, 0.5874235, 0.61080366, 0.6223431, 0.6062092, 0.6523699, 0.6406915, 0.6267889, 0.65943074, 0.66182774, 0.653633, 0.66806155, 0.6603518, 0.67101955, 0.6641131, 0.67784315, 0.67777514, 0.67486805, 0.68660754, 0.66830605, 0.6913926, 0.6900492, 0.69532955, 0.69728285, 0.6889406, 0.7011623, 0.70251536, 0.70459074, 0.6971599, 0.6990582, 0.7100554, 0.7116441, 0.71329755, 0.7143253, 0.71656317, 0.71756244, 0.7196693, 0.7212199, 0.7129222, 0.7240363, 0.7252284, 0.7153688, 0.72762424, 0.6996596, 0.7106368, 0.71186477, 0.7325114, 0.73361504, 0.7346974, 0.7357588, 0.7076334, 0.696407, 0.7388896, 0.7400659, 0.7410898, 0.7419694, 0.7430175, 0.7440445, 0.744757, 0.7457494, 0.7467219, 0.74750865, 0.727542, 0.7490987, 0.75000674, 0.7301051, 0.7418965, 0.75242954, 0.74335563, 0.74414116, 0.7546356, 0.7553474, 0.75604826, 0.7568293, 0.75750726, 0.7582187, 0.7366964, 0.7595218, 0.7504364, 0.75110555, 0.7517638, 0.7413935, 0.7523622, 0.75360036, 0.7639424, 0.76455295, 0.76511675, 0.7656361, 0.76625735, 0.75815576, 0.74521387, 0.7679253, 0.76844305, 0.7689873, 0.7694572, 0.7699213, 0.76135933, 0.7710569, 0.771533], "std": [0.06331441, 0.12618144, 0.11819382, 0.08910064, 0.13350907, 0.15989922, 0.10671524, 0.10866837, 0.13606006, 0.108106256, 0.12701696, 0.12380592, 0.17019166, 0.1723389, 0.14261508, 0.17322533, 0.14451838, 0.13497157, 0.15320319, 0.13034955, 0.16141823, 0.13405149, 0.13946359, 0.19854236, 0.14594084, 0.16312003, 0.16635942, 0.16985372, 0.15027861, 0.1597041, 0.110215604, 0.16861151, 0.1495409, 0.11729815, 0.1585137, 0.13675725, 0.07896971, 0.13399167, 0.1528255, 0.1548425, 0.08634336, 0.09093786, 0.117263034, 0.14511622, 0.11165937, 0.115989454, 0.060543075, 0.064457014, 0.083031945, 0.053146563, 0.11816525, 0.07506409, 0.09196733, 0.08219274, 0.06351186, 0.08569381, 0.0038389787, 0.051229607, 0.08158394, 0.00897944, 0.008419223, 0.039826624, 0.0063943756, 0.03767214, 0.009344607, 0.0450246, 0.007790748, 0.0122809, 0.037653998, 0.0014124908, 0.04996257, 5.9604645e-08, 0.01273053, 1.1920929e-07, 5.9604645e-08, 0.038802374, 1.1920929e-07, 0.0019746781, 5.9604645e-08, 0.0366013, 0.036601305, 5.9604645e-08, 1.1920929e-07, 0.0, 0.002001152, 5.9604645e-08, 0.002137591, 5.9604645e-08, 1.1920929e-07, 0.037654005, 5.9604645e-08, 1.1920929e-07, 0.04006168, 1.1920929e-07, 0.060715254, 0.051445134, 0.051445164, 1.1920929e-07, 1.1920929e-07, 5.9604645e-08, 0.0, 0.060715277, 0.06878925, 1.1920929e-07, 5.9604645e-08, 0.0, 5.9604645e-08, 1.1920929e-07, 5.9604645e-08, 5.9604645e-08, 1.1920929e-07, 0.0, 0.0, 0.052878723, 5.9604645e-08, 0.0, 0.05287871, 0.037654, 5.9604645e-08, 0.037654, 0.037654, 5.9604645e-08, 1.1920929e-07, 5.9604645e-08, 5.9604645e-08, 5.9604645e-08, 0.0, 0.0544331, 5.9604645e-08, 0.037653998, 0.037653994, 0.037653986, 0.05287871, 0.03880237, 0.037653994, 5.9604645e-08, 1.1920929e-07, 0.0, 1.1920929e-07, 0.0, 0.035631772, 0.0544331, 1.1920929e-07, 1.1920929e-07, 0.0, 0.0, 0.0, 0.036601294, 5.9604645e-08, 0.0], "var": [1.0, 0.98, 0.94, 0.94, 0.92, 0.9, 0.88, 0.84, 0.82, 0.82, 0.84, 0.8, 0.76, 0.72, 0.68, 0.66, 0.64, 0.6, 0.6, 0.6, 0.58, 0.56, 0.56, 0.56, 0.56, 0.54, 0.54, 0.54, 0.5, 0.5, 0.48, 0.46, 0.46, 0.42, 0.42, 0.42, 0.44, 0.42, 0.44, 0.42, 0.4, 0.38, 0.36, 0.32, 0.32, 0.32, 0.3, 0.3, 0.28, 0.28, 0.26, 0.26, 0.24, 0.24, 0.24, 0.22, 0.22, 0.2, 0.16, 0.16, 0.14, 0.12, 0.12, 0.1, 0.1, 0.1, 0.1, 0.08, 0.08, 0.08, 0.06, 0.06, 0.04, 0.04, 0.04, 0.04, 0.04, 0.04, 0.04, 0.04, 0.04, 0.04, 0.04, 0.04, 0.04, 0.04, 0.02, 0.02, 0.02, 0.02, 0.02, 0.02, 0.02, 0.02, 0.02, 0.02, 0.02, 0.02, 0.02, 0.02, 0.02, 0.02, 0.02, 0.02, 0.02, 0.02, 0.02, 0.02, 0.02, 0.02, 0.02, 0.02, 0.02, 0.02, 0.02, 0.02, 0.02, 0.02, 0.02, 0.02, 0.02, 0.02, 0.02, 0.02, 0.02, 0.02, 0.02, 0.02, 0.02, 0.02, 0.02, 0.02, 0.02, 0.02, 0.02, 0.02, 0.02, 0.02, 0.02, 0.02, 0.02, 0.02, 0.02, 0.02, 0.02, 0.02, 0.02, 0.02, 0.02, 0.02], "best": [0.20000002, 0.3835668, 0.38616785, 0.38793653, 0.53636366, 0.5402778, 0.3923977, 0.39297056, 0.54236114, 0.3977183, 0.39725924, 0.54336476, 0.5468884, 0.5482915, 0.40934348, 0.55032086, 0.5516257, 0.55357, 0.5548482, 0.556341, 0.55809945, 0.5660447, 0.56856763, 0.5709055, 0.57222444, 0.5814911, 0.57333654, 0.5786664, 0.5876418, 0.5887857, 0.59193957, 0.5880304, 0.5898955, 0.5974207, 0.59359574, 0.60078627, 0.60263306, 0.6053817, 0.60512406, 0.6086702, 0.6104731, 0.6139456, 0.6163743, 0.6184515, 0.62042487, 0.62291986, 0.62549746, 0.62901247, 0.63224447, 0.63453645, 0.6378482, 0.6406567, 0.6433104, 0.6456437, 0.64828026, 0.6512729, 0.65352684, 0.6568124, 0.65980786, 0.66248655, 0.66485846, 0.66767836, 0.67004037, 0.6725603, 0.67515105, 0.6775881, 0.6799253, 0.68217164, 0.6845902, 0.6869851, 0.68914396, 0.69139254, 0.6934515, 0.6953294, 0.6972829, 0.69931096, 0.70116216, 0.7030854, 0.7045907, 0.7063102, 0.70820856, 0.7100555, 0.711644, 0.71329755, 0.7148108, 0.7165631, 0.718097, 0.7196692, 0.7212198, 0.7226443, 0.72403634, 0.72522855, 0.7264799, 0.72762436, 0.7288262, 0.7300812, 0.7313093, 0.7325113, 0.73361516, 0.73469746, 0.7357588, 0.73679996, 0.7378886, 0.73888946, 0.74006593, 0.7410898, 0.74196947, 0.7430176, 0.74404454, 0.74475706, 0.7457493, 0.7467219, 0.74750865, 0.7482828, 0.74909866, 0.75000674, 0.7508457, 0.7516188, 0.7524295, 0.75307786, 0.7538634, 0.7546355, 0.7553475, 0.7560483, 0.7568294, 0.7575072, 0.7582187, 0.75891864, 0.75952184, 0.7601588, 0.76082766, 0.76148605, 0.7621342, 0.7627327, 0.76332253, 0.76394236, 0.76455283, 0.76511675, 0.76563597, 0.76625735, 0.7667976, 0.7674361, 0.76792544, 0.7684429, 0.7689873, 0.7694572, 0.7699213, 0.7705096, 0.77105683, 0.771533], "duration": [2194, 3789, 1878, 3780, 3909, 7606, 3851, 2361, 4042, 3912, 1920, 7744, 3954, 2082, 3850, 2194, 3974, 5930, 2115, 5714, 4077, 4130, 5923, 2110, 2564, 4056, 4080, 2275, 4133, 2189, 2349, 2607, 2229, 2191, 2208, 4516, 2686, 2285, 2268, 2231, 2701, 2304, 2313, 2309, 2299, 2281, 2707, 2299, 2305, 2323, 2246, 2353, 2289, 2305, 2299, 2307, 2319, 2299, 2718, 2304, 2324, 2323, 2348, 2316, 2358, 2303, 2323, 2700, 2724, 2332, 2331, 2338, 2311, 2341, 2700, 2734, 2284, 2680, 2339, 2320, 2701, 2306, 2322, 2327, 2730, 2310, 2323, 2307, 2700, 2337, 2301, 2309, 2331, 2311, 2320, 2371, 2326, 2353, 2366, 2355, 2354, 2378, 2434, 2763, 2317, 2329, 2293, 2715, 2349, 2359, 2693, 2302, 2377, 2356, 2696, 2308, 2343, 2308, 2369, 2340, 2312, 2316, 2333, 2331, 2310, 2336, 2747, 2317, 2380, 2344, 2304, 2343, 2267, 2321, 2343, 2724, 2315, 2317, 2322, 2705, 2711, 2359, 2312, 2305, 2352, 2716, 2702, 2294, 2310, 2338]}