{"avg": [0.38750002, 0.4111928, 0.39236322, 0.45678625, 0.444637, 0.45466143, 0.43152785, 0.45192018, 0.48948416, 0.5008384, 0.46558046, 0.4513046, 0.493765, 0.48776138, 0.51060635, 0.54330873, 0.49620864, 0.5076006, 0.49533597, 0.49923623, 0.51149356, 0.51029974, 0.5111157, 0.5244432, 0.5321961, 0.5584629, 0.5489113, 0.5458872, 0.5796152, 0.5493292, 0.6005066, 0.57835734, 0.5802269, 0.59046733, 0.58359647, 0.6152953, 0.6208776, 0.60282457, 0.63263977, 0.6029031, 0.6108135, 0.62637633, 0.63998646, 0.63756496, 0.6471176, 0.65422696, 0.6387833, 0.66403943, 0.6531571, 0.66085136], "std": [0.105692536, 0.13629436, 0.118470505, 0.08891965, 0.09485216, 0.08634729, 0.1375023, 0.10587819, 0.116457485, 0.10109682, 0.13879265, 0.12668844, 0.077330954, 0.10604345, 0.07385021, 0.051982276, 0.12629434, 0.12299509, 0.10924815, 0.08874534, 0.10003931, 0.07246574, 0.102086894, 0.08614286, 0.102639996, 0.0901071, 0.068016164, 0.10408142, 0.028259289, 0.086798884, 0.015917504, 0.031176921, 0.06263218, 0.030838728, 0.06892951, 0.02398877, 0.020904712, 0.068400204, 0.016611725, 0.06701934, 0.040089153, 0.03480176, 0.030067233, 0.034569513, 0.025739117, 0.01739413, 0.043079115, 0.0061211577, 0.03730828, 0.03055742], "var": [1.0, 0.98, 0.98, 0.96, 0.94, 0.92, 0.94, 0.92, 0.9, 0.88, 0.86, 0.86, 0.84, 0.8, 0.78, 0.74, 0.74, 0.7, 0.68, 0.68, 0.64, 0.64, 0.64, 0.62, 0.6, 0.58, 0.56, 0.54, 0.5, 0.46, 0.44, 0.42, 0.38, 0.34, 0.32, 0.32, 0.32, 0.3, 0.28, 0.26, 0.24, 0.22, 0.2, 0.18, 0.18, 0.18, 0.18, 0.18, 0.16, 0.16], "best": [0.51111114, 0.55128974, 0.5471862, 0.5483782, 0.55248505, 0.5515247, 0.5520014, 0.552614, 0.5566516, 0.55789185, 0.55842686, 0.56294787, 0.56474525, 0.567441, 0.5697192, 0.5738726, 0.5790055, 0.583063, 0.5880844, 0.5894197, 0.59064823, 0.5903357, 0.5906566, 0.591298, 0.59428906, 0.5979564, 0.6029397, 0.6046097, 0.6075528, 0.6109803, 0.6127895, 0.61787605, 0.619378, 0.622118, 0.62429327, 0.6273824, 0.6324419, 0.6369332, 0.6399763, 0.6443993, 0.64677775, 0.6485619, 0.65105784, 0.65451723, 0.65759003, 0.66054547, 0.66385937, 0.6661726, 0.6692943, 0.6718254], "duration": [25156, 27322, 25073, 27067, 26894, 25763, 26827, 27308, 27613, 27481, 41459, 27600, 27696, 27679, 31875, 27460, 27369, 31945, 27336, 27241, 27480, 27382, 27354, 27358, 27313, 31985, 36511, 27339, 31991, 27468, 27870, 32083, 27502, 27432, 31924, 32068, 27511, 32039, 27381, 27473, 32035, 27454, 27465, 27504, 27432, 27411, 27374, 31988, 27351, 27295]}