{"avg": [0.15128206, 0.20810889, 0.24861114, 0.23217161, 0.21084766, 0.22341143, 0.23093583, 0.23291007, 0.21887699, 0.24553867, 0.24001835, 0.24456538, 0.26429108, 0.24297562, 0.27392608, 0.27657297, 0.27430093, 0.28704873, 0.30958748, 0.28676987, 0.28751785, 0.29695308, 0.27203256, 0.2962646, 0.2973342, 0.3359318, 0.32085896, 0.30979252, 0.30380264, 0.29911974, 0.33507657, 0.33328876, 0.3064398, 0.30516103, 0.3220927, 0.32471603, 0.31877896, 0.33906332, 0.3296631, 0.33375087, 0.33682346, 0.326938, 0.3516651, 0.34444773, 0.35782012, 0.35185876, 0.32287976, 0.33207944, 0.3366002, 0.34222248], "std": [0.07692308, 0.069404356, 0.058709715, 0.065458626, 0.07448202, 0.06567137, 0.07295924, 0.08659441, 0.068218544, 0.066838376, 0.0747715, 0.06189583, 0.052861586, 0.06431624, 0.04401867, 0.055009857, 0.06189975, 0.0545592, 0.0400214, 0.0626509, 0.045181286, 0.07014391, 0.0438995, 0.047213152, 0.037771344, 0.03920339, 0.056949608, 0.04711287, 0.04927655, 0.04077228, 0.051392615, 0.046865307, 0.05250762, 0.04414961, 0.047797903, 0.03665789, 0.055569477, 0.047493055, 0.05976163, 0.039711494, 0.040164102, 0.035783228, 0.053304564, 0.054579627, 0.026447423, 0.057518266, 0.037762024, 0.05665213, 0.040580254, 0.03588068], "var": [0.98, 0.94, 0.9, 0.9, 0.9, 0.92, 0.9, 0.88, 0.86, 0.9, 0.9, 0.86, 0.82, 0.82, 0.84, 0.82, 0.78, 0.78, 0.76, 0.76, 0.76, 0.72, 0.7, 0.66, 0.66, 0.68, 0.72, 0.7, 0.7, 0.66, 0.68, 0.64, 0.6, 0.56, 0.56, 0.56, 0.54, 0.52, 0.52, 0.54, 0.52, 0.54, 0.5, 0.5, 0.5, 0.54, 0.5, 0.46, 0.44, 0.44], "best": [0.2777778, 0.31623933, 0.318254, 0.35069013, 0.3542285, 0.31548136, 0.31653866, 0.36536798, 0.31225398, 0.3605539, 0.35625765, 0.320588, 0.31278422, 0.31319594, 0.31957915, 0.32308987, 0.37194082, 0.41089633, 0.41197234, 0.37266612, 0.32384005, 0.4125368, 0.32310927, 0.41046464, 0.32580853, 0.46874237, 0.41484094, 0.41605318, 0.37790826, 0.33406594, 0.41719016, 0.47401, 0.3845625, 0.34145302, 0.41701943, 0.39288, 0.39344305, 0.41656953, 0.48510623, 0.43140045, 0.43296474, 0.39184827, 0.4905121, 0.43688723, 0.43966198, 0.44223976, 0.36490571, 0.44016564, 0.39669892, 0.40960628], "duration": [3542, 3170, 9338, 7527, 5449, 9462, 5211, 9459, 7582, 9375, 7573, 7528, 9298, 7604, 7749, 11833, 11266, 7377, 9266, 11239, 13236, 9271, 9243, 17330, 7381, 11246, 9153, 9428, 17562, 9809, 12984, 11262, 13029, 20427, 14958, 12998, 11069, 11112, 11075, 13018, 11103, 11189, 13081, 14982, 14967, 11137, 9039, 14836, 15525, 14967]}