Hyperparameter,InfinityPool,LogicErrorPool,MemoryPool,MultiThreadedPool
BitWise Inversion,0.6597891855555555,0.448839653,0.703376403,0.5075168411111112
RandomInversion,0.598873094,0.397224075,0.639048316,0.44699423
SingleBitInversion,0.643773391,0.421650344,0.686057439,0.45907586499999997
