{"avg": [0.14509805, 0.15549332, 0.16098435, 0.12817928, 0.14535525, 0.14746149, 0.17913027, 0.14266479, 0.14835791, 0.15901747, 0.15941237, 0.1688191, 0.17483999, 0.21152331, 0.15628183, 0.17230304, 0.18275616, 0.23804146, 0.12210363, 0.14967662, 0.23296797, 0.20403086, 0.21442334, 0.1991184, 0.25031108, 0.23435201, 0.2213673, 0.2213691, 0.23275018, 0.14906824, 0.2744344, 0.1944184, 0.15494081, 0.25639382, 0.25803196, 0.22131194, 0.23996522, 0.17769673, 0.28176224, 0.24944137, 0.23641978, 0.24345458, 0.2747599, 0.221813, 0.2541117, 0.27252215, 0.29157785, 0.3241657, 0.25002447, 0.24217787], "std": [0.09794332, 0.11462008, 0.11837697, 0.16280295, 0.119173415, 0.09818527, 0.11930933, 0.089287, 0.11081781, 0.07863729, 0.10408493, 0.10862234, 0.1333567, 0.1080974, 0.09533526, 0.13240857, 0.10541776, 0.13949667, 0.11141164, 0.06963273, 0.119102225, 0.1009809, 0.1280657, 0.116202794, 0.1492739, 0.10465773, 0.1414415, 0.13371196, 0.09367952, 0.11117208, 0.10954874, 0.13193329, 0.12990272, 0.14514628, 0.1506553, 0.12703387, 0.108269386, 0.10657396, 0.15389878, 0.13858984, 0.13468227, 0.12275571, 0.12565035, 0.13167043, 0.09167069, 0.10590023, 0.10947291, 0.12381888, 0.13879578, 0.12123147], "var": [1.0, 0.992, 0.984, 0.968, 0.96, 0.952, 0.936, 0.928, 0.928, 0.92, 0.912, 0.904, 0.896, 0.888, 0.88, 0.872, 0.856, 0.864, 0.872, 0.856, 0.856, 0.856, 0.856, 0.84, 0.84, 0.84, 0.84, 0.84, 0.832, 0.832, 0.84, 0.832, 0.816, 0.816, 0.816, 0.8, 0.8, 0.8, 0.8, 0.808, 0.8, 0.8, 0.8, 0.784, 0.784, 0.792, 0.776, 0.776, 0.768, 0.752], "best": [0.3555556, 0.376564, 0.5364088, 0.5392064, 0.38114196, 0.3835668, 0.38077953, 0.33814907, 0.38005525, 0.3266257, 0.37303427, 0.3391813, 0.3780999, 0.3783022, 0.329411, 0.53867525, 0.38125613, 0.5274953, 0.37836987, 0.19475417, 0.37736374, 0.3825222, 0.5406224, 0.38026473, 0.5414611, 0.38134924, 0.5390038, 0.5396622, 0.37837923, 0.38087985, 0.53986573, 0.5271615, 0.38164705, 0.5404665, 0.5424373, 0.54083365, 0.3837672, 0.3826813, 0.542736, 0.52727896, 0.54158044, 0.541512, 0.5422113, 0.54276115, 0.3858814, 0.52767026, 0.53015274, 0.5422399, 0.5404196, 0.54493535], "duration": [5767, 2107, 1914, 3815, 6021, 1848, 7569, 7882, 5742, 3806, 5693, 5723, 3905, 3786, 5742, 1920, 7597, 4334, 1963, 1835, 5748, 5785, 3850, 3829, 3984, 5816, 5834, 5671, 9803, 3821, 3888, 5841, 1852, 3947, 2011, 3867, 3806, 1932, 3938, 1981, 3888, 3853, 4264, 3822, 1910, 4246, 2013, 7727, 5826, 3949]}