{"avg": [0.3412698, 0.35483, 0.4046926, 0.43611118, 0.40394774, 0.47942787, 0.43841428, 0.49396235, 0.46615505, 0.48003557, 0.48097107, 0.49139738, 0.50497675, 0.5075555, 0.51931435, 0.52815515, 0.50688994, 0.5248674, 0.5095221, 0.53225553, 0.5425666, 0.5470252, 0.5510147, 0.55688596, 0.5461594, 0.5478474, 0.5646424, 0.5610305, 0.56507206, 0.5683839, 0.55910325, 0.58460385, 0.5842138, 0.5693443, 0.5742887, 0.587591, 0.5798051, 0.597452, 0.60258037, 0.6032586, 0.6117844, 0.60602266, 0.6060627, 0.6197759, 0.62292594, 0.6235145, 0.6353225, 0.63424075, 0.6344493, 0.63758564], "std": [0.0842467, 0.13791513, 0.12933177, 0.12880647, 0.11471265, 0.08362424, 0.09324699, 0.08374145, 0.086319424, 0.10510755, 0.08198198, 0.073432505, 0.068525895, 0.07608754, 0.06520726, 0.05993443, 0.0731852, 0.06845284, 0.07786079, 0.06452134, 0.04516541, 0.05009274, 0.03990044, 0.017292744, 0.049487565, 0.04811224, 0.019093607, 0.041948378, 0.021831417, 0.019428603, 0.050609034, 0.015050125, 0.021962551, 0.04546187, 0.04531639, 0.026950303, 0.027502002, 0.021635735, 0.023023857, 0.025243036, 0.019410444, 0.028446607, 0.02725576, 0.022859953, 0.024607765, 0.030579975, 0.022208046, 0.02721666, 0.03146238, 0.037277002], "var": [0.98, 0.96, 0.94, 0.92, 0.9, 0.9, 0.9, 0.9, 0.86, 0.86, 0.84, 0.84, 0.84, 0.8, 0.78, 0.76, 0.72, 0.68, 0.68, 0.66, 0.64, 0.64, 0.6, 0.58, 0.58, 0.56, 0.58, 0.54, 0.52, 0.5, 0.5, 0.5, 0.5, 0.48, 0.44, 0.4, 0.38, 0.36, 0.34, 0.34, 0.36, 0.36, 0.34, 0.32, 0.3, 0.3, 0.28, 0.26, 0.28, 0.26], "best": [0.51111114, 0.5349207, 0.54395187, 0.5462843, 0.5410783, 0.5474689, 0.55440116, 0.55300677, 0.5542044, 0.55334264, 0.5523079, 0.553997, 0.55544156, 0.55564606, 0.55964595, 0.5624175, 0.5675124, 0.56990796, 0.57157034, 0.5743351, 0.5759902, 0.5765689, 0.57857144, 0.5822005, 0.5836426, 0.584227, 0.5853656, 0.589163, 0.5931523, 0.5955074, 0.59686667, 0.59851253, 0.6026862, 0.60564756, 0.6083447, 0.6107143, 0.61354345, 0.61474526, 0.61766386, 0.62095237, 0.6243704, 0.62739986, 0.629826, 0.63232327, 0.6360407, 0.63971007, 0.6432523, 0.64672047, 0.6498233, 0.65296316], "duration": [31405, 25421, 27123, 27046, 27153, 27472, 27487, 31654, 25423, 27320, 26891, 27460, 27450, 27353, 31912, 31967, 31969, 36492, 27409, 27480, 27385, 27424, 27407, 36502, 27269, 27376, 36413, 27399, 27295, 31981, 27138, 27314, 27380, 36428, 32093, 27379, 27371, 27388, 27454, 27399, 27391, 27408, 31901, 27282, 31876, 31897, 27369, 27359, 32040, 27517]}