{"avg": [0.14920637, 0.21776506, 0.14012897, 0.18858527, 0.18908176, 0.19712628, 0.19455443, 0.2242473, 0.21749656, 0.20602319, 0.1988325, 0.2262411, 0.23204628, 0.23295729, 0.21829991, 0.24067158, 0.24965829, 0.24389902, 0.25424877, 0.2611053, 0.24927355, 0.27069318, 0.27210605, 0.24621254, 0.25864378, 0.27126858, 0.28211474, 0.28204045, 0.2938852, 0.2925312, 0.32109025, 0.29159495, 0.2841054, 0.305903, 0.3175789, 0.31216452, 0.30288306, 0.3112728, 0.30358508, 0.3264803, 0.3099932, 0.3473827, 0.3366676, 0.36851636, 0.3313563, 0.3520464, 0.36607194, 0.36651966, 0.36898312, 0.39346534], "std": [0.045949575, 0.04972901, 0.07112644, 0.08396763, 0.07310105, 0.043260645, 0.077395916, 0.06288789, 0.06971437, 0.04728412, 0.05496949, 0.06264941, 0.058913417, 0.058671284, 0.049303245, 0.055621363, 0.06191326, 0.07258067, 0.063619405, 0.061136194, 0.07187456, 0.06392197, 0.068008356, 0.071624175, 0.07329613, 0.075220376, 0.07822392, 0.07109529, 0.06610689, 0.07954776, 0.06668155, 0.069919325, 0.06319411, 0.071699925, 0.06642759, 0.07541271, 0.06467239, 0.07394379, 0.08179601, 0.092966996, 0.07589343, 0.060401943, 0.076931916, 0.07409172, 0.06944914, 0.07068321, 0.068804346, 0.08270323, 0.07728201, 0.057660297], "var": [1.0, 1.0, 1.0, 1.0, 1.0, 1.0, 1.0, 1.0, 1.0, 0.98, 0.98, 0.98, 0.98, 0.98, 0.98, 0.98, 0.98, 1.0, 1.0, 1.0, 1.0, 1.0, 1.0, 1.0, 1.0, 1.0, 1.0, 1.0, 1.0, 1.0, 1.0, 1.0, 1.0, 1.0, 1.0, 0.98, 0.98, 0.98, 0.98, 0.98, 0.98, 0.94, 0.9, 0.86, 0.86, 0.84, 0.8, 0.78, 0.78, 0.78], "best": [0.1888889, 0.29818594, 0.2293651, 0.40055215, 0.30470988, 0.2300977, 0.39356455, 0.39739862, 0.3992454, 0.30351308, 0.30899823, 0.39986616, 0.31121522, 0.31937966, 0.3196616, 0.38418996, 0.4001176, 0.40131155, 0.38510025, 0.32570022, 0.40280834, 0.38926756, 0.4037392, 0.41866952, 0.39092436, 0.40493742, 0.42165864, 0.4225375, 0.42343044, 0.42307273, 0.42660496, 0.42822668, 0.41061038, 0.42893612, 0.4294543, 0.430539, 0.4206601, 0.4270389, 0.43282735, 0.4340584, 0.43574718, 0.43311083, 0.4385319, 0.44052914, 0.44265962, 0.4349542, 0.43743318, 0.44660372, 0.44873524, 0.45050004], "duration": [1985, 5903, 2002, 3888, 2040, 2002, 1943, 2071, 2152, 2077, 2003, 2109, 2160, 4084, 4018, 4015, 7816, 9773, 8495, 2944, 3995, 7935, 6295, 6679, 8153, 3993, 8159, 8328, 2113, 9758, 4000, 8218, 8279, 4006, 3991, 4863, 2132, 6273, 6685, 2115, 2168, 2056, 3899, 1948, 4368, 5860, 4062, 2098, 2064, 3912]}