{"avg": [0.47450992, 0.46838072, 0.4447436, 0.46746916, 0.45543885, 0.47591767, 0.46709827, 0.49529976, 0.47466832, 0.49862802, 0.48967016, 0.50606847, 0.5303768, 0.49009863, 0.47979438, 0.5047932, 0.50741875, 0.52588093, 0.5034116, 0.53855234, 0.528188, 0.5297983, 0.5141294, 0.56455225, 0.55683523, 0.5308221, 0.5576218, 0.5727635, 0.5743042, 0.5777472, 0.58433115, 0.58137715, 0.59350026, 0.58785874, 0.58577216, 0.6005879, 0.607284, 0.6296855, 0.6206143, 0.63525516, 0.62747246, 0.6282969, 0.64301157, 0.64343774, 0.6405994, 0.639891, 0.6220226, 0.6579017, 0.65961623, 0.657064], "std": [0.065983936, 0.08496173, 0.10800942, 0.0987844, 0.10524309, 0.078073494, 0.08480871, 0.071135834, 0.083605535, 0.07179714, 0.078751355, 0.07105476, 0.042677134, 0.1014209, 0.083310135, 0.07538452, 0.07255335, 0.056157604, 0.07375784, 0.042506307, 0.06049011, 0.09418622, 0.107677236, 0.018088816, 0.045884844, 0.07125218, 0.04966516, 0.022695404, 0.026381291, 0.02601748, 0.02782504, 0.02690727, 0.022273472, 0.055495765, 0.057462145, 0.030253237, 0.0596363, 0.010125642, 0.026118575, 0.0120007135, 0.03163679, 0.038009275, 0.0153432805, 0.0297794, 0.03426017, 0.042929165, 0.075007536, 0.027896851, 0.022659097, 0.036141478], "var": [0.98, 0.96, 0.94, 0.94, 0.94, 0.94, 0.92, 0.88, 0.86, 0.84, 0.82, 0.82, 0.84, 0.82, 0.78, 0.74, 0.74, 0.74, 0.74, 0.72, 0.68, 0.66, 0.62, 0.62, 0.6, 0.6, 0.6, 0.56, 0.52, 0.5, 0.48, 0.44, 0.44, 0.4, 0.4, 0.38, 0.36, 0.36, 0.38, 0.36, 0.34, 0.34, 0.32, 0.28, 0.28, 0.28, 0.24, 0.22, 0.2, 0.18], "best": [0.51111114, 0.55732965, 0.5456734, 0.5463492, 0.5489263, 0.5417234, 0.5487302, 0.5468254, 0.5497558, 0.55199784, 0.5554564, 0.55020744, 0.5568603, 0.5526611, 0.55151194, 0.5527269, 0.5602725, 0.55854774, 0.5639062, 0.5650303, 0.56783384, 0.57093257, 0.5747217, 0.6070522, 0.58364564, 0.588632, 0.5905159, 0.5938994, 0.5974345, 0.6013733, 0.6047931, 0.6089612, 0.61166734, 0.61639166, 0.62114483, 0.62464726, 0.628452, 0.63347137, 0.6380414, 0.64224005, 0.64618516, 0.6496325, 0.6528015, 0.65618145, 0.65948427, 0.66246194, 0.66513944, 0.6669196, 0.6700229, 0.67310375], "duration": [31577, 26624, 35932, 31469, 26966, 27045, 31504, 24959, 24771, 31430, 26993, 27056, 26990, 31503, 26912, 26993, 27046, 27046, 27012, 27041, 27027, 27018, 26972, 31615, 36106, 27012, 27071, 27023, 27041, 27051, 27019, 27056, 31524, 27047, 26972, 31572, 27026, 27051, 31596, 27103, 27022, 27009, 27042, 27043, 27021, 27025, 26996, 27002, 36048, 27084]}