{"avg": [0.11428572, 0.16570294, 0.17154194, 0.19624338, 0.17845543, 0.21034925, 0.17486772, 0.16041465, 0.23477812, 0.20351967, 0.2546065, 0.21711859, 0.18047832, 0.23661809, 0.23173985, 0.27409598, 0.26479614, 0.33181858, 0.28406608, 0.27470434, 0.2889751, 0.28695813, 0.32605985, 0.30358702, 0.35692915, 0.35886386, 0.416295, 0.34340337, 0.31347027, 0.34318635, 0.420857, 0.35121116, 0.40508312, 0.45767012, 0.46697798, 0.39138535, 0.4710004, 0.50701433, 0.49234632, 0.49278206, 0.48378873, 0.47393125, 0.49081668, 0.52301455, 0.494006, 0.52727157, 0.5724825, 0.5105782, 0.5537575, 0.5450564], "std": [0.07315378, 0.08808553, 0.08058689, 0.10018782, 0.10268309, 0.12451806, 0.13706534, 0.09279479, 0.15115398, 0.12859772, 0.12981483, 0.14021441, 0.09027772, 0.124815665, 0.15427259, 0.14696941, 0.17924725, 0.15640293, 0.13787329, 0.15399247, 0.16917731, 0.19763626, 0.18853179, 0.20434855, 0.20455031, 0.21890754, 0.1579497, 0.19703439, 0.1999972, 0.20958056, 0.16281971, 0.16999356, 0.18714282, 0.14421846, 0.12738968, 0.15672794, 0.18240348, 0.108348936, 0.13398004, 0.14431982, 0.15912634, 0.16576214, 0.12871741, 0.12986456, 0.14220908, 0.111753345, 0.05053966, 0.14778431, 0.103594564, 0.084327966], "var": [1.0, 1.0, 1.0, 1.0, 1.0, 0.98, 0.98, 0.98, 0.98, 0.98, 0.98, 0.98, 0.98, 0.98, 0.98, 0.98, 0.98, 0.98, 0.98, 0.94, 0.94, 0.9, 0.9, 0.9, 0.9, 0.9, 0.86, 0.84, 0.84, 0.86, 0.84, 0.84, 0.84, 0.86, 0.82, 0.78, 0.74, 0.74, 0.74, 0.7, 0.7, 0.68, 0.68, 0.68, 0.64, 0.66, 0.66, 0.64, 0.64, 0.64], "best": [0.20000002, 0.33662134, 0.3325397, 0.3772006, 0.38057578, 0.532381, 0.534127, 0.34195012, 0.54232365, 0.5383713, 0.5447891, 0.5478821, 0.3870836, 0.5496194, 0.54902583, 0.55215126, 0.5527286, 0.54673314, 0.5545285, 0.5572421, 0.55779344, 0.5599911, 0.5617242, 0.5645805, 0.5669269, 0.5679407, 0.57018286, 0.57263356, 0.5748646, 0.5755592, 0.57710946, 0.5790517, 0.5811248, 0.5830594, 0.5793284, 0.58638144, 0.58797073, 0.5910792, 0.59221107, 0.5946646, 0.59561545, 0.59741116, 0.600249, 0.60212207, 0.603739, 0.6054853, 0.60773194, 0.6100274, 0.6118536, 0.6130535], "duration": [3842, 5826, 5782, 4017, 3929, 5830, 4054, 2009, 8151, 4020, 5985, 3932, 2012, 4014, 13800, 5835, 5962, 5919, 7770, 7726, 8277, 5929, 9747, 9674, 7829, 9816, 9783, 9761, 5966, 8250, 7920, 10141, 7918, 11638, 11715, 9739, 15760, 13508, 11636, 7922, 13520, 11690, 11732, 9799, 11639, 9861, 13974, 17996, 9847, 11643]}