{"avg": [0.15135135, 0.1926212, 0.22709079, 0.26260465, 0.2764744, 0.307962, 0.35272616, 0.3602848, 0.38827592, 0.4012704, 0.39597276, 0.4121839, 0.4402532, 0.45859808, 0.45918742, 0.49422255, 0.4891307, 0.48496798, 0.48516375, 0.52576905, 0.5327485, 0.5283995, 0.53377634, 0.5493774, 0.54631156, 0.5430535, 0.560165, 0.5521519, 0.56494474, 0.5835274, 0.56492895, 0.56732726, 0.5864567, 0.586647, 0.5838901, 0.5868608, 0.5799371, 0.5894405, 0.5983829, 0.5820315, 0.59780306, 0.61389655, 0.60157657, 0.57916945, 0.60733, 0.5995248, 0.6180754, 0.59594184, 0.61231005, 0.6166675], "std": [0.115970366, 0.13120654, 0.120551124, 0.11557784, 0.106679775, 0.11449741, 0.082053006, 0.07722006, 0.071581915, 0.059863348, 0.07497441, 0.07235268, 0.061526116, 0.054531362, 0.06185708, 0.04261347, 0.06386479, 0.066775784, 0.0701931, 0.047001828, 0.047212616, 0.061020706, 0.06092473, 0.04958889, 0.058626268, 0.064386964, 0.053795863, 0.06382848, 0.05672214, 0.04634296, 0.062222235, 0.06274632, 0.05406156, 0.050375856, 0.056124628, 0.061521456, 0.063281655, 0.057427175, 0.05037582, 0.0661336, 0.054980848, 0.035174906, 0.054433104, 0.07109955, 0.05144517, 0.06030201, 0.040509243, 0.0707537, 0.059473533, 0.05465931], "var": [0.9, 0.8, 0.7, 0.56, 0.56, 0.52, 0.48, 0.48, 0.44, 0.36, 0.32, 0.32, 0.3, 0.22, 0.2, 0.16, 0.14, 0.12, 0.1, 0.08, 0.04, 0.02, 0.02, 0.02, 0.02, 0.02, 0.02, 0.02, 0.02, 0.02, 0.02, 0.02, 0.02, 0.02, 0.02, 0.02, 0.02, 0.02, 0.02, 0.02, 0.02, 0.02, 0.02, 0.02, 0.02, 0.02, 0.02, 0.02, 0.02, 0.02], "best": [0.3555556, 0.38773063, 0.38956922, 0.39584863, 0.40151703, 0.40720212, 0.41176978, 0.42013252, 0.53690106, 0.44402885, 0.45365083, 0.465199, 0.47675407, 0.4898895, 0.5005694, 0.5106807, 0.63158655, 0.52926505, 0.5367725, 0.5438702, 0.55090404, 0.55738217, 0.5632059, 0.56842506, 0.57297826, 0.5771997, 0.5817698, 0.585485, 0.58950627, 0.7039953, 0.59604, 0.59914535, 0.7134409, 0.6051656, 0.60782146, 0.72125214, 0.6124951, 0.61476374, 0.61690146, 0.6188737, 0.6205673, 0.622305, 0.62379897, 0.6254157, 0.6267747, 0.62818, 0.6294574, 0.7418878, 0.7430291, 0.74403894], "duration": [16030, 25745, 20555, 16828, 23428, 23364, 9925, 12531, 11460, 10547, 10464, 11066, 10176, 9905, 12157, 9614, 11917, 10951, 10297, 10114, 10884, 10625, 11137, 10695, 9293, 11080, 9643, 10063, 11186, 10177, 11129, 11315, 10634, 10889, 11282, 13313, 11174, 10492, 11154, 10455, 9660, 10089, 12063, 10702, 12537, 10911, 12946, 10361, 10894, 11454]}