{"avg": [0.5074074, 0.529828, 0.5302443, 0.534874, 0.5425039, 0.52612895, 0.52733517, 0.53068566, 0.5383787, 0.5384055, 0.53103554, 0.53074557, 0.54724556, 0.5329432, 0.5278179, 0.5360391, 0.55396444, 0.5406679, 0.5325624, 0.5357237, 0.53188866, 0.5315632, 0.5509213, 0.53712374, 0.5430761, 0.53512055, 0.53677166, 0.53339356, 0.537525, 0.53564143, 0.5413338, 0.53939635, 0.5529782, 0.5427115, 0.54999435, 0.55394727, 0.5459769, 0.53367496, 0.53294075, 0.541398, 0.5479096, 0.53730124, 0.54213405, 0.5447607, 0.5433991, 0.5423078, 0.54525703, 0.5396564, 0.54067755, 0.54557043], "std": [0.020951329, 0.026403492, 0.020942979, 0.026116353, 0.031613667, 0.015399064, 0.015359003, 0.020839231, 0.029009629, 0.028554851, 0.020705627, 0.021110179, 0.032134876, 0.022382952, 0.015002065, 0.026053939, 0.032609943, 0.027297352, 0.020100769, 0.026059894, 0.022374373, 0.022366133, 0.03229052, 0.024003113, 0.030707128, 0.025748199, 0.025563158, 0.020775383, 0.02500718, 0.025695082, 0.027502844, 0.025073197, 0.033870965, 0.029718468, 0.03353322, 0.033271514, 0.02994502, 0.021741765, 0.020866942, 0.029870626, 0.030486962, 0.026875079, 0.02832641, 0.028186386, 0.027776858, 0.026232522, 0.031103086, 0.027803138, 0.026837809, 0.030116625], "var": [0.9866667, 0.97333336, 0.96666664, 0.96, 0.9533333, 0.94666666, 0.93333334, 0.9266667, 0.91333336, 0.9066667, 0.9066667, 0.9, 0.8933333, 0.88, 0.87333333, 0.87333333, 0.88, 0.88, 0.88, 0.88, 0.87333333, 0.8666667, 0.86, 0.85333335, 0.85333335, 0.84, 0.84, 0.84, 0.8466667, 0.8333333, 0.82666665, 0.84, 0.8333333, 0.82666665, 0.82, 0.82, 0.82, 0.81333333, 0.8, 0.8066667, 0.8066667, 0.8, 0.8, 0.8066667, 0.8, 0.79333335, 0.78, 0.7733333, 0.7733333, 0.76666665], "best": [0.5666667, 0.602381, 0.5911765, 0.5927656, 0.5959973, 0.5877077, 0.58933157, 0.5893053, 0.59523815, 0.5913804, 0.589932, 0.588379, 0.5951248, 0.5899518, 0.5858521, 0.5948888, 0.59357065, 0.590557, 0.5889451, 0.59316206, 0.59040725, 0.59351856, 0.59458137, 0.5930682, 0.59810454, 0.5945183, 0.5943028, 0.59196115, 0.5952184, 0.5931429, 0.59434474, 0.5967513, 0.6011733, 0.59378195, 0.60111713, 0.60087305, 0.600548, 0.5969629, 0.5948881, 0.6014052, 0.60194904, 0.5983008, 0.60210264, 0.5978588, 0.60342914, 0.59695584, 0.5977838, 0.60576135, 0.60376126, 0.60377574], "duration": [37779, 36981, 39872, 37464, 40538, 38328, 37647, 38430, 38764, 37384, 37213, 37859, 37183, 36119, 38447, 37239, 36608, 36473, 37814, 37650, 38040, 37005, 37243, 36599, 36690, 37159, 36993, 37066, 37085, 36026, 37488, 37225, 36869, 36422, 36772, 36510, 37894, 36488, 37795, 39369, 44395, 37760, 38688, 35796, 38003, 37326, 37601, 36963, 36766, 38221]}