{"avg": [0.3847223, 0.39515057, 0.3924625, 0.42117065, 0.44005233, 0.4342456, 0.44168493, 0.49753234, 0.44035617, 0.46537092, 0.504209, 0.5019459, 0.4821164, 0.4861111, 0.50933546, 0.5215608, 0.5338784, 0.5508528, 0.52619827, 0.5482968, 0.52799046, 0.57382107, 0.5862357, 0.56938, 0.5488015, 0.59058696, 0.56417125, 0.5727144, 0.5960287, 0.5520748, 0.57468814, 0.59237355, 0.6273372, 0.6400438, 0.64312565, 0.6447406, 0.66134197, 0.65981185, 0.6420185, 0.66484356, 0.66901326, 0.6552735, 0.68065834, 0.6700956, 0.69485325, 0.6831302, 0.69044554, 0.6915632, 0.6960468, 0.7076636, 0.70041823, 0.7123121, 0.714593, 0.7076856, 0.7193317, 0.7116112, 0.71139973, 0.7068606, 0.7144145, 0.71870154, 0.7304067, 0.7320785, 0.7229039, 0.7353458, 0.7369805, 0.72729045, 0.73985356, 0.7414519, 0.7429065, 0.7445062, 0.7459666, 0.74729735, 0.7485925, 0.7500193, 0.7514848, 0.7526713, 0.75390434, 0.7550305, 0.75612897, 0.75720054, 0.7583844, 0.7592679, 0.76046205, 0.7617502, 0.76281446, 0.76373094, 0.76462716, 0.7656189, 0.7664175, 0.76731056, 0.767967, 0.76887804, 0.76971596, 0.7704848, 0.7714361, 0.77212155, 0.7729369, 0.7737341, 0.77437747, 0.7750537], "std": [0.10707064, 0.12231025, 0.14447127, 0.11582311, 0.109172985, 0.12537713, 0.11124348, 0.07667723, 0.122707084, 0.0984929, 0.10744275, 0.08835151, 0.11728075, 0.09929048, 0.13984674, 0.09028346, 0.08055574, 0.09793835, 0.15550035, 0.14479996, 0.10046575, 0.08599101, 0.060996957, 0.09577404, 0.09621049, 0.07189964, 0.11125718, 0.1532337, 0.09386348, 0.1766154, 0.16409011, 0.16794567, 0.04712987, 0.037956037, 0.041803937, 0.06567493, 0.03312749, 0.040948715, 0.081776895, 0.04219998, 0.03885868, 0.05708821, 0.03188711, 0.07978803, 5.9604645e-08, 0.040396363, 0.036630172, 0.0403357, 0.03573201, 1.1920929e-07, 0.036272805, 0.0, 5.9604645e-08, 0.038203333, 5.9604645e-08, 0.040192828, 0.04439853, 0.052188996, 0.045547344, 0.040369082, 0.0, 5.9604645e-08, 0.04125592, 1.1920929e-07, 0.0, 0.042193614, 5.9604645e-08, 1.1920929e-07, 5.9604645e-08, 5.9604645e-08, 5.9604645e-08, 0.0, 1.1920929e-07, 1.7881393e-07, 5.9604645e-08, 1.1920929e-07, 0.0, 1.1920929e-07, 5.9604645e-08, 1.1920929e-07, 0.0, 1.1920929e-07, 1.1920929e-07, 0.0, 5.9604645e-08, 5.9604645e-08, 1.1920929e-07, 0.0, 0.0, 5.9604645e-08, 5.9604645e-08, 0.0, 5.9604645e-08, 1.1920929e-07, 5.9604645e-08, 1.1920929e-07, 5.9604645e-08, 0.0, 1.1920929e-07, 0.0], "var": [0.96, 0.94, 0.92, 0.92, 0.9, 0.88, 0.86, 0.82, 0.8, 0.8, 0.76, 0.74, 0.7, 0.68, 0.64, 0.6, 0.56, 0.52, 0.5, 0.48, 0.48, 0.44, 0.44, 0.44, 0.4, 0.36, 0.32, 0.28, 0.26, 0.26, 0.22, 0.2, 0.18, 0.16, 0.16, 0.16, 0.14, 0.14, 0.14, 0.14, 0.14, 0.14, 0.14, 0.12, 0.12, 0.1, 0.1, 0.08, 0.08, 0.08, 0.08, 0.08, 0.08, 0.08, 0.08, 0.08, 0.08, 0.08, 0.06, 0.04, 0.04, 0.04, 0.04, 0.04, 0.04, 0.02, 0.02, 0.02, 0.02, 0.02, 0.02, 0.02, 0.02, 0.02, 0.02, 0.02, 0.02, 0.02, 0.02, 0.02, 0.02, 0.02, 0.02, 0.02, 0.02, 0.02, 0.02, 0.02, 0.02, 0.02, 0.02, 0.02, 0.02, 0.02, 0.02, 0.02, 0.02, 0.02, 0.02, 0.02], "best": [0.51111114, 0.555754, 0.5572872, 0.5577778, 0.55548346, 0.5549555, 0.5538711, 0.55977446, 0.56472945, 0.57023, 0.57382894, 0.5777512, 0.58278394, 0.5850341, 0.58664846, 0.5910641, 0.5940308, 0.5981209, 0.6032904, 0.608078, 0.61388767, 0.61634076, 0.6229212, 0.6277648, 0.632818, 0.6343359, 0.63832366, 0.6419538, 0.6449736, 0.64917576, 0.6509921, 0.6533417, 0.6567804, 0.65975, 0.66335046, 0.6672244, 0.67206347, 0.6752673, 0.6788422, 0.6813935, 0.68434983, 0.6869042, 0.6891806, 0.69222486, 0.6948533, 0.69781554, 0.70023525, 0.7027504, 0.70497966, 0.7076637, 0.7101125, 0.7123121, 0.71459305, 0.71695113, 0.7193316, 0.72165936, 0.72371364, 0.72529, 0.727047, 0.7284924, 0.7304067, 0.73207843, 0.73393005, 0.73534566, 0.7369805, 0.7385671, 0.7398535, 0.7414518, 0.74290645, 0.74450624, 0.74596655, 0.74729735, 0.7485926, 0.7500195, 0.75148475, 0.7526714, 0.75390434, 0.7550304, 0.7561289, 0.75720066, 0.7583844, 0.75926805, 0.76046216, 0.7617502, 0.7628144, 0.7637309, 0.76462704, 0.7656189, 0.7664175, 0.7673105, 0.7679669, 0.76887804, 0.7697159, 0.7704847, 0.77143615, 0.77212167, 0.77293694, 0.7737341, 0.77437735, 0.7750537], "duration": [26627, 26945, 31396, 26727, 41336, 25231, 26713, 27496, 31675, 29653, 27460, 27292, 27402, 27268, 27403, 27537, 27472, 27481, 27383, 28574, 27143, 33017, 27647, 32422, 27192, 32032, 27359, 31980, 27392, 27398, 32189, 27767, 27841, 27808, 27884, 37039, 27966, 27848, 27528, 27679, 27912, 36951, 27812, 27750, 27735, 27803, 28033, 27915, 27748, 27871, 27807, 27718, 27384, 32398, 27919, 27795, 27882, 27758, 27935, 27763, 27854, 27733, 27771, 32373, 27673, 27668, 27753, 27689, 27703, 27762, 27848, 27808, 32633, 27929, 27835, 32604, 27916, 27595, 27396, 27383, 27856, 31968, 31986, 27356, 27420, 27486, 27412, 27480, 27950, 27500, 27528, 27551, 27403, 36738, 27458, 27350, 27323, 27310, 27313, 27423]}