{"avg": [0.16222222, 0.18468721, 0.15769142, 0.1606972, 0.18657753, 0.17227681, 0.1786111, 0.17712241, 0.16762921, 0.17158617, 0.17210817, 0.20201403, 0.17376675, 0.16436268, 0.17460673, 0.19601965, 0.22149472, 0.19008595, 0.19103645, 0.18272702, 0.1997893, 0.20791534, 0.23703755, 0.22544184, 0.20465347, 0.21469979, 0.22718528, 0.23168206, 0.2253093, 0.21576844, 0.22760622, 0.2544048, 0.24249654, 0.24859451, 0.23244782, 0.2513189, 0.2628851, 0.22385906, 0.26594073, 0.23391983, 0.24571337, 0.2496939, 0.2599432, 0.24929069, 0.24507417, 0.26440665, 0.26398748, 0.27977493, 0.24429235, 0.26891705], "std": [0.05394709, 0.07037809, 0.068545, 0.06050414, 0.09858346, 0.04917197, 0.062209636, 0.07122323, 0.07723635, 0.08048321, 0.06663764, 0.08881739, 0.06040392, 0.06122263, 0.10161629, 0.06842986, 0.08747316, 0.0671919, 0.066709146, 0.090838894, 0.06373654, 0.06551181, 0.07719028, 0.086036235, 0.09264555, 0.10261284, 0.065079235, 0.07256214, 0.072774775, 0.0835397, 0.095122755, 0.09541207, 0.093860745, 0.08576639, 0.061930746, 0.08213534, 0.106567115, 0.05763688, 0.06519034, 0.07250043, 0.10158092, 0.07402708, 0.06511453, 0.053329002, 0.07656328, 0.074984156, 0.066283174, 0.073990315, 0.09070042, 0.09557386], "var": [0.984, 0.968, 0.968, 0.952, 0.944, 0.928, 0.92, 0.912, 0.904, 0.896, 0.896, 0.88, 0.872, 0.88, 0.872, 0.864, 0.864, 0.856, 0.856, 0.84, 0.832, 0.832, 0.816, 0.808, 0.8, 0.8, 0.784, 0.784, 0.776, 0.768, 0.76, 0.76, 0.744, 0.744, 0.728, 0.712, 0.696, 0.696, 0.688, 0.688, 0.68, 0.68, 0.688, 0.68, 0.672, 0.672, 0.68, 0.672, 0.672, 0.664], "best": [0.2888889, 0.33174604, 0.30009922, 0.22047296, 0.32122722, 0.2256072, 0.31198415, 0.30118376, 0.3770892, 0.30849674, 0.3111487, 0.37949312, 0.22191879, 0.2235307, 0.30278277, 0.31232348, 0.3986773, 0.30108783, 0.31269842, 0.31380758, 0.31052116, 0.40172073, 0.40075973, 0.4028021, 0.4013545, 0.4811494, 0.4047976, 0.40575272, 0.40648785, 0.40393004, 0.40645114, 0.4839748, 0.4067142, 0.4074553, 0.3212223, 0.4862531, 0.48669702, 0.32242504, 0.41073078, 0.40687042, 0.4876618, 0.4079388, 0.38723522, 0.3199321, 0.40865728, 0.4095651, 0.41217273, 0.40952384, 0.41299728, 0.41280693], "duration": [6473, 4031, 2074, 4002, 2146, 4036, 4113, 2183, 4022, 3986, 2050, 4065, 2116, 5942, 2049, 2006, 4018, 5110, 2268, 4363, 4020, 7834, 4051, 7818, 3946, 6232, 2123, 2032, 3984, 3985, 3921, 3972, 2029, 7145, 4153, 6203, 7839, 5986, 6063, 2053, 4002, 4019, 7893, 2099, 8275, 3954, 7890, 7892, 4037, 3962]}