{"avg": [0.16944447, 0.20661378, 0.20664792, 0.22578096, 0.19234967, 0.17824367, 0.19555622, 0.21649437, 0.21413149, 0.21039389, 0.2298519, 0.250581, 0.21924777, 0.24531537, 0.24320358, 0.21211885, 0.24468264, 0.23832811, 0.2623415, 0.2528703, 0.27580664, 0.2830765, 0.31127155, 0.30164436, 0.28353855], "std": [0.047385342, 0.052306104, 0.053026117, 0.021297622, 0.07335285, 0.0792855, 0.060462587, 0.029435238, 0.05430047, 0.04508127, 0.05425747, 0.050800305, 0.07423475, 0.06642199, 0.07426536, 0.060649216, 0.057968, 0.029621733, 0.07708119, 0.06988497, 0.05573447, 0.077422135, 0.071591884, 0.066440485, 0.059011344], "var": [0.98, 0.98, 0.96, 0.94, 0.9, 0.88, 0.86, 0.86, 0.84, 0.86, 0.84, 0.8, 0.8, 0.78, 0.78, 0.76, 0.74, 0.7, 0.7, 0.68, 0.66, 0.62, 0.6, 0.6, 0.62], "best": [0.26666668, 0.30833334, 0.30967742, 0.29624233, 0.3086168, 0.3009689, 0.3008109, 0.23915346, 0.32250234, 0.30352736, 0.32587302, 0.41558444, 0.32682022, 0.3310202, 0.4204135, 0.33302006, 0.33271533, 0.3105738, 0.4207914, 0.4226592, 0.42430753, 0.42561936, 0.42730445, 0.43045554, 0.43223646], "duration": [6165, 3875, 8068, 2200, 5822, 3892, 5918, 1938, 5869, 2569, 2338, 4271, 1921, 2036, 3900, 1950, 3855, 1994, 3870, 4259, 6710, 4179, 3922, 8075, 3877]}