{"avg": [0.15244445, 0.1824635, 0.19650318, 0.17570162, 0.18999603, 0.19992824, 0.20501593, 0.18600182, 0.19530556, 0.19377565, 0.18711399, 0.20931889, 0.20685081, 0.21510793, 0.20919254, 0.21403429, 0.2212915, 0.21556264, 0.23070268, 0.23479919, 0.25696015, 0.23273924, 0.24332035, 0.25769556, 0.2608286, 0.25814134, 0.26897413, 0.27221167, 0.27674687, 0.28032386, 0.28048572, 0.29631707, 0.31076086, 0.3177123, 0.33179438, 0.33803847, 0.34194717, 0.3418478, 0.3548559, 0.36865988, 0.3598125, 0.34976688, 0.37109345, 0.3657717, 0.3623078, 0.36933997, 0.3620967, 0.37132704, 0.37493837, 0.3696075], "std": [0.1185101, 0.12783559, 0.12662008, 0.12480171, 0.12018294, 0.13442746, 0.12009716, 0.10950965, 0.12263858, 0.12253193, 0.12207903, 0.11446229, 0.11193406, 0.13006516, 0.11905347, 0.12831135, 0.13250348, 0.13445988, 0.12738521, 0.12401081, 0.10808983, 0.13026883, 0.111362666, 0.13199851, 0.12445427, 0.123985395, 0.12106974, 0.11187951, 0.124002405, 0.11413928, 0.10411092, 0.13302125, 0.114250235, 0.10877312, 0.11954804, 0.09588889, 0.094806045, 0.09814057, 0.08710595, 0.075546384, 0.1048116, 0.08921237, 0.08051336, 0.08092361, 0.096097946, 0.103245914, 0.090548865, 0.10482672, 0.08056114, 0.09210757], "var": [0.96, 0.92, 0.92, 0.9, 0.88, 0.88, 0.9, 0.88, 0.88, 0.86, 0.84, 0.8, 0.8, 0.78, 0.78, 0.76, 0.74, 0.76, 0.74, 0.76, 0.76, 0.74, 0.72, 0.72, 0.74, 0.74, 0.72, 0.74, 0.74, 0.76, 0.74, 0.7, 0.72, 0.68, 0.64, 0.64, 0.64, 0.68, 0.66, 0.64, 0.64, 0.6, 0.6, 0.62, 0.64, 0.64, 0.64, 0.62, 0.64, 0.62], "best": [0.42222223, 0.4957143, 0.38984132, 0.38634923, 0.38972226, 0.39003178, 0.39039686, 0.39065763, 0.3912699, 0.3919577, 0.39250797, 0.3930015, 0.3934921, 0.39405376, 0.3945692, 0.39511114, 0.49717265, 0.39639592, 0.49304235, 0.39786136, 0.39900798, 0.4003175, 0.4015296, 0.40249142, 0.49630955, 0.5156762, 0.5067949, 0.4072311, 0.4085998, 0.46281338, 0.41177782, 0.41328216, 0.4148413, 0.41665226, 0.5283894, 0.5198912, 0.42244714, 0.4244359, 0.50342107, 0.42802203, 0.50996435, 0.5206388, 0.43414968, 0.43638617, 0.5188637, 0.4406773, 0.44267774, 0.5250355, 0.44659728, 0.4484419], "duration": [11749, 11476, 12544, 11756, 11854, 11398, 11346, 11408, 11119, 11240, 10992, 11342, 11326, 11870, 11513, 11481, 10384, 10682, 10968, 10504, 10975, 10505, 10792, 11215, 10086, 11131, 9916, 10638, 10196, 9468, 9367, 10373, 9120, 9442, 8310, 9987, 9546, 9305, 9574, 8956, 8750, 9103, 7840, 8814, 8865, 8708, 9001, 9208, 8896, 8271]}