{"avg": [0.12418302, 0.14356782, 0.17303102, 0.22163694, 0.16080329, 0.22719358, 0.2056109, 0.22081038, 0.24331968, 0.22967143, 0.21861844, 0.22009052, 0.2790102, 0.30540678, 0.28111848, 0.3511478, 0.2948409, 0.26243156, 0.29674745, 0.32792738, 0.3238985, 0.41773134, 0.40257937, 0.35760766, 0.373502, 0.40901795, 0.44946682, 0.4572954, 0.38736477, 0.4565821, 0.4722143, 0.48946398, 0.44990835, 0.45316914, 0.48847649, 0.50069875, 0.44615903, 0.502311, 0.5014256, 0.5114657, 0.5712605, 0.5483938, 0.5742184, 0.5784072, 0.5532844, 0.612025, 0.5984831, 0.59190714, 0.6119599, 0.62003255], "std": [0.092746004, 0.13062981, 0.12498466, 0.099547036, 0.14767767, 0.13498844, 0.12020483, 0.14759338, 0.1635412, 0.14891571, 0.13886903, 0.14078215, 0.12997559, 0.18307863, 0.1246989, 0.17040221, 0.1152133, 0.16332461, 0.15371312, 0.1390948, 0.13965176, 0.14857928, 0.13232456, 0.16910958, 0.17100714, 0.12604249, 0.13002402, 0.13201573, 0.15110935, 0.14401583, 0.13535963, 0.14101867, 0.14025125, 0.16609795, 0.14524692, 0.1003943, 0.16250597, 0.13404517, 0.18025814, 0.117288955, 0.075321205, 0.116312906, 0.08844731, 0.08268476, 0.12880822, 0.073244445, 0.08589647, 0.089538254, 0.0801825, 0.06650037], "var": [1.0, 0.98, 0.96, 0.94, 0.94, 0.94, 0.92, 0.92, 0.88, 0.88, 0.86, 0.84, 0.84, 0.84, 0.82, 0.8, 0.8, 0.78, 0.78, 0.76, 0.72, 0.7, 0.66, 0.66, 0.66, 0.66, 0.62, 0.6, 0.6, 0.56, 0.58, 0.56, 0.52, 0.52, 0.5, 0.48, 0.46, 0.44, 0.4, 0.38, 0.34, 0.32, 0.32, 0.28, 0.28, 0.28, 0.26, 0.26, 0.24, 0.2], "best": [0.3555556, 0.3835668, 0.38208622, 0.39460322, 0.53924966, 0.54344505, 0.38574705, 0.5426483, 0.54562575, 0.5492716, 0.4028825, 0.55240786, 0.55480283, 0.5563492, 0.5602051, 0.56206155, 0.55928606, 0.56649226, 0.5627811, 0.5683486, 0.5710507, 0.5724278, 0.5761768, 0.5800404, 0.58203715, 0.5800621, 0.585691, 0.5891659, 0.5919225, 0.59344804, 0.5973128, 0.5996944, 0.6027157, 0.6050085, 0.60729444, 0.6096318, 0.61239743, 0.61429954, 0.6167381, 0.6195154, 0.621812, 0.62584, 0.6289902, 0.63229734, 0.6356238, 0.6384462, 0.6416645, 0.6444575, 0.64687335, 0.64973897], "duration": [2270, 3859, 3792, 3812, 7674, 5695, 6082, 3954, 8149, 7693, 7941, 5813, 9613, 5888, 5873, 4028, 3916, 5831, 3901, 2191, 7680, 2275, 4116, 4888, 5909, 5919, 5988, 2316, 4033, 4140, 2582, 4180, 4122, 5973, 4144, 4174, 2293, 2287, 2240, 2270, 2283, 4503, 2306, 2315, 2711, 2289, 4160, 2284, 2283, 2333]}