{"avg": [0.45128205, 0.46027315, 0.51981646, 0.5198165, 0.4308245, 0.48803625, 0.4454666, 0.44627598, 0.5237655, 0.44377336, 0.5067316, 0.53046745, 0.51823896, 0.54559374, 0.46338698, 0.52397615, 0.5454222, 0.50988424, 0.57528037, 0.5011, 0.57270557, 0.54531664, 0.5539518, 0.5403496, 0.5423992, 0.49184972, 0.52651864, 0.5727603, 0.5762331, 0.60695463, 0.5422057, 0.54789996, 0.60406834, 0.5338226, 0.56294376, 0.5526987, 0.6070217, 0.5797837, 0.54617095, 0.6117333, 0.6101123, 0.5313985, 0.613056, 0.6149347, 0.58020127, 0.6192047, 0.58643615, 0.61479926, 0.61729264, 0.6173293], "std": [0.14595129, 0.15026082, 0.13688667, 0.13322754, 0.15678474, 0.14878939, 0.15429042, 0.15475935, 0.13137498, 0.1533784, 0.13832629, 0.12780008, 0.13781026, 0.11937318, 0.15520744, 0.13444474, 0.120703936, 0.14214477, 0.08940413, 0.14853236, 0.08721959, 0.1218657, 0.1153846, 0.12491939, 0.12599678, 0.15172726, 0.13539772, 0.09606759, 0.091982104, 0.0046667517, 0.12439041, 0.12057534, 0.009458576, 0.13297358, 0.110777885, 0.11920322, 0.0061195535, 0.093653105, 0.12978528, 0.005056089, 0.007061018, 0.13910513, 0.0074749184, 0.006798326, 0.097647026, 0.006681554, 0.09453729, 0.014585772, 0.009637409, 0.013014575], "var": [0.98, 0.98, 0.98, 0.98, 0.98, 0.98, 0.96, 0.96, 0.96, 0.96, 0.94, 0.92, 0.92, 0.92, 0.92, 0.9, 0.9, 0.9, 0.9, 0.88, 0.86, 0.86, 0.86, 0.84, 0.84, 0.82, 0.82, 0.84, 0.84, 0.84, 0.84, 0.82, 0.82, 0.82, 0.82, 0.82, 0.8, 0.8, 0.8, 0.78, 0.78, 0.78, 0.78, 0.78, 0.78, 0.8, 0.8, 0.8, 0.78, 0.76], "best": [0.5666667, 0.6179488, 0.6152778, 0.6127977, 0.60995674, 0.6125542, 0.60743153, 0.606044, 0.6113757, 0.59864616, 0.60671, 0.6075397, 0.61004066, 0.61054426, 0.60829395, 0.6098766, 0.6100438, 0.61171174, 0.6090355, 0.61174303, 0.611883, 0.6124143, 0.611508, 0.61324644, 0.6121048, 0.61402315, 0.61251897, 0.61291367, 0.6140516, 0.61428577, 0.6180836, 0.61520696, 0.61517775, 0.616148, 0.61629695, 0.61647296, 0.6161033, 0.6198394, 0.62101454, 0.61860967, 0.6229886, 0.6211115, 0.62407124, 0.6253493, 0.6267384, 0.62848365, 0.62640524, 0.6264706, 0.62736034, 0.63158137], "duration": [938, 725, 727, 725, 754, 723, 729, 719, 723, 720, 762, 718, 718, 717, 717, 718, 720, 720, 719, 720, 735, 911, 905, 718, 725, 719, 722, 728, 731, 740, 730, 721, 732, 727, 1093, 729, 732, 726, 727, 733, 742, 727, 731, 731, 729, 728, 726, 728, 727, 735]}