{"avg": [0.11644446, 0.13199367, 0.16428891, 0.14295556, 0.15028492, 0.1824267, 0.16786666, 0.16542725, 0.1743766, 0.15656933, 0.18489647, 0.16850796, 0.18394285, 0.18018803, 0.18322043, 0.1852832, 0.19362324, 0.20254828, 0.20013702, 0.20142624, 0.22150274, 0.22777416, 0.25094375, 0.26385063, 0.27076864, 0.27075088, 0.2762586, 0.2721263, 0.30110624, 0.2904566, 0.2911346, 0.3051765, 0.31813636, 0.31169787, 0.31881586, 0.31770977, 0.3122844, 0.3314642, 0.33575833, 0.33950016, 0.355583, 0.35078725, 0.36346787, 0.3766625, 0.39860144, 0.3943948, 0.39065474, 0.40539923, 0.41746274, 0.39800426], "std": [0.1207025, 0.13134511, 0.15486743, 0.13802813, 0.15223984, 0.1399306, 0.14359052, 0.15066476, 0.16113672, 0.15090099, 0.15441227, 0.14933947, 0.15729147, 0.14944357, 0.16344936, 0.14938444, 0.17636855, 0.15659608, 0.15527433, 0.16187662, 0.1633054, 0.14272428, 0.15878788, 0.15480918, 0.1598643, 0.15927133, 0.16024604, 0.14865553, 0.15477759, 0.14001594, 0.16655524, 0.17042744, 0.15948017, 0.15081991, 0.16761889, 0.16598696, 0.17127992, 0.16365696, 0.14857747, 0.15349971, 0.15281036, 0.14241251, 0.1534341, 0.1562058, 0.15159029, 0.16809028, 0.14630264, 0.15994738, 0.16013947, 0.16784544], "var": [0.98, 0.96, 0.94, 0.94, 0.94, 0.92, 0.94, 0.92, 0.88, 0.88, 0.88, 0.9, 0.9, 0.86, 0.86, 0.84, 0.8, 0.78, 0.78, 0.78, 0.76, 0.76, 0.76, 0.74, 0.76, 0.74, 0.7, 0.72, 0.74, 0.72, 0.7, 0.66, 0.66, 0.64, 0.6, 0.6, 0.6, 0.62, 0.6, 0.56, 0.58, 0.56, 0.54, 0.54, 0.54, 0.52, 0.5, 0.5, 0.52, 0.52], "best": [0.51111114, 0.53634924, 0.53634924, 0.5392064, 0.540754, 0.5417778, 0.5424603, 0.5430159, 0.5434326, 0.54370373, 0.5437778, 0.54383844, 0.5439286, 0.54396826, 0.5445125, 0.54498416, 0.54539686, 0.545789, 0.5461905, 0.54652464, 0.5468016, 0.54709756, 0.54745317, 0.54777783, 0.5480953, 0.5484635, 0.5487668, 0.5490653, 0.54935944, 0.5498304, 0.55026984, 0.5506964, 0.5512451, 0.5517605, 0.5522876, 0.55277103, 0.55337304, 0.5541099, 0.5548204, 0.55553114, 0.5562302, 0.5568835, 0.5575624, 0.5582097, 0.55894667, 0.5596402, 0.5603451, 0.56177986, 0.5629167, 0.563599], "duration": [10044, 10128, 10320, 10422, 10560, 10107, 9596, 10638, 9915, 10315, 10213, 9093, 9795, 8687, 9718, 8306, 8570, 9222, 9203, 8664, 9272, 10555, 13923, 19801, 16085, 16068, 15555, 16570, 16286, 16537, 16549, 16680, 16577, 16664, 16677, 17397, 16541, 16487, 17146, 16823, 18510, 17768, 19477, 19467, 19367, 19986, 20753, 20816, 21335, 21313]}