{"avg": [0.3412698, 0.35483, 0.3999683, 0.46723992, 0.4269035, 0.45617712, 0.3781317, 0.4384113, 0.4507383, 0.4656557, 0.46410587, 0.5184801, 0.4893496, 0.50628215, 0.45101228, 0.4831542, 0.5303957, 0.45136043, 0.5247897, 0.50323874, 0.516563, 0.5322723, 0.51165706, 0.52916753, 0.53049994, 0.524984, 0.5516345, 0.55418164, 0.54709464, 0.54288405, 0.55683, 0.5581523, 0.53451824, 0.54950887, 0.5534031, 0.55427027, 0.5633201, 0.5591589, 0.55709386, 0.57130474, 0.56832695, 0.57672125, 0.58049554, 0.585163, 0.58448875, 0.5894725, 0.58972526, 0.5917383, 0.59286535, 0.5968442], "std": [0.0842467, 0.13791513, 0.106836595, 0.07939004, 0.10263283, 0.10443936, 0.1118186, 0.11718983, 0.10851454, 0.1097781, 0.08288923, 0.06655692, 0.10325635, 0.07492781, 0.1297754, 0.08208117, 0.052927773, 0.10683941, 0.056793693, 0.07396753, 0.06629759, 0.051419757, 0.07240195, 0.05453869, 0.053256568, 0.06595496, 0.006980852, 0.0080490485, 0.04621625, 0.04516873, 0.009571412, 0.009401812, 0.069399275, 0.055087894, 0.046695374, 0.04894907, 0.0133558875, 0.04834267, 0.04975457, 0.017889015, 0.020918489, 0.015196741, 0.0107411705, 0.015616758, 0.020655755, 0.019540962, 0.021671861, 0.021489302, 0.024553167, 0.023065412], "var": [0.98, 0.98, 0.98, 0.98, 0.94, 0.94, 0.92, 0.88, 0.84, 0.84, 0.8, 0.78, 0.78, 0.76, 0.74, 0.72, 0.7, 0.66, 0.66, 0.68, 0.66, 0.64, 0.64, 0.6, 0.58, 0.6, 0.6, 0.58, 0.56, 0.56, 0.54, 0.52, 0.52, 0.5, 0.48, 0.44, 0.44, 0.44, 0.4, 0.36, 0.34, 0.3, 0.28, 0.26, 0.26, 0.26, 0.24, 0.22, 0.24, 0.22], "best": [0.51111114, 0.5349207, 0.5464149, 0.54434526, 0.5443002, 0.5458214, 0.53852814, 0.5452452, 0.5482097, 0.5483854, 0.5484421, 0.54875416, 0.55046976, 0.5519115, 0.55434424, 0.554517, 0.5553024, 0.55249226, 0.556002, 0.55694056, 0.55696106, 0.5576829, 0.56012297, 0.56044906, 0.5624542, 0.56241566, 0.5617205, 0.5636114, 0.5650234, 0.56742984, 0.5676711, 0.56893426, 0.5706118, 0.57162327, 0.57533133, 0.57838047, 0.58051074, 0.5824182, 0.5846719, 0.58678454, 0.5894826, 0.5912748, 0.59352595, 0.5953765, 0.59921324, 0.60209036, 0.60539687, 0.608151, 0.6110923, 0.61386645], "duration": [31385, 25613, 31061, 27034, 26715, 27368, 26957, 27509, 27634, 32098, 27092, 36731, 27140, 27485, 27432, 27501, 27358, 27441, 31905, 27300, 31978, 27483, 27497, 32083, 27554, 27525, 27433, 27408, 27393, 27322, 27337, 27326, 27295, 27357, 27338, 27304, 27377, 27347, 27366, 27330, 27251, 27378, 27357, 27377, 27347, 31899, 31898, 41036, 27496, 36513]}