{"avg": [0.40972227, 0.41157404, 0.45802793, 0.40945768, 0.40173858, 0.45618176, 0.42346394, 0.4520066, 0.46862146, 0.4923871, 0.51789224, 0.5050683, 0.45111674, 0.52645224, 0.4850076, 0.5241629, 0.49449968, 0.5561569, 0.48961118, 0.5348774, 0.48313963, 0.5270846, 0.52582926, 0.51154935, 0.53167284, 0.5475339, 0.54908055, 0.55792016, 0.5703529, 0.55687624, 0.56686074, 0.57210636, 0.57270473, 0.5551643, 0.5910263, 0.5818308, 0.56181335, 0.587183, 0.58301693, 0.57603484, 0.5993236, 0.5934626, 0.58798146, 0.5999369, 0.5908493, 0.5989584, 0.59823847, 0.59253675, 0.6036353, 0.60026634], "std": [0.094923206, 0.12604785, 0.12189136, 0.09366217, 0.12151311, 0.1340169, 0.12720825, 0.12743884, 0.124425, 0.08509881, 0.10470874, 0.10033352, 0.13459198, 0.069049984, 0.12760122, 0.07762531, 0.10482671, 0.04325838, 0.12459293, 0.0769238, 0.13071604, 0.07511285, 0.10115431, 0.10166046, 0.10226427, 0.086034924, 0.096130125, 0.054268535, 0.022072764, 0.042158786, 0.05411614, 0.062375274, 0.021814786, 0.05763172, 0.026313985, 0.02175266, 0.05180207, 0.028667431, 0.027226957, 0.062493894, 0.037266284, 0.03047565, 0.02536839, 0.02676016, 0.02503883, 0.021196721, 0.024095431, 0.02415764, 0.027861856, 0.028619802], "var": [1.0, 1.0, 0.98, 0.94, 0.94, 0.92, 0.88, 0.84, 0.82, 0.8, 0.8, 0.8, 0.78, 0.78, 0.76, 0.76, 0.76, 0.76, 0.74, 0.72, 0.68, 0.7, 0.7, 0.68, 0.68, 0.7, 0.68, 0.7, 0.68, 0.68, 0.7, 0.66, 0.64, 0.62, 0.62, 0.64, 0.62, 0.62, 0.62, 0.6, 0.6, 0.6, 0.6, 0.62, 0.6, 0.62, 0.6, 0.6, 0.6, 0.6], "best": [0.5555556, 0.5763889, 0.59319, 0.5402117, 0.5899038, 0.59049684, 0.6353303, 0.5931266, 0.5948602, 0.5958995, 0.59835243, 0.5969454, 0.64379936, 0.6008404, 0.5986967, 0.639615, 0.5861815, 0.6358947, 0.6283325, 0.62620646, 0.5942555, 0.6072748, 0.6087688, 0.5975647, 0.6075838, 0.65148664, 0.61095625, 0.61357033, 0.61580825, 0.6174394, 0.61678004, 0.6356163, 0.6217404, 0.60151994, 0.6247102, 0.6245599, 0.61663586, 0.6282524, 0.630687, 0.67212886, 0.6817195, 0.63903725, 0.63613886, 0.64007056, 0.63936925, 0.63885534, 0.6423652, 0.6412635, 0.6453524, 0.64842194], "duration": [27770, 28775, 28993, 27601, 31932, 28142, 29365, 29828, 34996, 29995, 29991, 29946, 28152, 30020, 30092, 29846, 34979, 30099, 34923, 29955, 29973, 30045, 34986, 30189, 29910, 30100, 30054, 30088, 30164, 30088, 29986, 35044, 30104, 30074, 30084, 30089, 30066, 30118, 30157, 30057, 30127, 30041, 30063, 45135, 30186, 30096, 30023, 30016, 30039, 30022]}