{"avg": [0.5095238, 0.5307399, 0.5382011, 0.5489418, 0.53244334, 0.54120845, 0.53920287, 0.553633, 0.54622436, 0.5451635, 0.541913, 0.5591892, 0.5674904, 0.54300004, 0.5467055, 0.5463538, 0.5576465, 0.56669486, 0.5415636, 0.5625577, 0.5508231, 0.54944474, 0.547367, 0.5557307, 0.553118, 0.56555676, 0.5605102, 0.54941183, 0.5566138, 0.5582953, 0.5621169, 0.5671276, 0.5704383, 0.5728807, 0.5687204, 0.5680505, 0.5654624, 0.5543649, 0.56762505, 0.5662046, 0.56916857, 0.56517786, 0.571567, 0.5781173, 0.5877839, 0.5894821, 0.5860694, 0.5738118, 0.60644525, 0.5980719], "std": [0.023328492, 0.017252423, 0.025406541, 0.03505767, 0.01804012, 0.023290789, 0.023066139, 0.030410359, 0.031601798, 0.023816934, 0.022254912, 0.027783552, 0.031448778, 0.022523172, 0.022568274, 0.022689342, 0.028958298, 0.035750438, 0.013712355, 0.02954849, 0.032537516, 0.024803838, 0.014809273, 0.026010057, 0.024374766, 0.03032368, 0.02878397, 0.028802918, 0.032665744, 0.03693945, 0.03426, 0.026673112, 0.033147186, 0.03371678, 0.03243009, 0.037644215, 0.028588053, 0.022224415, 0.034203947, 0.021009423, 0.028477352, 0.024380703, 0.03237495, 0.03019416, 0.024026368, 0.03010762, 0.033410426, 0.025219101, 0.034868635, 0.03486714], "var": [0.98, 0.98, 0.96, 0.94, 0.92, 0.92, 0.92, 0.92, 0.92, 0.9, 0.86, 0.86, 0.84, 0.82, 0.84, 0.84, 0.84, 0.84, 0.84, 0.88, 0.86, 0.84, 0.84, 0.84, 0.84, 0.86, 0.88, 0.86, 0.86, 0.82, 0.82, 0.84, 0.82, 0.82, 0.82, 0.84, 0.82, 0.82, 0.82, 0.8, 0.8, 0.8, 0.78, 0.78, 0.76, 0.74, 0.74, 0.74, 0.74, 0.78], "best": [0.5666667, 0.58027214, 0.59523815, 0.6084657, 0.5920375, 0.6105264, 0.602381, 0.6131732, 0.62014055, 0.5995134, 0.5955783, 0.60555094, 0.60643506, 0.59642863, 0.62369883, 0.61139977, 0.6122615, 0.62723166, 0.56185395, 0.6306146, 0.63094485, 0.60869634, 0.589986, 0.61616373, 0.6145411, 0.6290133, 0.6194131, 0.6248867, 0.62335086, 0.6339866, 0.6348183, 0.6190079, 0.6351493, 0.641397, 0.6439234, 0.64438874, 0.62029177, 0.6122772, 0.63299906, 0.6324907, 0.64196676, 0.6279451, 0.6515689, 0.6509186, 0.647288, 0.65497905, 0.6601536, 0.6444007, 0.6630969, 0.6653243], "duration": [39984, 37324, 38005, 38707, 38512, 38077, 38737, 39629, 39614, 38290, 36220, 39014, 38217, 36741, 37927, 37478, 38521, 43788, 36269, 37173, 36160, 37990, 44999, 44600, 37098, 36821, 38417, 37241, 38933, 37116, 43103, 39448, 44591, 36965, 42827, 37921, 37774, 37405, 37955, 36852, 38522, 37022, 37153, 37088, 38303, 38029, 50964, 38615, 39208, 39554]}