{"avg": [0.15527782, 0.20670749, 0.23107612, 0.25567982, 0.27030328, 0.29754388, 0.31623954, 0.3299261, 0.34413168, 0.3624641, 0.39117062, 0.40288386, 0.43111527, 0.45078307, 0.47943655, 0.49003303, 0.5092338, 0.5306914, 0.54898536, 0.5676392, 0.5803026, 0.59701127, 0.6048525, 0.61127424, 0.61978966, 0.6280983, 0.63306135, 0.63758945, 0.6478295, 0.64705056, 0.6535602, 0.6635501, 0.6617004, 0.67264307, 0.6757755, 0.6736926, 0.68044233, 0.6817523, 0.6840294, 0.6867898, 0.69308317, 0.68994546, 0.6901973, 0.69536376, 0.6971781, 0.7013068, 0.6987532, 0.7067049, 0.7046966, 0.7066404], "std": [0.08155464, 0.08715059, 0.08286404, 0.074540965, 0.05788631, 0.06277435, 0.06050435, 0.046594884, 0.055368572, 0.05901279, 0.05203012, 0.058858015, 0.03561769, 0.03821679, 0.043029834, 0.04988536, 0.04327301, 0.041256953, 0.03882602, 0.03495233, 0.035704818, 0.0226966, 0.025375197, 0.026916327, 0.025268514, 0.023381624, 0.025750645, 0.026029, 0.02105541, 0.02656058, 0.0271477, 0.017201873, 0.024841394, 0.012897375, 0.01205455, 0.023052068, 0.017587435, 0.020030832, 0.020973282, 0.02048598, 0.012293697, 0.02283115, 0.025451167, 0.021496637, 0.021496637, 0.017367532, 0.024151307, 0.0126126055, 0.02025461, 0.019814242], "var": [0.92, 0.86, 0.78, 0.72, 0.7, 0.7, 0.6, 0.5, 0.44, 0.4, 0.34, 0.22, 0.24, 0.22, 0.32, 0.3, 0.36, 0.4, 0.36, 0.34, 0.24, 0.22, 0.22, 0.2, 0.18, 0.18, 0.18, 0.14, 0.12, 0.08, 0.06, 0.06, 0.06, 0.06, 0.04, 0.02, 0.02, 0.02, 0.02, 0.02, 0.02, 0.02, 0.02, 0.02, 0.02, 0.02, 0.02, 0.02, 0.02, 0.02], "best": [0.3777778, 0.40158734, 0.40659988, 0.4092478, 0.41141838, 0.49970487, 0.5058532, 0.4129745, 0.5128975, 0.51805556, 0.5240761, 0.5297463, 0.5353756, 0.54153955, 0.54817677, 0.58598685, 0.59288347, 0.59940326, 0.6157501, 0.62069845, 0.62488115, 0.6290249, 0.6328869, 0.63658184, 0.64033264, 0.64464974, 0.6489876, 0.6526867, 0.6569309, 0.66105616, 0.6648213, 0.66861176, 0.67222416, 0.675163, 0.67820776, 0.68154633, 0.68464637, 0.6873082, 0.6901696, 0.6926231, 0.69507724, 0.6973525, 0.69968253, 0.7018454, 0.7036599, 0.7054002, 0.70716184, 0.708807, 0.7103873, 0.7120671], "duration": [19375, 16519, 21654, 32963, 21429, 33078, 22634, 16978, 21959, 32862, 21577, 22699, 19013, 31955, 30991, 46157, 47137, 48574, 48456, 65554, 56888, 50537, 56580, 63381, 67914, 65594, 58842, 54297, 65608, 61110, 61111, 52182, 54376, 52437, 67891, 72507, 56603, 61152, 61233, 58890, 56588, 65631, 63400, 58856, 54333, 56710, 56630, 58883, 54367, 61120]}