{"avg": [0.14222224, 0.20966814, 0.1956727, 0.19285715, 0.16591711, 0.1871011, 0.21875018, 0.18867055, 0.1490312, 0.19957781, 0.19433723, 0.18978895, 0.20797344, 0.21359019, 0.22097506, 0.2344598, 0.26530582, 0.23800136, 0.1959957, 0.20974746, 0.30106863, 0.22299264, 0.20137526, 0.24314237, 0.28235984, 0.23265576, 0.21493435, 0.26430014, 0.22560456, 0.30070668, 0.20063199, 0.27126116, 0.24615774, 0.27421543, 0.26254472, 0.27333048, 0.31460503, 0.27833506, 0.2971459, 0.35243252, 0.29066497, 0.26644647, 0.2740461, 0.28773725, 0.30472133, 0.33006796, 0.28708565, 0.30067152, 0.31415305, 0.28869832], "std": [0.046825133, 0.079576075, 0.062291138, 0.10259742, 0.08826587, 0.07723673, 0.10840174, 0.076027, 0.081073366, 0.055200715, 0.102898955, 0.05234698, 0.045439437, 0.10232553, 0.10126443, 0.072133556, 0.098438784, 0.10051974, 0.075922094, 0.06445207, 0.07115402, 0.041970253, 0.05192491, 0.10964733, 0.084198385, 0.084168896, 0.09787093, 0.08914561, 0.10017901, 0.08044523, 0.07590726, 0.08183145, 0.10324716, 0.07746117, 0.090927176, 0.07889006, 0.064302996, 0.079142325, 0.100652695, 0.10437698, 0.09090131, 0.06087271, 0.07103278, 0.08988573, 0.090043664, 0.09218436, 0.08078781, 0.10099278, 0.09790777, 0.085360296], "var": [0.98, 0.98, 0.98, 0.98, 0.98, 0.98, 0.96, 0.96, 0.96, 0.96, 0.94, 0.92, 0.92, 0.9, 0.9, 0.9, 0.9, 0.9, 0.88, 0.88, 0.86, 0.86, 0.86, 0.84, 0.82, 0.82, 0.82, 0.82, 0.84, 0.84, 0.82, 0.82, 0.8, 0.8, 0.78, 0.76, 0.76, 0.76, 0.76, 0.74, 0.72, 0.7, 0.68, 0.7, 0.7, 0.7, 0.68, 0.68, 0.68, 0.68], "best": [0.1888889, 0.4087302, 0.33650795, 0.41890335, 0.2936508, 0.33525482, 0.40371954, 0.3000209, 0.3272031, 0.2986418, 0.40603772, 0.29572237, 0.283278, 0.40741125, 0.40904766, 0.41233066, 0.4155771, 0.41443694, 0.3276984, 0.3283834, 0.4182111, 0.3031201, 0.31081957, 0.41321307, 0.4159444, 0.41916713, 0.4164992, 0.4203175, 0.41605678, 0.4164961, 0.31578696, 0.4192189, 0.41974714, 0.42128727, 0.4219865, 0.42178565, 0.42277783, 0.42458582, 0.4252272, 0.42694366, 0.42702764, 0.39066005, 0.43001354, 0.4286459, 0.42971233, 0.43213725, 0.4208527, 0.4323723, 0.43360704, 0.43455437], "duration": [1313, 5181, 1333, 1318, 1375, 3266, 1275, 1336, 1330, 1375, 5232, 5158, 1343, 1352, 3607, 1748, 3258, 1630, 3220, 3262, 3239, 1357, 1349, 1293, 1311, 1280, 1416, 1335, 1388, 1350, 1662, 1441, 1330, 1351, 1334, 1354, 1385, 1335, 1381, 1295, 1343, 1371, 1355, 1287, 1377, 1351, 1299, 1421, 1347, 1943]}