{"avg": [0.15527782, 0.20290832, 0.21067004, 0.22829689, 0.24298505, 0.2525281, 0.28086048, 0.29340374, 0.3052637, 0.32217485, 0.34101477, 0.35390678, 0.36707738, 0.38309494, 0.4098669, 0.42054975, 0.4405716, 0.45950124, 0.4734208, 0.4890569, 0.5035192, 0.51425296, 0.5218102, 0.53001237, 0.53936327, 0.54594976, 0.55519843, 0.56065094, 0.56737524, 0.5727311, 0.5775909, 0.5821207, 0.5860597, 0.59004194, 0.59343195, 0.59671974, 0.5999063, 0.603066, 0.6060518, 0.6087455, 0.6113668, 0.6138573, 0.6162833, 0.6185372, 0.6204295, 0.62254155, 0.624558, 0.6264844, 0.6281985, 0.62992656], "std": [0.06123661, 0.061608247, 0.05528412, 0.053862758, 0.0363876, 0.049710963, 0.04886148, 0.047680955, 0.050226368, 0.046426747, 0.036295332, 0.044759475, 0.038335275, 0.04470572, 0.03435833, 0.034802113, 0.03964302, 0.036533475, 0.03479393, 0.030289032, 0.022978134, 0.022195892, 0.021036573, 0.019968119, 0.013263236, 0.013014156, 0.001681109, 0.00491276, 1.1920929e-07, 1.1920929e-07, 1.7881393e-07, 2.9802322e-07, 1.7881393e-07, 1.7881393e-07, 1.1920929e-07, 0.0, 2.3841858e-07, 1.7881393e-07, 1.7881393e-07, 5.9604645e-08, 1.7881393e-07, 1.7881393e-07, 2.3841858e-07, 2.3841858e-07, 5.9604645e-08, 2.9802322e-07, 1.1920929e-07, 1.1920929e-07, 3.5762787e-07, 2.3841858e-07], "var": [0.9, 0.88, 0.8, 0.8, 0.78, 0.68, 0.62, 0.6, 0.62, 0.52, 0.5, 0.44, 0.44, 0.34, 0.38, 0.46, 0.44, 0.5, 0.46, 0.42, 0.36, 0.28, 0.2, 0.16, 0.14, 0.08, 0.06, 0.02, 0.02, 0.02, 0.02, 0.02, 0.02, 0.02, 0.02, 0.02, 0.02, 0.02, 0.02, 0.02, 0.02, 0.02, 0.02, 0.02, 0.02, 0.02, 0.02, 0.02, 0.02, 0.02], "best": [0.2888889, 0.31329367, 0.31929183, 0.31793115, 0.32073605, 0.326122, 0.4096927, 0.41617176, 0.42313647, 0.42873153, 0.43421298, 0.46336043, 0.46206957, 0.47995842, 0.4886019, 0.49614173, 0.50354767, 0.5094721, 0.5142118, 0.51827633, 0.5235584, 0.5283228, 0.534451, 0.53933686, 0.54462063, 0.55054146, 0.5556176, 0.5614417, 0.56737536, 0.5727312, 0.5775907, 0.5821204, 0.58605987, 0.59004176, 0.59343207, 0.59671974, 0.5999061, 0.6030662, 0.6060516, 0.60874546, 0.611367, 0.6138575, 0.61628306, 0.61853695, 0.62042946, 0.62254184, 0.6245581, 0.6264845, 0.62819815, 0.6299263], "duration": [18586, 21779, 12778, 13690, 22150, 26285, 24725, 27070, 20156, 20483, 11817, 8592, 8246, 10272, 8562, 10855, 8529, 7288, 8551, 9863, 8243, 9919, 10219, 8513, 8215, 8606, 7260, 9917, 8876, 8272, 9594, 7572, 7958, 8921, 7903, 7910, 9528, 9654, 8332, 10227, 8315, 10317, 9575, 8608, 10553, 9556, 8923, 7937, 9962, 9270]}