{"avg": [0.15714288, 0.13816611, 0.11328042, 0.24123873, 0.17822742, 0.19521369, 0.16215396, 0.18300895, 0.25027633, 0.22426775, 0.25284863, 0.2013568, 0.18613353, 0.18443032, 0.22704951, 0.2549161, 0.24720182, 0.27588427, 0.26427352, 0.2542406, 0.2978803, 0.3148311, 0.27043322, 0.3224632, 0.29582122, 0.36614662, 0.31634688, 0.33034298, 0.36307088, 0.31745487, 0.35259432, 0.3577499, 0.34618896, 0.30792508, 0.33439666, 0.337916, 0.36150643, 0.37084135, 0.3624662, 0.33816084, 0.38657033, 0.3704986, 0.35591042, 0.36266938, 0.37162524, 0.3585413, 0.37311992, 0.38921452, 0.37176806, 0.37817332], "std": [0.1261181, 0.106509455, 0.13246901, 0.124030456, 0.15731116, 0.10844714, 0.13093778, 0.1160064, 0.13925913, 0.10837119, 0.13191403, 0.121769264, 0.16181326, 0.12936786, 0.12312234, 0.13087769, 0.13318257, 0.13970993, 0.091632806, 0.12903756, 0.121055454, 0.11307775, 0.10936285, 0.083254874, 0.13697638, 0.10741278, 0.08723743, 0.10580482, 0.06822905, 0.08217736, 0.07545816, 0.08089814, 0.110004395, 0.093810506, 0.12437794, 0.08812257, 0.075950325, 0.07402935, 0.07300627, 0.085879326, 0.080508575, 0.0959569, 0.07248632, 0.0849635, 0.0795696, 0.101851955, 0.076547824, 0.08772839, 0.068845384, 0.0719461], "var": [1.0, 1.0, 0.98, 0.98, 0.94, 0.9, 0.86, 0.86, 0.84, 0.84, 0.84, 0.82, 0.8, 0.82, 0.8, 0.8, 0.8, 0.8, 0.84, 0.84, 0.84, 0.84, 0.82, 0.78, 0.78, 0.74, 0.76, 0.76, 0.76, 0.72, 0.72, 0.72, 0.7, 0.72, 0.72, 0.7, 0.7, 0.66, 0.64, 0.62, 0.58, 0.56, 0.6, 0.58, 0.58, 0.6, 0.6, 0.58, 0.56, 0.58], "best": [0.3555556, 0.38106582, 0.38888893, 0.44973546, 0.39395806, 0.3985959, 0.38576552, 0.38884485, 0.3965392, 0.39803588, 0.39871997, 0.39435112, 0.39997444, 0.38443348, 0.40130937, 0.40184048, 0.40327102, 0.4548805, 0.40412703, 0.403836, 0.40395528, 0.40609467, 0.40762568, 0.40953287, 0.4122973, 0.41545144, 0.4178175, 0.56112826, 0.42191362, 0.42148554, 0.42475367, 0.4223225, 0.42751867, 0.4238847, 0.56462544, 0.4342728, 0.43496358, 0.43439066, 0.43539715, 0.43739834, 0.56809914, 0.5018732, 0.43307412, 0.44205755, 0.44292712, 0.55503863, 0.4467197, 0.5204344, 0.44954395, 0.45098117], "duration": [3691, 4951, 5091, 8993, 5085, 8713, 2827, 4761, 5075, 3232, 2534, 2474, 5320, 5449, 2455, 2892, 2979, 7101, 5205, 6466, 3345, 7643, 3049, 4822, 5146, 3252, 5198, 2859, 5158, 5270, 5124, 7170, 7160, 5309, 5841, 4358, 3046, 3025, 3088, 3268, 3490, 3352, 5099, 5138, 3034, 3366, 5344, 3281, 6092, 3059]}