{"avg": [0.17160493, 0.17539684, 0.1411678, 0.1701299, 0.16952823, 0.10573002, 0.15975411, 0.16607702, 0.2373565, 0.27834207, 0.18082502, 0.20756304, 0.20806877, 0.19633472, 0.21415605, 0.1991896, 0.21011484, 0.21403332, 0.230404, 0.20579028, 0.188216, 0.21604572, 0.16806942, 0.17669638, 0.23100443, 0.24381475, 0.18420485, 0.23028085, 0.20929925, 0.28343484, 0.25356337, 0.21478723, 0.23648526, 0.25679582, 0.24880777, 0.26327676, 0.26590183, 0.26708114, 0.23248686, 0.22528653, 0.22754696, 0.24687162, 0.3092272, 0.30035573, 0.25480518, 0.27968195, 0.29495093, 0.17889997, 0.2905724, 0.2894009], "std": [0.108564794, 0.16618288, 0.11974915, 0.15659052, 0.14250058, 0.09427089, 0.15833886, 0.11755795, 0.12473415, 0.17267609, 0.12205789, 0.12302392, 0.1260807, 0.10686245, 0.10829958, 0.16191691, 0.12955943, 0.12929939, 0.1481736, 0.16044722, 0.13023318, 0.16244969, 0.16514555, 0.13058102, 0.10194386, 0.12871608, 0.14003776, 0.13767894, 0.135388, 0.13113353, 0.12546708, 0.14155102, 0.1497713, 0.13320887, 0.1405526, 0.13018312, 0.14918026, 0.11263046, 0.15119608, 0.12258117, 0.1502578, 0.13747442, 0.13631892, 0.09294806, 0.13352571, 0.1147484, 0.11234574, 0.15405671, 0.13217877, 0.15766683], "var": [0.99333334, 0.99333334, 0.99333334, 0.9866667, 0.98, 0.97333336, 0.97333336, 0.97333336, 0.97333336, 0.97333336, 0.96, 0.9533333, 0.9533333, 0.94, 0.93333334, 0.93333334, 0.92, 0.91333336, 0.9, 0.9, 0.8933333, 0.88, 0.87333333, 0.87333333, 0.87333333, 0.86, 0.86, 0.86, 0.86, 0.85333335, 0.86, 0.85333335, 0.8466667, 0.84, 0.8333333, 0.84, 0.82666665, 0.82, 0.8066667, 0.8066667, 0.8066667, 0.8, 0.8, 0.7866667, 0.7866667, 0.7733333, 0.76666665, 0.75333333, 0.74666667, 0.74666667], "best": [0.3555556, 0.38730162, 0.39092976, 0.53015876, 0.38333338, 0.22353587, 0.5374634, 0.37759417, 0.5342452, 0.5393186, 0.38266817, 0.38412702, 0.3835059, 0.3818208, 0.3843462, 0.5341766, 0.38451076, 0.38404492, 0.53499794, 0.5398291, 0.37894863, 0.5358466, 0.5363064, 0.38223663, 0.38467515, 0.38380882, 0.38416925, 0.3832316, 0.3854034, 0.38428795, 0.38518015, 0.38561678, 0.5359074, 0.38440174, 0.38585493, 0.38586938, 0.38727602, 0.3866652, 0.53616035, 0.3841981, 0.38769498, 0.3881032, 0.53610784, 0.3891785, 0.3896051, 0.39005637, 0.39024776, 0.3911963, 0.39109692, 0.53604907], "duration": [1909, 1915, 2234, 3820, 1961, 3727, 1927, 2224, 1948, 3925, 1871, 1950, 5749, 1820, 3905, 1919, 1891, 1975, 5700, 3818, 1881, 3911, 2195, 2158, 1881, 1871, 3788, 1953, 5688, 5706, 3821, 1890, 3850, 1903, 3797, 5725, 1925, 3787, 1945, 1995, 5786, 2293, 1985, 1901, 1874, 1926, 3796, 1846, 1902, 1996]}