{"avg": [0.16444445, 0.17490081, 0.13545462, 0.20823416, 0.24184926, 0.17594467, 0.24706617, 0.21928877, 0.16649243, 0.20899472, 0.2906262, 0.20562953, 0.2677448, 0.28787348, 0.319399, 0.3344953, 0.30935887, 0.3174267, 0.33595166, 0.34051287, 0.31721082, 0.38190785, 0.37117752, 0.3894809, 0.3567211, 0.35800478, 0.37884095, 0.39670932, 0.39409497, 0.39800286, 0.3756115, 0.42759642, 0.42684463, 0.40866762, 0.43808714, 0.45728788, 0.44530138, 0.4583164, 0.45709404, 0.4441324, 0.45174953, 0.4688024, 0.4620867, 0.481475, 0.47842497, 0.4828341, 0.4841479, 0.504697, 0.5166831, 0.51851803], "std": [0.108805716, 0.10432089, 0.1147933, 0.1461016, 0.109161094, 0.11729919, 0.1328902, 0.11663436, 0.13017012, 0.109934285, 0.08816891, 0.1485656, 0.14853117, 0.11523924, 0.095650524, 0.08334962, 0.11607971, 0.113779634, 0.11107679, 0.11376884, 0.12527844, 0.067735665, 0.08788209, 0.069271356, 0.10038507, 0.12090113, 0.1003438, 0.07882948, 0.07921087, 0.08688463, 0.12183066, 0.069521, 0.109028175, 0.13699162, 0.057214346, 0.034903742, 0.071099974, 0.06712244, 0.04820676, 0.09283148, 0.12281107, 0.056268238, 0.074837364, 0.07284941, 0.07543449, 0.046758953, 0.05648485, 0.035654347, 0.004637536, 0.011996827], "var": [0.96, 0.94, 0.94, 0.94, 0.92, 0.88, 0.86, 0.82, 0.8, 0.76, 0.78, 0.74, 0.72, 0.7, 0.68, 0.68, 0.66, 0.66, 0.62, 0.62, 0.6, 0.6, 0.56, 0.58, 0.56, 0.52, 0.48, 0.48, 0.44, 0.4, 0.4, 0.38, 0.36, 0.34, 0.32, 0.28, 0.26, 0.24, 0.24, 0.24, 0.22, 0.22, 0.18, 0.16, 0.14, 0.1, 0.1, 0.1, 0.1, 0.1], "best": [0.3555556, 0.40000004, 0.3993344, 0.39788365, 0.40395528, 0.3815581, 0.4026396, 0.38508856, 0.38056558, 0.3851852, 0.39702517, 0.40188375, 0.40343773, 0.4061809, 0.40813497, 0.4124111, 0.4141036, 0.41489482, 0.41659456, 0.4206458, 0.4233509, 0.4256655, 0.4307546, 0.43485397, 0.43853784, 0.44169724, 0.44494367, 0.44819832, 0.45090267, 0.45456135, 0.45746642, 0.46162945, 0.46517372, 0.4699508, 0.47358155, 0.4775416, 0.48052388, 0.48347503, 0.487213, 0.4905548, 0.49357402, 0.49691293, 0.5008998, 0.5033105, 0.5063025, 0.50921965, 0.5119082, 0.5155504, 0.51843584, 0.52184534], "duration": [2001, 6071, 1906, 1973, 3834, 3837, 3839, 5732, 1998, 3875, 11431, 3903, 4209, 4185, 2311, 9564, 3866, 6099, 8001, 4213, 3838, 5803, 5772, 1939, 7660, 2305, 1922, 2280, 2306, 1994, 2256, 1922, 2256, 2290, 1952, 1986, 1952, 1924, 1929, 1970, 1966, 1929, 1942, 1932, 1933, 1975, 1959, 2011, 1935, 1935]}