{"avg": [0.17407408, 0.18614891, 0.16939484, 0.14058985, 0.16698413, 0.12377138, 0.18301249, 0.21116404, 0.22084115, 0.23084322, 0.24452457, 0.19313279, 0.14615858, 0.28519666, 0.22721294, 0.21595408, 0.19105557, 0.30056062, 0.23190668, 0.27649313, 0.2354448, 0.24791247, 0.2786534, 0.32037035, 0.27754384, 0.2839878, 0.3212737, 0.27193004, 0.30010393, 0.33579817, 0.3192642, 0.31454045, 0.35133773, 0.35938933, 0.3245322, 0.35092402, 0.36240754, 0.33205542, 0.33949637, 0.3647085, 0.38395864, 0.401432, 0.37701568, 0.39280018, 0.4155064, 0.3997136, 0.40067163, 0.39580023, 0.41334406, 0.42520323], "std": [0.10508341, 0.14434204, 0.14506543, 0.13688746, 0.15431237, 0.10399911, 0.1218589, 0.13655044, 0.10033451, 0.12821138, 0.12910938, 0.15032408, 0.15700218, 0.11339173, 0.14605352, 0.13310933, 0.13417356, 0.11752151, 0.14908046, 0.09806037, 0.14161944, 0.15273546, 0.13754609, 0.09607441, 0.12544014, 0.12365875, 0.123930484, 0.14555788, 0.09111313, 0.121493384, 0.12053702, 0.12338372, 0.09792383, 0.10288702, 0.14778861, 0.09959368, 0.122014984, 0.15993945, 0.099103004, 0.09999196, 0.12289703, 0.08024655, 0.09826851, 0.089187324, 0.07356076, 0.10591147, 0.10033328, 0.07602207, 0.07354663, 0.086340904], "var": [0.98, 0.94, 0.9, 0.88, 0.88, 0.86, 0.84, 0.82, 0.82, 0.78, 0.78, 0.76, 0.76, 0.72, 0.7, 0.68, 0.64, 0.62, 0.58, 0.56, 0.52, 0.5, 0.5, 0.46, 0.44, 0.42, 0.42, 0.4, 0.38, 0.36, 0.36, 0.34, 0.34, 0.32, 0.3, 0.3, 0.3, 0.28, 0.26, 0.26, 0.26, 0.24, 0.24, 0.22, 0.22, 0.2, 0.2, 0.2, 0.2, 0.18], "best": [0.3555556, 0.39656088, 0.39201394, 0.3829883, 0.3948602, 0.34987792, 0.39278963, 0.39828518, 0.3986752, 0.3994597, 0.40149575, 0.37784243, 0.40266535, 0.4035248, 0.40479067, 0.40550494, 0.4052699, 0.40648648, 0.4088115, 0.40966815, 0.41116184, 0.4126263, 0.41497588, 0.41715696, 0.41911066, 0.42012072, 0.42140925, 0.42413372, 0.4253608, 0.42620268, 0.4299478, 0.43245262, 0.43415514, 0.43675333, 0.43966198, 0.44237274, 0.44467482, 0.44768634, 0.44972935, 0.450524, 0.4524111, 0.4559506, 0.45835, 0.4603175, 0.4622373, 0.46457112, 0.46723437, 0.4693728, 0.47012514, 0.47195086], "duration": [4216, 5806, 5734, 5673, 3828, 3857, 4158, 3854, 3925, 1888, 7625, 9545, 2164, 13647, 3853, 7675, 9795, 5872, 5734, 3901, 7615, 3851, 3843, 6036, 9503, 3891, 3846, 3813, 7690, 7931, 4541, 3895, 5730, 2040, 4468, 1945, 3850, 3855, 11425, 7948, 6048, 4143, 1906, 3822, 11430, 3826, 3826, 3859, 4159, 7616]}