{"avg": [0.41666672, 0.39285716, 0.40001258, 0.46746308, 0.47336227, 0.48231298, 0.48976034, 0.49109244, 0.48279336, 0.5191332, 0.40925702, 0.4640787, 0.44736186, 0.41758206, 0.48695493, 0.5604181, 0.49475428, 0.5083369, 0.5248916, 0.536819, 0.52985626, 0.5669314, 0.56963044, 0.5880176, 0.56710804, 0.58654064, 0.61486816, 0.58129203, 0.59735143, 0.5536229, 0.57335, 0.601078, 0.5995395, 0.5807895, 0.6016885, 0.579583, 0.60592604, 0.60632426, 0.63134426, 0.61300504, 0.6117843, 0.6365741, 0.6357474, 0.6361439, 0.6179637, 0.622608, 0.63792145, 0.6438597, 0.6427161, 0.64592206], "std": [0.15000002, 0.14476208, 0.14111403, 0.14676043, 0.14857179, 0.14716661, 0.147183, 0.14639598, 0.15074417, 0.13741983, 0.1494279, 0.1534696, 0.15271911, 0.15037532, 0.14875424, 0.10570443, 0.14672264, 0.1432622, 0.13326216, 0.1298222, 0.13520373, 0.104900904, 0.10456289, 0.08211048, 0.10510155, 0.08343697, 0.0074204034, 0.10109028, 0.07734913, 0.13048297, 0.1099563, 0.08006112, 0.07780562, 0.10732135, 0.082219765, 0.11553702, 0.078380674, 0.07717422, 0.013363167, 0.08029522, 0.08057123, 0.012589967, 0.015132401, 0.017386546, 0.08419809, 0.08456946, 0.02241371, 0.012930553, 0.01820391, 0.018214487], "var": [0.98, 0.96, 0.92, 0.9, 0.88, 0.88, 0.86, 0.82, 0.82, 0.8, 0.8, 0.8, 0.78, 0.74, 0.72, 0.7, 0.68, 0.66, 0.66, 0.62, 0.58, 0.56, 0.54, 0.56, 0.56, 0.56, 0.56, 0.54, 0.54, 0.52, 0.5, 0.5, 0.5, 0.5, 0.52, 0.48, 0.46, 0.42, 0.38, 0.38, 0.38, 0.38, 0.38, 0.38, 0.38, 0.38, 0.36, 0.36, 0.36, 0.36], "best": [0.5666667, 0.6103175, 0.5992946, 0.6044135, 0.6060607, 0.6034014, 0.6073644, 0.6080953, 0.60980874, 0.6124543, 0.6164204, 0.60674363, 0.61388224, 0.6136689, 0.6139424, 0.6141795, 0.6139869, 0.6154151, 0.6107453, 0.61436933, 0.6153859, 0.61518145, 0.61599666, 0.61877555, 0.6203036, 0.6179923, 0.6220603, 0.62453145, 0.62409955, 0.62836725, 0.6270743, 0.62868226, 0.63189894, 0.63289875, 0.63456964, 0.63525236, 0.63597405, 0.63746655, 0.6394791, 0.64134383, 0.64217913, 0.6474316, 0.64917463, 0.65059084, 0.6503998, 0.65314186, 0.65459925, 0.6563579, 0.6550885, 0.6577451], "duration": [1337, 1249, 1136, 1197, 1341, 1283, 1275, 1261, 1142, 1176, 1204, 1366, 1296, 1244, 1545, 1450, 1173, 1236, 1252, 1290, 1292, 1311, 1485, 1427, 1285, 1312, 1308, 1770, 1491, 1263, 1378, 1281, 1302, 1256, 1269, 1255, 1489, 1289, 1295, 1526, 1280, 1309, 1303, 1992, 1329, 1293, 1268, 1260, 1286, 1255]}