{"avg": [0.15600005, 0.17913337, 0.18936348, 0.19393016, 0.20022222, 0.20853208, 0.21590634, 0.21952425, 0.22342032, 0.22923176, 0.23689465, 0.24303061, 0.25174367, 0.2651018, 0.26838234, 0.28024125, 0.29024804, 0.2974461, 0.31000584, 0.3184484, 0.33430222, 0.34934247, 0.36080447, 0.37578812, 0.39146438, 0.3992559, 0.41374972, 0.4290029, 0.43249556, 0.43574744, 0.43878272, 0.4416218, 0.44428363, 0.44678405, 0.44913757, 0.45135644, 0.45345208, 0.4554345, 0.45731243, 0.45909435, 0.46078694, 0.46239698, 0.46393052, 0.4653924, 0.46678802, 0.46812162, 0.46939743, 0.47061875, 0.47178912, 0.4729118], "std": [0.08373857, 0.09159929, 0.08854855, 0.09060865, 0.091767155, 0.0976554, 0.10383955, 0.10837086, 0.110993505, 0.11429196, 0.119166955, 0.1219494, 0.12523346, 0.12132626, 0.12734792, 0.12368808, 0.12676877, 0.12768516, 0.12449751, 0.12925434, 0.11915225, 0.114141345, 0.111158594, 0.09725366, 0.08304067, 0.082756445, 0.06810571, 0.030151654, 0.03014288, 0.030164571, 0.030210694, 0.03027636, 0.030357612, 0.03045113, 0.030554214, 0.030664677, 0.030780666, 0.030900747, 0.03102363, 0.031148368, 0.031274125, 0.031400204, 0.03152611, 0.03165136, 0.0317756, 0.031898536, 0.032019977, 0.03213968, 0.03225756, 0.032373484], "var": [0.98, 0.96, 0.92, 0.9, 0.86, 0.84, 0.84, 0.82, 0.8, 0.76, 0.74, 0.7, 0.66, 0.66, 0.62, 0.62, 0.6, 0.58, 0.54, 0.52, 0.48, 0.48, 0.46, 0.44, 0.4, 0.36, 0.32, 0.32, 0.32, 0.32, 0.32, 0.32, 0.32, 0.32, 0.32, 0.32, 0.32, 0.32, 0.32, 0.32, 0.32, 0.32, 0.32, 0.32, 0.32, 0.32, 0.32, 0.32, 0.32, 0.32], "best": [0.3777778, 0.40206352, 0.40206352, 0.4030159, 0.40373018, 0.404254, 0.4153175, 0.42287984, 0.42611116, 0.42915347, 0.43230164, 0.43518043, 0.43797624, 0.4411478, 0.44444448, 0.44768256, 0.45087308, 0.45410836, 0.4570371, 0.46010864, 0.46327782, 0.46653065, 0.46994233, 0.47328508, 0.47662702, 0.48008257, 0.48347378, 0.4870018, 0.49061793, 0.49398473, 0.49712703, 0.5000666, 0.50282246, 0.50541127, 0.50784785, 0.5101452, 0.51231486, 0.5143673, 0.51631165, 0.51815635, 0.5199088, 0.5215757, 0.5231633, 0.52467704, 0.526122, 0.52750266, 0.5288234, 0.5300878, 0.53129965, 0.532462], "duration": [8726, 8005, 8676, 8321, 8307, 8293, 7657, 7644, 6021, 6012, 5989, 6048, 6019, 5995, 5382, 6041, 6058, 5988, 6042, 5410, 5380, 5454, 5451, 5446, 5430, 5503, 5471, 5456, 5447, 5442, 5447, 5434, 5460, 5419, 5464, 5437, 5676, 5409, 5397, 5423, 5448, 5398, 5447, 5458, 5471, 5438, 5450, 5466, 5448, 5467]}