{"avg": [0.3466667, 0.412325, 0.40664685, 0.38892066, 0.39465636, 0.47282565, 0.34253505, 0.43283775, 0.43090266, 0.4309289, 0.46900547, 0.5000928, 0.41400564, 0.468477, 0.469237, 0.41491315, 0.44245476, 0.44294235, 0.48813978, 0.48735955, 0.48122945, 0.49911827, 0.47799164, 0.47766384, 0.50025165, 0.5204209, 0.5212209, 0.50153875, 0.52169836, 0.5566062, 0.5315979, 0.5212792, 0.562451, 0.5447569, 0.5115887, 0.5381669, 0.5635422, 0.5816047, 0.56275684, 0.5836455, 0.5641997, 0.56858367, 0.56505513, 0.57063574, 0.5659776, 0.58559275, 0.5508598, 0.5694469, 0.5350657, 0.59348744], "std": [0.13266501, 0.1456848, 0.1481709, 0.14176947, 0.14364044, 0.14624804, 0.11447252, 0.15046482, 0.15077572, 0.15031919, 0.14966786, 0.14143309, 0.14759351, 0.1488214, 0.15076832, 0.1495601, 0.15207201, 0.15317224, 0.14620999, 0.14509958, 0.14873557, 0.1420051, 0.14918084, 0.14944029, 0.14135489, 0.13190125, 0.13171057, 0.14408086, 0.13280505, 0.10471899, 0.12759262, 0.13323796, 0.10240251, 0.11778777, 0.13933249, 0.12377302, 0.10780545, 0.07462034, 0.10111117, 0.07768983, 0.09910839, 0.10413803, 0.10414341, 0.09873483, 0.10410902, 0.07449975, 0.11931782, 0.10482932, 0.13992661, 0.07647379], "var": [0.98, 0.96, 0.96, 0.95, 0.93, 0.93, 0.93, 0.92, 0.91, 0.91, 0.91, 0.9, 0.9, 0.89, 0.89, 0.89, 0.88, 0.88, 0.87, 0.86, 0.86, 0.84, 0.83, 0.82, 0.82, 0.82, 0.82, 0.82, 0.83, 0.81, 0.8, 0.8, 0.78, 0.76, 0.75, 0.73, 0.73, 0.72, 0.71, 0.72, 0.71, 0.7, 0.69, 0.67, 0.66, 0.66, 0.64, 0.63, 0.61, 0.6], "best": [0.5666667, 0.59523815, 0.59866077, 0.59904766, 0.5978023, 0.5991871, 0.5942858, 0.5980058, 0.5995381, 0.5957495, 0.5996558, 0.60231596, 0.5974157, 0.5996253, 0.60376054, 0.6046667, 0.6049225, 0.6054518, 0.6077561, 0.6091622, 0.60970974, 0.6032338, 0.61011094, 0.6112397, 0.60276693, 0.6118306, 0.6124878, 0.613182, 0.614235, 0.6152676, 0.6158572, 0.616584, 0.6170502, 0.6185282, 0.6189889, 0.6195312, 0.6201183, 0.6215728, 0.6222223, 0.62290007, 0.611287, 0.6239011, 0.6251583, 0.62622416, 0.6271416, 0.6277949, 0.6285903, 0.6292281, 0.63051957, 0.63199556], "duration": [1439, 1191, 1176, 1185, 1163, 1174, 1179, 1241, 1197, 1223, 1211, 1175, 1189, 1196, 1181, 1182, 1231, 1173, 1160, 1194, 1174, 1199, 1182, 1161, 1138, 1341, 1136, 1146, 1198, 1173, 1199, 1188, 1404, 1220, 1187, 1187, 1191, 1189, 1113, 1099, 1105, 1126, 1187, 1158, 1185, 1184, 1184, 1187, 1177, 1183]}