{"avg": [0.4466667, 0.44484127, 0.4719611, 0.46660015, 0.42388394, 0.45242715, 0.5017388, 0.52783716, 0.51614344, 0.5577399, 0.49617842, 0.5415781, 0.53244805, 0.58773786, 0.5503821, 0.55180067, 0.5348215, 0.53239095, 0.59631556, 0.613772, 0.57167876, 0.56321853, 0.5902829, 0.6035126, 0.5893399, 0.63346857, 0.63069785, 0.6299515, 0.6144064, 0.5917875, 0.6054688, 0.6395351, 0.6330942, 0.6566985, 0.651768, 0.6648295, 0.6358017, 0.65639424, 0.65733534, 0.68616325, 0.6677843, 0.6880099, 0.67477256, 0.68499714, 0.7071534, 0.69998705, 0.7147711, 0.7126471, 0.7248849, 0.7225879], "std": [0.14696941, 0.15121758, 0.14844655, 0.15281764, 0.15197937, 0.15327479, 0.14168794, 0.13137214, 0.13644867, 0.109334186, 0.14425628, 0.12508896, 0.136195, 0.07646145, 0.121284716, 0.120652825, 0.13959748, 0.14153607, 0.07547142, 0.01739191, 0.111147955, 0.118817426, 0.10313457, 0.08299741, 0.11405202, 0.0202531, 0.02738062, 0.023037994, 0.0985043, 0.11601017, 0.11344768, 0.02857218, 0.08925871, 0.026239436, 0.032047946, 0.028778195, 0.100550145, 0.036617532, 0.09457747, 0.015319125, 0.09626682, 0.030604325, 0.037627693, 0.0432507, 0.011804122, 0.03642904, 0.008983765, 0.018968746, 5.9604645e-08, 0.014657037], "var": [0.98, 0.96, 0.94, 0.92, 0.9, 0.9, 0.88, 0.84, 0.82, 0.82, 0.8, 0.8, 0.78, 0.76, 0.78, 0.78, 0.74, 0.72, 0.7, 0.68, 0.66, 0.64, 0.62, 0.6, 0.56, 0.56, 0.54, 0.52, 0.48, 0.46, 0.44, 0.42, 0.4, 0.38, 0.36, 0.32, 0.28, 0.32, 0.3, 0.3, 0.28, 0.28, 0.24, 0.2, 0.2, 0.16, 0.16, 0.14, 0.14, 0.14], "best": [0.5666667, 0.61746037, 0.60737336, 0.6065218, 0.6063493, 0.606767, 0.6072682, 0.6084943, 0.61112356, 0.6121213, 0.61337584, 0.61359364, 0.61517704, 0.6180206, 0.62175333, 0.62312645, 0.6251594, 0.6290124, 0.6322678, 0.63605225, 0.638472, 0.6404691, 0.6421769, 0.6464189, 0.6494126, 0.65353286, 0.6567863, 0.6601883, 0.66185105, 0.664881, 0.66664654, 0.67023087, 0.67246056, 0.67610776, 0.67977315, 0.68218213, 0.68613875, 0.68869054, 0.69110364, 0.69501066, 0.6999239, 0.70372033, 0.70749444, 0.709311, 0.7117832, 0.71551025, 0.7180726, 0.72162485, 0.72488487, 0.7285715], "duration": [1162, 1131, 1133, 1133, 1115, 1309, 1300, 1124, 1319, 1166, 1163, 1131, 1121, 1129, 1161, 1324, 1158, 1118, 1125, 1140, 1131, 1307, 1364, 1312, 1141, 1127, 1132, 1126, 1133, 1124, 1119, 1138, 1327, 1138, 1131, 1311, 1144, 1131, 1126, 1324, 1165, 1125, 1122, 1131, 1130, 1128, 1134, 1311, 1316, 1129]}