{"avg": [0.12839508, 0.174903, 0.17481484, 0.17967686, 0.19623487, 0.16626127, 0.18226582, 0.20176369, 0.22123018, 0.20719212, 0.23368098, 0.22439702, 0.21998826, 0.23395583, 0.24561605, 0.23827012, 0.2306595, 0.22496623, 0.25652152, 0.22978534, 0.27081564, 0.25894585, 0.260274, 0.25729424, 0.28090572, 0.28763095, 0.28081584, 0.30221272, 0.32475892, 0.32686314, 0.29256666, 0.28148678, 0.32863766, 0.3224025, 0.31886476, 0.32942602, 0.33242306, 0.37255946, 0.37092638, 0.3299142, 0.35570335, 0.3732864, 0.36368302, 0.39823377, 0.39570412, 0.4137064, 0.41011, 0.3861817, 0.39354497, 0.4111871], "std": [0.06911376, 0.07609868, 0.07399817, 0.073468186, 0.046669763, 0.08041099, 0.07132868, 0.03755659, 0.058031637, 0.055289045, 0.032491527, 0.05068453, 0.046057966, 0.05154219, 0.054385927, 0.07685766, 0.05937719, 0.07996227, 0.06165971, 0.07404648, 0.05791315, 0.04999193, 0.05608777, 0.06926424, 0.051134765, 0.058240004, 0.06572736, 0.052266777, 0.045295678, 0.044828203, 0.07210572, 0.073681355, 0.044243477, 0.057767347, 0.07696715, 0.05641239, 0.05628072, 0.06968095, 0.05725904, 0.08089336, 0.073289216, 0.07603861, 0.076311365, 0.044042747, 0.053346805, 0.04795946, 0.052192282, 0.06918521, 0.069682114, 0.066133805], "var": [0.98, 0.96, 0.96, 0.92, 0.94, 0.92, 0.88, 0.88, 0.86, 0.82, 0.82, 0.8, 0.82, 0.8, 0.78, 0.78, 0.78, 0.76, 0.72, 0.7, 0.7, 0.7, 0.66, 0.62, 0.62, 0.62, 0.6, 0.58, 0.56, 0.56, 0.54, 0.54, 0.54, 0.52, 0.5, 0.54, 0.52, 0.48, 0.46, 0.46, 0.46, 0.44, 0.4, 0.4, 0.38, 0.38, 0.36, 0.34, 0.32, 0.34], "best": [0.1888889, 0.2298942, 0.2936508, 0.30009922, 0.26979008, 0.27505672, 0.29694617, 0.24179897, 0.32760358, 0.2457577, 0.29124427, 0.2995074, 0.3011842, 0.33545753, 0.35366386, 0.39650255, 0.34349963, 0.34503675, 0.34753552, 0.34805676, 0.40325472, 0.35033742, 0.35352457, 0.3527745, 0.3543651, 0.35813087, 0.360844, 0.36284444, 0.3644114, 0.3691416, 0.37229776, 0.37346384, 0.37644196, 0.37811726, 0.38012913, 0.3824448, 0.44128385, 0.44255614, 0.44575924, 0.44854066, 0.44977966, 0.45166945, 0.45427456, 0.45604986, 0.45857635, 0.4610255, 0.4640957, 0.46717831, 0.46887094, 0.4708743], "duration": [6360, 5223, 5389, 3595, 6498, 5512, 5555, 4707, 3527, 7332, 14115, 3641, 5456, 3232, 3906, 3654, 5491, 6083, 3518, 3518, 5492, 2873, 4839, 3155, 2896, 7301, 3422, 5606, 2769, 2677, 3949, 2841, 4671, 3466, 6041, 3305, 5058, 3707, 3022, 3285, 3313, 3210, 2682, 2467, 2545, 3296, 3040, 6978, 3624, 2654]}