{"avg": [0.39377782, 0.4143746, 0.41467473, 0.41487628, 0.41608486, 0.4121283, 0.4152302, 0.41199687, 0.40393734, 0.40410054, 0.4051648, 0.39126617, 0.3913461, 0.3913712, 0.39145947, 0.38139054, 0.3786093, 0.37417197, 0.3690429, 0.36622077, 0.37030843, 0.3704676, 0.37359262, 0.36576572, 0.37334043, 0.37133273, 0.3753172, 0.369236, 0.36329484, 0.36555535, 0.36268258, 0.36387947, 0.35701066, 0.34706146, 0.35424244, 0.3575211, 0.3549114, 0.34408775, 0.34020814, 0.34053043, 0.34178042, 0.33586475, 0.3326665, 0.323897, 0.319888, 0.3232864, 0.32012558, 0.31335115, 0.31176293, 0.31216946], "std": [0.115900345, 0.11826242, 0.11817861, 0.11830509, 0.118029565, 0.12248924, 0.12335882, 0.121911556, 0.11987255, 0.11989905, 0.119640924, 0.124067865, 0.123879395, 0.123853095, 0.12369536, 0.12341911, 0.12615141, 0.12950525, 0.12893446, 0.12665012, 0.12870805, 0.12865119, 0.13067578, 0.13556062, 0.13615587, 0.13746217, 0.13486306, 0.13050967, 0.12960269, 0.1273619, 0.124913424, 0.12496478, 0.124818996, 0.12004302, 0.12084637, 0.123560436, 0.12578079, 0.12684958, 0.1283403, 0.1283717, 0.12730123, 0.12468566, 0.12519796, 0.11857041, 0.11820563, 0.121846706, 0.11793193, 0.11481397, 0.11535944, 0.12048089], "var": [0.98, 0.94, 0.92, 0.92, 0.92, 0.94, 0.94, 0.92, 0.9, 0.88, 0.86, 0.82, 0.78, 0.82, 0.84, 0.84, 0.84, 0.84, 0.84, 0.84, 0.84, 0.88, 0.88, 0.88, 0.9, 0.9, 0.94, 0.94, 0.94, 0.9, 0.92, 0.92, 0.92, 0.92, 0.9, 0.88, 0.86, 0.84, 0.86, 0.84, 0.84, 0.82, 0.78, 0.78, 0.76, 0.72, 0.72, 0.76, 0.76, 0.76], "best": [0.51111114, 0.54206353, 0.543254, 0.5442858, 0.54468256, 0.5451111, 0.5454762, 0.54607713, 0.5456945, 0.54534394, 0.54501593, 0.54474753, 0.5448016, 0.54503053, 0.5456349, 0.5459048, 0.54611117, 0.5462932, 0.5464286, 0.5464996, 0.54658735, 0.54671204, 0.5468038, 0.54684615, 0.5468651, 0.54692066, 0.54453605, 0.5450441, 0.5454309, 0.54593873, 0.5440635, 0.54429084, 0.54468256, 0.54503614, 0.54539686, 0.5458186, 0.54629636, 0.5467096, 0.5467001, 0.54694754, 0.54730165, 0.5476733, 0.5480272, 0.54839796, 0.54865444, 0.5487831, 0.5488648, 0.5489429, 0.54896826, 0.5490217], "duration": [61089, 59702, 59629, 59863, 58395, 58295, 58907, 60348, 58875, 60012, 59519, 57183, 57968, 57807, 58196, 55378, 55047, 52069, 51208, 49811, 49968, 49947, 50874, 50849, 51704, 49962, 49930, 49288, 47892, 48830, 48747, 47830, 47201, 45902, 47051, 47146, 47084, 46806, 46753, 46045, 47819, 46214, 46399, 44241, 43903, 44658, 43240, 43204, 41938, 41456]}