{"avg": [0.34166667, 0.4638528, 0.3860663, 0.35559887, 0.42784664, 0.3703631, 0.4200758, 0.45630485, 0.4249391, 0.47628284, 0.4130776, 0.4687046, 0.39467344, 0.45964575, 0.43203184, 0.42244482, 0.53749734, 0.43532333, 0.46213332, 0.46144903, 0.6008725, 0.43482086, 0.46231592, 0.4749825, 0.51244485, 0.47656098, 0.57068825, 0.4808073, 0.5535111, 0.47822142, 0.5497742, 0.5841753, 0.5233444, 0.5068916, 0.5559525, 0.58092177, 0.54405314, 0.51671755, 0.55002534, 0.5564619, 0.5542768, 0.5532226, 0.5103001, 0.5627288, 0.5583543, 0.5558908, 0.5688055, 0.5911785, 0.53547186, 0.5523289], "std": [0.12990382, 0.14813732, 0.13642456, 0.12138895, 0.1478117, 0.13017562, 0.14439951, 0.14816289, 0.14947963, 0.14795345, 0.14660773, 0.14827417, 0.13998008, 0.14773594, 0.15048867, 0.14768402, 0.11968667, 0.14863673, 0.1511203, 0.15204304, 0.0062895236, 0.15262769, 0.15115723, 0.15253972, 0.14195535, 0.14940979, 0.09546593, 0.14463075, 0.11381146, 0.1514376, 0.11821558, 0.087011635, 0.13916388, 0.137555, 0.11483208, 0.09207486, 0.12138724, 0.14488374, 0.1266907, 0.11641505, 0.12237928, 0.12283394, 0.15050006, 0.1184576, 0.11913505, 0.12305675, 0.114064015, 0.09096522, 0.1381983, 0.12834457], "var": [0.98, 0.98, 0.98, 0.98, 0.98, 0.98, 0.96, 0.96, 0.96, 0.96, 0.94, 0.94, 0.94, 0.94, 0.92, 0.92, 0.92, 0.92, 0.9, 0.9, 0.88, 0.86, 0.86, 0.86, 0.84, 0.82, 0.84, 0.82, 0.82, 0.8, 0.8, 0.8, 0.78, 0.78, 0.78, 0.78, 0.76, 0.74, 0.72, 0.74, 0.72, 0.7, 0.7, 0.68, 0.68, 0.68, 0.66, 0.66, 0.64, 0.62], "best": [0.5666667, 0.6162699, 0.6028986, 0.6027418, 0.5976745, 0.5997355, 0.599495, 0.5990233, 0.5936865, 0.60043734, 0.60105824, 0.5993544, 0.59890115, 0.5981892, 0.60074705, 0.59976774, 0.60278684, 0.6053252, 0.60727584, 0.6082189, 0.60852367, 0.61030006, 0.60948384, 0.6111303, 0.6119139, 0.61428577, 0.6153795, 0.60694724, 0.6147588, 0.6175463, 0.61939824, 0.6212096, 0.6242462, 0.61693126, 0.6246461, 0.62562954, 0.6222223, 0.6234433, 0.62766063, 0.6235732, 0.6301588, 0.63088834, 0.6318433, 0.6331202, 0.6344818, 0.63562727, 0.6362019, 0.6378646, 0.6310473, 0.6317785], "duration": [792, 811, 792, 760, 768, 750, 757, 779, 796, 785, 769, 781, 754, 766, 749, 961, 805, 787, 782, 758, 772, 794, 785, 785, 778, 764, 768, 754, 753, 753, 763, 784, 772, 750, 787, 785, 791, 782, 786, 760, 934, 755, 774, 808, 797, 804, 940, 736, 739, 742]}