{"avg": [0.30555558, 0.3879606, 0.39820105, 0.4399802, 0.46388438, 0.45571002, 0.43798193, 0.4885998, 0.4696652, 0.46850273, 0.46221584, 0.493061, 0.5088129, 0.485181, 0.46957672, 0.5158357, 0.5268247, 0.52356416, 0.5178628, 0.5444509, 0.5358175, 0.52937436, 0.54320526, 0.542171, 0.5567028, 0.560772, 0.55375123, 0.57140714, 0.56522155, 0.5925943, 0.59506863, 0.59341544, 0.6064109, 0.60258853, 0.61364734, 0.6237602, 0.62448907, 0.6234288, 0.60944426, 0.6196719, 0.6406794, 0.64025843, 0.65217364, 0.644535, 0.65573263, 0.65085703, 0.6482293, 0.66338265, 0.66212624, 0.66985995], "std": [0.13528663, 0.087520644, 0.0954761, 0.08947883, 0.085074, 0.0919375, 0.106985755, 0.08435228, 0.09368376, 0.09337686, 0.08930607, 0.091017045, 0.07884739, 0.0906593, 0.10345491, 0.08350642, 0.07083951, 0.07956381, 0.086175814, 0.062650666, 0.06902105, 0.08262636, 0.07740052, 0.084687054, 0.06034895, 0.06406937, 0.07990095, 0.051883418, 0.08187272, 0.01990684, 0.025876548, 0.02759333, 0.0221885, 0.02660986, 0.02403151, 0.016171936, 0.017667014, 0.026562348, 0.06551977, 0.035332687, 0.019927664, 0.02321077, 0.008743017, 0.033808734, 0.023100305, 0.03865687, 0.03939279, 0.030601803, 0.031497274, 0.029009856], "var": [0.98, 0.98, 0.98, 0.98, 0.96, 0.96, 0.92, 0.9, 0.9, 0.86, 0.84, 0.8, 0.78, 0.78, 0.76, 0.72, 0.68, 0.68, 0.66, 0.62, 0.64, 0.62, 0.64, 0.64, 0.64, 0.62, 0.58, 0.54, 0.5, 0.46, 0.44, 0.42, 0.4, 0.38, 0.36, 0.36, 0.34, 0.3, 0.26, 0.24, 0.24, 0.24, 0.24, 0.22, 0.22, 0.22, 0.22, 0.2, 0.18, 0.16], "best": [0.51111114, 0.5289683, 0.5436508, 0.54550266, 0.5513141, 0.5522952, 0.5517746, 0.5515424, 0.555729, 0.5578418, 0.55615616, 0.5597654, 0.56434816, 0.5674766, 0.5701814, 0.56899476, 0.57289785, 0.5747878, 0.57803756, 0.58107704, 0.5849284, 0.58547914, 0.5900366, 0.5924103, 0.59747654, 0.5993104, 0.60228276, 0.6049919, 0.6074389, 0.61130077, 0.61443835, 0.6176871, 0.62094986, 0.6252215, 0.6281448, 0.6320304, 0.6366715, 0.64016867, 0.6435466, 0.6459145, 0.6484913, 0.65308094, 0.65656173, 0.6606406, 0.6637803, 0.6682207, 0.6705925, 0.6725865, 0.675356, 0.6779934], "duration": [30318, 26640, 27043, 27153, 27292, 27187, 25181, 27232, 27193, 27269, 26905, 27316, 36367, 27290, 27213, 27269, 27293, 27274, 31819, 27406, 32013, 32076, 27470, 27526, 27514, 27483, 31931, 27424, 27374, 27444, 27376, 27432, 27378, 31910, 27301, 27227, 31788, 27250, 31851, 27210, 31832, 27315, 27252, 31793, 36392, 27194, 31827, 27265, 27264, 31747]}