{"avg": [0.10317462, 0.17595664, 0.14061627, 0.18919286, 0.2387897, 0.16457291, 0.22975975, 0.21401714, 0.23064913, 0.19266312, 0.26736113, 0.20277601, 0.2292276, 0.2281402, 0.25371972, 0.26411104, 0.3237287, 0.3036486, 0.33417, 0.30367908, 0.35089445, 0.31916994, 0.32565546, 0.34893915, 0.36327764, 0.3172823, 0.33594912, 0.38023153, 0.3775111, 0.35526884, 0.40572515, 0.39855808, 0.4064086, 0.39330447, 0.40506107, 0.4269171, 0.44216874, 0.37606016, 0.41201407, 0.4157589, 0.47166872, 0.44848093, 0.44296622, 0.47638276, 0.453815, 0.45906428, 0.4775224, 0.48545736, 0.4576554, 0.48191035], "std": [0.102390185, 0.13977051, 0.17071782, 0.11214984, 0.15466493, 0.110371895, 0.09978555, 0.14836171, 0.09981382, 0.13509747, 0.13872229, 0.14822984, 0.12065561, 0.14241979, 0.11661693, 0.11567879, 0.111304164, 0.12723581, 0.10916225, 0.11836788, 0.08419167, 0.1214711, 0.108758025, 0.10387091, 0.09236993, 0.14560103, 0.108787425, 0.07563311, 0.116983145, 0.12682633, 0.08256138, 0.07826158, 0.09056745, 0.12448977, 0.08479719, 0.080518425, 0.06049437, 0.14188507, 0.14200146, 0.11876625, 0.025963657, 0.06328539, 0.07432094, 0.04411471, 0.09099299, 0.08431954, 0.05403022, 0.081412904, 0.13302469, 0.06424931], "var": [0.96, 0.92, 0.9, 0.88, 0.86, 0.88, 0.88, 0.84, 0.84, 0.84, 0.84, 0.8, 0.76, 0.76, 0.76, 0.72, 0.7, 0.66, 0.62, 0.6, 0.6, 0.6, 0.6, 0.6, 0.6, 0.58, 0.54, 0.56, 0.54, 0.5, 0.5, 0.48, 0.48, 0.48, 0.46, 0.42, 0.42, 0.4, 0.4, 0.36, 0.34, 0.32, 0.28, 0.26, 0.24, 0.22, 0.22, 0.2, 0.16, 0.16], "best": [0.3555556, 0.3963719, 0.5325397, 0.39962855, 0.5361111, 0.3740393, 0.40420985, 0.5399912, 0.40877688, 0.40842673, 0.40740395, 0.4125284, 0.38790548, 0.4107937, 0.41136953, 0.4133196, 0.5360821, 0.41593945, 0.5359484, 0.4183482, 0.42399842, 0.42756665, 0.4292816, 0.43159893, 0.43519878, 0.438366, 0.44083378, 0.44236705, 0.44604272, 0.44847596, 0.45053878, 0.4548443, 0.45763057, 0.4610508, 0.4649264, 0.46928313, 0.47316277, 0.47650138, 0.47876486, 0.4815346, 0.48395967, 0.4871973, 0.49158928, 0.4947279, 0.49858576, 0.5013889, 0.5045795, 0.5082394, 0.5113596, 0.5138207], "duration": [3811, 5678, 3870, 1891, 3916, 1987, 3897, 3856, 3890, 3904, 2099, 3870, 3975, 3861, 2249, 2012, 6153, 3980, 6219, 5858, 2054, 3956, 2029, 5755, 4257, 2064, 2090, 2004, 2055, 3951, 2052, 2048, 2018, 2090, 1999, 2333, 2021, 2365, 1977, 2344, 1948, 2077, 2125, 2389, 2059, 1970, 2752, 1938, 2344, 2056]}