{"avg": [0.12418302, 0.16742463, 0.19683318, 0.19932127, 0.15733151, 0.25088814, 0.26481143, 0.23951118, 0.21431516, 0.2647553, 0.23514901, 0.29089192, 0.2528541, 0.2692602, 0.22760968, 0.2827196, 0.25141913, 0.31007785, 0.26006013, 0.31032503, 0.36506337, 0.3208705, 0.3522061, 0.36401042, 0.3149712, 0.4074297, 0.38794726, 0.38509053, 0.39646983, 0.45002735, 0.38743147, 0.44299427, 0.41176966, 0.43343017, 0.44046372, 0.4895928, 0.42355812, 0.42813015, 0.44725257, 0.5481371, 0.47142473, 0.49004683, 0.52177465, 0.5347372, 0.58120334, 0.5250957, 0.5593472, 0.56875265, 0.549125, 0.54920596], "std": [0.07029715, 0.0903738, 0.117157035, 0.09706373, 0.10914307, 0.12731402, 0.1345393, 0.10146743, 0.090838335, 0.16199213, 0.1365539, 0.12544636, 0.1272096, 0.17155503, 0.13924743, 0.1401529, 0.10604432, 0.17236619, 0.11298824, 0.13977507, 0.108811945, 0.10283523, 0.121152565, 0.13368687, 0.13556702, 0.13172147, 0.1219989, 0.1433125, 0.12897687, 0.10733411, 0.112442896, 0.11598375, 0.11916643, 0.12926775, 0.11046059, 0.10543049, 0.15815035, 0.17180979, 0.13183725, 0.06539124, 0.13284849, 0.15263708, 0.11757447, 0.105871096, 0.043026336, 0.15863073, 0.07025348, 0.072550274, 0.11345337, 0.10844133], "var": [0.98, 0.96, 0.92, 0.92, 0.92, 0.92, 0.9, 0.88, 0.86, 0.82, 0.8, 0.78, 0.76, 0.76, 0.76, 0.74, 0.74, 0.74, 0.72, 0.7, 0.74, 0.72, 0.72, 0.7, 0.7, 0.7, 0.7, 0.7, 0.72, 0.72, 0.74, 0.7, 0.68, 0.64, 0.62, 0.58, 0.6, 0.58, 0.56, 0.52, 0.48, 0.5, 0.48, 0.46, 0.44, 0.42, 0.4, 0.36, 0.36, 0.36], "best": [0.20000002, 0.37236232, 0.394071, 0.3985959, 0.34320223, 0.54285717, 0.53876865, 0.5484057, 0.3946181, 0.55128974, 0.54375565, 0.5550567, 0.40132415, 0.55793655, 0.5587302, 0.5519134, 0.3965969, 0.5529529, 0.39819705, 0.554394, 0.5534142, 0.5579413, 0.557984, 0.5606659, 0.5620524, 0.56120545, 0.5625284, 0.5650359, 0.5662821, 0.5678294, 0.5699981, 0.5709195, 0.57257295, 0.57440853, 0.57655454, 0.5762785, 0.5811756, 0.5833829, 0.5836344, 0.5881016, 0.5919147, 0.5954244, 0.59769124, 0.6002754, 0.6025057, 0.6057165, 0.6086976, 0.61231756, 0.6153987, 0.6182693], "duration": [2219, 3818, 5738, 6038, 5696, 5786, 9559, 3867, 3856, 8548, 7655, 8038, 5743, 7794, 7605, 9621, 9571, 7688, 5764, 7707, 13426, 12230, 9983, 11893, 8121, 9650, 11909, 7817, 7805, 9723, 9694, 13454, 9710, 9693, 13492, 13507, 13468, 13485, 13827, 13503, 13499, 9777, 13836, 9766, 13494, 13497, 13499, 13496, 11564, 13502]}