{"avg": [0.40000004, 0.39988664, 0.4417318, 0.4572256, 0.43261662, 0.45808715, 0.42674142, 0.4203989, 0.48045266, 0.48769373, 0.48938262, 0.48574573, 0.4548453, 0.5070147, 0.49372676, 0.5449095, 0.4715453, 0.5263276, 0.5286062, 0.5455649, 0.5329493, 0.5622747, 0.53686446, 0.5374676, 0.5270976, 0.5855673, 0.50239635, 0.5685299, 0.58596015, 0.5527457, 0.5058733, 0.5915941, 0.57696414, 0.5721791, 0.5429125, 0.5964199, 0.5988561, 0.57811064, 0.5908007, 0.6175632, 0.59756845, 0.5963567, 0.60246795, 0.6247087, 0.62905085, 0.62608373, 0.63374114, 0.6366689, 0.6361351, 0.62045527], "std": [0.14907122, 0.14413226, 0.15053076, 0.15177238, 0.15282097, 0.15019043, 0.15215373, 0.15187722, 0.14724301, 0.14567807, 0.14630522, 0.1460282, 0.15242419, 0.13980836, 0.14444947, 0.1183062, 0.15295693, 0.12927245, 0.13181937, 0.11823645, 0.12694083, 0.10342829, 0.12378106, 0.13145912, 0.1364311, 0.07710299, 0.14978753, 0.10515713, 0.07945016, 0.12111935, 0.14490736, 0.083158374, 0.10274788, 0.10122894, 0.13818775, 0.08067956, 0.07566511, 0.10432738, 0.08245836, 0.017615493, 0.08422852, 0.0843423, 0.08249804, 0.016471459, 0.015900314, 0.02104654, 0.018453173, 0.014808313, 0.016774397, 0.08613176], "var": [0.9866667, 0.97333336, 0.97333336, 0.94666666, 0.94666666, 0.94666666, 0.94666666, 0.93333334, 0.93333334, 0.93333334, 0.93333334, 0.93333334, 0.93333334, 0.9066667, 0.8933333, 0.8933333, 0.88, 0.8666667, 0.8666667, 0.8666667, 0.85333335, 0.84, 0.84, 0.81333333, 0.8, 0.8, 0.7733333, 0.74666667, 0.73333335, 0.72, 0.6933333, 0.6666667, 0.6933333, 0.68, 0.6533333, 0.64, 0.62666667, 0.6, 0.5733333, 0.56, 0.53333336, 0.50666666, 0.49333334, 0.48, 0.46666667, 0.45333335, 0.44, 0.42666668, 0.42666668, 0.41333333], "best": [0.5666667, 0.59841275, 0.602381, 0.5994048, 0.60490626, 0.5922399, 0.6044674, 0.6086957, 0.6066454, 0.6095239, 0.608868, 0.608204, 0.60791254, 0.6099263, 0.6102485, 0.6109816, 0.61101425, 0.61021864, 0.6138863, 0.61519283, 0.6159352, 0.6130613, 0.61415565, 0.61753535, 0.6169114, 0.619564, 0.62036246, 0.6214445, 0.6224783, 0.62326396, 0.6241066, 0.624218, 0.6265294, 0.6287026, 0.63135916, 0.6318859, 0.63461393, 0.6363446, 0.6368461, 0.638465, 0.6384915, 0.63985634, 0.64067954, 0.64210284, 0.6445678, 0.6450962, 0.6465897, 0.6491982, 0.65096694, 0.6537018], "duration": [1350, 1128, 1128, 1160, 1181, 1390, 1158, 1621, 1161, 1114, 1108, 1112, 1154, 1447, 1185, 1194, 1402, 1143, 1168, 1172, 1195, 1206, 1202, 1195, 1209, 1193, 1202, 1225, 1174, 1197, 1204, 1175, 1188, 1179, 1190, 1180, 1193, 1340, 1146, 1185, 1188, 1218, 1194, 1197, 1191, 1190, 1191, 1190, 1191, 1182]}