{"avg": [0.364889, 0.40031755, 0.41048896, 0.4108572, 0.4182595, 0.42882222, 0.43224135, 0.43588793, 0.44414207, 0.4494656, 0.45404676, 0.4624191, 0.47059372, 0.47649434, 0.47993115, 0.48164636, 0.48973164, 0.49340194, 0.50148004, 0.50535756, 0.5127277, 0.52003723, 0.52689815, 0.5272528, 0.52780175, 0.5343083, 0.54078597, 0.54435986, 0.5441442, 0.5463669, 0.5500511, 0.55107003, 0.5523674, 0.55371034, 0.55446947, 0.55552423, 0.5570033, 0.5585281, 0.5593188, 0.56054664, 0.56212157, 0.5636328, 0.5652084, 0.5669197, 0.5683959, 0.56984174, 0.5714645, 0.57423216, 0.5754378, 0.57631266], "std": [0.13034354, 0.12715383, 0.10991099, 0.10987524, 0.106141865, 0.09782203, 0.098682, 0.09270939, 0.09225546, 0.091021225, 0.09032464, 0.088838495, 0.08663902, 0.08320699, 0.082906, 0.08112028, 0.07705405, 0.07586687, 0.07106949, 0.0690639, 0.06326805, 0.057755884, 0.051258482, 0.051855464, 0.051769823, 0.04321115, 0.03167054, 0.024086807, 0.024491774, 0.02438839, 0.0076349815, 0.007440131, 0.007409889, 0.007274204, 0.007395441, 0.0074218786, 0.007362336, 0.007338075, 0.0076688216, 0.0074571907, 0.007284022, 0.006973157, 0.006615567, 0.0062160376, 0.006211396, 0.0059882253, 0.005757944, 0.0073051616, 0.0075857025, 0.005096252], "var": [0.98, 0.94, 0.94, 0.94, 0.92, 0.9, 0.9, 0.88, 0.88, 0.86, 0.82, 0.82, 0.8, 0.78, 0.74, 0.7, 0.7, 0.72, 0.68, 0.68, 0.64, 0.66, 0.68, 0.66, 0.66, 0.66, 0.66, 0.66, 0.64, 0.62, 0.6, 0.58, 0.6, 0.58, 0.54, 0.54, 0.54, 0.54, 0.52, 0.52, 0.48, 0.5, 0.48, 0.48, 0.46, 0.5, 0.48, 0.48, 0.5, 0.48], "best": [0.51111114, 0.54539686, 0.54611117, 0.5461905, 0.54658735, 0.54711115, 0.5474604, 0.54770976, 0.5479564, 0.5482011, 0.54844445, 0.54855704, 0.5486508, 0.54865694, 0.5486622, 0.5487302, 0.54890877, 0.5495705, 0.55015874, 0.55071014, 0.5512302, 0.55172336, 0.5528644, 0.55390614, 0.5548611, 0.5557016, 0.5565507, 0.55740744, 0.55816895, 0.5588944, 0.5596032, 0.5603431, 0.5609921, 0.56183267, 0.5627358, 0.56369615, 0.56563497, 0.56804806, 0.5692941, 0.57047623, 0.57161117, 0.5727952, 0.5739796, 0.57514215, 0.5763709, 0.57765085, 0.57893723, 0.61027694, 0.61222225, 0.582909], "duration": [60841, 63145, 64296, 64374, 65283, 67839, 67357, 68566, 67921, 67272, 67194, 69237, 69136, 67851, 68462, 67834, 66919, 67915, 67771, 68899, 69407, 70804, 72834, 75854, 72724, 74612, 74790, 76630, 75598, 76603, 76809, 76825, 76701, 76722, 76869, 76575, 77747, 76745, 76660, 76695, 76735, 76927, 76869, 76686, 76753, 76838, 76848, 76776, 76696, 76763]}