{"avg": [0.30555558, 0.38611114, 0.4645844, 0.423499, 0.45541155, 0.43123785, 0.43948194, 0.3531454, 0.4333104, 0.45326883, 0.46591464, 0.47754806, 0.48523366, 0.46282333, 0.48977277, 0.46797138, 0.4978125, 0.4523533, 0.49247628, 0.5033875, 0.5393808, 0.5033483, 0.51002175, 0.537193, 0.5455567, 0.5279718, 0.50965357, 0.5669994, 0.54160994, 0.52844876, 0.5590436, 0.5436489, 0.546512, 0.5800398, 0.58227444, 0.5855288, 0.5999288, 0.6084476, 0.6120904, 0.5952879, 0.61276096, 0.60993975, 0.6218702, 0.6191421, 0.6218761, 0.626493, 0.6380916, 0.6408806, 0.6423047, 0.6572835, 0.65062344, 0.6531822, 0.66089994, 0.66225344, 0.6602604, 0.6539407, 0.66637874, 0.66907376, 0.66060764, 0.6789461, 0.6872406, 0.6875654, 0.68999994, 0.6846003, 0.6967777, 0.69680506, 0.69338, 0.7002496, 0.6934274, 0.69669294, 0.7082375, 0.71008307, 0.70295, 0.7049045, 0.71480566, 0.7166926, 0.718419, 0.7203063, 0.7219369, 0.72342706, 0.72516835, 0.72667474, 0.72805285, 0.7297525, 0.7310599, 0.7324218, 0.73350435, 0.73496944, 0.73616123, 0.7372503, 0.73839307, 0.73965925, 0.74089533, 0.7419622, 0.7431449, 0.74416614, 0.74516684, 0.7462126, 0.74710953, 0.7480527], "std": [0.13528663, 0.1447321, 0.08864175, 0.1358271, 0.09576505, 0.1209534, 0.11382368, 0.15499572, 0.14123759, 0.09202161, 0.10944182, 0.09036682, 0.08846475, 0.14289449, 0.08560446, 0.143247, 0.10629747, 0.120827705, 0.09324109, 0.08818779, 0.044046834, 0.11224732, 0.081685744, 0.07044599, 0.06420804, 0.07321814, 0.11182942, 0.01940358, 0.065533035, 0.10642936, 0.061515655, 0.09696936, 0.1067219, 0.022683742, 0.025934603, 0.027740847, 0.023653805, 0.023024201, 0.019713502, 0.031912908, 0.028789634, 0.03439428, 0.029151984, 0.031822737, 0.03638373, 0.035188455, 0.025332652, 0.026687033, 0.032721885, 0.0065784315, 0.023026621, 0.027148413, 0.027030418, 0.02278816, 0.03669, 0.045369063, 0.02718635, 0.029038355, 0.03935464, 0.022325883, 0.0, 0.008062492, 0.007935062, 0.028861977, 1.1920929e-07, 0.008346937, 0.029067792, 0.009443981, 0.03179983, 0.029923901, 1.1920929e-07, 0.0, 0.032195166, 0.0314262, 0.0, 5.9604645e-08, 1.1920929e-07, 1.1920929e-07, 5.9604645e-08, 1.1920929e-07, 1.1920929e-07, 0.0, 1.7881393e-07, 0.0, 1.1920929e-07, 5.9604645e-08, 1.1920929e-07, 1.1920929e-07, 0.0, 0.0, 5.9604645e-08, 5.9604645e-08, 0.0, 5.9604645e-08, 5.9604645e-08, 5.9604645e-08, 0.0, 5.9604645e-08, 1.1920929e-07, 1.1920929e-07], "var": [0.98, 0.98, 0.96, 0.96, 0.92, 0.92, 0.92, 0.92, 0.92, 0.92, 0.92, 0.9, 0.88, 0.86, 0.86, 0.82, 0.8, 0.78, 0.76, 0.72, 0.72, 0.7, 0.66, 0.66, 0.64, 0.6, 0.6, 0.58, 0.54, 0.5, 0.48, 0.46, 0.42, 0.38, 0.34, 0.32, 0.3, 0.3, 0.3, 0.26, 0.22, 0.24, 0.24, 0.2, 0.18, 0.18, 0.14, 0.14, 0.14, 0.14, 0.14, 0.14, 0.12, 0.12, 0.12, 0.08, 0.08, 0.08, 0.08, 0.08, 0.08, 0.08, 0.08, 0.08, 0.08, 0.08, 0.08, 0.08, 0.06, 0.04, 0.04, 0.04, 0.04, 0.02, 0.02, 0.02, 0.02, 0.02, 0.02, 0.02, 0.02, 0.02, 0.02, 0.02, 0.02, 0.02, 0.02, 0.02, 0.02, 0.02, 0.02, 0.02, 0.02, 0.02, 0.02, 0.02, 0.02, 0.02, 0.02, 0.02], "best": [0.51111114, 0.5602183, 0.5510497, 0.5545894, 0.5510627, 0.55215126, 0.5556907, 0.55851567, 0.549948, 0.5573599, 0.55673325, 0.55900866, 0.5535099, 0.55908203, 0.56370854, 0.5676842, 0.5705405, 0.5720954, 0.5728488, 0.57418275, 0.57580113, 0.57549036, 0.5777088, 0.5803511, 0.5840039, 0.588232, 0.5896182, 0.5906079, 0.5936834, 0.59555066, 0.5967133, 0.5998288, 0.60128134, 0.6050111, 0.6080914, 0.6110331, 0.6135514, 0.6198848, 0.6242362, 0.6286102, 0.6304616, 0.6333482, 0.6364187, 0.6401206, 0.6428941, 0.6457044, 0.6489749, 0.65293586, 0.65602356, 0.6591079, 0.6623305, 0.66496193, 0.66787916, 0.6709423, 0.67397845, 0.67619973, 0.678023, 0.6805065, 0.682624, 0.6840681, 0.6872406, 0.68972015, 0.6920487, 0.694459, 0.6967778, 0.69896007, 0.70114857, 0.70297587, 0.70464504, 0.7064997, 0.7082374, 0.71008307, 0.7118794, 0.71330345, 0.71480566, 0.71669257, 0.7184189, 0.72030616, 0.7219368, 0.7234272, 0.72516847, 0.72667474, 0.7280527, 0.7297525, 0.7310598, 0.73242176, 0.7335045, 0.73496956, 0.73616123, 0.7372503, 0.7383931, 0.7396592, 0.74089533, 0.74196213, 0.74314487, 0.7441661, 0.74516684, 0.74621254, 0.74710965, 0.74805284], "duration": [30511, 26836, 27389, 27576, 27425, 28949, 32067, 26749, 27460, 27193, 27456, 27456, 26962, 32027, 27256, 27331, 27257, 27244, 27371, 27186, 27264, 27374, 27253, 27291, 27314, 27239, 27283, 31850, 27343, 27304, 27291, 27255, 31882, 27275, 27303, 27275, 40857, 27284, 31850, 27247, 31882, 27386, 27290, 27216, 27270, 27298, 36530, 27240, 36719, 27293, 27281, 27391, 27293, 27325, 27323, 27338, 27324, 27322, 27345, 31816, 27270, 31839, 27257, 31784, 27261, 31845, 27467, 27217, 27294, 27314, 27224, 27265, 27277, 27269, 27342, 27276, 31887, 31932, 28014, 31976, 27402, 27357, 31974, 27440, 27453, 27431, 27408, 28380, 27434, 27308, 27234, 27357, 27249, 27259, 27284, 27295, 27498, 27295, 27227, 31915]}