{"avg": [0.37380958, 0.3679209, 0.4324339, 0.45372143, 0.40461314, 0.39540523, 0.4965463, 0.46773362, 0.49815252, 0.46828237, 0.47613227, 0.48565218, 0.47860032, 0.5047224, 0.5408432, 0.56488466, 0.5146077, 0.5509878, 0.5647677, 0.58529985, 0.5092302, 0.59570044, 0.53787714, 0.6013185, 0.5773482, 0.5557993, 0.6331975, 0.6089682, 0.61792654, 0.64276737, 0.61794245, 0.6237182, 0.61928576, 0.638022, 0.6678981, 0.6345729, 0.6407868, 0.6237464, 0.67054564, 0.668326, 0.66124094, 0.66304785, 0.68246585, 0.68278766, 0.6744849, 0.7021725, 0.70420676, 0.70963866, 0.7093938, 0.7200471], "std": [0.14374724, 0.12594557, 0.14754164, 0.1510172, 0.14407414, 0.14263244, 0.13927044, 0.1508672, 0.1430415, 0.14998993, 0.15060149, 0.15102835, 0.15222354, 0.14577717, 0.12936921, 0.11102606, 0.14456032, 0.13057746, 0.1080226, 0.098232046, 0.14831874, 0.083430655, 0.14027508, 0.08165507, 0.11300211, 0.13855608, 0.01341914, 0.08790652, 0.083301745, 0.019023333, 0.088363655, 0.08559181, 0.08878396, 0.08907254, 0.0081060855, 0.09364348, 0.09579963, 0.1150805, 0.021521864, 0.027859593, 0.09551756, 0.090513535, 0.025197893, 0.033491045, 0.105201885, 0.018431483, 0.02066534, 0.020000415, 0.033892997, 0.008005987], "var": [1.0, 0.96, 0.92, 0.88, 0.86, 0.84, 0.82, 0.78, 0.78, 0.74, 0.76, 0.74, 0.72, 0.7, 0.66, 0.62, 0.58, 0.58, 0.56, 0.54, 0.5, 0.48, 0.46, 0.48, 0.46, 0.42, 0.42, 0.42, 0.4, 0.36, 0.36, 0.36, 0.32, 0.32, 0.3, 0.26, 0.24, 0.22, 0.2, 0.18, 0.18, 0.18, 0.16, 0.16, 0.14, 0.14, 0.12, 0.1, 0.1, 0.08], "best": [0.5666667, 0.5921769, 0.6007937, 0.6031747, 0.5980159, 0.6008146, 0.6064365, 0.610018, 0.61135834, 0.6108844, 0.6113482, 0.6140073, 0.61713254, 0.6186686, 0.62167114, 0.6239131, 0.62648326, 0.62838835, 0.6314043, 0.6323283, 0.63013303, 0.6364736, 0.6380953, 0.6400513, 0.6428184, 0.64381456, 0.6460718, 0.6501156, 0.6525152, 0.6570139, 0.6608107, 0.6633677, 0.66600317, 0.66767967, 0.6723186, 0.67731625, 0.6803268, 0.683769, 0.68624616, 0.68907005, 0.6917544, 0.6957394, 0.6994094, 0.7023918, 0.70519805, 0.7085246, 0.7124832, 0.7163781, 0.7202126, 0.7231696], "duration": [1373, 1347, 1391, 1311, 1308, 1364, 1302, 1300, 1378, 1362, 1305, 1326, 1525, 1358, 1334, 1383, 1358, 1346, 1366, 1545, 1301, 1289, 1310, 1268, 1296, 1282, 1310, 1358, 1540, 1366, 1371, 1361, 1310, 1309, 1339, 1312, 1357, 1800, 1322, 1317, 1430, 1310, 1313, 1317, 1422, 1361, 1349, 1828, 1310, 1268]}