{"avg": [0.15740742, 0.21588774, 0.19877064, 0.16056812, 0.15997212, 0.19103839, 0.17926589, 0.19220355, 0.18695366, 0.21219073, 0.23567745, 0.19011247, 0.1952009, 0.19582768, 0.21354069, 0.205226, 0.21649979, 0.22108172, 0.21500897, 0.21746805, 0.19773707, 0.21214771, 0.25363985, 0.22604537, 0.26123014, 0.20970951, 0.22362238, 0.25209674, 0.22581689, 0.24962278, 0.26695296, 0.25519797, 0.22090894, 0.23557377, 0.26249585, 0.26098815, 0.27039486, 0.23156507, 0.2173913, 0.24456008, 0.2523572, 0.25823563, 0.24866457, 0.27077714, 0.25525764, 0.27644873, 0.26965693, 0.2702714, 0.22878774, 0.2816749], "std": [0.07231713, 0.061941527, 0.084469676, 0.05319742, 0.07848574, 0.088462844, 0.08132238, 0.09839615, 0.088316195, 0.069741406, 0.0976119, 0.084156916, 0.08199609, 0.09521538, 0.070075214, 0.07753542, 0.09230642, 0.09118985, 0.09654029, 0.07652746, 0.06913641, 0.07938963, 0.07179879, 0.08238014, 0.07469769, 0.08282, 0.06644522, 0.08131022, 0.06465957, 0.071302615, 0.061915312, 0.08004085, 0.07240419, 0.05046252, 0.078833535, 0.08626781, 0.070810415, 0.068933226, 0.091122456, 0.07468078, 0.07767862, 0.07988693, 0.07944881, 0.07954278, 0.0727636, 0.058358163, 0.08196582, 0.06841971, 0.07955196, 0.06457906], "var": [0.984, 0.968, 0.952, 0.936, 0.928, 0.92, 0.92, 0.912, 0.912, 0.92, 0.912, 0.896, 0.888, 0.88, 0.88, 0.864, 0.864, 0.856, 0.84, 0.824, 0.808, 0.808, 0.8, 0.808, 0.808, 0.808, 0.816, 0.808, 0.808, 0.816, 0.824, 0.808, 0.792, 0.8, 0.784, 0.768, 0.76, 0.76, 0.76, 0.76, 0.752, 0.752, 0.752, 0.744, 0.744, 0.736, 0.736, 0.744, 0.728, 0.72], "best": [0.2777778, 0.344709, 0.31402117, 0.30113807, 0.3800265, 0.3026455, 0.3061845, 0.31796774, 0.3193788, 0.3057082, 0.4356009, 0.3191806, 0.3813111, 0.38223502, 0.32040724, 0.37546068, 0.3559395, 0.35657403, 0.30954942, 0.32124355, 0.3045722, 0.31455544, 0.37772727, 0.3234278, 0.38363123, 0.32577142, 0.3489878, 0.3729641, 0.3264672, 0.35217616, 0.359189, 0.36443424, 0.31905344, 0.3104633, 0.35954827, 0.38419834, 0.38508558, 0.32917327, 0.33813915, 0.38582617, 0.38625735, 0.36315468, 0.38695896, 0.38360873, 0.3289825, 0.38749745, 0.41990468, 0.35793948, 0.3841906, 0.42042005], "duration": [7661, 5373, 3272, 3478, 5239, 5401, 5635, 7526, 3780, 7985, 7303, 7489, 5569, 7848, 7358, 7319, 5387, 7520, 3242, 9036, 3211, 7495, 7406, 7407, 8833, 3364, 7343, 3909, 5302, 9268, 3729, 7201, 9542, 5355, 5264, 10969, 9881, 7276, 9155, 5536, 9216, 5252, 5328, 7308, 2789, 5735, 3217, 7577, 5149, 5256]}