{"avg": [0.4051282, 0.3964663, 0.44503972, 0.4658237, 0.4131614, 0.45312646, 0.45417446, 0.49159384, 0.50822115, 0.4850941, 0.59979045, 0.5626916, 0.54426694, 0.45637858, 0.5218244, 0.5203498, 0.5157384, 0.5608202, 0.5456665, 0.5691973, 0.5272152, 0.6061726, 0.5885734, 0.59365666, 0.6155486, 0.5924624, 0.6119779, 0.60244817, 0.62036103, 0.622124, 0.6041457, 0.6034762, 0.60626787, 0.6130735, 0.6326985, 0.6361259, 0.64002043, 0.6402761, 0.6379599, 0.6478376, 0.6460451, 0.64771587, 0.63097864, 0.6587772, 0.6563573, 0.63208145, 0.66574085, 0.6596819, 0.6688127, 0.671923], "std": [0.14955558, 0.14988421, 0.14940506, 0.14823455, 0.14744973, 0.14861095, 0.14977425, 0.145478, 0.13881798, 0.14459832, 0.006759745, 0.10259337, 0.11926702, 0.15212254, 0.13638917, 0.13481404, 0.13931623, 0.107776925, 0.12647091, 0.1017379, 0.1333575, 0.010303227, 0.07664119, 0.07809106, 0.007867601, 0.07303945, 0.011176048, 0.0780803, 0.011559726, 0.011007351, 0.07888634, 0.0766567, 0.0822703, 0.07821772, 0.013407866, 0.011752884, 0.010569975, 0.013844639, 0.01792344, 0.0063873935, 0.0163777, 0.0148717025, 0.08927426, 0.0038702039, 0.015257004, 0.09064534, 0.0045293905, 0.02009001, 0.009556375, 0.0057248143], "var": [0.98, 0.94, 0.92, 0.9, 0.9, 0.9, 0.9, 0.9, 0.88, 0.92, 0.94, 0.94, 0.92, 0.92, 0.92, 0.9, 0.9, 0.88, 0.86, 0.84, 0.82, 0.82, 0.8, 0.82, 0.82, 0.78, 0.78, 0.76, 0.74, 0.7, 0.7, 0.7, 0.66, 0.62, 0.6, 0.6, 0.6, 0.58, 0.54, 0.52, 0.56, 0.54, 0.54, 0.54, 0.54, 0.5, 0.5, 0.5, 0.48, 0.48], "best": [0.5666667, 0.6179488, 0.61349213, 0.60962737, 0.6087302, 0.607265, 0.60962206, 0.61024666, 0.6110734, 0.60745925, 0.61218935, 0.6155173, 0.61704266, 0.6029589, 0.6167637, 0.6163035, 0.612104, 0.61841875, 0.6198328, 0.6189829, 0.621176, 0.6220257, 0.6189213, 0.62195325, 0.6249679, 0.6260055, 0.6273426, 0.6272418, 0.63126916, 0.6338285, 0.6360049, 0.6379967, 0.6390477, 0.64054084, 0.6432771, 0.6453813, 0.6477705, 0.6506331, 0.6527473, 0.65452504, 0.6576342, 0.6597704, 0.6612925, 0.6637715, 0.66624635, 0.668254, 0.6701059, 0.6724148, 0.67537475, 0.6784599], "duration": [1218, 1195, 1197, 1214, 1298, 1321, 1173, 1177, 1127, 1134, 1132, 1139, 1169, 1360, 1189, 1172, 1108, 1114, 1285, 1161, 1175, 1220, 1239, 1164, 1171, 1179, 1186, 1166, 1183, 1215, 1168, 1186, 1183, 1398, 1189, 1202, 1385, 1206, 1195, 1471, 1196, 1174, 1196, 1202, 1172, 1192, 1191, 1395, 1191, 1196]}