{"avg": [0.39791667, 0.46369055, 0.4870011, 0.45098615, 0.44295636, 0.4126443, 0.42447227, 0.43419352, 0.4436421, 0.4351833, 0.4674762, 0.49447975, 0.49993137, 0.50045, 0.5406244, 0.5212755, 0.51274544, 0.5440323, 0.5107587, 0.5766138, 0.55925936, 0.5586267, 0.5168332, 0.53450733, 0.54487824, 0.5489775, 0.5686468, 0.5473029, 0.5203566, 0.5289389, 0.58483946, 0.5805675, 0.5673728, 0.5479547, 0.58683485, 0.5877618, 0.5878359, 0.58751917, 0.5723913, 0.60727423, 0.59078485, 0.61317647, 0.5942848, 0.5954526, 0.6141964, 0.59495676, 0.6215434, 0.61973375, 0.5745328, 0.61663854], "std": [0.14882351, 0.15104538, 0.1458146, 0.15311927, 0.15478742, 0.14984928, 0.15228243, 0.15231434, 0.15205096, 0.15163781, 0.15030305, 0.14412911, 0.13905993, 0.14091066, 0.118239805, 0.13181387, 0.13719676, 0.11625913, 0.13849406, 0.07570667, 0.10460598, 0.10855509, 0.13729408, 0.12801725, 0.117086016, 0.118264586, 0.096757516, 0.12169933, 0.13719755, 0.13055551, 0.07593621, 0.08220292, 0.09918557, 0.1205327, 0.07269528, 0.072939254, 0.07616145, 0.07534409, 0.10240933, 0.00952166, 0.074640036, 0.008729309, 0.07534222, 0.08037839, 0.011203599, 0.08083351, 0.01024283, 0.010798844, 0.1069096, 0.012649165], "var": [1.0, 0.9866667, 0.9866667, 0.97333336, 0.96, 0.94666666, 0.93333334, 0.9066667, 0.8933333, 0.88, 0.88, 0.88, 0.8666667, 0.85333335, 0.82666665, 0.81333333, 0.8, 0.81333333, 0.8, 0.8, 0.7866667, 0.8, 0.7866667, 0.76, 0.74666667, 0.73333335, 0.73333335, 0.74666667, 0.76, 0.7733333, 0.76, 0.76, 0.76, 0.73333335, 0.73333335, 0.74666667, 0.73333335, 0.73333335, 0.70666665, 0.6933333, 0.6933333, 0.6666667, 0.64, 0.64, 0.6533333, 0.6533333, 0.62666667, 0.61333334, 0.6, 0.58666664], "best": [0.5666667, 0.61577386, 0.6068453, 0.6031099, 0.602381, 0.60383284, 0.6025037, 0.59995794, 0.6007327, 0.6043651, 0.601124, 0.600926, 0.6004885, 0.6015347, 0.6021188, 0.6046836, 0.60490906, 0.6056903, 0.6044866, 0.6019653, 0.60692644, 0.6075915, 0.6095106, 0.61087537, 0.6051839, 0.6105872, 0.6121768, 0.6111964, 0.6133601, 0.61249256, 0.61346805, 0.6145653, 0.6152854, 0.6150339, 0.6156964, 0.616899, 0.6176296, 0.6189143, 0.61994195, 0.6212054, 0.62189615, 0.62332916, 0.62479097, 0.6257858, 0.62752795, 0.6289973, 0.6301588, 0.6327768, 0.6347632, 0.6354531], "duration": [1113, 1088, 1284, 1257, 1095, 1077, 1084, 1087, 1085, 1087, 1267, 1084, 1090, 1094, 1268, 1093, 1272, 1087, 1452, 1106, 1109, 1106, 1097, 1107, 1090, 1089, 1273, 1091, 1086, 1092, 1100, 1094, 1135, 1089, 1102, 1101, 1090, 1094, 1085, 1095, 1090, 1090, 1088, 1088, 1102, 1091, 1096, 1270, 1090, 1093]}