{"avg": [0.37380958, 0.3857143, 0.42205217, 0.39007938, 0.40653256, 0.41578838, 0.43261033, 0.44517332, 0.45267794, 0.4757327, 0.40190586, 0.45670116, 0.4251069, 0.41951543, 0.42653126, 0.48491853, 0.46738014, 0.45894623, 0.51558805, 0.5038906, 0.5302895, 0.5193338, 0.5049788, 0.5430877, 0.5293705, 0.55966455, 0.52371687, 0.5618277, 0.54688025, 0.56512433, 0.5890088, 0.6089361, 0.54806507, 0.57686466, 0.59128284, 0.552392, 0.56634927, 0.5927436, 0.59913313, 0.6018879, 0.6004279, 0.6020798, 0.60299796, 0.59910583, 0.5973344, 0.608592, 0.6050613, 0.6064676, 0.60595655, 0.62313604], "std": [0.14374724, 0.13473937, 0.14688888, 0.14225283, 0.14354369, 0.14722821, 0.14666708, 0.1521354, 0.15126528, 0.14849421, 0.1444941, 0.14982508, 0.15030512, 0.14843859, 0.15149814, 0.14609842, 0.15075496, 0.15038776, 0.13719717, 0.1410012, 0.13039514, 0.1354536, 0.1421886, 0.11787433, 0.13340412, 0.10543989, 0.13786227, 0.10343722, 0.122064255, 0.109454624, 0.07823637, 0.009298435, 0.12828809, 0.09585489, 0.07624341, 0.12796582, 0.106443174, 0.08552027, 0.077724844, 0.0784899, 0.078559294, 0.081498675, 0.0727326, 0.07851199, 0.088530414, 0.08267947, 0.07924279, 0.07946536, 0.08760248, 0.015735747], "var": [1.0, 1.0, 1.0, 1.0, 1.0, 0.98, 0.98, 0.98, 0.98, 0.98, 0.98, 0.98, 0.96, 0.96, 0.96, 0.96, 0.96, 0.96, 0.96, 0.96, 0.96, 0.96, 0.94, 0.94, 0.94, 0.96, 0.96, 0.96, 0.96, 0.96, 0.94, 0.9, 0.86, 0.86, 0.86, 0.86, 0.82, 0.8, 0.8, 0.8, 0.8, 0.8, 0.8, 0.8, 0.8, 0.8, 0.78, 0.78, 0.76, 0.76], "best": [0.5666667, 0.5921769, 0.60158736, 0.598052, 0.59612596, 0.6019048, 0.5968255, 0.6022676, 0.60368156, 0.60255355, 0.6075942, 0.60700285, 0.60608906, 0.59941995, 0.605385, 0.60517603, 0.60722035, 0.6068682, 0.6075703, 0.60913116, 0.60924464, 0.61259556, 0.61309177, 0.6133468, 0.6144141, 0.6157008, 0.6178483, 0.61823493, 0.6174346, 0.62014496, 0.6232724, 0.62371975, 0.6267689, 0.62724304, 0.62862563, 0.6299983, 0.63166374, 0.6323296, 0.63351184, 0.63485754, 0.6379414, 0.6397451, 0.6412821, 0.64272195, 0.6364616, 0.64420116, 0.64647704, 0.64410484, 0.64776593, 0.64642864], "duration": [1414, 1264, 1209, 1244, 1275, 1293, 1310, 1281, 1457, 1269, 1490, 1273, 1253, 1300, 1334, 1316, 1297, 1276, 1442, 1264, 1574, 1286, 1274, 1278, 1570, 1251, 1546, 1320, 1226, 1265, 1288, 1520, 1319, 1711, 1506, 1529, 1239, 1324, 1550, 1248, 1347, 1319, 1405, 1130, 1137, 1139, 1217, 1276, 1297, 1330]}