{"avg": [0.16319445, 0.17326389, 0.16965349, 0.17390813, 0.21496268, 0.20163679, 0.24793728, 0.22129332, 0.23130263, 0.23981088, 0.23478138, 0.26713464, 0.24405755, 0.2861028, 0.27069363, 0.3010338, 0.294489, 0.2831735, 0.28708938, 0.3053513, 0.3074045, 0.30015373, 0.30176842, 0.32728583, 0.3449764, 0.35194826, 0.32879758, 0.3397039, 0.3500602, 0.3762463, 0.3726154, 0.38124716, 0.40693697, 0.39070782, 0.38479257, 0.37936717, 0.4156344, 0.41323772, 0.37067366, 0.4172462, 0.4207492, 0.4264788, 0.45936158, 0.46005663, 0.44373637, 0.45797428, 0.47357616, 0.46691287, 0.47464943, 0.49722433], "std": [0.090328515, 0.071481, 0.057398725, 0.07605519, 0.08222709, 0.05853471, 0.07331311, 0.08427197, 0.08643637, 0.07987537, 0.09051107, 0.09285751, 0.08119416, 0.08821579, 0.09109557, 0.06849944, 0.10207114, 0.0658862, 0.09054289, 0.083112605, 0.08850441, 0.096323706, 0.08163463, 0.086760245, 0.08177738, 0.07651746, 0.06977233, 0.088928446, 0.07959455, 0.09444873, 0.064238794, 0.070916414, 0.056519132, 0.099677496, 0.08189538, 0.084483735, 0.08200296, 0.06636759, 0.079517454, 0.08791923, 0.08440971, 0.0751003, 0.046668187, 0.058399, 0.08681013, 0.065037735, 0.06070823, 0.085121416, 0.04242329, 0.037874628], "var": [1.0, 1.0, 0.98, 0.98, 0.98, 0.96, 0.96, 0.96, 0.96, 0.96, 0.94, 0.94, 0.92, 0.92, 0.92, 0.92, 0.9, 0.88, 0.88, 0.86, 0.84, 0.84, 0.82, 0.8, 0.8, 0.78, 0.76, 0.74, 0.72, 0.7, 0.72, 0.72, 0.72, 0.68, 0.68, 0.68, 0.64, 0.64, 0.64, 0.62, 0.58, 0.56, 0.52, 0.52, 0.5, 0.46, 0.42, 0.4, 0.4, 0.4], "best": [0.3777778, 0.32093257, 0.3134921, 0.40572813, 0.40952384, 0.31117296, 0.4106453, 0.38347766, 0.41405898, 0.38527527, 0.41364473, 0.41487637, 0.4167045, 0.41859415, 0.42083064, 0.4228531, 0.4239908, 0.4251323, 0.4264791, 0.42681128, 0.42756137, 0.4289719, 0.43064997, 0.4317243, 0.50692415, 0.50875217, 0.43606812, 0.4368607, 0.43793938, 0.5162034, 0.44255733, 0.5199452, 0.5215708, 0.5232084, 0.5246898, 0.5260587, 0.52714807, 0.52937704, 0.45799464, 0.53377604, 0.5382255, 0.5372704, 0.5353648, 0.5404716, 0.53804576, 0.54453665, 0.546997, 0.54827744, 0.54557765, 0.5570388], "duration": [4012, 4434, 5472, 5915, 8185, 3887, 3927, 5835, 3941, 7848, 7778, 5974, 7814, 7845, 6878, 8896, 5915, 4064, 9735, 9742, 5904, 9727, 5943, 11199, 9705, 8169, 11704, 9780, 6126, 12362, 5909, 7783, 7828, 9791, 7892, 7844, 7799, 8183, 6210, 9995, 8013, 9766, 11659, 9736, 9732, 10122, 9723, 11414, 9769, 7769]}