{"avg": [0.15555556, 0.20371695, 0.18648875, 0.20472817, 0.20431784, 0.21200775, 0.1829407, 0.2033574, 0.23632936, 0.22420213, 0.24328612, 0.24718465, 0.23163085, 0.24491802, 0.26782826, 0.25028527, 0.28689468, 0.2916997, 0.23492992, 0.2805667, 0.24243292, 0.26779643, 0.30266145, 0.29728276, 0.30923644, 0.2832031, 0.30682674, 0.31660312, 0.32767242, 0.30439118, 0.31945717, 0.32108915, 0.3275814, 0.34076497, 0.34707758, 0.33579546, 0.3328175, 0.33422756, 0.33919296, 0.35628718, 0.3516168, 0.36146596, 0.36797827, 0.3585744, 0.3652955, 0.3575645, 0.3634839, 0.3896704, 0.38846934, 0.37177405], "std": [0.07071068, 0.08694791, 0.07541418, 0.08044489, 0.09751045, 0.08831732, 0.07801345, 0.09847869, 0.07685892, 0.073229045, 0.09354544, 0.051843975, 0.05869611, 0.07211137, 0.07626161, 0.07608178, 0.062346842, 0.052569587, 0.090970494, 0.093575634, 0.063305594, 0.072597764, 0.049215082, 0.089443155, 0.04451365, 0.101363815, 0.049749047, 0.060980745, 0.046652723, 0.0550982, 0.053137213, 0.051414866, 0.0511064, 0.057036888, 0.042109188, 0.04873048, 0.052326065, 0.04043563, 0.053570494, 0.059955724, 0.055005442, 0.030407295, 0.04728261, 0.034279894, 0.06470189, 0.05550662, 0.04768362, 0.053475764, 0.04303684, 0.060919672], "var": [0.98, 0.96, 0.94, 0.9, 0.9, 0.88, 0.88, 0.86, 0.86, 0.86, 0.86, 0.84, 0.84, 0.84, 0.82, 0.82, 0.8, 0.8, 0.76, 0.76, 0.76, 0.74, 0.7, 0.72, 0.7, 0.7, 0.68, 0.66, 0.64, 0.6, 0.6, 0.64, 0.66, 0.68, 0.68, 0.7, 0.66, 0.66, 0.66, 0.62, 0.58, 0.56, 0.52, 0.52, 0.5, 0.52, 0.54, 0.52, 0.5, 0.5], "best": [0.2777778, 0.3896826, 0.30926782, 0.40108076, 0.3150416, 0.40339565, 0.31495407, 0.40461764, 0.4057778, 0.40699092, 0.40765345, 0.31595656, 0.3104199, 0.31813493, 0.406017, 0.3199103, 0.39889866, 0.40660468, 0.3254825, 0.40366054, 0.32885307, 0.4070694, 0.32567778, 0.40236753, 0.41009754, 0.41241324, 0.41395408, 0.41559204, 0.41810328, 0.40905082, 0.4213879, 0.42049065, 0.41375667, 0.4254214, 0.4284528, 0.4278916, 0.43093145, 0.410973, 0.43314385, 0.43521556, 0.43769097, 0.4398384, 0.44267923, 0.44508356, 0.44663972, 0.44877648, 0.44797927, 0.45199686, 0.4541419, 0.45638877], "duration": [4032, 7842, 3992, 6199, 7952, 4002, 2423, 2099, 4086, 4232, 5939, 11753, 4049, 7849, 7899, 8575, 12035, 11697, 7884, 11683, 4031, 7812, 11698, 12042, 7871, 8148, 9788, 12338, 7869, 6475, 7816, 12393, 9779, 12324, 9824, 9783, 8166, 6248, 11695, 9778, 7859, 8198, 13979, 5906, 13175, 8175, 8726, 13610, 9790, 13802]}