{"avg": [0.4729167, 0.4792064, 0.47718382, 0.45902216, 0.4395101, 0.51424396, 0.4746471, 0.4970657, 0.5440403, 0.50550276, 0.5229257, 0.54668903, 0.5665228, 0.58383346, 0.53559077, 0.5332732, 0.5710742, 0.5714757, 0.5403937, 0.61021143, 0.6138403, 0.61513233, 0.57123643, 0.59296376, 0.5767142, 0.6079274, 0.6269274, 0.583057, 0.60097694, 0.62997454, 0.6074943, 0.63296366, 0.63951695, 0.63542366, 0.6197633, 0.64145756, 0.6493357, 0.64416397, 0.64294666, 0.65696883, 0.65922314, 0.64137375, 0.66239256, 0.6370887, 0.6603129, 0.6457142, 0.6717704, 0.64737314, 0.6729146, 0.6807055], "std": [0.13905373, 0.15350837, 0.15072422, 0.15405701, 0.15474007, 0.13780469, 0.15087092, 0.14663772, 0.119552754, 0.14421184, 0.13993967, 0.12164744, 0.10558069, 0.08223317, 0.13658065, 0.13688369, 0.10388981, 0.10196073, 0.13443363, 0.011341029, 0.009451423, 0.010079122, 0.117586285, 0.08390375, 0.107389174, 0.07239919, 0.0077060126, 0.116149925, 0.08705894, 0.012363158, 0.084877074, 0.015406099, 0.013221315, 0.016751053, 0.08630904, 0.01994584, 0.013185188, 0.01970704, 0.016772384, 0.010252045, 0.011324144, 0.08811125, 0.01451235, 0.10037767, 0.024563521, 0.088675, 0.0185088, 0.09666976, 0.021867147, 0.0142700365], "var": [0.98, 0.98, 0.96, 0.96, 0.92, 0.92, 0.9, 0.86, 0.86, 0.86, 0.82, 0.78, 0.74, 0.76, 0.76, 0.74, 0.72, 0.7, 0.68, 0.66, 0.64, 0.64, 0.64, 0.66, 0.64, 0.64, 0.64, 0.6, 0.62, 0.58, 0.58, 0.56, 0.54, 0.54, 0.54, 0.52, 0.5, 0.46, 0.46, 0.46, 0.46, 0.46, 0.46, 0.44, 0.4, 0.38, 0.36, 0.34, 0.34, 0.32], "best": [0.5666667, 0.62470245, 0.6227343, 0.60962737, 0.6138822, 0.6155389, 0.61504567, 0.6164701, 0.61526966, 0.6181092, 0.6208217, 0.62264746, 0.62334377, 0.62476194, 0.6256922, 0.6275481, 0.627794, 0.62391865, 0.6288787, 0.6291166, 0.6305885, 0.6311689, 0.63305736, 0.6352435, 0.6359308, 0.63717955, 0.63867605, 0.6424548, 0.6423605, 0.64509195, 0.6453942, 0.6489755, 0.65190953, 0.6502758, 0.65673274, 0.65952384, 0.65861785, 0.6646552, 0.66270113, 0.6677111, 0.6709138, 0.6732904, 0.67610383, 0.6786244, 0.6803157, 0.6822598, 0.68462455, 0.6871358, 0.68907046, 0.69127095], "duration": [1299, 1089, 1095, 1083, 1083, 1104, 1081, 1085, 1092, 1084, 1088, 1087, 1086, 1101, 1094, 1096, 1091, 1270, 1086, 1090, 1275, 1096, 1087, 1129, 1274, 1275, 1091, 1097, 1099, 1097, 1119, 1085, 1086, 1263, 1089, 1090, 1085, 1309, 1088, 1272, 1101, 1094, 1092, 1099, 1092, 1091, 1256, 1078, 1088, 1098]}