{"avg": [0.37466675, 0.39500648, 0.39311755, 0.38535878, 0.38570318, 0.38919806, 0.38736194, 0.38764945, 0.38391635, 0.3840593, 0.38014325, 0.37702027, 0.38032547, 0.3763864, 0.37231132, 0.36848897, 0.36567542, 0.35807964, 0.3583799, 0.35915688, 0.35532668, 0.35856557, 0.35069203, 0.34824523, 0.34883976, 0.33732545, 0.341527, 0.34474644, 0.34112483, 0.341315, 0.33441627, 0.341529, 0.33096322, 0.3245276, 0.32225367, 0.3151919, 0.31670526, 0.30974397, 0.3064247, 0.29974213, 0.29970807, 0.29707402, 0.29411477, 0.2996226, 0.29167336, 0.30192786, 0.29250115, 0.29095542, 0.27592584, 0.2720737], "std": [0.1286596, 0.12722799, 0.12530737, 0.12698212, 0.12700914, 0.12897804, 0.12945217, 0.12950402, 0.13265389, 0.1325193, 0.13067736, 0.12870982, 0.13065813, 0.12864314, 0.12661809, 0.12424662, 0.12689795, 0.1266425, 0.12649064, 0.13122909, 0.12852381, 0.13093154, 0.13042511, 0.13244219, 0.13244693, 0.13804261, 0.1408155, 0.14329946, 0.14065251, 0.14067616, 0.13955636, 0.1408837, 0.1459416, 0.13997675, 0.13713291, 0.13412471, 0.13451794, 0.13217396, 0.12814218, 0.13500348, 0.1351102, 0.13570097, 0.13607544, 0.1367243, 0.14213704, 0.13551192, 0.13844962, 0.14192632, 0.15152726, 0.14703952], "var": [0.98, 0.96, 0.96, 0.94, 0.94, 0.92, 0.9, 0.92, 0.94, 0.92, 0.9, 0.9, 0.9, 0.88, 0.84, 0.8, 0.76, 0.76, 0.74, 0.72, 0.7, 0.7, 0.68, 0.66, 0.66, 0.68, 0.68, 0.7, 0.68, 0.68, 0.66, 0.64, 0.64, 0.64, 0.64, 0.62, 0.62, 0.6, 0.58, 0.6, 0.62, 0.6, 0.62, 0.62, 0.66, 0.62, 0.64, 0.66, 0.66, 0.68], "best": [0.51111114, 0.5425397, 0.543254, 0.54380953, 0.5437302, 0.5436826, 0.5446032, 0.54560095, 0.5463492, 0.54714286, 0.54611117, 0.5462627, 0.54607147, 0.5458364, 0.54560095, 0.54542863, 0.5456945, 0.54590106, 0.5460053, 0.5460986, 0.5460873, 0.5462132, 0.5461761, 0.5461629, 0.5461508, 0.54627305, 0.5463859, 0.5464903, 0.54658735, 0.5468747, 0.54717463, 0.54745525, 0.54768854, 0.5478355, 0.5480859, 0.542703, 0.5426323, 0.54252684, 0.542452, 0.54235655, 0.5422659, 0.54222614, 0.5421769, 0.5421521, 0.54212844, 0.54209524, 0.54206353, 0.542023, 0.54210323, 0.5419469], "duration": [59301, 58561, 57223, 57208, 57298, 57965, 59123, 57961, 58299, 58255, 57887, 57487, 58311, 58086, 58480, 58290, 58011, 58313, 57163, 56092, 56034, 57332, 57075, 56845, 56415, 55406, 56007, 56364, 55831, 56392, 56143, 55830, 55137, 54933, 53827, 52549, 51832, 51460, 50946, 50023, 49853, 49351, 49365, 48733, 47274, 49669, 47041, 48002, 45893, 45491]}