{"avg": [0.12539683, 0.15952381, 0.24325983, 0.22304752, 0.2012346, 0.1747526, 0.2123954, 0.25493094, 0.23740147, 0.23478839, 0.26454058, 0.19021054, 0.259619, 0.2989221, 0.26660338, 0.28010586, 0.27199882, 0.31316006, 0.33482257, 0.30811867, 0.38105384, 0.2429736, 0.32244295, 0.40590134, 0.34700918, 0.43539754, 0.43868378, 0.45473623, 0.39968956, 0.45852363, 0.4268042, 0.5226433, 0.50134987, 0.5544323, 0.4899532, 0.4767548, 0.5745478, 0.5394067, 0.50280994, 0.52951777, 0.5390298, 0.54855734, 0.5154114, 0.543692, 0.5798517, 0.62733704, 0.5593747, 0.5869549, 0.59975255, 0.5837171], "std": [0.06645848, 0.082020655, 0.14041644, 0.13824186, 0.14369506, 0.092681535, 0.10866604, 0.14225483, 0.11720292, 0.15066536, 0.14488418, 0.16963188, 0.16576533, 0.14599982, 0.12505473, 0.18473431, 0.1517258, 0.19367675, 0.17073338, 0.16036773, 0.19144632, 0.16302067, 0.18044826, 0.17363499, 0.19250774, 0.15662546, 0.16364236, 0.15982005, 0.20196573, 0.16504857, 0.17049894, 0.13612957, 0.11141625, 0.06851442, 0.18016952, 0.18444903, 0.090471596, 0.15400806, 0.1847658, 0.13418218, 0.16973026, 0.1183733, 0.15426828, 0.15620525, 0.16018529, 0.039058633, 0.14608991, 0.11326696, 0.08056938, 0.1224473], "var": [0.98, 0.96, 0.92, 0.92, 0.88, 0.88, 0.84, 0.82, 0.82, 0.8, 0.76, 0.72, 0.68, 0.68, 0.68, 0.68, 0.66, 0.66, 0.68, 0.66, 0.64, 0.62, 0.6, 0.62, 0.58, 0.58, 0.56, 0.54, 0.52, 0.52, 0.5, 0.48, 0.46, 0.42, 0.4, 0.4, 0.4, 0.38, 0.34, 0.32, 0.3, 0.26, 0.24, 0.22, 0.2, 0.2, 0.18, 0.16, 0.14, 0.14], "best": [0.20000002, 0.25102043, 0.5349207, 0.54267263, 0.5499583, 0.37809527, 0.552519, 0.5527778, 0.5347317, 0.5522676, 0.55300385, 0.53895617, 0.5555227, 0.55792505, 0.5593766, 0.5592325, 0.56109226, 0.56041193, 0.56280947, 0.56474113, 0.5658287, 0.56858, 0.56934243, 0.56995004, 0.5732665, 0.5755476, 0.5790554, 0.5816994, 0.5845373, 0.58665556, 0.590409, 0.59312713, 0.59765685, 0.6010276, 0.60362434, 0.60756356, 0.6104717, 0.61461306, 0.6187334, 0.6209862, 0.6244826, 0.62774813, 0.63135284, 0.6337071, 0.6367976, 0.6404649, 0.64475703, 0.648097, 0.6514888, 0.6553962], "duration": [2150, 1914, 6470, 7753, 5739, 2012, 3836, 11859, 4014, 7684, 8409, 5819, 7699, 7799, 10357, 7855, 5833, 13494, 11895, 9670, 9653, 7754, 13825, 11573, 9654, 13487, 13498, 17996, 15792, 11623, 11609, 13520, 13539, 13556, 13546, 13507, 13529, 15796, 13501, 13497, 13519, 13506, 13510, 13555, 13517, 13521, 15801, 13528, 18044, 13535]}