{"avg": [0.34166673, 0.37778494, 0.41685343, 0.40437448, 0.4421503, 0.42546508, 0.49383825, 0.4659618, 0.48841846, 0.48431328, 0.49594897, 0.49615362, 0.5819971, 0.54178554, 0.565934, 0.5633424, 0.4887635, 0.5393171, 0.5668549, 0.5644156, 0.5912344, 0.55067205, 0.56787384, 0.5551502, 0.58873844, 0.5481172, 0.5615585, 0.62052834, 0.61230576, 0.60534644, 0.5798658, 0.6253546, 0.5985469, 0.60564744, 0.6295557, 0.61365193, 0.62346584, 0.635536, 0.6335608, 0.6444233, 0.64603674, 0.63616955, 0.6457566, 0.64989656, 0.65230006, 0.65409976, 0.6571795, 0.6662074, 0.66896915, 0.65763676], "std": [0.12990384, 0.1362735, 0.14889577, 0.14421825, 0.14904535, 0.1501609, 0.14161219, 0.15058242, 0.14630486, 0.14748962, 0.1439332, 0.14335531, 0.072586164, 0.119547956, 0.099956624, 0.104958154, 0.15118952, 0.12606098, 0.10277987, 0.10633379, 0.08014013, 0.11748458, 0.10782237, 0.1248116, 0.079454325, 0.13521746, 0.121158645, 0.015916452, 0.015133324, 0.080613144, 0.10963367, 0.015717454, 0.08718702, 0.083977014, 0.016430162, 0.08212029, 0.019418793, 0.01618706, 0.017362762, 0.01775615, 0.017306471, 0.022885399, 0.019905819, 0.01967206, 0.020550124, 0.015743077, 0.02059481, 0.016392825, 0.014540392, 0.021336023], "var": [0.98, 0.96, 0.96, 0.96, 0.94, 0.92, 0.92, 0.9, 0.9, 0.88, 0.86, 0.86, 0.82, 0.8, 0.8, 0.82, 0.82, 0.82, 0.82, 0.78, 0.76, 0.76, 0.8, 0.78, 0.74, 0.72, 0.72, 0.7, 0.68, 0.68, 0.66, 0.66, 0.62, 0.62, 0.6, 0.58, 0.58, 0.58, 0.56, 0.52, 0.54, 0.52, 0.5, 0.5, 0.5, 0.5, 0.52, 0.54, 0.54, 0.52], "best": [0.5666667, 0.6038691, 0.60793656, 0.6071936, 0.60163695, 0.60565484, 0.6046131, 0.60342526, 0.6078755, 0.6050535, 0.60756654, 0.6100054, 0.6108844, 0.612609, 0.6130381, 0.6153504, 0.61793476, 0.6165206, 0.6214859, 0.62281686, 0.62434196, 0.62869865, 0.62928444, 0.63041687, 0.6324822, 0.6334046, 0.6358223, 0.63738537, 0.6411505, 0.64169973, 0.6452627, 0.6470477, 0.6498622, 0.65049237, 0.6522852, 0.6543771, 0.65673244, 0.6572308, 0.6592593, 0.66118675, 0.6646691, 0.66730785, 0.66844004, 0.67056596, 0.672899, 0.6750149, 0.6778101, 0.68024415, 0.68288946, 0.68568385], "duration": [1158, 1192, 1366, 1350, 1351, 1185, 1198, 1181, 1177, 1286, 1152, 1188, 1523, 1189, 1225, 1308, 1184, 1217, 1204, 1196, 1243, 1201, 1171, 1220, 1184, 1400, 1221, 1193, 1205, 1206, 1203, 1200, 1220, 1405, 1209, 1404, 1398, 1220, 1409, 1186, 1211, 1189, 1193, 1388, 1172, 1197, 1153, 1139, 1152, 1335]}