{"avg": [0.16031747, 0.16956493, 0.2433707, 0.19778416, 0.16711694, 0.16499707, 0.13764219, 0.2517203, 0.21017075, 0.17347893, 0.20574395, 0.20123337, 0.22276141, 0.26749927, 0.23472905, 0.24098578, 0.2663757, 0.29485342, 0.31285414, 0.2894535, 0.29173502, 0.31036562, 0.3614889, 0.3153052, 0.3338961, 0.36228913, 0.3526713, 0.3751359, 0.35774496, 0.3359929, 0.40709352, 0.3525078, 0.34378526, 0.40134948, 0.3689546, 0.3702793, 0.37781563, 0.39896858, 0.37014243, 0.38340664, 0.38217136, 0.37076354, 0.3967172, 0.36294615, 0.42758512, 0.43085697, 0.4219674, 0.39033028, 0.40054804, 0.40182137], "std": [0.14208789, 0.14812943, 0.12645842, 0.14885233, 0.1122774, 0.13084593, 0.11005972, 0.14918175, 0.14024127, 0.14736329, 0.14622264, 0.15032056, 0.13458955, 0.08226513, 0.14282799, 0.15149806, 0.12665305, 0.11694999, 0.10665498, 0.11221507, 0.1409662, 0.122640066, 0.061628725, 0.08737915, 0.1356655, 0.08499687, 0.082826726, 0.05699938, 0.13306196, 0.11794469, 0.07246445, 0.098815985, 0.09236015, 0.09549885, 0.09786932, 0.072572224, 0.09018715, 0.04117933, 0.0768114, 0.07021021, 0.0889807, 0.06661733, 0.080807246, 0.084534235, 0.06592671, 0.034031834, 0.06948987, 0.1042187, 0.07672803, 0.082918726], "var": [0.98, 0.94, 0.96, 0.96, 0.96, 0.94, 0.9, 0.88, 0.88, 0.88, 0.88, 0.86, 0.84, 0.82, 0.78, 0.78, 0.78, 0.78, 0.76, 0.74, 0.72, 0.7, 0.7, 0.68, 0.66, 0.68, 0.68, 0.66, 0.62, 0.62, 0.62, 0.62, 0.62, 0.6, 0.58, 0.54, 0.56, 0.56, 0.52, 0.5, 0.5, 0.5, 0.54, 0.52, 0.54, 0.56, 0.52, 0.5, 0.52, 0.5], "best": [0.3555556, 0.3997733, 0.3992064, 0.3940561, 0.38009772, 0.38730162, 0.38730162, 0.39588162, 0.40052915, 0.40200913, 0.39377216, 0.40220565, 0.40481234, 0.39500472, 0.501783, 0.39719692, 0.39892295, 0.40647408, 0.40283573, 0.40942764, 0.39705002, 0.5384371, 0.41222504, 0.40984398, 0.5392205, 0.54013664, 0.41728398, 0.4184444, 0.54154354, 0.5175882, 0.54210454, 0.5430398, 0.5439635, 0.5450583, 0.5357911, 0.42922455, 0.54665476, 0.4325425, 0.5482508, 0.43431017, 0.5491988, 0.43720412, 0.5497475, 0.5482498, 0.55088586, 0.54948413, 0.5649471, 0.5659344, 0.55562085, 0.56723356], "duration": [3386, 8806, 5377, 3223, 4383, 2926, 6598, 2561, 4634, 2875, 4380, 2791, 2590, 2538, 4660, 4768, 2546, 2516, 6573, 2873, 4619, 6944, 2941, 2567, 4759, 5185, 3555, 3740, 5431, 3338, 6997, 4849, 4961, 3151, 3127, 2550, 4946, 5553, 11388, 3089, 4945, 5394, 5461, 2744, 2636, 2460, 3144, 5222, 3095, 2882]}