{"avg": [0.19523811, 0.20424171, 0.21868353, 0.22834238, 0.23425116, 0.2518391, 0.25832355, 0.2414505, 0.26131937, 0.23668465, 0.2777709, 0.2640565, 0.27015877, 0.29166254, 0.26974073, 0.3027863, 0.29422206, 0.30741727, 0.28351226, 0.30574787, 0.3207676, 0.3049286, 0.3248815, 0.3110432, 0.3301717], "std": [0.088562325, 0.09628271, 0.11824359, 0.09719438, 0.0913581, 0.0882276, 0.072323434, 0.08910798, 0.08544406, 0.09712448, 0.08144221, 0.08290909, 0.089362346, 0.0742963, 0.08371917, 0.053873166, 0.09132135, 0.0840734, 0.08815645, 0.07915305, 0.067621335, 0.08397082, 0.051181033, 0.0797885, 0.082977526], "var": [1.0, 0.98, 0.96, 0.94, 0.9, 0.9, 0.86, 0.84, 0.84, 0.84, 0.82, 0.8, 0.78, 0.78, 0.78, 0.8, 0.78, 0.74, 0.7, 0.72, 0.68, 0.68, 0.64, 0.62, 0.66], "best": [0.33333334, 0.37675738, 0.44029698, 0.37450603, 0.3816327, 0.38462177, 0.388261, 0.444934, 0.38915774, 0.39067036, 0.39202335, 0.39428028, 0.45158732, 0.3972513, 0.39752126, 0.39658904, 0.45000318, 0.41442147, 0.41790435, 0.4191891, 0.39628637, 0.42152423, 0.39823434, 0.42256865, 0.42387712], "duration": [7361, 5645, 6223, 5463, 4361, 5621, 5715, 5329, 5681, 8769, 5680, 8118, 7359, 5612, 5471, 4396, 6290, 7463, 3765, 3661, 5779, 7516, 3853, 3680, 3850]}