{"avg": [0.35000005, 0.36114225, 0.421131, 0.41147995, 0.36053243, 0.41528952, 0.45978615, 0.4439357, 0.47966573, 0.4505687, 0.45844972, 0.43430644, 0.37946457, 0.45971495, 0.41498724, 0.43615007, 0.48807442, 0.44205305, 0.4285117, 0.45439708, 0.4448591, 0.4374044, 0.47230503, 0.5078217, 0.47044992, 0.5229237, 0.51529586, 0.5875963, 0.5022891, 0.5361273, 0.42933953, 0.54868406, 0.5012758, 0.53911537, 0.49516284, 0.50873446, 0.52966225, 0.5937319, 0.57443196, 0.5472615, 0.5504228, 0.5548195, 0.55992246, 0.6003897, 0.58571744, 0.5806723, 0.59349823, 0.631599, 0.5491898, 0.6222968], "std": [0.13437097, 0.12543108, 0.14886357, 0.14709003, 0.12901556, 0.14898002, 0.14954378, 0.15203904, 0.14385022, 0.14981718, 0.14868307, 0.15456039, 0.13808896, 0.15083112, 0.14942516, 0.152812, 0.14364949, 0.15173823, 0.15255405, 0.15305342, 0.15238401, 0.15430005, 0.15026979, 0.14049983, 0.15059663, 0.13429151, 0.13749309, 0.074884064, 0.14905784, 0.1314962, 0.15691718, 0.124430224, 0.14703083, 0.13190728, 0.15255718, 0.14455849, 0.13461764, 0.079508126, 0.10005712, 0.12687618, 0.12917209, 0.12382207, 0.12153962, 0.07840209, 0.10768308, 0.1077813, 0.080360904, 0.01700485, 0.14222026, 0.02081034], "var": [0.98, 0.97, 0.96, 0.94, 0.93, 0.93, 0.91, 0.9, 0.89, 0.87, 0.86, 0.86, 0.85, 0.84, 0.83, 0.82, 0.8, 0.79, 0.78, 0.78, 0.76, 0.75, 0.73, 0.75, 0.74, 0.73, 0.73, 0.72, 0.71, 0.72, 0.7, 0.71, 0.7, 0.68, 0.66, 0.65, 0.65, 0.63, 0.64, 0.63, 0.61, 0.61, 0.61, 0.6, 0.58, 0.56, 0.54, 0.53, 0.51, 0.5], "best": [0.5666667, 0.59576726, 0.5993198, 0.6021476, 0.5981892, 0.60011345, 0.6039133, 0.60492474, 0.5954888, 0.60901254, 0.59822154, 0.6074276, 0.5987318, 0.6014992, 0.6026863, 0.60726625, 0.60380244, 0.6032582, 0.6084323, 0.6053292, 0.61003405, 0.6106742, 0.61230695, 0.6128816, 0.60896224, 0.6141173, 0.61466455, 0.6157414, 0.61839604, 0.6195336, 0.6211755, 0.62132865, 0.6231041, 0.6238954, 0.6257958, 0.6267555, 0.62717277, 0.6281045, 0.62443656, 0.6310178, 0.6319212, 0.6335833, 0.63396335, 0.63509023, 0.63745004, 0.64036584, 0.6420121, 0.6428995, 0.6457844, 0.64760166], "duration": [1270, 1222, 1132, 1372, 1147, 1236, 1142, 1421, 1137, 1239, 1211, 1140, 1205, 1136, 1205, 1176, 1208, 1330, 1284, 1139, 1604, 1126, 1229, 1221, 1145, 1173, 1363, 1294, 1243, 1136, 1224, 1320, 1155, 1145, 1227, 1130, 1216, 1191, 1205, 1164, 1193, 1164, 1189, 1220, 1138, 1535, 1255, 1340, 1222, 1270]}