{"avg": [0.10317461, 0.1565122, 0.20498869, 0.22546448, 0.19077966, 0.14862622, 0.1462271, 0.2107584, 0.24201427, 0.2011844, 0.20315513, 0.22059451, 0.18276949, 0.22103176, 0.23658238, 0.2517163, 0.27847385, 0.20640849, 0.23684795, 0.2908368, 0.28439397, 0.31042895, 0.22954503, 0.33722863, 0.2842298, 0.31371585, 0.30030203, 0.32826364, 0.31328753, 0.34446877, 0.34254918, 0.36557606, 0.32675096, 0.3895955, 0.45522085, 0.41184804, 0.4343155, 0.41150916, 0.4188964, 0.39473772, 0.46045035, 0.39647976, 0.4176647, 0.5044519, 0.47758156, 0.45342606, 0.50077146, 0.49133143, 0.49795833, 0.45294914], "std": [0.07771297, 0.12182151, 0.14948305, 0.091408186, 0.14311904, 0.13235189, 0.10505809, 0.13727501, 0.12259252, 0.0971777, 0.14467098, 0.15126194, 0.12481699, 0.13623512, 0.16463158, 0.11440655, 0.14796978, 0.1664304, 0.14678808, 0.12725125, 0.12925911, 0.11050822, 0.123952635, 0.12574317, 0.13260674, 0.12125397, 0.13586913, 0.113879584, 0.118777476, 0.13921432, 0.12336709, 0.14497553, 0.16093406, 0.12402065, 0.09751033, 0.16301057, 0.13772924, 0.12445732, 0.1270998, 0.13124572, 0.09115527, 0.1496103, 0.12871936, 0.06587614, 0.109532006, 0.10649554, 0.11010056, 0.08319537, 0.10538021, 0.11465986], "var": [1.0, 1.0, 1.0, 1.0, 1.0, 0.98, 0.96, 0.96, 0.96, 0.94, 0.92, 0.92, 0.9, 0.9, 0.88, 0.84, 0.82, 0.8, 0.8, 0.78, 0.76, 0.76, 0.74, 0.74, 0.72, 0.74, 0.74, 0.74, 0.7, 0.7, 0.7, 0.68, 0.68, 0.72, 0.7, 0.7, 0.72, 0.72, 0.72, 0.74, 0.72, 0.72, 0.7, 0.68, 0.68, 0.7, 0.68, 0.7, 0.7, 0.66], "best": [0.20000002, 0.3827665, 0.5349207, 0.5289683, 0.5329365, 0.40070093, 0.38616782, 0.5325612, 0.53012186, 0.38406223, 0.5416399, 0.53532195, 0.39318204, 0.52959186, 0.54214853, 0.40597576, 0.54216707, 0.5430036, 0.41102847, 0.5360172, 0.528001, 0.5368283, 0.41995728, 0.5422266, 0.53711945, 0.4242648, 0.5424303, 0.5287168, 0.53985614, 0.5558394, 0.4364775, 0.55416465, 0.55963135, 0.561534, 0.5656283, 0.5678046, 0.57025635, 0.5719258, 0.58322114, 0.57405585, 0.57617784, 0.5778375, 0.57922167, 0.58676857, 0.592729, 0.57637566, 0.5865522, 0.59400713, 0.59933335, 0.59742844], "duration": [2185, 1978, 5806, 4229, 3873, 1870, 2688, 4524, 3808, 1981, 4196, 3936, 2594, 3903, 5266, 2821, 8213, 4029, 2112, 5915, 4205, 5905, 2240, 5833, 4153, 2198, 4620, 5907, 4010, 9697, 4050, 10167, 4068, 8175, 11996, 11664, 7876, 7748, 7884, 6010, 11669, 11662, 9720, 13537, 11588, 11616, 15800, 7808, 13611, 9754]}