{"avg": [0.41666672, 0.39285716, 0.40001258, 0.46746308, 0.43776423, 0.4529568, 0.48775697, 0.51835275, 0.51833403, 0.44640917, 0.46693727, 0.46795347, 0.5157066, 0.47458342, 0.5259577, 0.6054472, 0.49149823, 0.54258436, 0.6132333, 0.57641673, 0.52908653, 0.59797454, 0.5565593, 0.5942218, 0.52856225, 0.5590393, 0.56102276, 0.58052766, 0.560227, 0.6318842, 0.6355749, 0.60886, 0.5789145, 0.5748568, 0.63995534, 0.6265392, 0.6447311, 0.5881129, 0.6345448, 0.66476846, 0.66603684, 0.6780049, 0.6797253, 0.68405724, 0.6782563, 0.68780816, 0.6947253, 0.69759804, 0.69522685, 0.70601135, 0.71107656, 0.7129829, 0.708344, 0.71625745, 0.7220034, 0.7274745, 0.73030597, 0.73066247, 0.73082924, 0.737097, 0.7438673, 0.7444588, 0.7437485, 0.7502422, 0.7524894, 0.7554145, 0.75765604, 0.7537378, 0.75350225, 0.7619954, 0.7610303, 0.7627143, 0.76850605, 0.76780105, 0.7717599, 0.768349, 0.773755, 0.77535945, 0.7777793, 0.7793769, 0.7796062, 0.78269225, 0.7840736, 0.78577703, 0.7870868, 0.78836715, 0.7897011, 0.790923, 0.7922754, 0.79336447, 0.79458225, 0.7955513, 0.7968644, 0.79800385, 0.7988423, 0.79993886, 0.80094534, 0.8019321, 0.80296296, 0.8038474], "std": [0.15000002, 0.14476208, 0.14111403, 0.14676043, 0.15009364, 0.14990582, 0.14946476, 0.13503413, 0.13725841, 0.15384078, 0.1521778, 0.15248616, 0.13923863, 0.15501311, 0.13056067, 0.010841055, 0.15010089, 0.12974134, 0.015078389, 0.10159058, 0.13556011, 0.07952386, 0.1328061, 0.08732646, 0.14545448, 0.13062945, 0.13249782, 0.10807599, 0.12998486, 0.019454435, 0.014076417, 0.08679102, 0.1339196, 0.13451387, 0.019697895, 0.0849114, 0.01952448, 0.14869826, 0.089991495, 0.01315776, 0.020366542, 0.009510316, 0.011862814, 0.015139837, 0.017974382, 0.015458123, 0.016354103, 0.018357303, 0.017264016, 0.010781269, 0.008601835, 0.015808053, 0.021430336, 0.014954876, 0.016740113, 0.011455537, 0.011436111, 0.019211343, 0.019548023, 0.010652377, 0.0019504358, 0.00987044, 0.012049913, 0.006323902, 0.0052765557, 0.0016691127, 0.0018858295, 0.015298851, 0.01667125, 0.0035154927, 0.015258846, 0.01540094, 0.0, 0.0062227165, 5.9604645e-08, 0.01715852, 0.003163824, 0.0030944287, 1.1920929e-07, 1.1920929e-07, 0.005365077, 5.9604645e-08, 1.1920929e-07, 5.9604645e-08, 5.9604645e-08, 1.1920929e-07, 1.1920929e-07, 1.1920929e-07, 0.0, 1.1920929e-07, 1.1920929e-07, 0.0, 1.1920929e-07, 0.0, 1.1920929e-07, 5.9604645e-08, 5.9604645e-08, 1.1920929e-07, 0.0, 5.9604645e-08], "var": [0.98, 0.96, 0.92, 0.92, 0.94, 0.92, 0.92, 0.92, 0.9, 0.86, 0.82, 0.8, 0.76, 0.78, 0.76, 0.76, 0.74, 0.72, 0.7, 0.7, 0.68, 0.68, 0.7, 0.7, 0.7, 0.7, 0.7, 0.66, 0.62, 0.6, 0.58, 0.54, 0.5, 0.48, 0.48, 0.44, 0.4, 0.36, 0.32, 0.3, 0.28, 0.26, 0.26, 0.24, 0.24, 0.22, 0.22, 0.2, 0.18, 0.18, 0.18, 0.18, 0.18, 0.18, 0.18, 0.18, 0.18, 0.18, 0.14, 0.14, 0.14, 0.14, 0.12, 0.1, 0.1, 0.1, 0.1, 0.1, 0.1, 0.08, 0.08, 0.08, 0.08, 0.08, 0.08, 0.06, 0.06, 0.04, 0.04, 0.04, 0.02, 0.02, 0.02, 0.02, 0.02, 0.02, 0.02, 0.02, 0.02, 0.02, 0.02, 0.02, 0.02, 0.02, 0.02, 0.02, 0.02, 0.02, 0.02, 0.02], "best": [0.5666667, 0.6103175, 0.5992946, 0.6044135, 0.60173166, 0.6060186, 0.6086678, 0.61293805, 0.614089, 0.6160365, 0.6155226, 0.61890763, 0.62017417, 0.6213096, 0.6235203, 0.6268723, 0.6282567, 0.6294205, 0.6321429, 0.63629526, 0.6251083, 0.6369195, 0.64054626, 0.64325964, 0.64488876, 0.64607334, 0.6475112, 0.6498267, 0.6511127, 0.6523918, 0.6558876, 0.6591537, 0.6608844, 0.6635015, 0.66545576, 0.6678904, 0.6708603, 0.6732447, 0.6761742, 0.67912704, 0.6833257, 0.68669075, 0.69030726, 0.6937945, 0.69710916, 0.6998695, 0.7035547, 0.7073296, 0.71023077, 0.71383584, 0.7171955, 0.72022915, 0.723469, 0.7259631, 0.7288197, 0.73161685, 0.73447496, 0.737568, 0.739784, 0.742146, 0.74457955, 0.74729073, 0.7498094, 0.7519962, 0.7540126, 0.7558319, 0.7581791, 0.76005095, 0.761954, 0.7633993, 0.7651085, 0.7668303, 0.76850605, 0.770128, 0.77175987, 0.7733023, 0.7746005, 0.7761586, 0.77777916, 0.7793768, 0.7808372, 0.7826923, 0.7840735, 0.785777, 0.78708684, 0.78836703, 0.789701, 0.7909229, 0.7922754, 0.79336435, 0.7945821, 0.7955513, 0.7968643, 0.79800385, 0.7988422, 0.7999388, 0.8009454, 0.801932, 0.80296296, 0.80384743], "duration": [1256, 1296, 1325, 1349, 1334, 1366, 1555, 1321, 1279, 1304, 1292, 1309, 1346, 1368, 1360, 1275, 1340, 1339, 1237, 1264, 1304, 1351, 1326, 1333, 1365, 1611, 1296, 1557, 1550, 1307, 1792, 1325, 1356, 1310, 1587, 1357, 1339, 1343, 1292, 1616, 1297, 1335, 1319, 1343, 1371, 1353, 1281, 1188, 1500, 1339, 1310, 1349, 1583, 1324, 1346, 1341, 1541, 1305, 1356, 1570, 1286, 1248, 1572, 1282, 1242, 1226, 1235, 1256, 1306, 1360, 1786, 1319, 1322, 1365, 1310, 1358, 1340, 1399, 1400, 1292, 1812, 1283, 1540, 1325, 1341, 1321, 1347, 1554, 1276, 1303, 1329, 1330, 1309, 1307, 1372, 1366, 1393, 1282, 1288, 1312]}