{"avg": [0.3589744, 0.42794353, 0.4417108, 0.4117042, 0.4573226, 0.48938167, 0.4979184, 0.46159148, 0.4951907, 0.4970596, 0.57686573, 0.55956995, 0.6424976, 0.6018869, 0.6366612, 0.6674185, 0.62329054, 0.68320507, 0.6699872, 0.6753368, 0.6851349, 0.6951435, 0.69457847, 0.73121744, 0.72451836, 0.7459845, 0.75008, 0.74623716, 0.76230806, 0.7659128, 0.7728805, 0.777367, 0.7812778, 0.7852004, 0.788396, 0.78916943, 0.7920001, 0.7971223, 0.7996893, 0.80194765, 0.80463153, 0.80667526, 0.80895144, 0.8109677, 0.81318635, 0.814883, 0.8169127, 0.8185952, 0.820695, 0.8222294], "std": [0.13846155, 0.150213, 0.14811645, 0.1474678, 0.15556467, 0.152758, 0.15260562, 0.15407771, 0.15274006, 0.15660307, 0.116071865, 0.13860776, 0.013963343, 0.12511277, 0.09379486, 0.025946103, 0.1196831, 0.014753355, 0.08647887, 0.09716933, 0.09557134, 0.09744372, 0.097341724, 0.012592847, 0.03925249, 5.9604645e-08, 0.0046041165, 0.03783478, 1.1920929e-07, 0.0054121, 5.9604645e-08, 0.0, 1.1920929e-07, 0.0, 1.1920929e-07, 0.008573668, 0.008477905, 0.0, 0.0, 5.9604645e-08, 5.9604645e-08, 0.0, 5.9604645e-08, 1.7881393e-07, 5.9604645e-08, 5.9604645e-08, 5.9604645e-08, 5.9604645e-08, 1.7881393e-07, 0.0], "var": [1.0, 0.96, 0.96, 0.92, 0.88, 0.88, 0.8, 0.72, 0.68, 0.6, 0.6, 0.56, 0.56, 0.48, 0.44, 0.44, 0.36, 0.32, 0.28, 0.28, 0.24, 0.24, 0.2, 0.2, 0.12, 0.12, 0.12, 0.08, 0.08, 0.08, 0.08, 0.08, 0.08, 0.08, 0.08, 0.08, 0.04, 0.04, 0.04, 0.04, 0.04, 0.04, 0.04, 0.04, 0.04, 0.04, 0.04, 0.04, 0.04, 0.04], "best": [0.5666667, 0.6161173, 0.6160494, 0.6179488, 0.6196766, 0.6245914, 0.6308363, 0.63583964, 0.6380953, 0.6418033, 0.6476902, 0.6513768, 0.6569941, 0.66495025, 0.6736165, 0.68272316, 0.6906794, 0.6962031, 0.7033731, 0.71230316, 0.7185186, 0.72520125, 0.73205507, 0.737149, 0.7419579, 0.74598444, 0.7513106, 0.75727445, 0.76230794, 0.7672255, 0.77288043, 0.777367, 0.7812779, 0.7852004, 0.7883961, 0.79164445, 0.79435134, 0.7971223, 0.7996893, 0.8019477, 0.8046316, 0.80667526, 0.8089515, 0.81096786, 0.8131863, 0.81488293, 0.8169128, 0.81859523, 0.82069516, 0.8222294], "duration": [1296, 1495, 1300, 1477, 1326, 1691, 1284, 1335, 1331, 1288, 1248, 1492, 1232, 1287, 1299, 1347, 1927, 1255, 1967, 1447, 1278, 1281, 1294, 1275, 1296, 1547, 1496, 1532, 1252, 1727, 1465, 1297, 1544, 1567, 1283, 1496, 1717, 1342, 1261, 1195, 1521, 1137, 1129, 1259, 1413, 2202, 1333, 1925, 1934, 1171]}