{"avg": [0.39305556, 0.41068786, 0.41543138, 0.43814114, 0.43577066, 0.4441594, 0.44553575, 0.4519167, 0.47011527, 0.5071182, 0.5016668, 0.5268259, 0.52468044, 0.5291845, 0.5185793, 0.55349034, 0.53721046, 0.5537844, 0.51039726, 0.5425828, 0.5597742, 0.58021164, 0.5527894, 0.57972974, 0.59178627, 0.5570859, 0.5936012, 0.58110815, 0.57173485, 0.57684207, 0.5728051, 0.5898677, 0.5995475, 0.58484256, 0.58927643, 0.6044903, 0.60182863, 0.5895268, 0.5958775, 0.59860843, 0.5739859, 0.58271146, 0.6143475, 0.6115203, 0.6162637, 0.6084909, 0.6276766, 0.622341, 0.6145487, 0.6331117], "std": [0.109069794, 0.12634341, 0.12509133, 0.112819225, 0.12815757, 0.10854284, 0.114401914, 0.12433018, 0.13974644, 0.101146005, 0.09565424, 0.07492688, 0.07556556, 0.07307107, 0.07709358, 0.04648679, 0.10454647, 0.05003428, 0.09917776, 0.06044801, 0.06826939, 0.029470202, 0.060144935, 0.030987285, 0.03991964, 0.050370865, 0.029976863, 0.03143069, 0.05581492, 0.06413762, 0.055976205, 0.046668842, 0.032368068, 0.06495823, 0.055772576, 0.019892232, 0.031278335, 0.028398693, 0.034106717, 0.02380156, 0.06916619, 0.077542774, 0.04138088, 0.037910424, 0.024651527, 0.034987193, 0.031778987, 0.030628853, 0.028916407, 0.042371795], "var": [1.0, 0.96, 0.94, 0.94, 0.92, 0.88, 0.86, 0.84, 0.82, 0.78, 0.74, 0.72, 0.72, 0.7, 0.66, 0.62, 0.66, 0.64, 0.6, 0.58, 0.56, 0.58, 0.54, 0.52, 0.52, 0.5, 0.5, 0.46, 0.46, 0.48, 0.48, 0.46, 0.44, 0.48, 0.46, 0.44, 0.44, 0.44, 0.44, 0.44, 0.42, 0.4, 0.38, 0.38, 0.38, 0.38, 0.38, 0.38, 0.34, 0.34], "best": [0.5555556, 0.5763889, 0.57552487, 0.58189803, 0.58248764, 0.59596914, 0.57962114, 0.5950925, 0.60052913, 0.60501903, 0.6050971, 0.6084208, 0.6110293, 0.60958487, 0.612867, 0.608094, 0.61434114, 0.6023954, 0.5837834, 0.6088362, 0.6528528, 0.6587907, 0.61477757, 0.6323038, 0.6726591, 0.6307937, 0.67583567, 0.6346451, 0.6355407, 0.66065276, 0.67216957, 0.64105994, 0.67277455, 0.6910523, 0.6485219, 0.6503285, 0.65211415, 0.63484013, 0.6561586, 0.65794414, 0.65298176, 0.65997064, 0.7053714, 0.6677843, 0.6626304, 0.6653607, 0.71145093, 0.66918314, 0.6707456, 0.716945], "duration": [27847, 28709, 33386, 28764, 28866, 29949, 28185, 29276, 29883, 35038, 30014, 30015, 35060, 35117, 30044, 30061, 35158, 30024, 29938, 30056, 30083, 30350, 35070, 35132, 30025, 30187, 30031, 30043, 30036, 30078, 30019, 30109, 30067, 30081, 45018, 30110, 30109, 30625, 35170, 30143, 30009, 30056, 30060, 30080, 30185, 30120, 30108, 30219, 30047, 35011]}