{"avg": [0.18962964, 0.17830689, 0.22596501, 0.20728217, 0.21113284, 0.20769142, 0.22965556, 0.20882235, 0.22889629, 0.19821623, 0.21890764, 0.21572237, 0.23063959, 0.254729, 0.25382635, 0.24270388, 0.21948037, 0.2438391, 0.27439874, 0.26812032, 0.24313076, 0.2668275, 0.27112666, 0.2455705, 0.25581387, 0.28249633, 0.27405226, 0.28882158, 0.2892443, 0.29776883, 0.30736148, 0.28782886, 0.31092173, 0.31006584, 0.32615396, 0.33442417, 0.33460808, 0.33192086, 0.32124364, 0.30795324, 0.30753085, 0.3265668, 0.36396268, 0.34014544, 0.31929517, 0.3623219, 0.39396417, 0.352779, 0.3544105, 0.40309665], "std": [0.07341933, 0.083272435, 0.063830525, 0.0689266, 0.07007218, 0.074740894, 0.06841672, 0.060377225, 0.08043187, 0.06830017, 0.104030386, 0.086894974, 0.069548, 0.058986202, 0.10010529, 0.06329498, 0.089543335, 0.080438465, 0.07062238, 0.068320766, 0.10048587, 0.042267226, 0.073324785, 0.09234383, 0.067492425, 0.06763938, 0.08188984, 0.09304801, 0.07655443, 0.0705144, 0.073055305, 0.10505372, 0.082414374, 0.07681407, 0.10336103, 0.09469877, 0.081850834, 0.08876421, 0.113545746, 0.07215376, 0.091549136, 0.06784164, 0.088798225, 0.10131334, 0.07339517, 0.06718949, 0.06637004, 0.07751631, 0.111987084, 0.065482266], "var": [0.9866667, 0.97333336, 0.96, 0.96, 0.96, 0.93333334, 0.93333334, 0.9066667, 0.92, 0.9066667, 0.88, 0.88, 0.88, 0.88, 0.85333335, 0.84, 0.82666665, 0.82666665, 0.81333333, 0.82666665, 0.8, 0.7733333, 0.7733333, 0.7733333, 0.7866667, 0.7733333, 0.74666667, 0.76, 0.73333335, 0.70666665, 0.68, 0.6666667, 0.6666667, 0.6533333, 0.64, 0.62666667, 0.64, 0.64, 0.64, 0.62666667, 0.61333334, 0.62666667, 0.6, 0.58666664, 0.58666664, 0.6, 0.6, 0.62666667, 0.61333334, 0.61333334], "best": [0.33333334, 0.3698413, 0.3090909, 0.37693557, 0.34751984, 0.3790675, 0.30625105, 0.30516928, 0.43861204, 0.30704367, 0.38291436, 0.3838294, 0.3092442, 0.35450244, 0.44100413, 0.31308874, 0.3860501, 0.38615555, 0.38786852, 0.3915771, 0.38952774, 0.3158869, 0.3765796, 0.39038336, 0.37674668, 0.39299563, 0.47003266, 0.41595984, 0.44889238, 0.40922055, 0.4431831, 0.39735243, 0.41821256, 0.39902025, 0.45435786, 0.5054422, 0.50737387, 0.5088398, 0.5099168, 0.42416146, 0.46044385, 0.45471454, 0.51190823, 0.51364404, 0.41573673, 0.50704086, 0.51641965, 0.513736, 0.5187854, 0.51699185], "duration": [4023, 5642, 6852, 7344, 7470, 9436, 9327, 5650, 7219, 3127, 7002, 9474, 5150, 7921, 11095, 7106, 5096, 11660, 9323, 11626, 5606, 7487, 7074, 7192, 5237, 7182, 5066, 7093, 6909, 13052, 9358, 11052, 11200, 9059, 11114, 11307, 11065, 13111, 11348, 7407, 7391, 7479, 11316, 11180, 15487, 11216, 11306, 11347, 14901, 11410]}