{"avg": [0.13488893, 0.16082859, 0.15663652, 0.15814286, 0.16383097, 0.16878034, 0.17479685, 0.17874695, 0.17952976, 0.18152489, 0.18374318, 0.19443378, 0.1967992, 0.19873162, 0.20212111, 0.20851238, 0.21436346, 0.22029579, 0.22104391, 0.22295238, 0.23008394, 0.23208031, 0.23528828, 0.23980796, 0.24238259, 0.24903916, 0.2532253, 0.26051357, 0.2628427, 0.26550955, 0.26678926, 0.26371863, 0.26631382, 0.27072275, 0.2744295, 0.27923787, 0.28404844, 0.2895092, 0.29519656, 0.300222, 0.3091174, 0.31399125, 0.31692132, 0.32078582, 0.3234278, 0.3283435, 0.33173144, 0.33287752, 0.33414918, 0.33601257], "std": [0.084093146, 0.08917471, 0.09178976, 0.091889665, 0.09441976, 0.09194097, 0.09035716, 0.09006733, 0.090449624, 0.09210917, 0.09181619, 0.09102446, 0.09234268, 0.09141109, 0.08800919, 0.084001645, 0.08580804, 0.08693888, 0.08719988, 0.08840756, 0.08775054, 0.08932036, 0.084326215, 0.077775344, 0.076317206, 0.07508943, 0.07375478, 0.0623205, 0.060451344, 0.061006796, 0.05744896, 0.059820592, 0.060197275, 0.061269537, 0.059253324, 0.059591662, 0.059857488, 0.059242584, 0.05539691, 0.054418195, 0.051547386, 0.05331887, 0.052468013, 0.051316593, 0.049991038, 0.04718684, 0.045265704, 0.04570592, 0.046188492, 0.046528246], "var": [0.98, 0.96, 0.96, 0.94, 0.92, 0.9, 0.9, 0.92, 0.9, 0.86, 0.82, 0.78, 0.8, 0.78, 0.8, 0.8, 0.78, 0.78, 0.76, 0.76, 0.76, 0.74, 0.7, 0.68, 0.7, 0.68, 0.66, 0.66, 0.64, 0.64, 0.64, 0.64, 0.62, 0.62, 0.62, 0.6, 0.58, 0.56, 0.54, 0.52, 0.5, 0.5, 0.5, 0.52, 0.52, 0.5, 0.48, 0.46, 0.46, 0.44], "best": [0.2888889, 0.3131746, 0.3129365, 0.31285715, 0.3129365, 0.3144127, 0.3154762, 0.3163719, 0.31710318, 0.31767195, 0.31803176, 0.31836942, 0.31972224, 0.3209402, 0.3226644, 0.32368255, 0.32466272, 0.32558358, 0.3264286, 0.32725984, 0.41394448, 0.41503406, 0.41615444, 0.41713598, 0.41803575, 0.4189397, 0.41990235, 0.42084658, 0.4219615, 0.4229995, 0.42404765, 0.4250282, 0.42594746, 0.42692643, 0.42793187, 0.42889345, 0.42994714, 0.43109828, 0.4322891, 0.43335778, 0.43445638, 0.43569884, 0.43698415, 0.4382651, 0.43953106, 0.44073018, 0.4419393, 0.44314763, 0.4443056, 0.44553292], "duration": [5574, 5599, 5533, 5551, 5621, 5508, 5569, 6007, 5424, 5493, 5519, 5556, 5610, 5547, 5548, 5566, 5584, 5475, 5474, 5524, 5543, 5542, 5529, 5784, 5586, 5502, 5570, 5523, 5529, 5757, 5495, 5673, 5601, 5598, 5618, 5759, 5599, 5653, 5620, 5921, 5603, 5601, 5592, 5547, 5779, 5576, 5539, 5503, 5562, 5714]}