{"avg": [0.42962965, 0.4632937, 0.41620585, 0.43039027, 0.42430913, 0.44737127, 0.46333945, 0.49493057, 0.43412536, 0.504277, 0.49814612, 0.48536727, 0.4995853, 0.5147487, 0.521073, 0.519326, 0.53072983, 0.50590277, 0.5092947, 0.5151159, 0.5356737, 0.5395385, 0.54011124, 0.5579155, 0.5652456, 0.5718686, 0.57064235, 0.58392787, 0.5644246, 0.57913697, 0.58604616, 0.59096307, 0.6000706, 0.5918027, 0.6035481, 0.59274065, 0.6006049, 0.6269398, 0.60180235, 0.635804, 0.6275141, 0.62944067, 0.6333081, 0.646003, 0.6386577, 0.6557621, 0.6530576, 0.6693579, 0.6637256, 0.6767672, 0.67792475, 0.67347026, 0.68378913, 0.6723547, 0.6813905, 0.67534125, 0.6905845, 0.69298476, 0.69718385, 0.69206774, 0.694412, 0.705736, 0.7078586, 0.70918614, 0.7106876, 0.7124494, 0.7126929, 0.71469426, 0.71876484, 0.721035, 0.7224386, 0.7235197, 0.72744983, 0.7286845, 0.727128], "std": [0.10507036, 0.0960709, 0.14024873, 0.11444207, 0.12831047, 0.10815403, 0.11096894, 0.082834676, 0.12963647, 0.07534059, 0.1064025, 0.10321723, 0.10386421, 0.081719644, 0.07459433, 0.07532807, 0.09872896, 0.10412233, 0.1092034, 0.11587232, 0.07119319, 0.071943276, 0.08747935, 0.058642283, 0.023170913, 0.024743427, 0.024642576, 0.02951635, 0.06993906, 0.029262556, 0.03594527, 0.06850351, 0.030093033, 0.060567405, 0.03298053, 0.037377045, 0.038243808, 0.025450226, 0.07067155, 0.021603119, 0.036669254, 0.04194763, 0.03675283, 0.029488102, 0.037486337, 0.026046615, 0.031321824, 0.0037755487, 0.03022481, 0.0036968698, 0.007204761, 0.031614184, 0.0050033745, 0.03357384, 0.033181682, 0.045504753, 0.009111581, 0.010467047, 0.008148238, 0.036419366, 0.034150664, 0.0039479295, 0.0036940998, 0.005205457, 0.0069736517, 0.0072751422, 0.009736649, 0.009602997, 0.017862039, 0.0043694293, 0.0060787, 0.008933492, 5.9604645e-08, 5.9604645e-08, 0.007959935], "var": [0.98, 0.98, 0.98, 0.98, 0.98, 0.96, 0.92, 0.92, 0.88, 0.88, 0.86, 0.86, 0.86, 0.82, 0.78, 0.78, 0.76, 0.78, 0.76, 0.72, 0.7, 0.72, 0.68, 0.66, 0.66, 0.62, 0.58, 0.56, 0.54, 0.52, 0.5, 0.46, 0.44, 0.44, 0.4, 0.38, 0.36, 0.32, 0.3, 0.3, 0.3, 0.28, 0.26, 0.22, 0.18, 0.18, 0.16, 0.16, 0.14, 0.14, 0.14, 0.14, 0.14, 0.12, 0.12, 0.1, 0.1, 0.1, 0.1, 0.1, 0.08, 0.08, 0.08, 0.08, 0.08, 0.08, 0.08, 0.08, 0.08, 0.08, 0.08, 0.08, 0.08, 0.08, 0.08], "best": [0.51111114, 0.5619048, 0.5571941, 0.55132276, 0.554827, 0.5552841, 0.5584685, 0.56073284, 0.5641947, 0.5663216, 0.5665141, 0.5695907, 0.57361114, 0.5760462, 0.57920194, 0.58202434, 0.58283365, 0.58596754, 0.58549416, 0.58680904, 0.59050226, 0.59195966, 0.59493756, 0.5984353, 0.60171604, 0.6036969, 0.6065273, 0.6087473, 0.61272776, 0.6152445, 0.61743295, 0.6202671, 0.62510824, 0.62866485, 0.63214666, 0.6350349, 0.6363681, 0.6384294, 0.64279485, 0.6454649, 0.6494148, 0.65234834, 0.6553278, 0.65792453, 0.66121316, 0.66481256, 0.66818047, 0.6712457, 0.6745456, 0.6782764, 0.68114424, 0.6840229, 0.6865296, 0.68885607, 0.6911191, 0.69342726, 0.6954704, 0.6979244, 0.70015717, 0.7023949, 0.70445466, 0.7068309, 0.7087821, 0.71108687, 0.7132652, 0.7152431, 0.7170357, 0.71882874, 0.76512873, 0.7221632, 0.72391284, 0.72582626, 0.7274498, 0.72868454, 0.7300925], "duration": [26843, 31240, 25080, 26935, 26969, 31449, 27039, 31237, 27025, 32112, 27206, 27055, 28424, 28209, 31582, 27083, 27149, 31643, 26760, 27061, 27058, 32351, 27040, 27076, 27423, 27225, 27138, 27063, 27103, 31678, 27835, 27164, 27110, 31693, 27099, 27132, 31653, 31819, 31599, 27218, 29560, 32110, 28810, 27045, 33166, 27038, 27658, 27122, 42249, 27104, 27159, 27133, 27077, 33297, 27079, 28755, 27256, 27131, 27707, 27081, 36111, 27093, 31595, 27028, 27060, 27094, 27068, 27200, 27784, 27115, 27150, 27055, 27145, 27103, 27128]}