{"avg": [0.4051282, 0.43389502, 0.43338567, 0.47347137, 0.46995077, 0.4817494, 0.49357656, 0.45979577, 0.5170033, 0.50122464, 0.5315117, 0.5203388, 0.55879223, 0.5417189, 0.5892433, 0.5438255, 0.5257776, 0.57776964, 0.5926199, 0.59302706, 0.61493206, 0.6121272, 0.6233953, 0.60517603, 0.62825155, 0.61965925, 0.610016, 0.63625145, 0.63551456, 0.6392677, 0.6386337, 0.64827037, 0.6524437, 0.65426487, 0.65734094, 0.6515361, 0.6628631, 0.6704428, 0.6747889, 0.6718871, 0.6823867, 0.6715572, 0.6864328, 0.68374, 0.6948377, 0.69812757, 0.70243543, 0.7109026, 0.70849967, 0.71462667], "std": [0.14955558, 0.15772915, 0.1524794, 0.15209751, 0.15421854, 0.15131645, 0.1504227, 0.15274924, 0.13666715, 0.14180689, 0.13247767, 0.13724193, 0.107622184, 0.124372825, 0.08003618, 0.13095473, 0.14085378, 0.10246528, 0.07394588, 0.08132137, 0.010574113, 0.01901756, 0.015602143, 0.08076384, 0.018978294, 0.019537242, 0.087086044, 0.020138204, 0.02225308, 0.020599475, 0.027523462, 0.022009375, 0.022517573, 0.021368468, 0.025779083, 0.02460504, 0.020445835, 0.016750118, 0.017212318, 0.0267, 0.02047183, 0.03390058, 0.02916159, 0.029132642, 0.028025972, 0.016752997, 0.015866067, 0.006718191, 0.022871235, 0.012126062], "var": [1.0, 1.0, 0.96, 0.94, 0.92, 0.92, 0.9, 0.86, 0.84, 0.82, 0.8, 0.8, 0.78, 0.76, 0.76, 0.74, 0.76, 0.74, 0.7, 0.68, 0.68, 0.68, 0.72, 0.72, 0.68, 0.66, 0.64, 0.64, 0.6, 0.6, 0.56, 0.52, 0.52, 0.54, 0.54, 0.56, 0.56, 0.56, 0.56, 0.54, 0.54, 0.52, 0.48, 0.46, 0.48, 0.48, 0.48, 0.48, 0.48, 0.48], "best": [0.5666667, 0.6179488, 0.6176871, 0.6148665, 0.6200329, 0.62619054, 0.624959, 0.62795854, 0.61510676, 0.61483103, 0.6225462, 0.6248839, 0.625991, 0.6269924, 0.62722075, 0.63090956, 0.63295, 0.6342061, 0.63791764, 0.6396826, 0.6284921, 0.64287233, 0.64388484, 0.6481022, 0.6504288, 0.6544525, 0.6549272, 0.65825087, 0.66156304, 0.664004, 0.6667834, 0.6689652, 0.6724149, 0.67609435, 0.67977357, 0.68269306, 0.68462014, 0.68808264, 0.6917384, 0.69486266, 0.6976969, 0.70105577, 0.70356226, 0.7066291, 0.7093119, 0.7124612, 0.7150105, 0.7181879, 0.72095764, 0.7236886], "duration": [1225, 1179, 1179, 1184, 1195, 1428, 1178, 1182, 1198, 1392, 1172, 1208, 1187, 1188, 1194, 1176, 1181, 1775, 1389, 1183, 1400, 1183, 1382, 1171, 1114, 1106, 1114, 1124, 1152, 1349, 1164, 1186, 1180, 1550, 1173, 1161, 1390, 1590, 1202, 1200, 1199, 1182, 1188, 1187, 1230, 1206, 1332, 1149, 1133, 1175]}