{"avg": [0.083333336, 0.15613757, 0.1754011, 0.110681176, 0.14294219, 0.15616383, 0.07881042, 0.13299936, 0.21954049, 0.19697973, 0.20802927, 0.16088437, 0.21016464, 0.24923682, 0.23077542, 0.20914282, 0.25772405, 0.22486289, 0.34255093, 0.23564523, 0.26174074, 0.2971526, 0.34984937, 0.30446488, 0.31976965, 0.30801222, 0.302455, 0.41015112, 0.39340857, 0.3860633, 0.4010085, 0.35527983, 0.40763804, 0.42471594, 0.39830506, 0.38215014, 0.4262338, 0.46201277, 0.4559891, 0.49500996, 0.3948049, 0.43862012, 0.47045133, 0.48928496, 0.52070993, 0.48404884, 0.5143199, 0.5450429, 0.50645393, 0.50679684], "std": [0.10496914, 0.105573736, 0.12648526, 0.15413469, 0.099992715, 0.19093765, 0.106930755, 0.14876053, 0.13621022, 0.1360477, 0.17409839, 0.14707714, 0.15544294, 0.12059105, 0.1474618, 0.13529804, 0.16730842, 0.13864839, 0.15729329, 0.16493295, 0.1812244, 0.16502346, 0.1162064, 0.16344674, 0.15922305, 0.19331598, 0.17861418, 0.18731138, 0.18780687, 0.14251839, 0.14601512, 0.14371404, 0.18157934, 0.21597737, 0.16911216, 0.18363535, 0.18635568, 0.13412167, 0.117664896, 0.10775633, 0.16151266, 0.16916378, 0.13469295, 0.15923347, 0.122560434, 0.13478106, 0.111071184, 0.10017985, 0.11387244, 0.12674898], "var": [1.0, 0.98, 0.96, 0.96, 0.96, 0.94, 0.9, 0.86, 0.82, 0.8, 0.76, 0.72, 0.72, 0.74, 0.72, 0.7, 0.68, 0.66, 0.66, 0.62, 0.6, 0.58, 0.58, 0.58, 0.54, 0.52, 0.48, 0.48, 0.46, 0.42, 0.4, 0.42, 0.42, 0.42, 0.4, 0.42, 0.38, 0.38, 0.38, 0.36, 0.32, 0.3, 0.3, 0.26, 0.24, 0.24, 0.24, 0.22, 0.22, 0.22], "best": [0.3555556, 0.36746037, 0.40547878, 0.526615, 0.3404762, 0.53299016, 0.32977995, 0.5344628, 0.5339368, 0.39506176, 0.5383896, 0.5369048, 0.5401974, 0.5414357, 0.5427833, 0.54538864, 0.5459022, 0.3979947, 0.5517678, 0.55450463, 0.555571, 0.55799985, 0.5597775, 0.5633987, 0.56449056, 0.5664821, 0.5688492, 0.5696309, 0.57323736, 0.5766674, 0.57929295, 0.5832327, 0.58459145, 0.58747697, 0.59040135, 0.5930927, 0.5948477, 0.59704864, 0.60083926, 0.60266817, 0.6060817, 0.607169, 0.6087922, 0.6110115, 0.61443615, 0.61745584, 0.6199167, 0.6233375, 0.6258501, 0.62768054], "duration": [3402, 2336, 2857, 4785, 4475, 4737, 5001, 6359, 2871, 5257, 11241, 6944, 3015, 6846, 6966, 4961, 7370, 6749, 5434, 7127, 5140, 5010, 5165, 5155, 8888, 3819, 9066, 6561, 7529, 9101, 5954, 4647, 9251, 5124, 3152, 5597, 7310, 4044, 7301, 2969, 9082, 3434, 3085, 3675, 6152, 3482, 3438, 5001, 3963, 3405]}