{"avg": [0.14920637, 0.20355019, 0.16641867, 0.19924316, 0.21441434, 0.20902778, 0.19629444, 0.24300393, 0.2444369, 0.22456445, 0.22077382, 0.21887532, 0.26473966, 0.22992402, 0.2354625, 0.28700802, 0.26047957, 0.28591454, 0.24155866, 0.31055784, 0.27623662, 0.22331949, 0.30176994, 0.3174332, 0.31536362], "std": [0.045949575, 0.049279656, 0.085915096, 0.123785846, 0.08904316, 0.09086749, 0.060748767, 0.09835223, 0.10063907, 0.078848235, 0.07671553, 0.10459616, 0.11561038, 0.12020272, 0.08125911, 0.085754365, 0.08195429, 0.08593712, 0.07011716, 0.08768189, 0.096189335, 0.07012304, 0.081093356, 0.08029464, 0.08756105], "var": [0.96, 0.94, 0.94, 0.92, 0.92, 0.9, 0.86, 0.82, 0.8, 0.78, 0.8, 0.78, 0.78, 0.78, 0.74, 0.76, 0.74, 0.74, 0.7, 0.7, 0.72, 0.72, 0.7, 0.7, 0.7], "best": [0.1888889, 0.29648528, 0.4007937, 0.40521052, 0.41173565, 0.41654462, 0.3058933, 0.41561794, 0.41802725, 0.420331, 0.4198212, 0.420771, 0.42188808, 0.4247, 0.33553833, 0.4278874, 0.42961508, 0.42987764, 0.33567834, 0.43109217, 0.43442023, 0.32535848, 0.43589503, 0.43700483, 0.43867403], "duration": [1996, 2005, 1937, 3913, 1979, 8130, 4005, 1952, 3930, 1979, 2703, 2052, 2028, 7864, 5424, 2068, 4697, 2068, 2030, 2600, 1966, 1987, 1978, 2010, 1974]}