{"avg": [0.4059524, 0.44838715, 0.49432346, 0.46730873, 0.5282529, 0.564817, 0.5706149, 0.54495245, 0.5925021, 0.58377254, 0.59981126, 0.6162111, 0.62346655, 0.5985133, 0.6486229, 0.64578617, 0.66655767, 0.66190374, 0.6896396, 0.68387914, 0.70564693, 0.71211445, 0.7245917, 0.7317094, 0.73773026, 0.7449947, 0.75031674, 0.75619596, 0.7611035, 0.76699895, 0.77127045, 0.7748643, 0.7798543, 0.7826672, 0.78634596, 0.78996664, 0.7928333, 0.79555446, 0.79823756, 0.80060196, 0.80303514, 0.8054354, 0.8074804, 0.8098967, 0.81190103, 0.8136787, 0.81591797, 0.81785566, 0.819645, 0.82124305], "std": [0.14961688, 0.15157025, 0.1424842, 0.15090221, 0.12774934, 0.0984343, 0.0968271, 0.12602758, 0.0771062, 0.0993134, 0.08679523, 0.061423346, 0.067404844, 0.117409885, 0.021261305, 0.06811706, 0.023069639, 0.074033566, 0.013480738, 0.077536024, 0.015412314, 0.025648199, 0.0049371487, 0.0042081554, 0.0063801915, 0.0037618817, 0.0052137775, 0.004549714, 0.0038001575, 2.9802322e-07, 0.002825316, 0.0047407364, 1.1920929e-07, 0.0050441897, 0.0037542337, 1.1920929e-07, 0.0, 5.9604645e-08, 0.0, 0.0, 1.1920929e-07, 2.3841858e-07, 2.9802322e-07, 2.3841858e-07, 1.1920929e-07, 1.7881393e-07, 0.0, 2.9802322e-07, 1.7881393e-07, 2.3841858e-07], "var": [0.98, 0.92, 0.86, 0.82, 0.78, 0.74, 0.72, 0.7, 0.7, 0.66, 0.66, 0.6, 0.54, 0.48, 0.44, 0.4, 0.36, 0.3, 0.26, 0.2, 0.16, 0.12, 0.12, 0.08, 0.08, 0.08, 0.06, 0.06, 0.06, 0.06, 0.06, 0.04, 0.04, 0.04, 0.02, 0.02, 0.02, 0.02, 0.02, 0.02, 0.02, 0.02, 0.02, 0.02, 0.02, 0.02, 0.02, 0.02, 0.02, 0.02], "best": [0.5666667, 0.6057824, 0.6094431, 0.60679513, 0.60517603, 0.607869, 0.6134303, 0.618193, 0.6222944, 0.6309146, 0.6367396, 0.6452613, 0.65277433, 0.6604045, 0.66655654, 0.6740396, 0.6829856, 0.69056726, 0.69828576, 0.70677316, 0.7138997, 0.7210195, 0.7278299, 0.7342319, 0.7409596, 0.7465303, 0.75224197, 0.75790584, 0.76213276, 0.76699924, 0.7717949, 0.7762016, 0.7798544, 0.7841546, 0.78711224, 0.78996676, 0.7928333, 0.7955544, 0.79823756, 0.80060196, 0.803035, 0.80543566, 0.8074807, 0.80989695, 0.8119009, 0.8136785, 0.81591797, 0.81785536, 0.81964517, 0.8212428], "duration": [2463, 2813, 2650, 2236, 2251, 3674, 2264, 2255, 2838, 2468, 2238, 2686, 2449, 2461, 2461, 2829, 2629, 2823, 2261, 2453, 2457, 2646, 2436, 2629, 2434, 2308, 2820, 2252, 2460, 2443, 2443, 2458, 2794, 2483, 2444, 2255, 2446, 2252, 2252, 2264, 2249, 2448, 2481, 2270, 2248, 2637, 2258, 2647, 2646, 2262]}