{"avg": [0.37466663, 0.40128583, 0.40768573, 0.41403812, 0.420181, 0.42648384, 0.43276346, 0.43895096, 0.43903816, 0.43337786, 0.42761815, 0.43387267, 0.43401587, 0.4405172, 0.4530524, 0.44739944, 0.4417227, 0.44228294, 0.44253913, 0.4428034, 0.4431601, 0.43123636, 0.4311559, 0.43753174, 0.43779686, 0.43815848, 0.44460115, 0.43883675, 0.4328762, 0.4395988, 0.44565082, 0.44659325, 0.4465983, 0.4408274, 0.44764405, 0.44803733, 0.44847938, 0.44263348, 0.43044794, 0.43718582, 0.4376935, 0.43776405, 0.44410554, 0.44473922, 0.45728967, 0.46410537, 0.4705001, 0.47674692, 0.4769572, 0.47698793], "std": [0.14400001, 0.14418268, 0.14597619, 0.14775527, 0.14908953, 0.14987071, 0.15036671, 0.15095478, 0.15099443, 0.1507546, 0.15025845, 0.15091915, 0.15097728, 0.15158224, 0.15175143, 0.15209161, 0.15249406, 0.15279114, 0.15294196, 0.15306783, 0.15352087, 0.15292011, 0.15268116, 0.15338527, 0.15360044, 0.1538314, 0.15467116, 0.15437177, 0.1539458, 0.15481433, 0.1547663, 0.15530795, 0.15512788, 0.15487093, 0.15577228, 0.15591799, 0.15652962, 0.15638664, 0.15458839, 0.1556663, 0.15575784, 0.15576853, 0.1564042, 0.15689789, 0.15711604, 0.15703945, 0.15633266, 0.15559538, 0.15564379, 0.15607634], "var": [0.98, 0.98, 0.96, 0.94, 0.96, 0.94, 0.94, 0.94, 0.92, 0.88, 0.86, 0.82, 0.8, 0.8, 0.8, 0.8, 0.78, 0.76, 0.78, 0.8, 0.78, 0.76, 0.74, 0.76, 0.76, 0.78, 0.76, 0.72, 0.72, 0.74, 0.72, 0.72, 0.7, 0.68, 0.68, 0.7, 0.7, 0.72, 0.72, 0.72, 0.72, 0.74, 0.72, 0.74, 0.72, 0.72, 0.72, 0.72, 0.7, 0.74], "best": [0.5666667, 0.60095245, 0.60166675, 0.602381, 0.6030953, 0.6034286, 0.6035715, 0.6040137, 0.6045834, 0.60486776, 0.60509527, 0.60523814, 0.60535717, 0.6054213, 0.6059184, 0.6068255, 0.60767865, 0.60843146, 0.60912704, 0.60972434, 0.61047626, 0.6112926, 0.6120347, 0.6127951, 0.613631, 0.6144572, 0.6152931, 0.6164198, 0.617415, 0.61821026, 0.6191429, 0.61992323, 0.6208483, 0.62158734, 0.62219894, 0.6230477, 0.62387574, 0.6247105, 0.62552637, 0.6261783, 0.6268691, 0.6275843, 0.62823135, 0.6288594, 0.6295563, 0.6302329, 0.6309628, 0.6316718, 0.6323116, 0.6329252], "duration": [3298, 3418, 3237, 3249, 3243, 3257, 3240, 3296, 3240, 3269, 3325, 3240, 3268, 3210, 3237, 3223, 3268, 3235, 3228, 3271, 3247, 3249, 3262, 3281, 3251, 3224, 3270, 3248, 3246, 3254, 3228, 3224, 3205, 3233, 3226, 3183, 3142, 3077, 3231, 3225, 3247, 3250, 3233, 3234, 3198, 3182, 3212, 3242, 3224, 3228]}