{"avg": [0.42962965, 0.4632937, 0.41620585, 0.43039027, 0.42430913, 0.44737127, 0.46333945, 0.49493057, 0.43412536, 0.50180787, 0.49814612, 0.48536727, 0.4995853, 0.5147487, 0.521073, 0.519326, 0.53072983, 0.50590277, 0.5092947, 0.5151159, 0.5356737, 0.5395385, 0.54011124, 0.5579155, 0.5652456, 0.5718686, 0.57064235, 0.58392787, 0.5644246, 0.57913697, 0.58604616, 0.59096307, 0.6000706, 0.5918027, 0.6035481, 0.59274065, 0.6006049, 0.6269398, 0.60180235, 0.635804, 0.6275141, 0.62944067, 0.6333081, 0.646003, 0.64333606, 0.6557621, 0.6530576, 0.6693579, 0.6637256, 0.6767672, 0.67792475, 0.67347026, 0.68378913, 0.6723547, 0.6813905, 0.67534125, 0.6905845, 0.69298476, 0.69718385, 0.69206774, 0.694412, 0.705736, 0.7078586, 0.70918614, 0.7106876, 0.7124494, 0.7126929, 0.71469426, 0.7155902, 0.721035, 0.7224386, 0.7235197, 0.72744983, 0.7286845, 0.727128, 0.73157877, 0.73329324, 0.73079145, 0.73620695, 0.73332566, 0.7386285, 0.7386686, 0.7394804, 0.74255574, 0.7436448, 0.74486095, 0.74447876, 0.7471009, 0.74816513, 0.7492751, 0.75035954, 0.751485, 0.752456, 0.7534072, 0.7543385, 0.75525105, 0.75620455, 0.7571954, 0.7583329, 0.7591667], "std": [0.10507036, 0.0960709, 0.14024873, 0.11444207, 0.12831047, 0.10815403, 0.11096894, 0.082834676, 0.12963647, 0.07845964, 0.1064025, 0.10321723, 0.10386421, 0.081719644, 0.07459433, 0.07532807, 0.09872896, 0.10412233, 0.1092034, 0.11587232, 0.07119319, 0.071943276, 0.08747935, 0.058642283, 0.023170913, 0.024743427, 0.024642576, 0.02951635, 0.06993906, 0.029262556, 0.03594527, 0.06850351, 0.030093033, 0.060567405, 0.03298053, 0.037377045, 0.038243808, 0.025450226, 0.07067155, 0.021603119, 0.036669254, 0.04194763, 0.03675283, 0.029488102, 0.035820782, 0.026046615, 0.031321824, 0.0037755487, 0.03022481, 0.0036968698, 0.007204761, 0.031614184, 0.0050033745, 0.03357384, 0.033181682, 0.045504753, 0.009111581, 0.010467047, 0.008148238, 0.036419366, 0.034150664, 0.0039479295, 0.0036940998, 0.005205457, 0.0069736517, 0.0072751422, 0.009736649, 0.009602997, 0.0124777425, 0.0043694293, 0.0060787, 0.008933492, 5.9604645e-08, 5.9604645e-08, 0.007959935, 0.0, 5.9604645e-08, 0.011070724, 0.0, 0.011012201, 1.1920929e-07, 0.005357559, 0.0071231686, 1.1920929e-07, 0.0, 1.1920929e-07, 0.0058727437, 5.9604645e-08, 0.0, 1.1920929e-07, 0.0, 1.1920929e-07, 1.1920929e-07, 5.9604645e-08, 5.9604645e-08, 1.1920929e-07, 5.9604645e-08, 5.9604645e-08, 5.9604645e-08, 0.0], "var": [0.98, 0.98, 0.98, 0.98, 0.98, 0.96, 0.92, 0.92, 0.88, 0.88, 0.86, 0.86, 0.86, 0.82, 0.78, 0.78, 0.76, 0.78, 0.76, 0.72, 0.7, 0.72, 0.68, 0.66, 0.66, 0.62, 0.58, 0.56, 0.54, 0.52, 0.5, 0.46, 0.44, 0.44, 0.4, 0.38, 0.36, 0.32, 0.3, 0.3, 0.3, 0.28, 0.26, 0.22, 0.18, 0.18, 0.16, 0.16, 0.14, 0.14, 0.14, 0.14, 0.14, 0.12, 0.12, 0.1, 0.1, 0.1, 0.1, 0.1, 0.08, 0.08, 0.08, 0.08, 0.08, 0.08, 0.08, 0.08, 0.08, 0.08, 0.08, 0.08, 0.08, 0.08, 0.08, 0.08, 0.08, 0.08, 0.08, 0.06, 0.06, 0.06, 0.04, 0.04, 0.04, 0.04, 0.02, 0.02, 0.02, 0.02, 0.02, 0.02, 0.02, 0.02, 0.02, 0.02, 0.02, 0.02, 0.02, 0.02], "best": [0.51111114, 0.5619048, 0.5571941, 0.55132276, 0.554827, 0.5552841, 0.5584685, 0.56073284, 0.5641947, 0.5663216, 0.5665141, 0.5695907, 0.57361114, 0.5760462, 0.57920194, 0.58202434, 0.58283365, 0.58596754, 0.58549416, 0.58680904, 0.59050226, 0.59195966, 0.59493756, 0.5984353, 0.60171604, 0.6036969, 0.6065273, 0.6087473, 0.61272776, 0.6152445, 0.61743295, 0.6202671, 0.62510824, 0.62866485, 0.63214666, 0.6350349, 0.6363681, 0.6384294, 0.64279485, 0.6454649, 0.6494148, 0.65234834, 0.6553278, 0.65792453, 0.66121316, 0.66481256, 0.66818047, 0.6712457, 0.6745456, 0.6782764, 0.68114424, 0.6840229, 0.6865296, 0.68885607, 0.6911191, 0.69342726, 0.6954704, 0.6979244, 0.70015717, 0.7023949, 0.70445466, 0.7068309, 0.7087821, 0.71108687, 0.7132652, 0.7152431, 0.7170357, 0.71882874, 0.7206843, 0.7221632, 0.72391284, 0.72582626, 0.7274498, 0.72868454, 0.7300925, 0.73157877, 0.7332932, 0.734774, 0.73620695, 0.7374369, 0.7386286, 0.7400518, 0.7413195, 0.74255586, 0.7436448, 0.74486107, 0.74604833, 0.74710095, 0.74816513, 0.74927497, 0.75035954, 0.7514851, 0.7524561, 0.7534071, 0.75433856, 0.75525117, 0.7562045, 0.75719535, 0.75833285, 0.7591667], "duration": [26831, 31318, 25085, 27182, 27042, 32693, 27051, 31179, 26999, 31622, 27079, 27051, 27054, 27068, 31607, 27103, 27101, 31782, 26753, 27050, 27106, 31573, 27093, 27073, 27119, 27140, 27139, 27062, 27046, 31650, 27114, 27094, 27103, 31614, 27106, 27172, 31627, 31655, 31626, 27071, 27068, 31639, 27130, 27156, 31628, 27093, 27078, 27057, 40663, 27119, 27144, 27179, 27042, 31536, 27119, 27030, 28577, 27067, 27058, 27147, 36316, 27110, 31628, 27041, 27128, 27415, 27122, 27122, 27129, 27077, 27068, 27144, 27081, 27130, 27466, 31623, 31635, 36120, 27149, 27063, 27053, 27081, 31597, 27120, 27116, 27074, 31577, 27103, 27129, 27072, 27062, 27072, 31618, 27117, 27186, 27122, 27117, 31636, 27107, 31638]}