{"avg": [0.14920637, 0.20376278, 0.16641866, 0.18723719, 0.21820883, 0.1786543, 0.20356497, 0.1805115, 0.24845085, 0.22859713, 0.22299801, 0.24474595, 0.24584219, 0.23402026, 0.22389057, 0.2681639, 0.28626704, 0.28468892, 0.26752427, 0.26915294, 0.30924356, 0.30881894, 0.29736084, 0.32295933, 0.31955644, 0.33158627, 0.33022627, 0.32016537, 0.35852343, 0.32716, 0.37721574, 0.37131622, 0.38664818, 0.4079319, 0.3468209, 0.40307087, 0.37569198, 0.41205204, 0.44475535, 0.4386477, 0.39418188, 0.42720836, 0.45420465, 0.47718558, 0.4786634, 0.4496204, 0.45987692, 0.49721494, 0.45309642, 0.5112501], "std": [0.045949575, 0.049391896, 0.08575274, 0.111363575, 0.080001205, 0.08548746, 0.079687685, 0.09664968, 0.08246764, 0.06435333, 0.09714415, 0.089002006, 0.104329266, 0.09086427, 0.08737865, 0.11827303, 0.11424021, 0.09837745, 0.09848952, 0.11738831, 0.10926558, 0.119481765, 0.106407404, 0.1240782, 0.10403706, 0.08431559, 0.11737517, 0.11877275, 0.10133717, 0.09166395, 0.09298033, 0.09679565, 0.12987298, 0.09808029, 0.122880474, 0.1125728, 0.12024937, 0.12943387, 0.100197084, 0.110849105, 0.11296525, 0.10307679, 0.116645, 0.08651465, 0.09295734, 0.09616998, 0.113338485, 0.06883545, 0.09792864, 0.071206145], "var": [0.96, 0.94, 0.94, 0.92, 0.92, 0.92, 0.92, 0.92, 0.92, 0.9, 0.9, 0.92, 0.92, 0.92, 0.9, 0.9, 0.9, 0.9, 0.88, 0.88, 0.88, 0.84, 0.84, 0.82, 0.82, 0.82, 0.78, 0.74, 0.74, 0.76, 0.74, 0.72, 0.72, 0.72, 0.72, 0.7, 0.7, 0.66, 0.68, 0.64, 0.62, 0.62, 0.58, 0.56, 0.54, 0.54, 0.5, 0.48, 0.44, 0.4], "best": [0.1888889, 0.29648528, 0.3992064, 0.40417534, 0.40705183, 0.29017097, 0.4098689, 0.40864202, 0.40997922, 0.41296688, 0.4160938, 0.4162173, 0.41246423, 0.5157361, 0.42036667, 0.5159493, 0.42209268, 0.42430216, 0.52110076, 0.52265567, 0.52391744, 0.5246154, 0.48155934, 0.52846444, 0.5306068, 0.53416795, 0.53579116, 0.53741014, 0.5361157, 0.44867492, 0.5375332, 0.53981704, 0.5462067, 0.5483988, 0.5509677, 0.5523373, 0.55456245, 0.5563244, 0.5594112, 0.5613957, 0.5629749, 0.56381106, 0.565478, 0.5685146, 0.5701078, 0.5721623, 0.57379305, 0.5759389, 0.57800937, 0.5789559], "duration": [2076, 1946, 2074, 3992, 2001, 7947, 6024, 5856, 3992, 1978, 3947, 4782, 5893, 5864, 5834, 5864, 9683, 3982, 4318, 3905, 1978, 2027, 3915, 2007, 3881, 2045, 3929, 1981, 2411, 6265, 4574, 2689, 3927, 3881, 2045, 2531, 2447, 2032, 3134, 2009, 3918, 3960, 2083, 1987, 2101, 11406, 1994, 1978, 2118, 2028]}