{"avg": [0.39866668, 0.43762863, 0.4499429, 0.46250162, 0.47505474, 0.48754665, 0.50003505, 0.5124994, 0.5251119, 0.53747725, 0.55004966, 0.5627325, 0.5752667, 0.5881341, 0.600811, 0.6013055, 0.6017382, 0.6021199, 0.6024594, 0.602763, 0.6030364, 0.6032835, 0.6035082, 0.6037135, 0.6039016, 0.6040747, 0.6042345, 0.60438234, 0.60451984, 0.6046476, 0.604767, 0.6048787, 0.6049834, 0.60508174, 0.60517424, 0.60526156, 0.60534406, 0.6054219, 0.6054957, 0.60556585, 0.60563236, 0.6056957, 0.60575604, 0.6058137, 0.60586846, 0.6059209, 0.605971, 0.6060191, 0.6060652, 0.60610926], "std": [0.14891607, 0.1497337, 0.15027735, 0.14971772, 0.1480735, 0.14543675, 0.14152087, 0.13641576, 0.1300202, 0.12206642, 0.112152405, 0.09985838, 0.083690695, 0.060218755, 0.006150892, 0.006323555, 0.0064833914, 0.006630722, 0.0067663086, 0.006891103, 0.00700607, 0.0071121454, 0.0072102053, 0.007301041, 0.0073853494, 0.0074637583, 0.0075368546, 0.0076051126, 0.0076689846, 0.007728868, 0.0077851135, 0.007838035, 0.007887896, 0.007934967, 0.00797946, 0.008021575, 0.00806151, 0.008099408, 0.008135438, 0.008169718, 0.008202381, 0.008233519, 0.008263264, 0.008291681, 0.00831887, 0.008344906, 0.008369854, 0.008393783, 0.008416765, 0.008438833], "var": [1.0, 0.96, 0.94, 0.9, 0.88, 0.86, 0.84, 0.84, 0.84, 0.82, 0.82, 0.78, 0.76, 0.74, 0.74, 0.74, 0.74, 0.74, 0.74, 0.74, 0.74, 0.74, 0.74, 0.74, 0.74, 0.74, 0.74, 0.74, 0.74, 0.74, 0.74, 0.74, 0.74, 0.74, 0.74, 0.74, 0.74, 0.74, 0.74, 0.74, 0.74, 0.74, 0.74, 0.74, 0.74, 0.74, 0.74, 0.74, 0.74, 0.74], "best": [0.5666667, 0.5976191, 0.60095245, 0.60349214, 0.6060715, 0.6076191, 0.6087302, 0.609796, 0.6108334, 0.6119577, 0.612762, 0.6134633, 0.61420643, 0.6148352, 0.61547625, 0.6160953, 0.61663693, 0.6171149, 0.61753976, 0.61791986, 0.61826193, 0.61857146, 0.61885285, 0.6191098, 0.6193453, 0.619562, 0.61976194, 0.61994714, 0.6201191, 0.6202792, 0.6204286, 0.6205684, 0.62069947, 0.62082255, 0.6209384, 0.6210477, 0.6211641, 0.6212742, 0.6213785, 0.6214775, 0.6215715, 0.6216609, 0.62174606, 0.6218273, 0.6219048, 0.6219789, 0.62204975, 0.6221176, 0.6221826, 0.62224495], "duration": [3156, 3100, 3117, 3120, 3126, 3128, 3135, 3134, 3149, 3130, 3135, 3140, 3144, 3164, 3161, 3156, 3155, 3144, 3146, 3116, 3172, 3176, 3145, 3135, 3137, 3150, 3105, 3151, 3156, 3138, 3141, 3148, 3154, 3159, 3137, 3152, 3135, 3149, 3149, 3155, 3130, 3142, 3140, 3130, 3147, 3139, 3137, 3148, 3163, 3167]}