{"avg": [0.14074074, 0.2105509, 0.1351411, 0.22370684, 0.22950657, 0.20241874, 0.15898268, 0.1585145, 0.21209031, 0.16847669, 0.19858512, 0.1995062, 0.19358616, 0.21091318, 0.24202394, 0.2964077, 0.22560076, 0.24815187, 0.24506244, 0.2528022, 0.24922937, 0.26984423, 0.30859768, 0.3127414, 0.2595987, 0.30330604, 0.28549567, 0.32288828, 0.29066795, 0.3369214, 0.34106627, 0.342171, 0.32194328, 0.3455871, 0.37320858, 0.35482442, 0.3486842, 0.33488888, 0.35853523, 0.3519717, 0.3792618, 0.36133876, 0.35868478, 0.39922905, 0.37834647, 0.39980915, 0.40257084, 0.38123018, 0.39286104, 0.40670824], "std": [0.10754781, 0.1442077, 0.12423743, 0.09542066, 0.094828255, 0.1077626, 0.079123214, 0.10269491, 0.09412788, 0.115203746, 0.11476236, 0.14131607, 0.088970646, 0.08187597, 0.11826331, 0.09104419, 0.1301171, 0.1049225, 0.10166999, 0.08427701, 0.10392877, 0.10657027, 0.11091614, 0.088068016, 0.12449965, 0.08397777, 0.10147486, 0.08165243, 0.10741378, 0.078935854, 0.07327493, 0.07597218, 0.1121622, 0.08572222, 0.058334783, 0.0646332, 0.07249191, 0.08643371, 0.06789844, 0.10080664, 0.053498026, 0.07158586, 0.07490554, 0.041885454, 0.056845896, 0.04234503, 0.0386181, 0.064038046, 0.066186905, 0.042344574], "var": [0.96, 0.92, 0.9, 0.88, 0.88, 0.88, 0.84, 0.84, 0.8, 0.82, 0.84, 0.82, 0.78, 0.78, 0.78, 0.78, 0.78, 0.74, 0.76, 0.74, 0.74, 0.74, 0.74, 0.76, 0.76, 0.74, 0.74, 0.74, 0.74, 0.74, 0.72, 0.72, 0.68, 0.68, 0.7, 0.7, 0.66, 0.64, 0.64, 0.64, 0.6, 0.56, 0.54, 0.56, 0.56, 0.54, 0.52, 0.5, 0.52, 0.5], "best": [0.3555556, 0.40000004, 0.39275798, 0.39269847, 0.3932244, 0.3938209, 0.23872057, 0.37418914, 0.39317828, 0.38519603, 0.38769114, 0.38769847, 0.3725275, 0.3766697, 0.38855475, 0.39893326, 0.39268386, 0.38647372, 0.38187563, 0.39534155, 0.39674163, 0.39218023, 0.39855987, 0.40807658, 0.39203104, 0.40042514, 0.40188003, 0.4000503, 0.40067387, 0.40509152, 0.41727495, 0.40918618, 0.411157, 0.4213216, 0.42351466, 0.41514283, 0.41722143, 0.41224304, 0.4176082, 0.41884577, 0.41515288, 0.41624302, 0.4218646, 0.42361715, 0.41918218, 0.41996384, 0.4265949, 0.42822063, 0.4295019, 0.43085092], "duration": [2035, 2264, 2195, 1934, 1973, 1939, 2163, 2157, 1960, 1866, 2192, 1928, 2167, 2340, 2783, 1900, 1891, 1869, 2515, 1890, 2247, 1897, 1894, 1928, 1882, 1926, 2533, 2251, 2248, 1937, 1907, 1936, 2038, 1996, 1944, 1901, 2252, 1955, 1918, 2214, 1902, 1902, 1945, 1908, 1908, 1915, 2230, 1903, 1905, 1914]}