{"avg": [0.45416674, 0.42753533, 0.4365437, 0.45286116, 0.4192919, 0.47940746, 0.45335078, 0.4881814, 0.48298636, 0.48675188, 0.45601115, 0.4919837, 0.54831994, 0.53122056, 0.5065972, 0.5460196, 0.55518687, 0.5595636, 0.52837104, 0.5393617, 0.54063994, 0.5675511, 0.56890553, 0.54890335, 0.5723489, 0.56320643, 0.58742404, 0.58958906, 0.57472867, 0.5975103, 0.59887564, 0.59397566, 0.608213, 0.60350543, 0.612365, 0.6241425, 0.61987054, 0.61943626, 0.6306341, 0.6281343, 0.64081794, 0.65250707, 0.64488083, 0.64183426, 0.6511429, 0.6419155, 0.6585348, 0.66347986, 0.6721289, 0.6750585], "std": [0.10569254, 0.13023755, 0.16522372, 0.1623146, 0.122197054, 0.095130146, 0.15956156, 0.14119723, 0.10630111, 0.10957402, 0.11769422, 0.08976763, 0.011332776, 0.05662925, 0.08593131, 0.045823578, 0.016505592, 0.015069236, 0.10129909, 0.09213368, 0.10171764, 0.020924421, 0.020771202, 0.07429164, 0.021995658, 0.027032282, 0.014117484, 0.017875127, 0.06917139, 0.020728134, 0.020984475, 0.0297815, 0.022157501, 0.033842053, 0.026713103, 0.020825932, 0.033647392, 0.03469405, 0.026446505, 0.036159698, 0.01745685, 0.0021343706, 0.03234827, 0.03702239, 0.030899413, 0.047173645, 0.03275777, 0.031768806, 0.010641233, 0.010670774], "var": [0.98, 0.96, 0.92, 0.9, 0.88, 0.86, 0.86, 0.86, 0.84, 0.8, 0.76, 0.72, 0.68, 0.64, 0.6, 0.56, 0.52, 0.48, 0.5, 0.5, 0.48, 0.46, 0.42, 0.38, 0.34, 0.3, 0.32, 0.3, 0.26, 0.24, 0.24, 0.24, 0.24, 0.24, 0.22, 0.2, 0.18, 0.16, 0.16, 0.14, 0.12, 0.12, 0.12, 0.12, 0.12, 0.12, 0.12, 0.1, 0.1, 0.1], "best": [0.51111114, 0.5587302, 0.55452853, 0.5577965, 0.5561661, 0.55321336, 0.55411404, 0.55664164, 0.5590965, 0.5603281, 0.56206936, 0.5617895, 0.5671477, 0.5671534, 0.5692774, 0.57102525, 0.574939, 0.575737, 0.5782851, 0.57920486, 0.58231926, 0.58570963, 0.5871545, 0.5901974, 0.59277904, 0.5933135, 0.59487474, 0.59998155, 0.6038935, 0.6084714, 0.6128931, 0.61616457, 0.6192167, 0.6238308, 0.6271936, 0.6307615, 0.63556623, 0.6396581, 0.64291525, 0.64635384, 0.6497112, 0.6534171, 0.65703005, 0.6600353, 0.66278917, 0.66620934, 0.66842526, 0.6714221, 0.6748765, 0.67817926], "duration": [27200, 31182, 31543, 26972, 26641, 26944, 31388, 26957, 31401, 26886, 31178, 35994, 26979, 26999, 26925, 35988, 26998, 31555, 26977, 26980, 26993, 31523, 27013, 26960, 31560, 31561, 26988, 31469, 31471, 27046, 26977, 31499, 26982, 31545, 31516, 26931, 26956, 31434, 26968, 31508, 26951, 27041, 27029, 27015, 26987, 26917, 26993, 27009, 27023, 31520]}