{"avg": [0.45416674, 0.42753533, 0.43732634, 0.4535614, 0.41931343, 0.4803511, 0.45423147, 0.48161238, 0.51807636, 0.46193054, 0.4818342, 0.4928279, 0.5228129, 0.5516474, 0.5228162, 0.53876495, 0.54010093, 0.5205213, 0.5399523, 0.55174845, 0.5266454, 0.5626729, 0.5227698, 0.5665308, 0.5667681, 0.567164, 0.577033, 0.5706278, 0.5632322, 0.580149, 0.59126794, 0.5877522, 0.5793861, 0.57758504, 0.5969418, 0.6088738, 0.6051966, 0.60355055, 0.6127365, 0.61014473, 0.62288505, 0.6200903, 0.6331294, 0.6345846, 0.6397017, 0.6387271, 0.6510976, 0.6520657, 0.65051544, 0.650313, 0.6576031, 0.65423685, 0.6628877, 0.67285097, 0.6773214, 0.68185633, 0.67990416, 0.67997843, 0.68640226, 0.68850917, 0.6955783, 0.6908616, 0.68946683, 0.69394064, 0.69163525, 0.70079315, 0.6984068, 0.69651484, 0.69980687, 0.7130334, 0.7149344, 0.71655345, 0.7119275, 0.7199405, 0.72154075, 0.723203, 0.717841, 0.7260446, 0.7299143, 0.72890216, 0.72438, 0.731741, 0.7331369, 0.73441416, 0.72868896, 0.7368211, 0.7380931, 0.7321767, 0.74041086, 0.7416715, 0.74254316, 0.7438934, 0.7451398, 0.74893284, 0.7472155, 0.74838156, 0.7494573, 0.7505093, 0.75415266, 0.75254476, 0.7534151, 0.754269, 0.7550517, 0.75587547, 0.75673735, 0.7574779, 0.7582578, 0.75907415, 0.75982565, 0.7607101, 0.7613853, 0.762144, 0.76284254, 0.76352966, 0.7642497, 0.7649568, 0.76569474, 0.7662925, 0.76692283, 0.76750183, 0.76823395, 0.7688332, 0.7695404, 0.7701578, 0.77068985, 0.77147365, 0.77202326, 0.77260053, 0.77316886, 0.77369344, 0.7741763, 0.77471995, 0.7752219, 0.77571684, 0.77626926, 0.7767495, 0.7772227, 0.77775127, 0.77821076, 0.77869415, 0.7791999, 0.77966887, 0.7801026, 0.780615, 0.78106403, 0.78153414, 0.7820514, 0.7824803, 0.7829297, 0.783321], "std": [0.10569254, 0.13023755, 0.16574842, 0.16288307, 0.122472465, 0.09572358, 0.15981954, 0.14382735, 0.06895951, 0.12553588, 0.11007974, 0.10520847, 0.060845412, 0.009912874, 0.088981815, 0.05473116, 0.042669218, 0.08564247, 0.051989384, 0.048770178, 0.07629344, 0.014494417, 0.08696911, 0.013073346, 0.014375796, 0.015052698, 0.012609839, 0.016256584, 0.059126202, 0.015721286, 0.01432476, 0.01705667, 0.061713543, 0.062463347, 0.02441989, 0.014558185, 0.023789506, 0.029248426, 0.019262506, 0.029950317, 0.024836827, 0.029414332, 0.025192244, 0.025458453, 0.02016683, 0.025657387, 0.015191938, 0.018777248, 0.024058972, 0.030332742, 0.023948794, 0.032465648, 0.02344595, 0.01541528, 0.007128117, 0.00443373, 0.019360008, 0.030746311, 0.016365504, 0.018222691, 1.1920929e-07, 0.020234805, 0.034503765, 0.033609122, 0.028088918, 0.020348916, 0.037121404, 0.029290946, 0.037500095, 0.0, 5.9604645e-08, 1.1920929e-07, 0.02397256, 5.9604645e-08, 5.9604645e-08, 5.9604645e-08, 0.02516683, 0.0, 0.010457517, 5.9604645e-08, 0.023961922, 1.1920929e-07, 5.9604645e-08, 5.9604645e-08, 0.026400669, 0.0, 1.1920929e-07, 0.027070515, 5.9604645e-08, 0.0, 5.9604645e-08, 1.1920929e-07, 5.9604645e-08, 0.0107582845, 5.9604645e-08, 0.0, 0.0, 0.0, 0.010457518, 1.1920929e-07, 0.0, 5.9604645e-08, 5.9604645e-08, 1.1920929e-07, 0.0, 1.1920929e-07, 1.1920929e-07, 0.0, 0.0, 5.9604645e-08, 1.1920929e-07, 5.9604645e-08, 1.1920929e-07, 1.1920929e-07, 1.1920929e-07, 1.1920929e-07, 1.1920929e-07, 5.9604645e-08, 1.1920929e-07, 0.0, 5.9604645e-08, 5.9604645e-08, 1.1920929e-07, 0.0, 1.1920929e-07, 5.9604645e-08, 5.9604645e-08, 1.1920929e-07, 5.9604645e-08, 5.9604645e-08, 5.9604645e-08, 5.9604645e-08, 1.1920929e-07, 5.9604645e-08, 5.9604645e-08, 1.1920929e-07, 1.1920929e-07, 1.1920929e-07, 1.1920929e-07, 0.0, 5.9604645e-08, 0.0, 1.1920929e-07, 1.1920929e-07, 0.0, 0.0, 5.9604645e-08, 1.1920929e-07, 5.9604645e-08, 1.1920929e-07], "var": [0.98, 0.96, 0.92, 0.88, 0.86, 0.84, 0.82, 0.8, 0.76, 0.76, 0.76, 0.74, 0.7, 0.68, 0.66, 0.64, 0.62, 0.64, 0.62, 0.58, 0.6, 0.58, 0.54, 0.54, 0.54, 0.58, 0.54, 0.54, 0.54, 0.52, 0.48, 0.5, 0.48, 0.46, 0.42, 0.4, 0.38, 0.36, 0.32, 0.3, 0.3, 0.28, 0.26, 0.26, 0.22, 0.2, 0.2, 0.18, 0.18, 0.16, 0.16, 0.12, 0.1, 0.1, 0.1, 0.08, 0.08, 0.08, 0.08, 0.08, 0.08, 0.08, 0.08, 0.08, 0.08, 0.08, 0.08, 0.08, 0.04, 0.04, 0.04, 0.04, 0.04, 0.04, 0.04, 0.04, 0.04, 0.04, 0.04, 0.04, 0.04, 0.04, 0.04, 0.04, 0.04, 0.04, 0.04, 0.02, 0.02, 0.02, 0.02, 0.02, 0.02, 0.02, 0.02, 0.02, 0.02, 0.02, 0.02, 0.02, 0.02, 0.02, 0.02, 0.02, 0.02, 0.02, 0.02, 0.02, 0.02, 0.02, 0.02, 0.02, 0.02, 0.02, 0.02, 0.02, 0.02, 0.02, 0.02, 0.02, 0.02, 0.02, 0.02, 0.02, 0.02, 0.02, 0.02, 0.02, 0.02, 0.02, 0.02, 0.02, 0.02, 0.02, 0.02, 0.02, 0.02, 0.02, 0.02, 0.02, 0.02, 0.02, 0.02, 0.02, 0.02, 0.02, 0.02, 0.02, 0.02, 0.02], "best": [0.51111114, 0.5587302, 0.55452853, 0.5619982, 0.5612943, 0.55989164, 0.559945, 0.563325, 0.56094503, 0.5620143, 0.5622575, 0.5638709, 0.5633185, 0.56330895, 0.5655329, 0.56567466, 0.56719375, 0.5672524, 0.56980824, 0.572358, 0.5767926, 0.5786072, 0.5815791, 0.58404833, 0.58702374, 0.58824664, 0.590378, 0.59501135, 0.5964104, 0.5991166, 0.60168976, 0.60545266, 0.6085619, 0.6119871, 0.6149333, 0.61928064, 0.6231735, 0.62676334, 0.6298772, 0.6334874, 0.6355648, 0.63885766, 0.6426096, 0.6464232, 0.6494713, 0.6529464, 0.65674996, 0.66044706, 0.6635556, 0.6666336, 0.66920274, 0.67184037, 0.67423856, 0.6768312, 0.679776, 0.6830413, 0.6857414, 0.68766505, 0.69025946, 0.6932142, 0.69557816, 0.697909, 0.7000229, 0.70209193, 0.7043246, 0.7060473, 0.7079914, 0.7097641, 0.7113286, 0.7130334, 0.71493447, 0.71655333, 0.7185762, 0.71994054, 0.7215408, 0.72320306, 0.724821, 0.7260446, 0.7717445, 0.7289022, 0.7303705, 0.73174113, 0.73313683, 0.7344142, 0.7357449, 0.7368211, 0.73809296, 0.73941165, 0.7404109, 0.7416715, 0.7425431, 0.74389327, 0.7451397, 0.7905996, 0.74721557, 0.74838156, 0.7494573, 0.7505093, 0.79598266, 0.7525449, 0.7534151, 0.75426906, 0.75505173, 0.75587535, 0.75673735, 0.757478, 0.7582577, 0.75907415, 0.75982565, 0.7607102, 0.76138544, 0.76214397, 0.76284266, 0.76352954, 0.76424956, 0.7649569, 0.76569486, 0.76629245, 0.7669227, 0.76750183, 0.7682339, 0.7688333, 0.7695403, 0.7701578, 0.7706897, 0.7714736, 0.7720233, 0.77260065, 0.7731689, 0.7736935, 0.77417624, 0.7747199, 0.775222, 0.7757169, 0.7762693, 0.7767494, 0.7772228, 0.7777514, 0.7782109, 0.77869415, 0.77919996, 0.77966887, 0.7801025, 0.7806151, 0.78106403, 0.78153414, 0.78205144, 0.7824804, 0.7829298, 0.7833209], "duration": [27109, 31210, 31444, 27026, 26723, 27012, 31423, 27008, 27083, 27058, 27024, 27051, 27090, 31537, 27057, 31503, 27030, 27029, 26998, 27046, 27038, 27001, 26966, 27053, 27010, 27049, 27038, 27003, 27067, 31559, 27054, 27046, 26985, 27034, 36062, 27059, 27010, 27048, 27058, 27069, 27057, 31714, 27047, 27086, 27299, 36132, 29187, 27083, 27124, 27158, 27118, 27106, 27135, 27091, 27109, 27106, 27152, 31630, 40676, 27122, 27200, 27218, 27150, 27248, 27232, 27228, 27284, 27230, 31804, 27261, 27308, 31672, 27529, 31763, 27284, 27259, 27296, 27217, 31790, 27207, 27300, 31747, 27258, 27173, 27186, 27225, 27157, 27130, 27124, 27115, 31622, 36115, 27145, 27076, 27104, 31628, 31588, 27105, 27100, 27122, 27145, 27061, 27099, 27114, 27123, 27168, 31661, 27193, 27103, 27132, 27116, 27134, 31702, 27065, 27131, 31670, 27115, 27103, 27134, 31641, 27116, 27081, 27048, 27100, 36180, 27132, 27075, 27163, 31699, 27116, 27108, 31717, 27093, 27122, 27116, 31619, 27138, 31700, 27175, 27137, 27855, 27090, 27124, 27056, 31625, 31607, 27099, 27074, 27251, 27157]}