{"avg": [0.38750002, 0.40614417, 0.40963584, 0.4215444, 0.40039727, 0.41980475, 0.42833853, 0.4330854, 0.44434366, 0.49033803, 0.51849115, 0.5105312, 0.46172178, 0.50518996, 0.5036241, 0.46723977, 0.50834453, 0.48612958, 0.51527727, 0.5040848, 0.5100887, 0.52891773, 0.49257517, 0.52963126, 0.5448844, 0.5515098, 0.5184205, 0.5177438, 0.5176973, 0.5437443, 0.5632467, 0.56804454, 0.54248726, 0.57177126, 0.5397311, 0.5652582, 0.5854869, 0.5766547, 0.5840917, 0.59021485, 0.58813155, 0.5957126, 0.601282, 0.599848, 0.6022448, 0.60704356, 0.59897405, 0.6161833, 0.61958325, 0.62048775, 0.62461936, 0.6235902, 0.6247339, 0.6350982, 0.6300461, 0.64378667, 0.6449463, 0.64940923, 0.64599884, 0.64953375, 0.6586801, 0.649733, 0.6596923, 0.6576413, 0.6572758, 0.66054994, 0.6722488, 0.6720327, 0.6728252, 0.66093975, 0.6725049, 0.670814, 0.6748879, 0.6830826, 0.68680143, 0.68682855, 0.6799403, 0.6822676, 0.6940186, 0.6964846, 0.6856728, 0.700577, 0.6982256, 0.6995852, 0.70317674, 0.7069093, 0.7065248, 0.70953524, 0.7094737, 0.7112662, 0.7124229, 0.713568, 0.7148311, 0.71796346, 0.7191085, 0.7208522, 0.72243625, 0.7236223, 0.7243569, 0.7251952, 0.72714895, 0.7282451, 0.72932094, 0.72973347, 0.7311938, 0.7317853, 0.73333824, 0.73419183, 0.73461425, 0.73560864, 0.7370824, 0.7376153, 0.7390696, 0.73933923, 0.74075407, 0.7416108, 0.7424538, 0.74333775, 0.7442605, 0.7445448, 0.74593955, 0.7467643, 0.7475754, 0.74827397, 0.7490605, 0.7497861, 0.75059503, 0.7513438, 0.75212663, 0.75276154, 0.7534762, 0.75413644, 0.75474393, 0.7554284, 0.7561025, 0.75672525, 0.75737965, 0.75806457, 0.75866026, 0.7593251, 0.7599801, 0.76058704, 0.7611484, 0.7643532, 0.76235706, 0.76293075, 0.7634259, 0.7639152, 0.7644673, 0.76501185], "std": [0.105692536, 0.12570147, 0.12322262, 0.10874564, 0.13275489, 0.12108677, 0.107601255, 0.10478462, 0.10588337, 0.07439498, 0.055308986, 0.0675139, 0.08886908, 0.071939096, 0.07503916, 0.08508674, 0.068820834, 0.08701267, 0.07518328, 0.1029038, 0.07640593, 0.08815759, 0.11292244, 0.06718097, 0.04653548, 0.04490773, 0.08462513, 0.1093339, 0.10369689, 0.06732138, 0.015083422, 0.013419992, 0.10166383, 0.013757995, 0.10079397, 0.040319588, 0.012227945, 0.040254194, 0.01941604, 0.019168483, 0.01759805, 0.017268391, 0.014510719, 0.019725285, 0.022549337, 0.019819276, 0.029738752, 0.011495658, 0.019781316, 0.01320608, 0.015426611, 0.022487668, 0.024113484, 0.00915061, 0.027160369, 0.0034109878, 0.0042950534, 0.004590677, 0.023728648, 0.025514321, 0.0037147256, 0.027446643, 0.011111322, 0.032087065, 0.031208016, 0.030291706, 0.004113152, 0.0074944077, 0.008303066, 0.043069042, 0.029985646, 0.037779994, 0.035232496, 0.008102816, 0.004646545, 0.008779418, 0.03556819, 0.036732927, 0.005943991, 0.0021495477, 0.038680185, 0.00094139786, 0.008017496, 0.008365281, 0.00584299, 0.0010514355, 0.007264311, 0.0015591651, 0.007779311, 0.006403285, 0.006916617, 0.007428029, 0.0069813384, 0.0012971935, 0.0017460273, 0.0014602616, 0.0, 0.0, 0.0014501668, 0.0022096988, 5.9604645e-08, 5.9604645e-08, 5.9604645e-08, 0.0018174121, 5.9604645e-08, 0.001722462, 1.1920929e-07, 5.9604645e-08, 0.0018681935, 0.0018976987, 5.9604645e-08, 0.0019638077, 5.9604645e-08, 0.0020828447, 5.9604645e-08, 1.1920929e-07, 5.9604645e-08, 1.1920929e-07, 5.9604645e-08, 0.002202288, 5.9604645e-08, 1.1920929e-07, 0.0, 1.1920929e-07, 1.1920929e-07, 1.1920929e-07, 5.9604645e-08, 1.1920929e-07, 0.0, 1.1920929e-07, 1.1920929e-07, 0.0, 1.1920929e-07, 5.9604645e-08, 0.0, 5.9604645e-08, 1.1920929e-07, 1.1920929e-07, 5.9604645e-08, 5.9604645e-08, 1.1920929e-07, 5.9604645e-08, 5.9604645e-08, 0.010457516, 5.9604645e-08, 1.1920929e-07, 5.9604645e-08, 1.1920929e-07, 5.9604645e-08, 0.0], "var": [1.0, 0.98, 0.96, 0.94, 0.92, 0.92, 0.9, 0.88, 0.86, 0.82, 0.82, 0.8, 0.78, 0.76, 0.76, 0.8, 0.78, 0.76, 0.72, 0.7, 0.66, 0.64, 0.6, 0.6, 0.62, 0.62, 0.6, 0.58, 0.6, 0.58, 0.6, 0.58, 0.54, 0.52, 0.5, 0.52, 0.52, 0.5, 0.48, 0.48, 0.48, 0.48, 0.46, 0.44, 0.44, 0.4, 0.36, 0.36, 0.36, 0.32, 0.32, 0.3, 0.28, 0.26, 0.24, 0.24, 0.24, 0.24, 0.22, 0.22, 0.22, 0.2, 0.2, 0.2, 0.18, 0.18, 0.18, 0.18, 0.18, 0.18, 0.18, 0.18, 0.18, 0.18, 0.18, 0.18, 0.16, 0.14, 0.14, 0.12, 0.1, 0.1, 0.1, 0.1, 0.1, 0.1, 0.1, 0.1, 0.08, 0.08, 0.06, 0.06, 0.04, 0.04, 0.04, 0.04, 0.04, 0.04, 0.04, 0.04, 0.04, 0.04, 0.04, 0.04, 0.04, 0.04, 0.04, 0.04, 0.04, 0.04, 0.04, 0.04, 0.04, 0.04, 0.04, 0.04, 0.04, 0.04, 0.04, 0.02, 0.02, 0.02, 0.02, 0.02, 0.02, 0.02, 0.02, 0.02, 0.02, 0.02, 0.02, 0.02, 0.02, 0.02, 0.02, 0.02, 0.02, 0.02, 0.02, 0.02, 0.02, 0.02, 0.02, 0.02, 0.02, 0.02, 0.02, 0.02, 0.02, 0.02], "best": [0.51111114, 0.55128974, 0.55028164, 0.53846675, 0.54545933, 0.5487051, 0.54993105, 0.54726636, 0.5456734, 0.5490363, 0.5477412, 0.5511224, 0.55113685, 0.55218256, 0.553501, 0.55481344, 0.55621374, 0.56084454, 0.5629572, 0.5622244, 0.565873, 0.5645, 0.57066965, 0.57199454, 0.5731429, 0.57495004, 0.57483834, 0.57913834, 0.5769696, 0.58222365, 0.5852361, 0.58704686, 0.5888478, 0.5904301, 0.59256476, 0.59431416, 0.5963264, 0.5996464, 0.60242766, 0.6047854, 0.6077207, 0.6104479, 0.6120286, 0.6160507, 0.6188077, 0.6211498, 0.62383384, 0.6255138, 0.62856936, 0.63012767, 0.634127, 0.6370596, 0.6396474, 0.6419488, 0.6446527, 0.6468614, 0.6498145, 0.6528522, 0.6556652, 0.65844375, 0.66137904, 0.663852, 0.66592145, 0.66820633, 0.6702714, 0.67223537, 0.6741393, 0.67632055, 0.67841834, 0.68002564, 0.6817282, 0.68404126, 0.6855685, 0.6872564, 0.6890944, 0.6910031, 0.69255, 0.69415784, 0.69569755, 0.6976191, 0.69939387, 0.7008288, 0.7024651, 0.70414865, 0.70568323, 0.70720094, 0.70858914, 0.7101718, 0.7114824, 0.7129196, 0.7143413, 0.71555316, 0.716813, 0.7182878, 0.7197074, 0.7212424, 0.72243625, 0.7236223, 0.72470874, 0.72606206, 0.7271489, 0.72824514, 0.729321, 0.7302375, 0.73119384, 0.73221594, 0.7333381, 0.7341918, 0.7350965, 0.7360987, 0.73708236, 0.7381224, 0.7390695, 0.739896, 0.740754, 0.74161094, 0.7424539, 0.74333787, 0.74426043, 0.74511355, 0.7459396, 0.7467644, 0.7475754, 0.7482741, 0.7490604, 0.74978596, 0.750595, 0.7513439, 0.75212663, 0.7527614, 0.7534763, 0.75413644, 0.75474405, 0.75542843, 0.7561025, 0.7567252, 0.7573798, 0.7580647, 0.7586602, 0.75932515, 0.75997996, 0.7605871, 0.76114833, 0.80618334, 0.7623571, 0.76293063, 0.76342595, 0.7639153, 0.76446736, 0.76501185], "duration": [25241, 26790, 30859, 26525, 31799, 25396, 27016, 25416, 27329, 27399, 27415, 27372, 36132, 27531, 27249, 23526, 27395, 27348, 27439, 27520, 28868, 27393, 27386, 27418, 27425, 31967, 27304, 27218, 27252, 27263, 27430, 27358, 27470, 27646, 27648, 27588, 27635, 27663, 27727, 27686, 27680, 27709, 27794, 32171, 27636, 32310, 27741, 27787, 27831, 27901, 27879, 27858, 27847, 32521, 27839, 27832, 36958, 27759, 32459, 37182, 27861, 32461, 27758, 27857, 27820, 27852, 27839, 27834, 27822, 32419, 32487, 27701, 27726, 27825, 27807, 27704, 27805, 32453, 27827, 27922, 32604, 27928, 27877, 32529, 27784, 27771, 27850, 27746, 27802, 27834, 27916, 27795, 27819, 27930, 32542, 27753, 27730, 27723, 27801, 27619, 27931, 27714, 27880, 27767, 27797, 27698, 27760, 27765, 27847, 27760, 32466, 27770, 27747, 27783, 28141, 27458, 27474, 27499, 27465, 27463, 32083, 27354, 27485, 27503, 27513, 32138, 27420, 27382, 27989, 27470, 31982, 28241, 34303, 27500, 27773, 32558, 32566, 27748, 27907, 27895, 27982, 27949, 27958, 27920, 27871, 27444, 27417, 31919, 27315, 31917]}