{"avg": [0.39866665, 0.43766674, 0.45001435, 0.46236512, 0.47473812, 0.48707622, 0.4995794, 0.5119212, 0.5244489, 0.537071, 0.54947233, 0.5620503, 0.5748405, 0.5875223, 0.60045046, 0.60102606, 0.60152984, 0.6019743, 0.6023693, 0.6027228, 0.60304093, 0.6033289, 0.6035905, 0.60382944, 0.60404855, 0.60425, 0.60443586, 0.6046082, 0.6047681, 0.60491693, 0.6050559, 0.605186, 0.60530776, 0.60542226, 0.60552996, 0.6056316, 0.60572755, 0.6058183, 0.60590434, 0.60598576, 0.60606337, 0.6061371, 0.60620725, 0.60627425, 0.60633814, 0.6063991, 0.60645765, 0.6065134, 0.60656714, 0.6066185], "std": [0.14891611, 0.15021877, 0.15047824, 0.14986672, 0.1481244, 0.14545529, 0.14154056, 0.13660671, 0.1300843, 0.12178868, 0.11183075, 0.099648975, 0.083449066, 0.06046048, 0.0045549083, 0.00473115, 0.0049058953, 0.005074335, 0.005234199, 0.0053846026, 0.0055254255, 0.0056569665, 0.005779707, 0.0058942484, 0.006001195, 0.006101138, 0.0061946684, 0.006282298, 0.0063645206, 0.006441783, 0.0065144943, 0.0065830117, 0.0066476865, 0.00670879, 0.006766629, 0.0068214275, 0.006873427, 0.006922819, 0.0069697946, 0.007014522, 0.007057158, 0.007097828, 0.0071366844, 0.0071738367, 0.007209384, 0.0072434377, 0.007276075, 0.0073073935, 0.007337468, 0.0073663755], "var": [0.98, 0.96, 0.94, 0.9, 0.88, 0.86, 0.86, 0.84, 0.84, 0.8, 0.76, 0.76, 0.76, 0.74, 0.74, 0.74, 0.74, 0.74, 0.74, 0.74, 0.74, 0.74, 0.74, 0.74, 0.74, 0.74, 0.74, 0.74, 0.74, 0.74, 0.74, 0.74, 0.74, 0.74, 0.74, 0.74, 0.74, 0.74, 0.74, 0.74, 0.74, 0.74, 0.74, 0.74, 0.74, 0.74, 0.74, 0.74, 0.74, 0.74], "best": [0.5666667, 0.6014286, 0.60166675, 0.6019048, 0.6017858, 0.6019048, 0.6025397, 0.60326535, 0.6038691, 0.604709, 0.605381, 0.60588753, 0.6068255, 0.60769236, 0.60843545, 0.6091429, 0.60976195, 0.6103082, 0.6107937, 0.6112281, 0.6116191, 0.61197287, 0.61229444, 0.61258805, 0.6130358, 0.61344767, 0.6138279, 0.61417997, 0.61450684, 0.61481124, 0.6150953, 0.61536103, 0.6156102, 0.6158442, 0.6160645, 0.61627215, 0.6164683, 0.61665386, 0.61682963, 0.6169964, 0.61715484, 0.6173055, 0.61744905, 0.6175859, 0.6177165, 0.6178413, 0.6179607, 0.618075, 0.61818457, 0.61828965], "duration": [3192, 3160, 3236, 3233, 3254, 3229, 3233, 3233, 3168, 3170, 3206, 3244, 3253, 3253, 3275, 3262, 3262, 3257, 3277, 3289, 3288, 3273, 3196, 3154, 3184, 3176, 3179, 3166, 3205, 3245, 3241, 3256, 3276, 3230, 3259, 3198, 3171, 3137, 3147, 3276, 3248, 3272, 3202, 3167, 3239, 3280, 3252, 3258, 3276, 3248]}