{"avg": [0.40915036, 0.45350143, 0.4420966, 0.4932586, 0.46264067, 0.4723059, 0.50348043, 0.5180157, 0.5008265, 0.49220246, 0.4813363, 0.51617706, 0.51147664, 0.5258535, 0.5504884, 0.51878345, 0.4874855, 0.49356169, 0.5430871, 0.4988351, 0.5580674, 0.53491515, 0.5461465, 0.5517701, 0.54633814, 0.5530668, 0.56911016, 0.5578729, 0.5571849, 0.57174736, 0.55572206, 0.5839686, 0.5789847, 0.5768836, 0.5847254, 0.59707075, 0.58364207, 0.5792449, 0.5984869, 0.6006664, 0.5996888, 0.6047699, 0.59682786, 0.61717, 0.6066968, 0.5954452, 0.6272409, 0.6211554, 0.63658607, 0.62160957], "std": [0.10590657, 0.107597284, 0.123703636, 0.07157232, 0.12666509, 0.109413646, 0.1002806, 0.089528106, 0.100692935, 0.10676555, 0.13110474, 0.09005167, 0.10018874, 0.05691795, 0.007358835, 0.09392948, 0.12626825, 0.124766104, 0.041743074, 0.12665713, 0.011877238, 0.09424556, 0.048115507, 0.046769287, 0.06400249, 0.046697598, 0.017129878, 0.05005979, 0.053024225, 0.021205826, 0.065343075, 0.018516669, 0.02534784, 0.02806513, 0.022664526, 0.020086681, 0.030855415, 0.05641424, 0.024955567, 0.02464434, 0.030593988, 0.027548539, 0.055466734, 0.027614646, 0.035470143, 0.059391256, 0.019747084, 0.030387457, 0.015206748, 0.03420278], "var": [0.96, 0.92, 0.9, 0.86, 0.84, 0.84, 0.82, 0.84, 0.8, 0.8, 0.8, 0.8, 0.8, 0.78, 0.78, 0.78, 0.74, 0.72, 0.72, 0.68, 0.68, 0.66, 0.66, 0.62, 0.58, 0.58, 0.54, 0.54, 0.54, 0.5, 0.5, 0.46, 0.48, 0.46, 0.44, 0.44, 0.42, 0.44, 0.44, 0.4, 0.38, 0.4, 0.4, 0.38, 0.4, 0.38, 0.36, 0.36, 0.36, 0.34], "best": [0.51111114, 0.5587302, 0.5602183, 0.5549207, 0.55730873, 0.544674, 0.55151516, 0.5492485, 0.55184776, 0.55314726, 0.5536066, 0.55360836, 0.55572265, 0.55849904, 0.5599153, 0.5624789, 0.5633598, 0.5630106, 0.56562907, 0.566534, 0.56848073, 0.57491773, 0.5779583, 0.5775377, 0.5826677, 0.5853625, 0.5896532, 0.5908533, 0.59518003, 0.59526277, 0.5974911, 0.60204273, 0.6040931, 0.60658133, 0.60973126, 0.6108927, 0.6140724, 0.6174686, 0.6180721, 0.6210679, 0.62366873, 0.6262654, 0.6288076, 0.6312993, 0.6349554, 0.63673276, 0.6383954, 0.6409485, 0.64364976, 0.6466713], "duration": [31269, 27022, 31590, 31694, 31527, 26976, 27041, 27007, 27022, 27084, 27022, 36107, 27052, 27051, 27071, 31553, 26995, 31515, 26986, 27010, 27003, 27125, 27109, 31592, 27052, 27078, 31581, 27029, 27071, 27035, 27065, 27026, 27028, 31629, 27019, 27048, 31533, 27026, 27074, 27060, 27019, 27065, 27028, 27027, 27020, 27105, 27035, 27065, 27139, 27089]}