{"avg": [0.17481484, 0.17490081, 0.15603101, 0.2214286, 0.20039032, 0.19826932, 0.21260032, 0.21191318, 0.19053718, 0.23254615, 0.26266888, 0.19895275, 0.20670386, 0.24406086, 0.24805039, 0.27086607, 0.23895717, 0.26357356, 0.31605652, 0.27984098, 0.25823602, 0.3535605, 0.30819628, 0.33133817, 0.32882193, 0.36594296, 0.35892347, 0.32785174, 0.35574755, 0.38005653, 0.3803256, 0.32035995, 0.33513042, 0.3797895, 0.3980757, 0.4084477, 0.3561491, 0.36892045, 0.41182247, 0.43728256, 0.4023819, 0.39109725, 0.38070828, 0.41952628, 0.43422756, 0.46641123, 0.36693382, 0.44948423, 0.4287062, 0.43699038], "std": [0.0996675, 0.10432089, 0.13651685, 0.13822986, 0.11239737, 0.105567925, 0.11601346, 0.112202026, 0.11977541, 0.124751255, 0.11740708, 0.12692434, 0.12969606, 0.12298947, 0.121750325, 0.124083534, 0.17504747, 0.11093791, 0.13359486, 0.15571277, 0.12777686, 0.10366223, 0.08760015, 0.08399129, 0.15661663, 0.06373246, 0.07689355, 0.118696555, 0.075879656, 0.089193925, 0.07664702, 0.1540644, 0.12720901, 0.103840604, 0.09202769, 0.08039564, 0.12666029, 0.12998328, 0.059336923, 0.04767102, 0.12873833, 0.13832852, 0.14168803, 0.10544777, 0.12559265, 0.051458936, 0.14115341, 0.043786984, 0.13589092, 0.0948205], "var": [0.98, 0.98, 0.98, 0.98, 0.98, 0.96, 0.92, 0.92, 0.9, 0.86, 0.86, 0.84, 0.82, 0.82, 0.82, 0.8, 0.76, 0.78, 0.76, 0.74, 0.72, 0.68, 0.68, 0.64, 0.62, 0.62, 0.58, 0.6, 0.58, 0.56, 0.56, 0.56, 0.54, 0.54, 0.52, 0.48, 0.5, 0.48, 0.44, 0.4, 0.4, 0.38, 0.36, 0.36, 0.36, 0.34, 0.32, 0.34, 0.3, 0.28], "best": [0.3555556, 0.40000004, 0.38090122, 0.39047623, 0.3981005, 0.38594407, 0.38747606, 0.389601, 0.3959537, 0.39851624, 0.39915484, 0.39500332, 0.39480913, 0.39650798, 0.39874497, 0.40439564, 0.555754, 0.4007303, 0.55693805, 0.40462744, 0.40753844, 0.5638115, 0.412754, 0.41441435, 0.56749207, 0.4166243, 0.41916436, 0.42181796, 0.42449498, 0.5735718, 0.4286018, 0.57592595, 0.4320591, 0.4339382, 0.5796416, 0.58093506, 0.4406799, 0.58286756, 0.4440024, 0.5855452, 0.5642921, 0.5879425, 0.5654289, 0.5901915, 0.59177196, 0.5930349, 0.4637958, 0.5689761, 0.5700151, 0.570713], "duration": [2008, 6072, 3826, 1991, 3792, 6072, 3791, 5714, 3869, 5686, 9495, 6023, 3832, 7686, 6394, 3819, 3901, 5821, 5778, 2037, 5787, 2381, 5755, 6093, 2360, 9512, 3824, 3904, 3877, 4194, 3909, 5771, 3897, 2321, 3977, 2356, 6563, 3944, 2042, 2000, 2123, 3919, 2056, 3951, 2440, 2120, 3868, 1997, 2023, 4263]}