{"avg": [0.34166673, 0.4174195, 0.45923045, 0.40406162, 0.43609285, 0.4194853, 0.4651939, 0.5132353, 0.48972833, 0.48531646, 0.48789376, 0.49574086, 0.5654983, 0.53188556, 0.5726765, 0.5603494, 0.54832923, 0.5388661, 0.5898778, 0.5841052, 0.6127894, 0.6193898, 0.6013196, 0.6106501, 0.6462412, 0.61744905, 0.6393989, 0.62150246, 0.63448197, 0.6642857, 0.6732411, 0.69964874, 0.7083865, 0.6802115, 0.71114117, 0.7194693, 0.7215508, 0.7270217, 0.7306626, 0.73064274, 0.7466233, 0.72651374, 0.74956053, 0.7504701, 0.7577371, 0.7463575, 0.75098205, 0.75771904, 0.76925, 0.7719287], "std": [0.12990384, 0.15146545, 0.15425453, 0.15259905, 0.14935867, 0.14908807, 0.15037392, 0.13785225, 0.1512813, 0.15416072, 0.15192828, 0.15589765, 0.112319216, 0.14269185, 0.10267093, 0.13113062, 0.14262258, 0.14714912, 0.10766793, 0.129729, 0.08875281, 0.08833616, 0.124231316, 0.12574819, 0.08862168, 0.11883207, 0.10781446, 0.13036066, 0.13429642, 0.10137798, 0.09918131, 0.02618737, 0.023972495, 0.09720066, 0.033548806, 0.026905509, 0.027234508, 0.026322955, 0.029065032, 0.034567535, 5.9604645e-08, 0.04585056, 0.008323102, 0.021252407, 0.0047767647, 0.03828971, 0.033435103, 0.0353189, 0.0, 1.1920929e-07], "var": [0.96, 0.92, 0.92, 0.92, 0.92, 0.92, 0.9, 0.9, 0.9, 0.86, 0.82, 0.78, 0.74, 0.74, 0.72, 0.7, 0.66, 0.62, 0.58, 0.54, 0.52, 0.48, 0.44, 0.42, 0.4, 0.36, 0.32, 0.3, 0.28, 0.26, 0.24, 0.24, 0.22, 0.2, 0.18, 0.18, 0.18, 0.18, 0.18, 0.18, 0.18, 0.16, 0.16, 0.16, 0.16, 0.12, 0.1, 0.08, 0.08, 0.08], "best": [0.5666667, 0.61726195, 0.6236653, 0.62767863, 0.6307693, 0.62797624, 0.62361324, 0.6218711, 0.6219723, 0.62537515, 0.63158834, 0.63123494, 0.6373551, 0.64039576, 0.6445303, 0.64566654, 0.65028125, 0.6542612, 0.65699303, 0.6608047, 0.66672605, 0.67012477, 0.67397916, 0.6772574, 0.6817876, 0.6879819, 0.69130987, 0.6945737, 0.6975924, 0.70165634, 0.7059072, 0.7110756, 0.7161793, 0.7207685, 0.72453135, 0.7285886, 0.73241764, 0.73592937, 0.7401024, 0.74343324, 0.74662334, 0.7503872, 0.7527232, 0.7557833, 0.75901365, 0.76190484, 0.7643638, 0.7668384, 0.76925, 0.7719286], "duration": [1238, 1194, 1179, 1195, 1589, 1203, 1180, 1143, 1311, 1121, 1111, 1154, 1166, 1161, 1174, 1175, 1587, 1179, 1193, 1374, 1185, 1376, 1180, 1195, 1174, 1383, 1218, 1192, 1178, 1196, 1379, 1183, 1175, 1175, 1176, 1385, 1192, 1198, 1379, 1179, 1197, 1233, 1216, 1388, 1201, 1389, 1364, 1181, 1197, 1164]}