{"avg": [0.39422235, 0.42832384, 0.43566364, 0.43499365, 0.44984207, 0.46168324, 0.45509204, 0.4629039, 0.47165567, 0.47216088, 0.475602, 0.4769174, 0.4803366, 0.4821558, 0.49126354, 0.49998105, 0.5071938, 0.51493096, 0.5229298, 0.5276155, 0.53435874, 0.5356167, 0.54024786, 0.54080045, 0.5454257, 0.5495772, 0.55177724, 0.55280995, 0.5579717, 0.5593242, 0.5637322, 0.56517863, 0.56613505, 0.56720865, 0.56803876, 0.5698082, 0.5718763, 0.57318395, 0.57338405, 0.5749955, 0.575911, 0.5779356, 0.5792696, 0.5816309, 0.5840301, 0.58711755, 0.58953154, 0.5908685, 0.5914519, 0.59392], "std": [0.13160436, 0.12824927, 0.12934238, 0.1254093, 0.11583586, 0.10960807, 0.110970385, 0.10463011, 0.10288136, 0.103163704, 0.096895136, 0.096026935, 0.095629774, 0.09389162, 0.09053216, 0.07959466, 0.076557174, 0.070821255, 0.06638632, 0.06130466, 0.054609608, 0.055268936, 0.051572755, 0.051970255, 0.048144113, 0.042909987, 0.043596685, 0.044041708, 0.032077197, 0.032334935, 0.02028941, 0.020065565, 0.020097606, 0.020158721, 0.020383205, 0.02044487, 0.020220062, 0.02032294, 0.020385778, 0.020281672, 0.02047733, 0.020769771, 0.021482464, 0.022292528, 0.022617882, 0.022948224, 0.02384663, 0.023911646, 0.024916962, 0.024771567], "var": [0.98, 0.94, 0.92, 0.9, 0.88, 0.88, 0.88, 0.86, 0.86, 0.84, 0.8, 0.78, 0.76, 0.74, 0.72, 0.7, 0.7, 0.7, 0.72, 0.74, 0.72, 0.68, 0.66, 0.62, 0.6, 0.56, 0.54, 0.54, 0.56, 0.52, 0.5, 0.48, 0.44, 0.44, 0.48, 0.48, 0.46, 0.5, 0.5, 0.5, 0.5, 0.48, 0.48, 0.48, 0.44, 0.42, 0.44, 0.42, 0.4, 0.38], "best": [0.51111114, 0.54587305, 0.54587305, 0.5463492, 0.5463492, 0.5487302, 0.55285716, 0.555737, 0.5579564, 0.5597884, 0.561254, 0.5624964, 0.56357145, 0.5644811, 0.5650227, 0.5661905, 0.56798613, 0.56973857, 0.57129633, 0.5732665, 0.5749683, 0.576508, 0.5782107, 0.5799931, 0.5815873, 0.5832826, 0.5850855, 0.58698416, 0.58871317, 0.5902901, 0.59176195, 0.5931388, 0.59445935, 0.59567106, 0.5968254, 0.59791386, 0.5991138, 0.6004162, 0.60167503, 0.6027839, 0.60393256, 0.6050136, 0.60622454, 0.6074567, 0.6089142, 0.61053973, 0.6123637, 0.61428237, 0.6160913, 0.6177681], "duration": [63227, 63998, 65349, 65154, 66956, 67608, 66458, 69009, 69193, 69169, 69983, 69137, 69516, 68378, 68506, 70100, 70820, 72260, 72487, 72534, 72492, 72389, 74336, 74228, 76221, 76316, 75972, 75865, 76272, 76305, 76322, 76289, 76304, 76304, 76309, 76288, 76258, 76246, 76378, 76785, 76618, 76414, 76424, 76314, 76365, 76320, 76343, 76262, 76236, 76257]}