{"avg": [0.11428572, 0.15612245, 0.19500354, 0.21927965, 0.2199573, 0.11723624, 0.19173785, 0.22540125, 0.25077632, 0.20462626, 0.20432071, 0.14701037, 0.24623206, 0.27690527, 0.2576254, 0.31929272, 0.29672503, 0.25573397, 0.34016153, 0.32546866, 0.34145427, 0.35376862, 0.342529, 0.322206, 0.3409186, 0.3169714, 0.3070872, 0.36973795, 0.38468063, 0.4693908, 0.40812916, 0.48497128, 0.46942598, 0.38810626, 0.46036837, 0.48858324, 0.46303284, 0.52083045, 0.5176724, 0.5236161, 0.5475672, 0.48812386, 0.50963104, 0.52886254, 0.54760945, 0.5785403, 0.5794147, 0.5814151, 0.5893263, 0.57364905], "std": [0.07315378, 0.10588319, 0.13913088, 0.13843572, 0.13841704, 0.11811191, 0.13268456, 0.1594559, 0.13653992, 0.1122413, 0.14970794, 0.109871425, 0.16787198, 0.1599842, 0.16327046, 0.17491159, 0.16549566, 0.14755823, 0.15750368, 0.16168123, 0.16226593, 0.1607983, 0.18384834, 0.14704363, 0.18748762, 0.17096168, 0.17948888, 0.18931353, 0.20287673, 0.17030214, 0.19093719, 0.12826419, 0.13889053, 0.17943524, 0.18334682, 0.16606887, 0.19062911, 0.12932354, 0.10950625, 0.121305384, 0.079676814, 0.13118729, 0.14156415, 0.10987555, 0.10389912, 0.05860074, 0.058063556, 0.068714134, 0.050903063, 0.080886334], "var": [0.98, 0.96, 0.92, 0.92, 0.88, 0.88, 0.84, 0.86, 0.86, 0.86, 0.82, 0.78, 0.74, 0.76, 0.76, 0.76, 0.74, 0.72, 0.68, 0.7, 0.66, 0.66, 0.66, 0.64, 0.62, 0.6, 0.58, 0.56, 0.54, 0.5, 0.52, 0.5, 0.5, 0.48, 0.46, 0.5, 0.48, 0.46, 0.46, 0.46, 0.44, 0.44, 0.46, 0.46, 0.42, 0.38, 0.38, 0.38, 0.34, 0.34], "best": [0.20000002, 0.37936512, 0.5349207, 0.54267263, 0.55037594, 0.37809527, 0.5532954, 0.55476195, 0.5566841, 0.52659565, 0.5562161, 0.38595647, 0.5504647, 0.55596966, 0.5572219, 0.5588306, 0.56052536, 0.5435383, 0.5460318, 0.5537302, 0.55880433, 0.5592277, 0.5594806, 0.55741477, 0.5597982, 0.56005627, 0.562621, 0.5647105, 0.5649816, 0.5682857, 0.57253355, 0.572956, 0.5788543, 0.58225846, 0.5846299, 0.58745205, 0.5915058, 0.59390336, 0.5965979, 0.60019845, 0.6046872, 0.60763216, 0.6102132, 0.61245424, 0.61559296, 0.6179636, 0.62064826, 0.62384856, 0.6268165, 0.62934744], "duration": [2161, 1911, 3894, 7736, 5799, 2083, 3950, 12565, 5957, 3800, 5775, 1990, 7668, 9600, 8357, 9644, 9679, 3956, 11574, 16069, 13502, 13549, 9674, 9667, 9677, 7794, 15746, 11584, 13500, 13534, 13520, 11613, 13570, 11597, 15793, 15800, 13523, 13538, 13542, 13526, 13541, 11608, 13514, 13564, 13534, 15779, 13545, 13536, 13570, 13571]}