{"avg": [0.45416674, 0.4113757, 0.44018254, 0.40641126, 0.41434264, 0.44014555, 0.4711897, 0.47184125, 0.4287929, 0.49349874, 0.48425293, 0.49436545, 0.5168344, 0.53030545, 0.49599376, 0.52678984, 0.5177764, 0.5021826, 0.54830915, 0.55401963, 0.49938038, 0.51461345, 0.47907326, 0.55834395, 0.55332124, 0.56825066, 0.5763269, 0.5471759, 0.5807162, 0.5450806, 0.5878435, 0.58780915, 0.56808084, 0.5846694, 0.5943387, 0.58891237, 0.5878708, 0.6085336, 0.60487556, 0.61129516, 0.61568105, 0.59500307, 0.6143251, 0.6235399, 0.6222528, 0.625474, 0.61235106, 0.6296378, 0.62388647, 0.6433295], "std": [0.10569254, 0.18243724, 0.12143238, 0.14665686, 0.1490884, 0.12924993, 0.11326627, 0.09285133, 0.16940483, 0.08664064, 0.11233646, 0.10833808, 0.079105705, 0.06440803, 0.1406578, 0.0780026, 0.07657062, 0.0850314, 0.046871766, 0.04898702, 0.11805177, 0.14336818, 0.1701675, 0.049013436, 0.04929101, 0.016324546, 0.011818105, 0.10572041, 0.012314892, 0.11228337, 0.00900123, 0.014815523, 0.0725091, 0.05245799, 0.01796645, 0.055442173, 0.057821583, 0.0075447443, 0.023923058, 0.016558222, 0.012579463, 0.063413925, 0.029236427, 0.01383288, 0.02775056, 0.017365623, 0.066105604, 0.020076953, 0.033848356, 0.00532941], "var": [0.96, 0.92, 0.94, 0.92, 0.9, 0.88, 0.86, 0.82, 0.78, 0.74, 0.7, 0.66, 0.62, 0.58, 0.54, 0.52, 0.5, 0.46, 0.46, 0.46, 0.44, 0.42, 0.4, 0.4, 0.38, 0.36, 0.34, 0.3, 0.28, 0.24, 0.28, 0.26, 0.24, 0.24, 0.22, 0.22, 0.2, 0.2, 0.18, 0.16, 0.16, 0.12, 0.12, 0.12, 0.12, 0.12, 0.08, 0.08, 0.08, 0.08], "best": [0.51111114, 0.5587302, 0.5587302, 0.5468254, 0.55128974, 0.5513816, 0.55529374, 0.5563917, 0.55669993, 0.558566, 0.5612134, 0.5642454, 0.56588537, 0.57006806, 0.5725754, 0.5730355, 0.57609713, 0.5773869, 0.577305, 0.5795736, 0.58337915, 0.58334064, 0.583581, 0.5844019, 0.5866141, 0.58278453, 0.58795637, 0.58975124, 0.5915098, 0.592224, 0.59449625, 0.59567255, 0.59859055, 0.6015122, 0.6046648, 0.6065256, 0.61042476, 0.6140769, 0.6179904, 0.6212994, 0.62524325, 0.6282121, 0.6299393, 0.6322744, 0.6356479, 0.63876706, 0.64084125, 0.6436661, 0.6456895, 0.6474576], "duration": [27149, 27007, 29574, 24780, 26688, 26676, 26985, 31487, 26959, 31448, 31515, 27079, 27004, 36012, 27010, 27018, 26977, 26993, 27050, 27027, 27001, 36004, 26985, 26979, 27086, 27074, 27062, 27068, 27101, 27061, 27018, 27063, 27053, 27091, 27056, 27066, 27093, 31533, 27052, 31616, 27093, 27072, 27013, 27102, 27101, 27035, 26998, 27143, 27035, 27064]}