{"avg": [0.17481484, 0.1585034, 0.19853391, 0.23283501, 0.1746395, 0.18805936, 0.22900216, 0.17287673, 0.23020515, 0.25196904, 0.25585318, 0.22196642, 0.17862926, 0.22658704, 0.29906633, 0.24725527, 0.24288876, 0.31660742, 0.28813344, 0.26591408, 0.3189937, 0.32984397, 0.3068511, 0.29503405, 0.305262, 0.3264949, 0.30801472, 0.3861452, 0.34720412, 0.32013384, 0.38462445, 0.32346863, 0.3973759, 0.32681698, 0.39391768, 0.39978686, 0.38541883, 0.40513813, 0.38719445, 0.40764362, 0.42427412, 0.42305815, 0.40285066, 0.39004436, 0.4193823, 0.42006642, 0.42779875, 0.43320635, 0.42040464, 0.44357482], "std": [0.0996675, 0.14024554, 0.12781496, 0.120571986, 0.106933795, 0.12273322, 0.15149513, 0.13085952, 0.14011578, 0.15160693, 0.14085504, 0.11889115, 0.13905543, 0.09769878, 0.11840433, 0.14362139, 0.1290152, 0.11684891, 0.09321568, 0.13481595, 0.09211671, 0.09232742, 0.11681882, 0.09842885, 0.121609986, 0.11671506, 0.10044457, 0.044960566, 0.08468428, 0.11924395, 0.047473446, 0.13622062, 0.03906353, 0.11533793, 0.04582609, 0.043592304, 0.108681776, 0.047822937, 0.08537705, 0.027847718, 0.022336314, 0.021280708, 0.10503766, 0.11476285, 0.049474023, 0.052462004, 0.042250033, 0.039510015, 0.057132583, 0.025531888], "var": [1.0, 1.0, 1.0, 1.0, 0.98, 0.98, 0.98, 0.96, 0.94, 0.9, 0.9, 0.88, 0.88, 0.86, 0.86, 0.88, 0.9, 0.9, 0.9, 0.9, 0.9, 0.9, 0.86, 0.84, 0.82, 0.82, 0.82, 0.82, 0.8, 0.8, 0.78, 0.78, 0.74, 0.74, 0.7, 0.72, 0.68, 0.68, 0.64, 0.62, 0.6, 0.6, 0.6, 0.56, 0.56, 0.56, 0.54, 0.54, 0.52, 0.5], "best": [0.3555556, 0.40000004, 0.37526003, 0.39043933, 0.38420773, 0.38900948, 0.39062983, 0.3849928, 0.39222994, 0.39399096, 0.38873532, 0.3970482, 0.389933, 0.38182816, 0.39900523, 0.40101016, 0.4025026, 0.39632037, 0.40523013, 0.40034017, 0.4012483, 0.40892678, 0.40177408, 0.40029877, 0.4104659, 0.41177082, 0.41317463, 0.41368052, 0.41557544, 0.4156362, 0.41725555, 0.41932935, 0.4229039, 0.42499232, 0.42675912, 0.42860356, 0.4310731, 0.433591, 0.43601397, 0.4383145, 0.43952772, 0.44247925, 0.4449057, 0.44716662, 0.44889736, 0.4509657, 0.45312068, 0.45567432, 0.45834306, 0.45970246], "duration": [1997, 3840, 5715, 5727, 8550, 1945, 2004, 3835, 7643, 4175, 7645, 5736, 6045, 2007, 3851, 7960, 1951, 3902, 2046, 3875, 2403, 2009, 3935, 2048, 2023, 3880, 1978, 1949, 4538, 1990, 3897, 1963, 2377, 3870, 4204, 1984, 2747, 1950, 1928, 3904, 1989, 2312, 1923, 1961, 1957, 1934, 1912, 1965, 1939, 2320]}