{"avg": [0.41851854, 0.42344883, 0.44262943, 0.48961037, 0.45628336, 0.423545, 0.5364045, 0.41067827, 0.41387933, 0.41788468, 0.40628916, 0.4658971, 0.49387953, 0.43648806, 0.50762564, 0.47593942, 0.44488612, 0.45885846, 0.46134558, 0.5004049, 0.47399184, 0.5219367, 0.46895573, 0.49073133, 0.4661869, 0.5084216, 0.541579, 0.5143347, 0.5387473, 0.49861318, 0.51025254, 0.52918744, 0.5500492, 0.5071403, 0.5264988, 0.5213542, 0.50680935, 0.54628456, 0.5321305, 0.5234034, 0.55823743, 0.54482883, 0.5444623, 0.53964114, 0.52813727, 0.56653285, 0.55675566, 0.5729577, 0.5646571, 0.56150234], "std": [0.11288704, 0.13635574, 0.08227775, 0.09182804, 0.13480476, 0.10989778, 0.047085527, 0.13740258, 0.12141503, 0.14300336, 0.083572306, 0.07463684, 0.09456286, 0.1473496, 0.095502235, 0.07759053, 0.087145165, 0.10494993, 0.13012329, 0.09136814, 0.13940537, 0.078095496, 0.09164824, 0.08880226, 0.097748086, 0.07724798, 0.08364427, 0.08534242, 0.07045795, 0.08123341, 0.092981026, 0.08049993, 0.017691297, 0.09383939, 0.08738595, 0.07918485, 0.10929743, 0.07245771, 0.05091693, 0.077511236, 0.069672175, 0.053372383, 0.056269187, 0.06866068, 0.060502395, 0.019656427, 0.017901, 0.02397482, 0.02079508, 0.021081852], "var": [0.98, 0.98, 0.98, 0.96, 0.96, 0.96, 0.94, 0.94, 0.94, 0.94, 0.92, 0.92, 0.92, 0.92, 0.9, 0.9, 0.9, 0.9, 0.88, 0.88, 0.86, 0.84, 0.84, 0.84, 0.84, 0.82, 0.82, 0.8, 0.78, 0.76, 0.76, 0.74, 0.72, 0.72, 0.7, 0.7, 0.68, 0.68, 0.66, 0.64, 0.62, 0.64, 0.64, 0.62, 0.62, 0.62, 0.62, 0.64, 0.64, 0.64], "best": [0.5555556, 0.58928573, 0.5741891, 0.5909091, 0.6310559, 0.58897245, 0.5886819, 0.54579663, 0.5382851, 0.54859346, 0.5834406, 0.54515284, 0.62273544, 0.59020257, 0.5926435, 0.5478947, 0.58880913, 0.5938524, 0.5925794, 0.58839244, 0.59502363, 0.5857833, 0.58074826, 0.63004535, 0.5888348, 0.5842313, 0.63592315, 0.58985746, 0.5950047, 0.59172195, 0.5990116, 0.5954964, 0.5863719, 0.60455585, 0.6224015, 0.59269595, 0.5519791, 0.606408, 0.5640658, 0.59678805, 0.62696964, 0.61064845, 0.59891176, 0.59643704, 0.55373067, 0.59794813, 0.5943703, 0.6099973, 0.6102175, 0.60304135], "duration": [18432, 19296, 19333, 25027, 19949, 18851, 19975, 19852, 19388, 19978, 17031, 19363, 20023, 19906, 20021, 23086, 18818, 20085, 19428, 19454, 18166, 20075, 19960, 19831, 19879, 19997, 20059, 20002, 19914, 19952, 19949, 20058, 20055, 20080, 19925, 20075, 20042, 20108, 20029, 20042, 20004, 20014, 19954, 20012, 20036, 20035, 20075, 20034, 20040, 20068]}