{"avg": [0.17142859, 0.1361253, 0.20182073, 0.22669213, 0.19708665, 0.13686673, 0.18544924, 0.27578163, 0.27376986, 0.1736857, 0.20755841, 0.19469103, 0.2665581, 0.23505205, 0.21774045, 0.202349, 0.27839148, 0.26731372, 0.25991544, 0.29314816, 0.23799269, 0.33924642, 0.33558184, 0.3269314, 0.2981502, 0.3408869, 0.34984672, 0.3395123, 0.35946712, 0.38625816, 0.4194148, 0.3683232, 0.38467622, 0.36340266, 0.3793914, 0.40756994, 0.36629495, 0.38753438, 0.42474794, 0.40179893, 0.43877533, 0.41920766, 0.4552086, 0.43002626, 0.44697404, 0.44816595, 0.46598104, 0.43787885, 0.4603308, 0.4504475, 0.44504946, 0.47729403, 0.49020365, 0.48760837, 0.500548, 0.44778922, 0.53457993, 0.40524635, 0.51328623, 0.5144537, 0.5652973, 0.560473, 0.5290992, 0.5295562, 0.53312033, 0.5239804, 0.51176375, 0.5069142, 0.5299406, 0.6065457, 0.5867165, 0.5249225, 0.58975947, 0.5749976, 0.56929725, 0.59827656, 0.59295017, 0.57730085, 0.55957067, 0.6050734, 0.6050853, 0.61591977, 0.6174068, 0.57711416, 0.6272521, 0.6308926, 0.6238076, 0.5974499, 0.5900233, 0.6093158, 0.6133885, 0.62894154, 0.61173517, 0.6159528, 0.6205287, 0.6192653, 0.653411, 0.6290848, 0.61835194, 0.6302875], "std": [0.117417425, 0.11669007, 0.12906207, 0.13601379, 0.13930817, 0.13697194, 0.12747025, 0.088578455, 0.11181669, 0.10961948, 0.16329877, 0.09956903, 0.1649668, 0.14656678, 0.088242926, 0.15380889, 0.115139216, 0.14952956, 0.14438851, 0.1658789, 0.12358131, 0.14691173, 0.13472706, 0.13312018, 0.12924299, 0.11480321, 0.12272609, 0.08172556, 0.110494114, 0.092704915, 0.077449344, 0.1021629, 0.11934471, 0.066586494, 0.07892654, 0.09999191, 0.1044623, 0.1432352, 0.12499861, 0.14020725, 0.11445304, 0.13003989, 0.11203564, 0.11934638, 0.13666329, 0.10235864, 0.113232315, 0.12041151, 0.09274547, 0.09754799, 0.11062255, 0.08902554, 0.110228874, 0.08860643, 0.09481511, 0.10802617, 0.08110943, 0.13266626, 0.09507955, 0.09775832, 0.07622872, 0.07692851, 0.10080916, 0.082354225, 0.098410614, 0.101055615, 0.07897214, 0.11688671, 0.098171696, 0.057030328, 0.0652261, 0.10904265, 0.08618086, 0.1026961, 0.0777576, 0.06893313, 0.07421398, 0.07932698, 0.115515396, 0.09751295, 0.07364921, 0.08936271, 0.06540557, 0.100524396, 0.059933018, 0.06299432, 0.06666518, 0.09624984, 0.09146005, 0.07610258, 0.080142014, 0.074006036, 0.07698006, 0.10445348, 0.08521189, 0.08454821, 0.062222242, 0.09062291, 0.07997817, 0.074192755], "var": [1.0, 0.98, 0.98, 0.98, 0.94, 0.92, 0.9, 0.86, 0.84, 0.86, 0.86, 0.86, 0.82, 0.82, 0.84, 0.84, 0.82, 0.82, 0.84, 0.82, 0.8, 0.8, 0.78, 0.8, 0.76, 0.76, 0.76, 0.74, 0.74, 0.76, 0.74, 0.74, 0.74, 0.7, 0.68, 0.66, 0.64, 0.62, 0.64, 0.6, 0.6, 0.56, 0.56, 0.56, 0.56, 0.52, 0.52, 0.5, 0.46, 0.42, 0.42, 0.42, 0.42, 0.42, 0.42, 0.4, 0.4, 0.38, 0.36, 0.36, 0.34, 0.34, 0.36, 0.34, 0.34, 0.3, 0.28, 0.28, 0.26, 0.26, 0.26, 0.22, 0.22, 0.22, 0.22, 0.22, 0.22, 0.22, 0.22, 0.2, 0.2, 0.2, 0.2, 0.2, 0.2, 0.2, 0.18, 0.16, 0.16, 0.16, 0.14, 0.14, 0.14, 0.12, 0.12, 0.12, 0.12, 0.12, 0.1, 0.08], "best": [0.3555556, 0.39297056, 0.3976191, 0.4016549, 0.39313, 0.40046215, 0.40291864, 0.39516598, 0.4018413, 0.39996627, 0.4030249, 0.40113384, 0.5485083, 0.55063957, 0.3925454, 0.40436018, 0.5506091, 0.55125713, 0.4049168, 0.55357146, 0.39735454, 0.5548946, 0.5556848, 0.40502137, 0.55159366, 0.5574007, 0.5585564, 0.41239664, 0.55985886, 0.5610645, 0.5626652, 0.5648513, 0.56371576, 0.42386678, 0.5623696, 0.5653628, 0.5668047, 0.56746167, 0.5729765, 0.57240146, 0.5771947, 0.5789555, 0.5805407, 0.5830626, 0.5848559, 0.58736825, 0.58841056, 0.5908171, 0.5931979, 0.59465873, 0.5964887, 0.59756804, 0.60177827, 0.60239995, 0.60213935, 0.60634923, 0.60804415, 0.6099206, 0.6119637, 0.6145074, 0.61683345, 0.6193677, 0.6215649, 0.6237808, 0.62526447, 0.6277685, 0.62878644, 0.63054204, 0.6322504, 0.63443, 0.63655406, 0.63861346, 0.6399268, 0.6419286, 0.6435709, 0.6454171, 0.64806575, 0.6502856, 0.6526886, 0.6547913, 0.65659696, 0.6587675, 0.6603594, 0.66237915, 0.66422385, 0.6661756, 0.66793346, 0.6697891, 0.6716018, 0.6731146, 0.6748016, 0.67651504, 0.6784018, 0.67998964, 0.68130577, 0.68296975, 0.68452203, 0.686094, 0.6877615, 0.68928576], "duration": [3548, 4700, 7976, 7385, 9054, 2546, 5119, 7039, 4978, 5386, 2503, 3106, 6568, 7597, 5375, 2585, 8991, 10907, 3086, 9047, 3147, 6948, 9160, 7285, 4740, 8928, 9261, 10012, 9478, 7573, 10938, 7106, 7858, 7169, 7083, 10959, 7045, 10837, 10611, 6932, 9033, 12730, 10942, 12784, 14607, 8811, 12527, 15269, 11026, 12702, 10895, 10816, 14589, 14669, 14623, 13333, 14652, 8958, 14601, 14689, 14591, 14648, 16913, 14700, 16976, 12754, 17112, 12697, 17586, 14571, 14615, 14662, 14641, 14586, 14686, 17054, 14624, 16978, 14545, 14643, 14577, 14501, 14650, 17054, 14651, 14572, 14658, 14523, 17185, 14669, 14619, 14573, 14560, 14557, 14538, 15149, 14821, 14617, 14590, 14782]}