{"avg": [0.15833335, 0.19517975, 0.17960559, 0.21187171, 0.23217443, 0.21515165, 0.25501645, 0.2735202, 0.22941104, 0.24578546, 0.25126973, 0.2573243, 0.2732195, 0.28902656, 0.2839758, 0.27439067, 0.3041582, 0.32938382, 0.34389538, 0.33035716, 0.31517053, 0.32749203, 0.3672128, 0.34231508, 0.32861295, 0.3247657, 0.36977077, 0.34825248, 0.34864837, 0.39944112, 0.34935385, 0.36611715, 0.34491184, 0.4024022, 0.3907455, 0.36874908, 0.3795252, 0.4446285, 0.40093154, 0.43431956, 0.42060605, 0.42027792, 0.42813602, 0.4728201, 0.44261968, 0.44809994, 0.44775572, 0.46204996, 0.47843388, 0.4449281], "std": [0.09618495, 0.120898195, 0.11042842, 0.08946986, 0.11616451, 0.09044536, 0.105239116, 0.11628774, 0.098458886, 0.13053696, 0.115945555, 0.10814568, 0.113487504, 0.088312425, 0.10627017, 0.12520075, 0.10087072, 0.102990106, 0.08065897, 0.11259112, 0.080613896, 0.08931022, 0.076505095, 0.13886449, 0.1237077, 0.08290799, 0.070063755, 0.12713483, 0.12775522, 0.053702995, 0.117778145, 0.10015478, 0.12568203, 0.07380115, 0.12998253, 0.10654417, 0.12322518, 0.036466207, 0.12948447, 0.06031159, 0.098489285, 0.09249135, 0.10053683, 0.030208167, 0.05815438, 0.072579, 0.08057566, 0.024060158, 0.043385956, 0.10705757], "var": [0.96, 0.94, 0.9, 0.88, 0.84, 0.8, 0.76, 0.74, 0.72, 0.7, 0.68, 0.64, 0.62, 0.6, 0.58, 0.56, 0.56, 0.54, 0.52, 0.52, 0.54, 0.52, 0.52, 0.52, 0.5, 0.5, 0.5, 0.46, 0.44, 0.44, 0.42, 0.4, 0.4, 0.38, 0.4, 0.4, 0.4, 0.4, 0.36, 0.38, 0.38, 0.38, 0.4, 0.4, 0.38, 0.36, 0.36, 0.36, 0.36, 0.32], "best": [0.3777778, 0.41279763, 0.40447333, 0.40803576, 0.45216453, 0.4105885, 0.41287845, 0.41318154, 0.4162823, 0.4178435, 0.47592428, 0.4204989, 0.42041057, 0.42061216, 0.41989422, 0.42300594, 0.4241925, 0.42792606, 0.42921302, 0.43022203, 0.43290776, 0.4339512, 0.43426573, 0.49167323, 0.43654576, 0.43841675, 0.4380529, 0.44158512, 0.44436923, 0.44681504, 0.4477466, 0.44731134, 0.44868672, 0.51308376, 0.505741, 0.51473176, 0.51552343, 0.50987566, 0.5172294, 0.51549953, 0.51833487, 0.46430057, 0.5182866, 0.5245321, 0.5240297, 0.52962434, 0.52482265, 0.4781366, 0.52583206, 0.5303049], "duration": [3400, 5529, 2764, 7736, 12697, 3698, 9935, 2848, 9276, 5520, 6365, 4669, 9760, 5661, 7558, 5522, 6039, 8370, 3421, 3416, 7502, 5696, 7570, 3748, 3584, 5641, 5653, 3893, 4255, 3435, 6145, 5434, 3422, 5431, 3830, 5477, 6441, 3791, 4124, 5763, 4051, 3261, 3414, 4568, 5048, 5573, 3253, 3763, 3564, 7586]}