{"avg": [0.36866662, 0.40187627, 0.40844285, 0.40902865, 0.40917858, 0.41520578, 0.42152542, 0.42197815, 0.42206666, 0.4225821, 0.4232238, 0.423916, 0.43032065, 0.43058544, 0.42449805, 0.43074933, 0.4307048, 0.44318268, 0.4372608, 0.44972485, 0.4494862, 0.4374894, 0.43729615, 0.43759674, 0.43196556, 0.43825337, 0.4448103, 0.4449094, 0.44534394, 0.44567615, 0.43953174, 0.44578964, 0.45192736, 0.45858237, 0.45887646, 0.45905498, 0.45972466, 0.45414394, 0.44224444, 0.43588743, 0.43629172, 0.43643996, 0.44284743, 0.4432288, 0.43732807, 0.4377022, 0.44381636, 0.4378327, 0.4445117, 0.44426098], "std": [0.14211266, 0.1441052, 0.14609563, 0.14660008, 0.14671515, 0.14814797, 0.1493203, 0.14933637, 0.14967188, 0.15019178, 0.1508433, 0.1514944, 0.15278661, 0.15256411, 0.1516745, 0.1532177, 0.15304416, 0.15407057, 0.15394743, 0.15464987, 0.1543093, 0.1539211, 0.15355924, 0.15376364, 0.15345816, 0.15422669, 0.15435532, 0.15404823, 0.15478536, 0.1550216, 0.15436976, 0.15488866, 0.15447177, 0.15479006, 0.15498148, 0.15505113, 0.15528038, 0.15566017, 0.15537223, 0.15443161, 0.15411824, 0.15365186, 0.15450464, 0.15447631, 0.15386777, 0.15369104, 0.15394478, 0.15346469, 0.15435942, 0.15385339], "var": [0.96, 0.92, 0.9, 0.88, 0.86, 0.86, 0.88, 0.88, 0.9, 0.9, 0.88, 0.9, 0.9, 0.9, 0.88, 0.88, 0.84, 0.84, 0.84, 0.84, 0.82, 0.84, 0.82, 0.84, 0.82, 0.82, 0.84, 0.82, 0.84, 0.86, 0.84, 0.82, 0.82, 0.82, 0.82, 0.8, 0.78, 0.78, 0.76, 0.74, 0.78, 0.8, 0.78, 0.76, 0.76, 0.76, 0.74, 0.78, 0.8, 0.8], "best": [0.5666667, 0.5980953, 0.6011905, 0.60460323, 0.60702384, 0.6078096, 0.6083334, 0.60877556, 0.6096429, 0.6102646, 0.6110953, 0.61259747, 0.61436516, 0.61597073, 0.6169388, 0.61746037, 0.61788696, 0.6180953, 0.61854506, 0.6188221, 0.619381, 0.6195919, 0.6198053, 0.6197309, 0.6198215, 0.6200572, 0.6204213, 0.620829, 0.62124157, 0.6217899, 0.62230164, 0.62268823, 0.6230209, 0.62323236, 0.6235435, 0.6239048, 0.62424606, 0.6247362, 0.6252256, 0.6256777, 0.62592864, 0.6261325, 0.6263039, 0.62661135, 0.6269265, 0.6271535, 0.6274017, 0.6275988, 0.6277183, 0.62795925], "duration": [3068, 3018, 3003, 3028, 3044, 3014, 3045, 3055, 3055, 3027, 3013, 3022, 3021, 3019, 3026, 3010, 3015, 3025, 3015, 3034, 3023, 3039, 3036, 3017, 3022, 3025, 3036, 3026, 3038, 3017, 3022, 3021, 3086, 3024, 3032, 3034, 3025, 3011, 3014, 3019, 3027, 3055, 3038, 3021, 3014, 3013, 3053, 3018, 3010, 3019]}