{"avg": [0.16507937, 0.1835601, 0.17642196, 0.17557722, 0.17417766, 0.17324562, 0.22685184, 0.21383011, 0.20937486, 0.1690873, 0.22862992, 0.19261111, 0.21075743, 0.22825177, 0.20742269, 0.20844674, 0.19830276, 0.21798125, 0.21731247, 0.25104988, 0.1906686, 0.1708912, 0.24973288, 0.23619175, 0.22229034, 0.24099006, 0.1700324, 0.23014559, 0.2460783, 0.20969944, 0.2643561, 0.23334308, 0.25635168, 0.21970683, 0.24727273, 0.28706312, 0.2551172, 0.24889754, 0.23850632, 0.27715194, 0.26715258, 0.27374026, 0.29718602, 0.30307415, 0.26554367, 0.29984385, 0.30390036, 0.3102142, 0.31924942, 0.29313415], "std": [0.07063046, 0.098225415, 0.046287384, 0.089235246, 0.07559909, 0.07934293, 0.07187606, 0.08545587, 0.095854856, 0.052899987, 0.049450696, 0.060963538, 0.09508104, 0.10518007, 0.112893276, 0.08853962, 0.0959863, 0.07664851, 0.07783855, 0.08947342, 0.058698572, 0.09649385, 0.05664541, 0.065568276, 0.10418904, 0.08742112, 0.11221965, 0.060218714, 0.07848552, 0.09195569, 0.06423845, 0.09775366, 0.09381909, 0.09351304, 0.053051516, 0.045080546, 0.08474965, 0.07434038, 0.05614255, 0.045792542, 0.0698685, 0.055297792, 0.04188273, 0.044908367, 0.06603758, 0.060671072, 0.0661123, 0.04913913, 0.043441374, 0.06030888], "var": [1.0, 1.0, 0.98, 0.96, 0.94, 0.92, 0.9, 0.9, 0.88, 0.86, 0.86, 0.86, 0.86, 0.86, 0.86, 0.84, 0.84, 0.84, 0.84, 0.82, 0.8, 0.78, 0.8, 0.8, 0.78, 0.78, 0.78, 0.76, 0.76, 0.76, 0.76, 0.74, 0.76, 0.76, 0.74, 0.72, 0.7, 0.68, 0.66, 0.68, 0.66, 0.66, 0.66, 0.66, 0.64, 0.64, 0.62, 0.62, 0.62, 0.6], "best": [0.2777778, 0.3202948, 0.22658733, 0.31613758, 0.31070584, 0.39365083, 0.3046929, 0.39776605, 0.31141835, 0.22414532, 0.31290728, 0.30372506, 0.31448862, 0.31633598, 0.4000611, 0.30796486, 0.32081228, 0.31496483, 0.3209086, 0.40047473, 0.30507937, 0.30429783, 0.3209253, 0.3152592, 0.321705, 0.32280463, 0.32315138, 0.3175944, 0.32402152, 0.32557654, 0.32558018, 0.32173204, 0.325956, 0.32712844, 0.32158732, 0.32762563, 0.40261206, 0.33486593, 0.33274856, 0.33268735, 0.33316058, 0.33461162, 0.33691934, 0.33922043, 0.34086815, 0.39916664, 0.34411767, 0.34683606, 0.34978032, 0.3525125], "duration": [3578, 1312, 5158, 3217, 5154, 1274, 7095, 3241, 7084, 3209, 3223, 5154, 5187, 5156, 5203, 3215, 3865, 5201, 1279, 1343, 5155, 5153, 5164, 5163, 3226, 3561, 3224, 3219, 3226, 1276, 3231, 11296, 1277, 5152, 3266, 5155, 1328, 3204, 3202, 5152, 3219, 1287, 3258, 3529, 3532, 5147, 5191, 1278, 1644, 1348]}