{"avg": [0.14509805, 0.19590726, 0.12588058, 0.21359791, 0.1340409, 0.202951, 0.10383095, 0.1365598, 0.16090773, 0.103222616, 0.19361968, 0.09502852, 0.13993761, 0.24716027, 0.16949116, 0.15938231, 0.14657308, 0.21664838, 0.18191844, 0.19705302, 0.14720212, 0.17329574, 0.20101629, 0.19816194, 0.22544783, 0.21775153, 0.20500733, 0.28939053, 0.22328742, 0.27775744, 0.2605542, 0.24244763, 0.23239417, 0.2441672, 0.27108604, 0.2843269, 0.33023557, 0.3197576, 0.19701873, 0.2638674, 0.26523665, 0.33738026, 0.32003498, 0.2583789, 0.31921923, 0.30162013, 0.32437083, 0.32412282, 0.40035668, 0.3142252], "std": [0.15379351, 0.14143027, 0.13480552, 0.17660408, 0.12320326, 0.1321043, 0.09924267, 0.1074524, 0.121477164, 0.1251365, 0.12975991, 0.12137461, 0.118481345, 0.15233143, 0.16105253, 0.16603784, 0.1494029, 0.15629748, 0.16125718, 0.13687582, 0.12544414, 0.12887205, 0.15728681, 0.16159505, 0.15158539, 0.131849, 0.1301215, 0.118540674, 0.11663548, 0.09527693, 0.09382596, 0.14914228, 0.15177757, 0.1380287, 0.13536465, 0.09983223, 0.106524654, 0.14724733, 0.15373057, 0.16018191, 0.13779259, 0.121410936, 0.12652709, 0.13457327, 0.14435768, 0.14780784, 0.1684585, 0.12761046, 0.11442132, 0.09644579], "var": [1.0, 1.0, 0.98, 0.98, 0.98, 0.96, 0.95, 0.93, 0.91, 0.9, 0.89, 0.87, 0.87, 0.85, 0.84, 0.84, 0.83, 0.81, 0.79, 0.78, 0.78, 0.78, 0.77, 0.76, 0.75, 0.73, 0.73, 0.71, 0.7, 0.69, 0.67, 0.68, 0.66, 0.66, 0.68, 0.66, 0.67, 0.65, 0.66, 0.65, 0.63, 0.62, 0.62, 0.62, 0.61, 0.59, 0.57, 0.55, 0.54, 0.53], "best": [0.51111114, 0.52791786, 0.3895692, 0.53634924, 0.38391694, 0.53832203, 0.23104577, 0.38696817, 0.38944507, 0.33968255, 0.3891117, 0.3850642, 0.38703063, 0.5318104, 0.39196432, 0.3923353, 0.39257333, 0.3933899, 0.5401266, 0.39702326, 0.39367837, 0.39576286, 0.3978628, 0.3982568, 0.5375598, 0.5411776, 0.40259004, 0.40317464, 0.39313388, 0.40384534, 0.40475267, 0.4054166, 0.51786155, 0.4013529, 0.40868497, 0.4101657, 0.5369371, 0.5373356, 0.41265437, 0.5430613, 0.41479847, 0.54696226, 0.5480962, 0.4097157, 0.5490785, 0.55005515, 0.5506716, 0.54121614, 0.55096877, 0.42136008], "duration": [7275, 5412, 2802, 5390, 6845, 3203, 3272, 7200, 5184, 5181, 5183, 3062, 6674, 11530, 2981, 5172, 4378, 5554, 6942, 7104, 2540, 5096, 4467, 2824, 6988, 6936, 4496, 9054, 4375, 5005, 8876, 7297, 2868, 2912, 5195, 9175, 4811, 6967, 11399, 5028, 6832, 10809, 9057, 7174, 9028, 8879, 7201, 5338, 10994, 7161]}