{"avg": [0.083333336, 0.1025085, 0.12834468, 0.13183421, 0.12730896, 0.12129884, 0.12859151, 0.16287638, 0.13308685, 0.13942695, 0.23182355, 0.22148274, 0.19016586, 0.19407097, 0.25317898, 0.20227411, 0.25309598, 0.2559, 0.26645356, 0.26632145, 0.31774387, 0.22900064, 0.28553027, 0.22318345, 0.24004237, 0.21812946, 0.20741515, 0.30156758, 0.2877045, 0.25543952, 0.32736507, 0.33379292, 0.34507075, 0.31546772, 0.32972574, 0.32588965, 0.42123953, 0.3347121, 0.3424886, 0.33458546, 0.37858564, 0.3803298, 0.39998156, 0.39099723, 0.382727, 0.34393752, 0.32476455, 0.42548284, 0.3131844, 0.40653622], "std": [0.08443714, 0.08918337, 0.14171453, 0.13135336, 0.15406941, 0.0830149, 0.15487382, 0.11093257, 0.14086087, 0.10294024, 0.1549122, 0.12890868, 0.15318201, 0.12241483, 0.108729266, 0.16112885, 0.1487407, 0.16261874, 0.13922857, 0.1347564, 0.122510634, 0.15020235, 0.13341743, 0.12687853, 0.15472065, 0.14429998, 0.1590911, 0.19083034, 0.16123945, 0.17961925, 0.107251555, 0.1248749, 0.11465041, 0.15284897, 0.15458873, 0.12727517, 0.0831732, 0.13948525, 0.10455278, 0.15185578, 0.11548582, 0.13167505, 0.10013455, 0.14894302, 0.091436565, 0.13307731, 0.16321222, 0.072935045, 0.15900739, 0.12365607], "var": [1.0, 0.96, 0.96, 0.96, 0.96, 0.96, 0.94, 0.9, 0.88, 0.88, 0.84, 0.82, 0.82, 0.8, 0.8, 0.8, 0.82, 0.8, 0.78, 0.78, 0.76, 0.76, 0.76, 0.8, 0.78, 0.8, 0.78, 0.78, 0.76, 0.74, 0.78, 0.82, 0.84, 0.82, 0.8, 0.78, 0.78, 0.76, 0.76, 0.72, 0.7, 0.72, 0.7, 0.66, 0.68, 0.68, 0.7, 0.7, 0.68, 0.68], "best": [0.20000002, 0.19424604, 0.39206353, 0.36908373, 0.5291603, 0.18943834, 0.5296015, 0.38261187, 0.3923175, 0.3022133, 0.5335558, 0.5321521, 0.39897296, 0.40118074, 0.40241012, 0.53349006, 0.5330083, 0.53278047, 0.5403893, 0.5365818, 0.53559875, 0.41429055, 0.54375434, 0.3957011, 0.5449524, 0.4170484, 0.41707802, 0.55081224, 0.5500771, 0.55245364, 0.5903425, 0.5521704, 0.5536483, 0.54906905, 0.54890543, 0.54850155, 0.5570564, 0.5518636, 0.5524812, 0.5538294, 0.5540439, 0.5614576, 0.5557181, 0.56314844, 0.5554071, 0.554639, 0.55545515, 0.5591794, 0.5658605, 0.56036264], "duration": [5172, 2532, 6598, 7289, 2823, 2597, 4659, 4287, 4715, 5137, 4991, 6825, 4726, 4560, 4807, 6787, 6897, 4444, 10633, 8667, 5062, 6757, 10550, 2757, 9252, 11080, 6552, 10768, 10586, 7349, 8674, 10623, 8678, 8972, 14545, 10822, 10579, 10841, 8782, 10856, 15176, 16951, 12687, 10939, 10750, 10866, 7054, 12715, 8891, 10923]}