{"avg": [0.3847223, 0.39515057, 0.3924625, 0.42117065, 0.44005233, 0.4342456, 0.44168493, 0.49753234, 0.43813396, 0.46537092, 0.504209, 0.5019459, 0.4821164, 0.4861111, 0.50933546, 0.5215608, 0.5338784, 0.5508528, 0.52619827, 0.5482968, 0.52799046, 0.57382107, 0.5862357, 0.56938, 0.5488015], "std": [0.10707064, 0.12231025, 0.14447127, 0.11582311, 0.109172985, 0.12537713, 0.11124348, 0.07667723, 0.12413136, 0.0984929, 0.10744275, 0.08835151, 0.11728075, 0.09929048, 0.13984674, 0.09028346, 0.08055574, 0.09793835, 0.15550035, 0.14479996, 0.10046575, 0.08599101, 0.060996957, 0.09577404, 0.09621049], "var": [0.96, 0.94, 0.92, 0.92, 0.9, 0.88, 0.86, 0.82, 0.8, 0.8, 0.76, 0.74, 0.7, 0.68, 0.64, 0.6, 0.56, 0.52, 0.5, 0.48, 0.48, 0.44, 0.44, 0.44, 0.4], "best": [0.51111114, 0.555754, 0.5572872, 0.5577778, 0.55548346, 0.5549555, 0.5538711, 0.55977446, 0.56472945, 0.57023, 0.57382894, 0.5777512, 0.58278394, 0.5850341, 0.58664846, 0.5910641, 0.5940308, 0.5981209, 0.6032904, 0.608078, 0.61388767, 0.61634076, 0.6229212, 0.6277648, 0.632818], "duration": [26864, 26901, 31568, 26561, 41339, 25316, 26627, 27426, 31951, 29802, 27454, 27346, 27429, 27375, 27593, 27489, 27597, 27449, 27375, 27362, 26965, 32020, 27561, 32124, 27261]}