{"avg": [0.1579365, 0.22672194, 0.21686509, 0.2507835, 0.19631647, 0.20025729, 0.22246478, 0.21353495, 0.24991347, 0.21405438, 0.2752305, 0.2668254, 0.24023962, 0.2484031, 0.26978385, 0.2547861, 0.27619624, 0.26981434, 0.2667764, 0.30019045, 0.2926276, 0.3049552, 0.29365718, 0.28345475, 0.33860785, 0.3203343, 0.29628634, 0.28367612, 0.2963033, 0.3067895, 0.30452204, 0.33129898, 0.33664596, 0.34371603, 0.3421895, 0.33363056, 0.34790906, 0.34928006, 0.36743352, 0.37326023, 0.34123406, 0.35564816, 0.36966726, 0.37546182, 0.38694504, 0.38973153, 0.3785618, 0.3837953, 0.39307916, 0.38864058], "std": [0.06760955, 0.06845862, 0.070632964, 0.067915946, 0.07955862, 0.08064733, 0.06292055, 0.08729923, 0.06880948, 0.06803898, 0.065376036, 0.0679987, 0.06997459, 0.08349038, 0.07497173, 0.07386652, 0.059155624, 0.07192171, 0.082986765, 0.075576335, 0.076208085, 0.09779633, 0.06533091, 0.07889075, 0.053624444, 0.063255265, 0.073221974, 0.0709512, 0.075874865, 0.06135145, 0.04916707, 0.07131897, 0.04072362, 0.045085397, 0.049953755, 0.050173875, 0.07736101, 0.048056442, 0.05610579, 0.048363026, 0.06359056, 0.030291976, 0.04561188, 0.04420068, 0.033565223, 0.043515123, 0.024955193, 0.054497514, 0.0510185, 0.05885829], "var": [1.0, 0.98, 0.96, 0.96, 0.92, 0.88, 0.86, 0.84, 0.82, 0.86, 0.82, 0.82, 0.82, 0.8, 0.82, 0.82, 0.82, 0.82, 0.8, 0.78, 0.76, 0.74, 0.72, 0.72, 0.76, 0.76, 0.74, 0.72, 0.74, 0.72, 0.68, 0.68, 0.68, 0.66, 0.64, 0.62, 0.6, 0.58, 0.58, 0.58, 0.54, 0.5, 0.52, 0.5, 0.52, 0.5, 0.52, 0.48, 0.48, 0.44], "best": [0.2777778, 0.32709754, 0.32619047, 0.34447896, 0.31632656, 0.32234433, 0.32358524, 0.38029706, 0.39422572, 0.32523376, 0.3957027, 0.32817462, 0.33015874, 0.3989393, 0.33080336, 0.3331374, 0.33314878, 0.39986098, 0.40021273, 0.4944393, 0.49713123, 0.49767476, 0.40758723, 0.40907937, 0.502385, 0.5039896, 0.41164646, 0.39807567, 0.39968604, 0.3476866, 0.34787816, 0.5049436, 0.43623623, 0.4381727, 0.41703457, 0.41875213, 0.50893164, 0.4200337, 0.51008326, 0.5115422, 0.42680144, 0.42770675, 0.48430336, 0.51494133, 0.43688962, 0.51675653, 0.43540263, 0.43664008, 0.45986044, 0.52988845], "duration": [4456, 4214, 5974, 5553, 5373, 3174, 4469, 4624, 6232, 3257, 5478, 3762, 2956, 6173, 3418, 8946, 5415, 4577, 5691, 5025, 3708, 3180, 3448, 3263, 3589, 4366, 3826, 4403, 3651, 4008, 3314, 3664, 3263, 3718, 3581, 3083, 4196, 3704, 3922, 3697, 3650, 3830, 5694, 3478, 3561, 3463, 2673, 2967, 3756, 3498]}