{"avg": [0.124074094, 0.10072151, 0.13744652, 0.14418471, 0.12915468, 0.103396736, 0.13682984, 0.18377821, 0.22243264, 0.16575126, 0.17990047, 0.2710764, 0.18681248, 0.17825341, 0.26280427, 0.16375323, 0.21265283, 0.13810234, 0.19853088, 0.24098368, 0.26173204, 0.17997321, 0.26743335, 0.2287982, 0.27146253, 0.2447483, 0.2661488, 0.2327381, 0.20965771, 0.24803805, 0.20117052, 0.29870734, 0.28071317, 0.26971877, 0.24727312, 0.25357398, 0.29688436, 0.2633913, 0.29423413, 0.2533091, 0.19467978, 0.3012809, 0.29367515, 0.23894233, 0.36591947, 0.28596252, 0.2841918, 0.28590292, 0.26228738, 0.29748663], "std": [0.10282366, 0.114836015, 0.12937994, 0.13266312, 0.084628314, 0.08801923, 0.116676256, 0.12305232, 0.15320642, 0.16256197, 0.17117168, 0.12250274, 0.18742552, 0.14129111, 0.1500067, 0.16431636, 0.13074313, 0.14071734, 0.13721123, 0.1459574, 0.14655069, 0.13595203, 0.08828151, 0.18642522, 0.15885472, 0.085231766, 0.099685885, 0.11368567, 0.13665389, 0.17123982, 0.11896856, 0.12137967, 0.17215952, 0.19126615, 0.15883052, 0.17468241, 0.116035014, 0.13087425, 0.14740585, 0.110159464, 0.12492177, 0.10343385, 0.105484106, 0.14505725, 0.14769006, 0.13049282, 0.12408557, 0.16249679, 0.17280015, 0.15318632], "var": [0.98, 0.98, 0.96, 0.94, 0.94, 0.94, 0.94, 0.92, 0.92, 0.9, 0.88, 0.88, 0.86, 0.84, 0.82, 0.8, 0.8, 0.8, 0.8, 0.78, 0.76, 0.76, 0.78, 0.76, 0.74, 0.72, 0.72, 0.7, 0.68, 0.66, 0.66, 0.64, 0.64, 0.64, 0.64, 0.64, 0.64, 0.64, 0.62, 0.62, 0.6, 0.6, 0.62, 0.6, 0.6, 0.62, 0.62, 0.62, 0.64, 0.64], "best": [0.3555556, 0.30039683, 0.40524504, 0.3663781, 0.18933186, 0.19104522, 0.3760684, 0.3906433, 0.52633816, 0.5312004, 0.5309153, 0.5324994, 0.533075, 0.5342452, 0.5333645, 0.5349207, 0.53519434, 0.39966178, 0.40022913, 0.40106344, 0.5361503, 0.40508792, 0.4065181, 0.53657275, 0.5374417, 0.40988785, 0.41045454, 0.41086313, 0.38589483, 0.53445685, 0.38662776, 0.41046178, 0.5356865, 0.5419354, 0.54281366, 0.5387201, 0.5434946, 0.41699374, 0.5442931, 0.41868776, 0.39068714, 0.42031318, 0.42191607, 0.4228613, 0.54478675, 0.42575687, 0.42674464, 0.5501063, 0.5398294, 0.5513038], "duration": [4208, 4143, 2317, 4166, 2258, 4180, 4210, 2384, 2647, 4250, 5997, 2561, 4134, 4081, 2459, 2425, 4226, 4244, 2308, 7877, 4214, 2311, 4231, 4173, 7993, 4213, 4132, 6000, 4145, 2465, 7811, 7927, 2498, 2520, 4355, 4226, 7931, 2377, 4334, 2351, 6036, 4253, 6704, 5981, 2556, 4227, 4301, 6069, 4268, 6110]}