{"avg": [0.42777783, 0.41343924, 0.43426603, 0.4247922, 0.44056404, 0.43304226, 0.47845477, 0.4437824, 0.44665366, 0.42107764, 0.45486113, 0.47965425, 0.46215516, 0.49169457, 0.46557307, 0.48469162, 0.47310686, 0.51846683, 0.46412593, 0.50156003, 0.49989158, 0.48705086, 0.47671184, 0.51184314, 0.4838745, 0.52847433, 0.52199966, 0.48487854, 0.49282563, 0.53217745, 0.51778275, 0.5159709, 0.5362665, 0.5490533, 0.55394226, 0.5236773, 0.54083776, 0.537054, 0.5277758, 0.54249465, 0.53525984, 0.5591502, 0.5445463, 0.5465366, 0.55357677, 0.55601746, 0.5685723, 0.56076604, 0.5720096, 0.5515004], "std": [0.10496914, 0.1299145, 0.09028731, 0.11092413, 0.12728377, 0.12615992, 0.078115776, 0.11058243, 0.10597701, 0.121571995, 0.13078612, 0.09233797, 0.097617164, 0.078178346, 0.08609972, 0.08598969, 0.08598798, 0.08939198, 0.11085917, 0.09666162, 0.078968585, 0.10465507, 0.09539502, 0.074533395, 0.10935241, 0.05639558, 0.060744043, 0.11356046, 0.10945421, 0.055961605, 0.075309135, 0.07660677, 0.049747903, 0.011052349, 0.0074171503, 0.09737491, 0.053839207, 0.08939458, 0.093698084, 0.05421274, 0.067390956, 0.011669186, 0.05516615, 0.06434426, 0.054850195, 0.044703852, 0.012301416, 0.044969186, 0.011037401, 0.09096255], "var": [1.0, 1.0, 0.9866667, 0.97333336, 0.96, 0.94666666, 0.93333334, 0.9066667, 0.88, 0.88, 0.85333335, 0.85333335, 0.85333335, 0.85333335, 0.85333335, 0.82666665, 0.82666665, 0.81333333, 0.82666665, 0.81333333, 0.81333333, 0.81333333, 0.8, 0.7866667, 0.7733333, 0.76, 0.73333335, 0.70666665, 0.6933333, 0.68, 0.6533333, 0.6533333, 0.6533333, 0.62666667, 0.61333334, 0.61333334, 0.62666667, 0.64, 0.64, 0.61333334, 0.6, 0.5733333, 0.56, 0.5466667, 0.56, 0.5466667, 0.53333336, 0.50666666, 0.50666666, 0.49333334], "best": [0.51111114, 0.5587302, 0.54260117, 0.54497355, 0.5478343, 0.54588556, 0.54449624, 0.544095, 0.5460574, 0.5402487, 0.5456349, 0.55015874, 0.5532453, 0.55549395, 0.54805326, 0.556721, 0.5565994, 0.55717176, 0.55783015, 0.56005293, 0.5606527, 0.55512697, 0.5517829, 0.55957127, 0.56083286, 0.5610458, 0.56281346, 0.56287336, 0.5640687, 0.5642326, 0.56612104, 0.5667623, 0.56575745, 0.56721765, 0.5665366, 0.5693685, 0.5687122, 0.57035625, 0.57084787, 0.5723035, 0.5724088, 0.57286596, 0.57408106, 0.5749547, 0.5755525, 0.5768461, 0.5786189, 0.5807106, 0.5829037, 0.5845288], "duration": [27496, 31777, 27532, 27077, 27246, 27234, 31907, 27411, 31717, 31775, 27400, 27296, 27308, 27227, 26949, 31829, 31819, 27248, 27212, 27395, 27282, 27241, 28376, 27342, 27466, 27679, 32077, 27416, 31886, 27364, 31909, 27256, 27361, 27354, 27994, 31912, 27346, 27392, 36468, 27380, 27352, 27374, 27376, 36573, 27271, 27406, 27376, 27398, 27357, 27343]}