{"avg": [0.15555556, 0.18998018, 0.18582036, 0.17493388, 0.21611157, 0.18647406, 0.22855355, 0.26013127, 0.23555218, 0.22470385, 0.24196394, 0.21075997, 0.24463087, 0.2579665, 0.30806133, 0.28091392, 0.28929782, 0.28670096, 0.34444878, 0.2899903, 0.29485834, 0.3267694, 0.33909363, 0.32962963, 0.33483732, 0.346628, 0.40024439, 0.39165348, 0.3888275, 0.3702935, 0.3731106, 0.42129824, 0.44293302, 0.44950104, 0.44681075, 0.39763343, 0.45195487, 0.46084774, 0.4594424, 0.42889896, 0.46437857, 0.43934888, 0.48042327, 0.4811261, 0.5267354, 0.47720006, 0.5330066, 0.5366712, 0.5399581, 0.52948374], "std": [0.07071068, 0.09863236, 0.085237004, 0.06408642, 0.08307474, 0.10425976, 0.12184124, 0.06998954, 0.10633401, 0.10500687, 0.09845247, 0.13829757, 0.103933245, 0.076373324, 0.07557984, 0.09500866, 0.08446915, 0.09911056, 0.08942943, 0.13384326, 0.1102091, 0.13788813, 0.12776321, 0.12717408, 0.10731505, 0.104313016, 0.10117296, 0.11073506, 0.14319599, 0.116256855, 0.12880935, 0.089544214, 0.07288349, 0.06941005, 0.08203628, 0.104133844, 0.07841106, 0.0917838, 0.12401346, 0.12129645, 0.12716252, 0.13836293, 0.07644015, 0.12814373, 5.9604645e-08, 0.09913128, 5.9604645e-08, 5.9604645e-08, 5.9604645e-08, 0.05269166], "var": [0.96, 0.92, 0.9, 0.86, 0.86, 0.82, 0.8, 0.76, 0.72, 0.72, 0.68, 0.64, 0.6, 0.58, 0.56, 0.54, 0.52, 0.48, 0.46, 0.46, 0.44, 0.42, 0.4, 0.38, 0.34, 0.32, 0.32, 0.3, 0.3, 0.26, 0.26, 0.22, 0.2, 0.2, 0.2, 0.18, 0.16, 0.14, 0.14, 0.1, 0.1, 0.1, 0.1, 0.08, 0.08, 0.08, 0.08, 0.08, 0.08, 0.08], "best": [0.2777778, 0.3896826, 0.31234, 0.30370373, 0.3988551, 0.40369704, 0.405848, 0.41316444, 0.41436318, 0.41734615, 0.41986692, 0.42319483, 0.42474985, 0.4263398, 0.42616138, 0.42868093, 0.4304852, 0.4319557, 0.43423077, 0.43866906, 0.4420787, 0.44529843, 0.45065567, 0.45469582, 0.45746034, 0.46034998, 0.46257725, 0.46669328, 0.47092155, 0.47568515, 0.4784787, 0.48108524, 0.48494482, 0.48957497, 0.49289528, 0.49718016, 0.49893516, 0.5023167, 0.506919, 0.51147443, 0.51385427, 0.517977, 0.5203428, 0.5229587, 0.5267355, 0.5304389, 0.53300655, 0.5366713, 0.5399582, 0.5435661], "duration": [4170, 7871, 5899, 5904, 3968, 3943, 2006, 9742, 1958, 4039, 4089, 9781, 5837, 9750, 5898, 3883, 8475, 4212, 5946, 6252, 2020, 2102, 3975, 7809, 2089, 9801, 2077, 3959, 2473, 4005, 3960, 8884, 2004, 2179, 2013, 3964, 5881, 2043, 2808, 2010, 2378, 2162, 2029, 2337, 1974, 2042, 2554, 2070, 2063, 2151]}