{"avg": [0.1695341, 0.20136374, 0.20423378, 0.23164058, 0.2354414, 0.24575397, 0.2604582, 0.2679909, 0.27170867, 0.2812335, 0.31321335, 0.29081705, 0.3156643, 0.32761326, 0.35377735, 0.35573128, 0.3539886, 0.3750582, 0.38096732, 0.417511, 0.42343238, 0.42086178, 0.44222036, 0.44969365, 0.4550871, 0.47297677, 0.47417608, 0.48577777, 0.48717055, 0.49539852, 0.50635505, 0.51046723, 0.5148962, 0.5261643, 0.5302206, 0.5333023, 0.541807, 0.54640955, 0.55076814, 0.5528883, 0.55817246, 0.5615413, 0.5650167, 0.5680934, 0.57161903, 0.5744267, 0.5771237, 0.5800209, 0.58260083, 0.58517486], "std": [0.064230755, 0.07828948, 0.08118744, 0.094095014, 0.09254312, 0.09501455, 0.0868464, 0.088052705, 0.08536952, 0.07454167, 0.08119438, 0.07542678, 0.09108577, 0.084010795, 0.06458526, 0.074603565, 0.083754204, 0.07885514, 0.07731318, 0.06851981, 0.046850536, 0.05992612, 0.03921987, 0.04545133, 0.03658413, 0.011170258, 0.021577438, 0.015523666, 0.022986727, 0.0213102, 0.015877808, 0.016681781, 0.019673549, 0.0027312797, 0.005897991, 0.014768825, 1.1920929e-07, 1.7881393e-07, 5.9604645e-08, 0.0074648797, 5.9604645e-08, 1.1920929e-07, 1.1920929e-07, 1.1920929e-07, 0.0, 1.7881393e-07, 1.7881393e-07, 0.0, 1.7881393e-07, 1.7881393e-07], "var": [0.92, 0.88, 0.82, 0.76, 0.74, 0.72, 0.76, 0.74, 0.72, 0.72, 0.68, 0.68, 0.64, 0.62, 0.62, 0.58, 0.62, 0.56, 0.56, 0.56, 0.5, 0.46, 0.42, 0.38, 0.32, 0.26, 0.22, 0.22, 0.2, 0.16, 0.12, 0.12, 0.08, 0.08, 0.06, 0.04, 0.04, 0.04, 0.04, 0.02, 0.02, 0.02, 0.02, 0.02, 0.02, 0.02, 0.02, 0.02, 0.02, 0.02], "best": [0.3777778, 0.41003588, 0.4027583, 0.40672803, 0.41265666, 0.41712967, 0.41554466, 0.42268586, 0.4231293, 0.42548844, 0.43108147, 0.41773576, 0.4340424, 0.4322453, 0.43643636, 0.43783385, 0.44051486, 0.44289362, 0.44770065, 0.45113444, 0.45580113, 0.45998418, 0.46485713, 0.47034955, 0.47578114, 0.48126164, 0.48775673, 0.4933063, 0.49948454, 0.5047127, 0.5100879, 0.5155567, 0.52146614, 0.5267107, 0.53174436, 0.53692436, 0.5418069, 0.54640937, 0.5507682, 0.55432475, 0.5581725, 0.5615412, 0.56501657, 0.56809354, 0.57161903, 0.5744269, 0.5771239, 0.5800209, 0.582601, 0.58517504], "duration": [8787, 9745, 11667, 15949, 11990, 10768, 16197, 16195, 18204, 10236, 10213, 12795, 7974, 6741, 19751, 14027, 9782, 3912, 11940, 3944, 11704, 4223, 6492, 4605, 9271, 4613, 10427, 4217, 6304, 7812, 3954, 4965, 4999, 4291, 3975, 4641, 4291, 4623, 3966, 4592, 4246, 4309, 4431, 4311, 4260, 5401, 4775, 4555, 4384, 4763]}