{"avg": [0.29393938, 0.32483277, 0.4454546, 0.45911798, 0.45640457, 0.35606226, 0.4187084, 0.41868085, 0.4447752, 0.4046402, 0.43224096, 0.45592853, 0.4475206, 0.45942405, 0.35372242, 0.5047269, 0.4242959, 0.49929938, 0.47684583, 0.42811498, 0.49798426, 0.47301587, 0.45142666, 0.500911, 0.49062794, 0.45225614, 0.57148707, 0.48143524, 0.46254465, 0.5503196, 0.46409637, 0.55083376, 0.46319467, 0.5740942, 0.51655424, 0.5769597, 0.60172945, 0.5226567, 0.5756236, 0.60873395, 0.52871764, 0.52779007, 0.61156857, 0.5555046, 0.50842947, 0.55515796, 0.53595096, 0.5792378, 0.6119894, 0.58353084], "std": [0.08624394, 0.08239229, 0.14129211, 0.14703953, 0.14658603, 0.1204331, 0.14559, 0.1462205, 0.14548402, 0.14463256, 0.14796542, 0.14981867, 0.14917251, 0.14639275, 0.11675433, 0.13676809, 0.14716923, 0.14157696, 0.14368011, 0.148413, 0.14332521, 0.14885847, 0.1488232, 0.1400747, 0.14250351, 0.14999992, 0.08659376, 0.14457388, 0.15353686, 0.1085285, 0.15591149, 0.11811955, 0.15258366, 0.09077665, 0.13724563, 0.09173004, 0.009750082, 0.13517964, 0.096750565, 0.0092697665, 0.12722345, 0.1388315, 0.0060381717, 0.116653256, 0.14253846, 0.12380614, 0.13876729, 0.087078854, 0.011262232, 0.09535398], "var": [1.0, 1.0, 1.0, 0.98, 0.98, 0.98, 0.98, 0.98, 0.98, 0.96, 0.94, 0.92, 0.92, 0.92, 0.9, 0.88, 0.86, 0.88, 0.88, 0.88, 0.86, 0.84, 0.82, 0.82, 0.82, 0.82, 0.8, 0.78, 0.78, 0.76, 0.74, 0.74, 0.74, 0.72, 0.7, 0.7, 0.68, 0.68, 0.68, 0.68, 0.66, 0.64, 0.64, 0.64, 0.64, 0.64, 0.64, 0.64, 0.62, 0.62], "best": [0.5666667, 0.57965374, 0.5969697, 0.6046131, 0.5993356, 0.6028389, 0.5954686, 0.6030245, 0.59812933, 0.60362107, 0.6018247, 0.5993544, 0.6006276, 0.5977373, 0.6009712, 0.6005551, 0.60244983, 0.60386103, 0.60115373, 0.60109717, 0.60333115, 0.60539687, 0.60604787, 0.6044535, 0.6063799, 0.6086678, 0.6099021, 0.60457945, 0.61067826, 0.6057051, 0.61026794, 0.61090493, 0.61351997, 0.6136113, 0.6151385, 0.6180751, 0.61705434, 0.62020826, 0.61760396, 0.6212752, 0.60979027, 0.62281615, 0.6240308, 0.6253695, 0.6156893, 0.6267528, 0.6277683, 0.6211952, 0.62392837, 0.6250961], "duration": [826, 780, 779, 768, 770, 751, 759, 738, 751, 768, 789, 800, 790, 780, 780, 772, 754, 770, 763, 819, 808, 758, 763, 786, 785, 789, 778, 770, 803, 787, 760, 773, 776, 802, 1172, 792, 780, 966, 752, 821, 819, 785, 755, 751, 753, 758, 768, 784, 804, 780]}