{"avg": [0.14933336, 0.15525083, 0.15842384, 0.17181906, 0.16217463, 0.15120892, 0.16228573, 0.14858326, 0.16925003, 0.1555672, 0.14424032, 0.15116479, 0.14427859, 0.14846253, 0.1514075, 0.14069906, 0.14808929, 0.15051223, 0.13969947, 0.13990559, 0.13933589, 0.12664306, 0.11905254, 0.13286749, 0.13435596, 0.12581564, 0.13692565, 0.12718484, 0.12754057, 0.13434792, 0.13169147, 0.13363749, 0.12786618, 0.14239424, 0.13135098, 0.11672237, 0.117496036, 0.13209711, 0.11582139, 0.11717925, 0.11123682, 0.124893084, 0.12973967, 0.1437079, 0.112336226, 0.1274347, 0.12035253, 0.1296261, 0.14272639, 0.13477086], "std": [0.1162407, 0.1276793, 0.1294774, 0.12709445, 0.12366534, 0.12729272, 0.1273913, 0.118697435, 0.12858275, 0.10926762, 0.109427124, 0.112038165, 0.12006157, 0.113691926, 0.11640317, 0.11049819, 0.10768476, 0.11600124, 0.12106723, 0.11598359, 0.12657985, 0.11188275, 0.108600296, 0.114251405, 0.10956648, 0.117982455, 0.11917959, 0.11341355, 0.113530554, 0.122914374, 0.11379733, 0.13233204, 0.12524539, 0.12560283, 0.123621024, 0.12232289, 0.12359812, 0.1235188, 0.13282576, 0.12829094, 0.12588024, 0.13233858, 0.12685087, 0.13711204, 0.12584016, 0.130709, 0.13267545, 0.13106291, 0.14188004, 0.1262678], "var": [0.98, 0.98, 0.96, 0.94, 0.94, 0.94, 0.92, 0.88, 0.9, 0.88, 0.9, 0.9, 0.9, 0.88, 0.88, 0.86, 0.86, 0.82, 0.78, 0.8, 0.82, 0.84, 0.82, 0.82, 0.8, 0.82, 0.86, 0.9, 0.88, 0.84, 0.84, 0.82, 0.8, 0.82, 0.84, 0.82, 0.8, 0.8, 0.8, 0.8, 0.78, 0.78, 0.74, 0.72, 0.72, 0.7, 0.7, 0.7, 0.7, 0.68], "best": [0.51111114, 0.5387302, 0.5384921, 0.538254, 0.5378969, 0.53739685, 0.53698415, 0.5365533, 0.53646827, 0.37375665, 0.37369844, 0.3819625, 0.37361115, 0.37412703, 0.3746032, 0.34390476, 0.37487108, 0.38188612, 0.38198417, 0.3747536, 0.3823651, 0.37530616, 0.37549067, 0.3756177, 0.37571433, 0.37608892, 0.3764164, 0.37671962, 0.37700117, 0.3774932, 0.37796828, 0.38125452, 0.3806449, 0.38226557, 0.37981328, 0.38301137, 0.38050267, 0.38090953, 0.3840017, 0.3843346, 0.3886032, 0.3826636, 0.38547623, 0.38984132, 0.38362917, 0.39055032, 0.38453075, 0.3851503, 0.39153773, 0.3918627], "duration": [7527, 6794, 6939, 6838, 6075, 6773, 7692, 6795, 6806, 6753, 6107, 7305, 7484, 6747, 7726, 7325, 7410, 7337, 7371, 6746, 7405, 6120, 6755, 6080, 6088, 6096, 6132, 6013, 6104, 6108, 5437, 6070, 6159, 6142, 5986, 5518, 5800, 5846, 5600, 5716, 5792, 5745, 5777, 5644, 5812, 5686, 5706, 5879, 5673, 5751]}