{"avg": [0.39791673, 0.45384923, 0.38238975, 0.4226002, 0.49483454, 0.44638842, 0.48359787, 0.4654734, 0.48308617, 0.4651904, 0.5412423, 0.57107675, 0.58831614, 0.53477854, 0.52978593, 0.53760505, 0.59723234, 0.54481363, 0.54787517, 0.5766118, 0.59169775, 0.5831196, 0.58839244, 0.6159146, 0.63164705, 0.6134098, 0.61141324, 0.5865463, 0.59892535, 0.68238693, 0.64116025, 0.6467825, 0.6898268, 0.6167332, 0.671597, 0.69301057, 0.706268, 0.6787158, 0.6867232, 0.6852242, 0.71666515, 0.7078852, 0.72818685, 0.7395593, 0.7429443, 0.7355032, 0.74033284, 0.74300694, 0.7389929, 0.74157804, 0.7428642, 0.7524162, 0.76326627, 0.76567644, 0.76769733, 0.75895685, 0.7625962, 0.77439505, 0.776686, 0.7787675, 0.7677757, 0.7707168, 0.78375506, 0.7858226, 0.7873805, 0.7772094, 0.7792222, 0.79193795, 0.78189135, 0.78318006, 0.79600555, 0.7973765, 0.7987994, 0.80018324, 0.8015298, 0.8026788, 0.80388, 0.80520636, 0.8064216, 0.8077523, 0.80869, 0.8098182, 0.8108505, 0.8119927, 0.8131059, 0.8140018, 0.81506515, 0.81604195, 0.8168784, 0.8178146, 0.81872946, 0.819569, 0.82044595, 0.8213034, 0.8221429, 0.8228627, 0.82356954, 0.82431245, 0.82508945, 0.82580346, 0.8266421, 0.8273723, 0.82817626, 0.8288326, 0.8294773, 0.8301105, 0.8307733, 0.83138347, 0.83202237, 0.8325719, 0.833189, 0.83375746, 0.8342423, 0.83472025, 0.8353347, 0.83586717, 0.83649516, 0.8370428, 0.8375477, 0.8380118, 0.8385017, 0.83901525, 0.8394892, 0.84004855, 0.840567, 0.8410175, 0.84146094, 0.8419555, 0.8423566, 0.8428363, 0.8432805, 0.8436635, 0.8440416, 0.84446716, 0.8448604, 0.8451968, 0.8456557, 0.84605765, 0.8464531, 0.8468675, 0.8472512, 0.8476296, 0.8479566, 0.8483477, 0.84864324, 0.84897965, 0.84928983, 0.84961796, 0.84994197, 0.8502827], "std": [0.14882353, 0.1521212, 0.13920988, 0.15289013, 0.14197402, 0.15370812, 0.14774175, 0.15047723, 0.14922452, 0.15244707, 0.12314772, 0.09606669, 0.08431154, 0.14159772, 0.13667957, 0.13711336, 0.081028216, 0.13679665, 0.14181477, 0.10977759, 0.105904326, 0.120767556, 0.12260753, 0.08886889, 0.09035875, 0.12013688, 0.12215349, 0.14931943, 0.14843978, 0.020208891, 0.094860956, 0.12956063, 0.021478541, 0.14048205, 0.09999842, 0.042278476, 0.028719941, 0.09551387, 0.10289297, 0.10677709, 0.03606308, 0.047166593, 0.031210778, 1.1920929e-07, 5.9604645e-08, 0.037763987, 0.031538658, 0.03215273, 0.0391946, 0.041613147, 0.04333158, 0.03344244, 5.9604645e-08, 1.1920929e-07, 0.0, 0.04280623, 0.039678693, 5.9604645e-08, 1.1920929e-07, 1.1920929e-07, 0.04688606, 0.044356726, 1.1920929e-07, 0.0, 5.9604645e-08, 0.046090353, 0.04508797, 1.1920929e-07, 0.04574391, 0.04602854, 1.1920929e-07, 1.1920929e-07, 1.1920929e-07, 5.9604645e-08, 0.0, 1.7881393e-07, 1.7881393e-07, 5.9604645e-08, 1.7881393e-07, 5.9604645e-08, 1.1920929e-07, 1.7881393e-07, 1.1920929e-07, 5.9604645e-08, 5.9604645e-08, 5.9604645e-08, 1.1920929e-07, 0.0, 1.7881393e-07, 1.1920929e-07, 5.9604645e-08, 1.1920929e-07, 1.7881393e-07, 5.9604645e-08, 0.0, 1.7881393e-07, 5.9604645e-08, 1.7881393e-07, 0.0, 1.7881393e-07, 5.9604645e-08, 1.7881393e-07, 1.1920929e-07, 0.0, 0.0, 1.7881393e-07, 1.1920929e-07, 1.1920929e-07, 0.0, 1.1920929e-07, 0.0, 0.0, 5.9604645e-08, 1.1920929e-07, 5.9604645e-08, 1.7881393e-07, 1.1920929e-07, 0.0, 5.9604645e-08, 1.1920929e-07, 1.1920929e-07, 1.1920929e-07, 1.1920929e-07, 1.1920929e-07, 1.1920929e-07, 1.1920929e-07, 1.1920929e-07, 0.0, 5.9604645e-08, 1.1920929e-07, 5.9604645e-08, 0.0, 1.7881393e-07, 0.0, 5.9604645e-08, 5.9604645e-08, 1.7881393e-07, 1.7881393e-07, 1.1920929e-07, 1.7881393e-07, 1.1920929e-07, 1.7881393e-07, 5.9604645e-08, 5.9604645e-08, 1.7881393e-07, 0.0, 5.9604645e-08, 0.0, 1.1920929e-07, 1.1920929e-07], "var": [0.98, 0.98, 0.96, 0.94, 0.92, 0.92, 0.9, 0.88, 0.84, 0.8, 0.78, 0.76, 0.74, 0.74, 0.72, 0.7, 0.68, 0.68, 0.66, 0.62, 0.58, 0.54, 0.5, 0.46, 0.44, 0.42, 0.38, 0.36, 0.34, 0.34, 0.34, 0.32, 0.3, 0.28, 0.26, 0.24, 0.22, 0.2, 0.16, 0.14, 0.12, 0.08, 0.08, 0.08, 0.08, 0.08, 0.08, 0.08, 0.08, 0.08, 0.06, 0.04, 0.04, 0.04, 0.04, 0.04, 0.04, 0.04, 0.04, 0.04, 0.04, 0.04, 0.04, 0.04, 0.04, 0.04, 0.04, 0.04, 0.04, 0.02, 0.02, 0.02, 0.02, 0.02, 0.02, 0.02, 0.02, 0.02, 0.02, 0.02, 0.02, 0.02, 0.02, 0.02, 0.02, 0.02, 0.02, 0.02, 0.02, 0.02, 0.02, 0.02, 0.02, 0.02, 0.02, 0.02, 0.02, 0.02, 0.02, 0.02, 0.02, 0.02, 0.02, 0.02, 0.02, 0.02, 0.02, 0.02, 0.02, 0.02, 0.02, 0.02, 0.02, 0.02, 0.02, 0.02, 0.02, 0.02, 0.02, 0.02, 0.02, 0.02, 0.02, 0.02, 0.02, 0.02, 0.02, 0.02, 0.02, 0.02, 0.02, 0.02, 0.02, 0.02, 0.02, 0.02, 0.02, 0.02, 0.02, 0.02, 0.02, 0.02, 0.02, 0.02, 0.02, 0.02, 0.02, 0.02, 0.02, 0.02], "best": [0.5666667, 0.6098215, 0.6127497, 0.6148149, 0.61388224, 0.6133205, 0.6095239, 0.6095688, 0.6105777, 0.61145526, 0.6159125, 0.61969703, 0.6238587, 0.62973905, 0.6346939, 0.6352183, 0.63753945, 0.6420199, 0.6439045, 0.6482994, 0.64992654, 0.65473413, 0.65775824, 0.66119695, 0.6652357, 0.6718551, 0.6769065, 0.6808977, 0.6838625, 0.6876048, 0.6940625, 0.69707036, 0.7021872, 0.7068833, 0.7083901, 0.71256876, 0.71650255, 0.7206696, 0.7241193, 0.727494, 0.73035717, 0.73326147, 0.73575646, 0.7395594, 0.74294424, 0.74597704, 0.74847615, 0.7513088, 0.7540239, 0.7562039, 0.75862545, 0.7607769, 0.7632662, 0.7656763, 0.76769733, 0.7703974, 0.77221966, 0.7743951, 0.77668613, 0.7787674, 0.78077954, 0.7821697, 0.78375494, 0.7858226, 0.7873806, 0.7891098, 0.79049426, 0.79193807, 0.7933273, 0.79468703, 0.79600567, 0.7973764, 0.7987993, 0.8001832, 0.8015298, 0.80267864, 0.80388016, 0.8052064, 0.80642176, 0.80775225, 0.8086899, 0.809818, 0.8108506, 0.81199276, 0.81310594, 0.81400174, 0.815065, 0.81604195, 0.81687856, 0.81781447, 0.8187295, 0.8195691, 0.8204458, 0.8213035, 0.8221429, 0.82286286, 0.8235696, 0.8243126, 0.82508945, 0.8258033, 0.82664216, 0.82737213, 0.82817614, 0.8288326, 0.8294773, 0.8301103, 0.8307732, 0.83138335, 0.83202237, 0.8325718, 0.833189, 0.83375746, 0.83424234, 0.83472013, 0.83533466, 0.83586735, 0.83649504, 0.8370428, 0.8375478, 0.8380119, 0.8385016, 0.83901536, 0.83948934, 0.84004843, 0.8405671, 0.84101737, 0.8414608, 0.8419555, 0.84235656, 0.8428362, 0.84328043, 0.8436635, 0.8440414, 0.84446716, 0.84486043, 0.84519684, 0.84565586, 0.8460575, 0.8464532, 0.8468673, 0.8472513, 0.8476298, 0.84795654, 0.8483478, 0.84864306, 0.84897965, 0.8492898, 0.84961796, 0.84994185, 0.85028285], "duration": [1174, 1173, 1184, 1217, 1381, 1178, 1169, 1145, 1592, 1357, 1167, 1380, 1173, 1195, 1181, 1415, 1189, 1192, 1184, 1188, 1200, 1187, 1166, 1208, 1192, 1205, 1211, 1313, 1127, 1300, 1121, 1109, 1120, 1120, 1188, 1355, 1172, 1589, 1591, 1215, 1184, 1175, 1377, 1183, 1155, 1150, 1175, 1140, 1132, 1150, 1173, 1203, 1197, 1191, 1191, 1387, 1387, 1172, 1203, 1208, 1192, 1195, 1192, 1184, 1397, 1173, 1182, 1392, 1194, 1212, 1193, 1405, 1174, 1398, 1199, 1201, 1379, 1365, 1392, 1398, 1166, 1191, 1175, 1201, 1195, 1396, 1193, 1179, 1393, 1209, 1200, 1199, 1389, 1121, 1149, 1204, 1342, 1182, 1188, 1190, 1149, 1330, 1156, 1175, 1197, 1190, 1199, 1184, 1199, 1175, 1390, 1167, 1231, 1397, 1212, 1408, 1182, 1181, 1193, 1403, 1215, 1188, 1176, 1364, 1388, 1183, 1169, 1376, 1202, 1383, 1193, 1193, 1190, 1201, 1213, 1383, 1396, 1200, 1188, 1213, 1183, 1208, 1217, 1208, 1214, 1180, 1203, 1180, 1186, 1216]}