{"avg": [0.11428573, 0.17016724, 0.1417367, 0.13656583, 0.20768118, 0.22008407, 0.16395156, 0.26346016, 0.20958333, 0.20665748, 0.21993096, 0.27895743, 0.24905917, 0.2723138, 0.2617504, 0.2575701, 0.30751845, 0.2820827, 0.33637765, 0.29032496, 0.30207223, 0.29312798, 0.32776618, 0.33596557, 0.2951678, 0.34628823, 0.33154485, 0.350645, 0.4048711, 0.4139555, 0.36991292, 0.37056974, 0.37241817, 0.3979229, 0.429894, 0.42241973, 0.40471414, 0.42247647, 0.40200174, 0.38626477, 0.4365258, 0.45377734, 0.44770187, 0.44373423, 0.48764274, 0.47085208, 0.47702512, 0.5058686, 0.46607587, 0.5030925], "std": [0.09897434, 0.11546773, 0.15969087, 0.115364596, 0.12923087, 0.15288365, 0.15885301, 0.15928617, 0.15081242, 0.15412863, 0.13535033, 0.14024554, 0.16381183, 0.1402679, 0.15681279, 0.15855852, 0.14313827, 0.16276826, 0.1480349, 0.116881035, 0.14037941, 0.15296221, 0.13097957, 0.13666698, 0.16246498, 0.10854894, 0.124464735, 0.13449286, 0.10801254, 0.10173498, 0.13183571, 0.09119395, 0.08636415, 0.09168549, 0.08006348, 0.076512955, 0.09526988, 0.099386744, 0.08836427, 0.14127582, 0.07988779, 0.09019577, 0.07877069, 0.091090366, 0.043226223, 0.054777805, 0.07032946, 0.048684027, 0.063153766, 0.07013725], "var": [0.96, 0.92, 0.9, 0.88, 0.84, 0.84, 0.82, 0.8, 0.78, 0.76, 0.72, 0.7, 0.7, 0.72, 0.68, 0.66, 0.66, 0.64, 0.64, 0.62, 0.6, 0.6, 0.58, 0.56, 0.52, 0.52, 0.5, 0.48, 0.44, 0.42, 0.38, 0.36, 0.38, 0.38, 0.38, 0.36, 0.36, 0.32, 0.28, 0.28, 0.26, 0.26, 0.24, 0.22, 0.22, 0.22, 0.22, 0.24, 0.22, 0.22], "best": [0.3555556, 0.3963719, 0.40396827, 0.3976022, 0.39731985, 0.402247, 0.40242276, 0.539371, 0.4121032, 0.54240364, 0.41568992, 0.41770953, 0.54285717, 0.4275565, 0.42857856, 0.42938513, 0.43013406, 0.43404853, 0.57013893, 0.440177, 0.5720072, 0.44132638, 0.44423255, 0.44689047, 0.4521026, 0.45362672, 0.45559028, 0.4580642, 0.5798765, 0.5821797, 0.46868813, 0.47012085, 0.47278607, 0.47433367, 0.53868467, 0.47949266, 0.48271918, 0.48533767, 0.4887169, 0.49056554, 0.49287215, 0.5983516, 0.49855596, 0.501035, 0.5368391, 0.5062263, 0.53685296, 0.6069268, 0.51419127, 0.66283125], "duration": [5721, 3899, 7705, 2003, 3923, 3964, 1965, 3910, 6525, 3949, 2091, 3919, 4303, 5934, 11477, 6254, 5814, 7795, 6266, 4018, 4070, 4006, 5851, 2476, 2055, 3979, 2116, 4338, 7773, 5879, 7776, 2043, 2774, 3916, 3975, 2088, 2142, 4344, 2070, 3936, 8170, 5899, 5833, 2065, 5901, 3949, 3968, 4001, 3938, 9642]}