{"avg": [0.4431373, 0.48451144, 0.4609769, 0.47447628, 0.47318685, 0.47852182, 0.44538933, 0.52855325, 0.5180692, 0.5466152, 0.5549142, 0.51602525, 0.5068256, 0.56188387, 0.54675794, 0.57440513, 0.54702735, 0.5704355, 0.58492583, 0.52756155, 0.5512239, 0.56471515, 0.61531866, 0.5682903, 0.5927373, 0.613658, 0.59201884, 0.5920604, 0.6180195, 0.59662366, 0.6182939, 0.6011565, 0.604884, 0.59889096, 0.62575185, 0.6049713, 0.63474244, 0.63928574, 0.6338995, 0.6488364, 0.63798296, 0.61205095, 0.64222604, 0.6437271, 0.6323289, 0.65938246, 0.63854945, 0.6571249, 0.66224706, 0.66673476], "std": [0.14764592, 0.14517987, 0.14968015, 0.14921777, 0.14998628, 0.14897345, 0.1531328, 0.12618032, 0.13643205, 0.11730081, 0.11241922, 0.13701686, 0.14542091, 0.10208553, 0.1192381, 0.08270388, 0.12224383, 0.1000066, 0.07386619, 0.14137642, 0.12696132, 0.10757159, 0.009014917, 0.105964154, 0.082932405, 0.01296492, 0.075298965, 0.084356464, 0.014789586, 0.08865321, 0.016193036, 0.07926776, 0.07894948, 0.08383598, 0.014630796, 0.0844256, 0.012702234, 0.014059165, 0.01889321, 0.012468911, 0.02159639, 0.091576755, 0.018598262, 0.02001685, 0.089497514, 0.01169101, 0.09326715, 0.020924376, 0.022681898, 0.01963864], "var": [1.0, 1.0, 0.96, 0.96, 0.96, 0.96, 0.96, 0.94, 0.94, 0.94, 0.94, 0.94, 0.94, 0.94, 0.94, 0.9, 0.88, 0.88, 0.86, 0.84, 0.82, 0.8, 0.8, 0.8, 0.8, 0.8, 0.78, 0.78, 0.78, 0.74, 0.74, 0.74, 0.74, 0.76, 0.76, 0.72, 0.68, 0.66, 0.64, 0.64, 0.64, 0.62, 0.58, 0.54, 0.52, 0.52, 0.48, 0.44, 0.42, 0.42], "best": [0.5666667, 0.61288524, 0.6044819, 0.6038096, 0.6014653, 0.60476196, 0.60383874, 0.60443354, 0.6078892, 0.6120486, 0.6112737, 0.6138867, 0.61585695, 0.6132797, 0.6152215, 0.6081882, 0.6172275, 0.6175758, 0.6187704, 0.62145174, 0.6224427, 0.62678754, 0.62726665, 0.6296196, 0.6311949, 0.6331175, 0.6333565, 0.6357088, 0.63718164, 0.6384576, 0.6402598, 0.6428183, 0.6444602, 0.6438424, 0.6476458, 0.64849037, 0.6497691, 0.65283257, 0.6557617, 0.6574184, 0.6612136, 0.66292036, 0.6633768, 0.6665015, 0.6687676, 0.6714492, 0.6743956, 0.67610526, 0.6791363, 0.6814368], "duration": [1466, 1216, 1231, 1252, 1341, 1447, 1229, 1639, 2253, 1248, 1476, 1461, 1240, 1241, 1301, 1248, 1240, 1451, 1439, 1240, 1250, 1240, 1312, 1456, 1279, 1253, 1271, 1281, 1633, 1341, 1611, 1232, 1640, 1238, 1253, 1233, 1242, 1244, 1301, 1255, 1216, 1214, 1239, 1216, 1228, 1219, 1225, 1212, 1213, 1221]}