{"avg": [0.13733336, 0.16158098, 0.15826033, 0.14676194, 0.15029925, 0.16296194, 0.15261906, 0.14199004, 0.14800161, 0.14421059, 0.13318731, 0.13671057, 0.15948257, 0.14075382, 0.14095601, 0.13746986, 0.12217678, 0.1259789, 0.13078837, 0.13093902, 0.1354189, 0.13193968, 0.12826581, 0.13537793, 0.1317647, 0.12019913, 0.12764762, 0.12405855, 0.13529855, 0.12774374, 0.12074667, 0.12050497, 0.113076, 0.113784134, 0.102475636, 0.106496684, 0.09885107, 0.11715127, 0.098995656, 0.106516965, 0.102997206, 0.10256555, 0.10290908, 0.11761471, 0.11093464, 0.11872339, 0.10756177, 0.11527783, 0.118886515, 0.102945976], "std": [0.11889951, 0.12530178, 0.12162803, 0.12687886, 0.1252219, 0.12727058, 0.12747666, 0.12083684, 0.12299539, 0.11855942, 0.12282989, 0.121474676, 0.11745902, 0.120187856, 0.11398908, 0.115592726, 0.11992116, 0.11900872, 0.11346818, 0.113543205, 0.11387062, 0.11532678, 0.1165502, 0.113903895, 0.11528795, 0.11822313, 0.11627682, 0.11738391, 0.120041996, 0.12235484, 0.1124362, 0.118474655, 0.10711002, 0.107725866, 0.109155595, 0.10898863, 0.109501086, 0.11317697, 0.10960436, 0.11554402, 0.11609018, 0.11577424, 0.116046086, 0.1258216, 0.12182247, 0.12085378, 0.12275977, 0.12794276, 0.12725912, 0.13420632], "var": [1.0, 1.0, 1.0, 0.96, 0.94, 0.92, 0.9, 0.92, 0.88, 0.86, 0.84, 0.82, 0.8, 0.78, 0.78, 0.78, 0.78, 0.74, 0.72, 0.72, 0.72, 0.7, 0.72, 0.72, 0.74, 0.76, 0.76, 0.78, 0.78, 0.8, 0.82, 0.8, 0.8, 0.78, 0.76, 0.78, 0.78, 0.78, 0.78, 0.76, 0.74, 0.74, 0.74, 0.72, 0.72, 0.72, 0.74, 0.76, 0.74, 0.72], "best": [0.3555556, 0.38698417, 0.38698417, 0.38698417, 0.38626987, 0.38565084, 0.38515878, 0.38487533, 0.38490084, 0.38486776, 0.38446036, 0.38412702, 0.38380957, 0.38343105, 0.3833107, 0.38330162, 0.38323417, 0.38317466, 0.38317463, 0.38312453, 0.3830318, 0.38328803, 0.38352096, 0.38371295, 0.3839683, 0.38414606, 0.3843102, 0.38444448, 0.3845352, 0.38465247, 0.38474607, 0.3848029, 0.38487107, 0.38470423, 0.3846032, 0.38450798, 0.38443124, 0.38441017, 0.38439018, 0.38439566, 0.3845318, 0.3846613, 0.3847846, 0.38489115, 0.38510105, 0.38534397, 0.38572124, 0.38924354, 0.3898314, 0.39039522], "duration": [5191, 5071, 5072, 5229, 5577, 5175, 5016, 5045, 5076, 5093, 5035, 5069, 5117, 5108, 5116, 5120, 5200, 5109, 5107, 5200, 5084, 5074, 5155, 5059, 5130, 5020, 5051, 5023, 5031, 5351, 5051, 5056, 4974, 4994, 5020, 4982, 5074, 5012, 4995, 5079, 5010, 5009, 5015, 5025, 5029, 5074, 4982, 4974, 5020, 5028]}