{"avg": [0.12539685, 0.13966838, 0.13645504, 0.21248677, 0.19174108, 0.23197024, 0.22477238, 0.19438855, 0.22876967, 0.22968113, 0.27447432, 0.26375598, 0.20152777, 0.2335763, 0.18555146, 0.30033162, 0.30330133, 0.26171598, 0.3275793, 0.24281552, 0.262097, 0.29235613, 0.30393848, 0.3808595, 0.39877617, 0.3300728, 0.34172764, 0.39857844, 0.4009952, 0.36967674, 0.39308628, 0.4431153, 0.4040023, 0.4417418, 0.46364245, 0.43217552, 0.47444215, 0.48086026, 0.480707, 0.4681598, 0.4698196, 0.48352167, 0.4598353, 0.52290833, 0.5014647, 0.5319249, 0.5947938, 0.57621914, 0.5644539, 0.61099994], "std": [0.09413381, 0.119873784, 0.10786393, 0.085831314, 0.13293631, 0.113614224, 0.06800017, 0.124151655, 0.1498273, 0.11989058, 0.13392638, 0.12762311, 0.12787822, 0.115091234, 0.18174401, 0.15356287, 0.15788415, 0.1938571, 0.16823842, 0.10985534, 0.17304672, 0.1458368, 0.14455311, 0.13634975, 0.17690454, 0.12523893, 0.18123181, 0.16733624, 0.14589734, 0.16239913, 0.12490207, 0.1732397, 0.15412003, 0.15977764, 0.16433404, 0.19431852, 0.166674, 0.137227, 0.14563297, 0.19165738, 0.17328973, 0.1450094, 0.18266639, 0.15170453, 0.19537029, 0.14676623, 0.06266115, 0.09313427, 0.13672249, 0.06723707], "var": [1.0, 0.96, 0.94, 0.9, 0.88, 0.88, 0.84, 0.8, 0.8, 0.8, 0.8, 0.8, 0.76, 0.76, 0.76, 0.74, 0.72, 0.7, 0.66, 0.66, 0.66, 0.64, 0.62, 0.6, 0.6, 0.58, 0.58, 0.6, 0.6, 0.6, 0.58, 0.58, 0.56, 0.52, 0.5, 0.52, 0.5, 0.48, 0.48, 0.44, 0.42, 0.38, 0.38, 0.34, 0.3, 0.26, 0.24, 0.22, 0.2, 0.2], "best": [0.3555556, 0.3708617, 0.37857148, 0.3820106, 0.39246035, 0.5321011, 0.39218563, 0.3928422, 0.5357078, 0.53560585, 0.5365995, 0.5386152, 0.5418862, 0.5431269, 0.5479465, 0.5483695, 0.55126053, 0.55395055, 0.55715394, 0.40489203, 0.5612599, 0.5609978, 0.5638563, 0.56679577, 0.57069695, 0.57384926, 0.57376176, 0.5761316, 0.5785804, 0.58160806, 0.58299273, 0.58429974, 0.5886917, 0.59041554, 0.5932739, 0.5961636, 0.59835696, 0.60180634, 0.60437167, 0.60654217, 0.60946137, 0.61158735, 0.6148196, 0.6159773, 0.6185095, 0.6214917, 0.6244497, 0.62793946, 0.63046956, 0.6334166], "duration": [5937, 4104, 2158, 2076, 2113, 5858, 2085, 2159, 2210, 4425, 2655, 5976, 4223, 4672, 4621, 2482, 2528, 3025, 4743, 6111, 2518, 4363, 2465, 4337, 4108, 4172, 2516, 2318, 2523, 4244, 4118, 5034, 2318, 4219, 2398, 4371, 2773, 4286, 2369, 2844, 6000, 6608, 2417, 2381, 2897, 2931, 2386, 2491, 2422, 2367]}