{"avg": [0.30196086, 0.49243698, 0.47810853, 0.3930159, 0.40128207, 0.44552442, 0.41502097, 0.48795995, 0.50677675, 0.51047313, 0.4846627, 0.5118374, 0.5894807, 0.5110389, 0.58013105, 0.5302326, 0.5977606, 0.5576528, 0.56843907, 0.56299466, 0.6060553, 0.58738106, 0.59676605, 0.56589514, 0.6177223, 0.6139992, 0.58241487, 0.63465554, 0.64859706, 0.6076977, 0.63048095, 0.608857, 0.63942754, 0.6257382, 0.6497159, 0.6480246, 0.61950034, 0.6344457, 0.68928736, 0.6845526, 0.6601933, 0.69248986, 0.6977041, 0.7149119, 0.7167067, 0.68723345, 0.71526474, 0.72368747, 0.7267581, 0.7055529, 0.7298988, 0.74055207, 0.74320745, 0.7391733, 0.74143076, 0.7535133, 0.753079, 0.75555193, 0.76074255, 0.7629624, 0.76230437, 0.7673714, 0.769517, 0.7713384, 0.7733586, 0.77591586, 0.77779585, 0.7795076, 0.7816077, 0.783109, 0.78488165, 0.78670114, 0.78827065, 0.7897971, 0.7910992], "std": [0.09665693, 0.13549148, 0.1448669, 0.14294906, 0.14599252, 0.15194704, 0.15062618, 0.1495095, 0.1433529, 0.14209673, 0.15280515, 0.14699534, 0.08034888, 0.14583911, 0.090837814, 0.13735765, 0.07355929, 0.12245881, 0.10854287, 0.12198977, 0.08072639, 0.11451495, 0.1110919, 0.13806762, 0.08473019, 0.08873062, 0.12650217, 0.03242889, 0.026977587, 0.10871688, 0.089940704, 0.118630536, 0.09060521, 0.11641168, 0.09176709, 0.10688163, 0.13154781, 0.13328798, 0.029303558, 0.03608368, 0.10523651, 0.037769224, 0.034111798, 0.009680726, 0.018674845, 0.108996674, 0.027757043, 0.023334792, 0.023122761, 0.114126846, 0.033812076, 0.010109651, 0.010694473, 0.03715231, 0.03777242, 5.9604645e-08, 0.011586267, 0.011026402, 1.1920929e-07, 5.9604645e-08, 0.0112337805, 5.9604645e-08, 1.1920929e-07, 0.0, 5.9604645e-08, 5.9604645e-08, 5.9604645e-08, 1.1920929e-07, 5.9604645e-08, 1.1920929e-07, 1.1920929e-07, 1.1920929e-07, 1.1920929e-07, 0.0, 1.1920929e-07], "var": [0.96, 0.92, 0.9, 0.9, 0.9, 0.9, 0.88, 0.84, 0.84, 0.84, 0.82, 0.82, 0.82, 0.82, 0.8, 0.78, 0.74, 0.7, 0.7, 0.7, 0.66, 0.64, 0.6, 0.64, 0.62, 0.58, 0.54, 0.58, 0.56, 0.54, 0.5, 0.48, 0.46, 0.44, 0.44, 0.42, 0.38, 0.34, 0.32, 0.3, 0.26, 0.24, 0.22, 0.2, 0.2, 0.18, 0.16, 0.14, 0.12, 0.08, 0.08, 0.08, 0.06, 0.06, 0.04, 0.04, 0.04, 0.04, 0.04, 0.04, 0.02, 0.02, 0.02, 0.02, 0.02, 0.02, 0.02, 0.02, 0.02, 0.02, 0.02, 0.02, 0.02, 0.02, 0.02], "best": [0.5666667, 0.6044819, 0.60758936, 0.59952384, 0.60476196, 0.6067511, 0.606767, 0.6095239, 0.6167423, 0.620322, 0.62181264, 0.62392294, 0.6280021, 0.632113, 0.6333334, 0.6283407, 0.63525385, 0.64064956, 0.64331967, 0.6445149, 0.6461339, 0.65072596, 0.65482444, 0.6599207, 0.66184133, 0.6658629, 0.66888344, 0.67126054, 0.6733767, 0.6769562, 0.6794725, 0.6827563, 0.6850113, 0.6882087, 0.69144785, 0.69505143, 0.6980125, 0.69991934, 0.7028446, 0.7069633, 0.7098597, 0.7123271, 0.71572423, 0.7186387, 0.72227657, 0.72628975, 0.72890145, 0.7312354, 0.73476136, 0.73771214, 0.7402555, 0.74325407, 0.74596876, 0.74876606, 0.7511836, 0.7535132, 0.7562926, 0.75839883, 0.76074266, 0.76296246, 0.76511264, 0.7673715, 0.7695171, 0.7713384, 0.77335864, 0.7759158, 0.7777959, 0.77950746, 0.78160775, 0.7831091, 0.7848818, 0.786701, 0.78827053, 0.7897971, 0.7910991], "duration": [1416, 1173, 1382, 1246, 1168, 1152, 1209, 1193, 1100, 1108, 1086, 1162, 1172, 1376, 1200, 1165, 1387, 1167, 1185, 1403, 1191, 2289, 1400, 1191, 1201, 1192, 1572, 1197, 1204, 1388, 1182, 1370, 1194, 1590, 1224, 1179, 1114, 1123, 1116, 1162, 1412, 1384, 1192, 1216, 1592, 1190, 1190, 1191, 1173, 1171, 1193, 1366, 1191, 1198, 1199, 1191, 1184, 1391, 1196, 1186, 1174, 1378, 1194, 1375, 1756, 1202, 1194, 1390, 1179, 1179, 1399, 1188, 1187, 1191, 1205]}