{"avg": [0.41666672, 0.38546628, 0.48323774, 0.44874772, 0.48290235, 0.4266329, 0.47925928, 0.4965533, 0.4259921, 0.44588152, 0.48671883, 0.51883787, 0.42362955, 0.49449682, 0.49472544, 0.55294454, 0.54693544, 0.4992012, 0.5684731, 0.5108142, 0.55184925, 0.5748156, 0.57374775, 0.52417773, 0.54222506, 0.58055866, 0.5671114, 0.55601597, 0.6099847, 0.6017006, 0.58256966, 0.6250058, 0.612731, 0.6133784, 0.6133977, 0.6354972, 0.6349148, 0.6384622, 0.63872313, 0.64316386, 0.6458837, 0.64765525, 0.6466428, 0.6431343, 0.650222, 0.65032446, 0.65807986, 0.65263724, 0.6600182, 0.66604537], "std": [0.15000002, 0.1421009, 0.14465688, 0.15280917, 0.14792114, 0.15325369, 0.15008701, 0.14587389, 0.15430197, 0.1534287, 0.14875753, 0.13884188, 0.15479606, 0.15326962, 0.14702055, 0.116464056, 0.123219796, 0.15065217, 0.102648646, 0.14478949, 0.12091772, 0.10399387, 0.10161174, 0.14398734, 0.13673332, 0.10240615, 0.119162306, 0.12608263, 0.044710286, 0.07523488, 0.10892296, 0.0113809155, 0.08132864, 0.07993061, 0.08201249, 0.011302487, 0.0140988445, 0.010809636, 0.013896117, 0.011654986, 0.01182491, 0.012216606, 0.014121977, 0.015509639, 0.015771983, 0.013503888, 0.011562629, 0.016659845, 0.01223886, 0.0074772434], "var": [1.0, 0.98, 0.98, 0.96, 0.94, 0.94, 0.92, 0.88, 0.88, 0.88, 0.86, 0.84, 0.8, 0.76, 0.76, 0.72, 0.7, 0.7, 0.66, 0.62, 0.58, 0.56, 0.54, 0.52, 0.5, 0.5, 0.5, 0.48, 0.44, 0.4, 0.36, 0.34, 0.32, 0.3, 0.28, 0.28, 0.28, 0.28, 0.28, 0.26, 0.26, 0.26, 0.26, 0.24, 0.2, 0.2, 0.2, 0.22, 0.22, 0.22], "best": [0.5666667, 0.6162699, 0.607483, 0.6083334, 0.6118227, 0.6120335, 0.6113757, 0.6113379, 0.6099207, 0.6137606, 0.6102131, 0.6138606, 0.61636746, 0.6170941, 0.61941224, 0.6200513, 0.62199175, 0.62330735, 0.62579805, 0.6188994, 0.6276347, 0.6290462, 0.6301823, 0.6304061, 0.63178897, 0.63268125, 0.6342646, 0.63431513, 0.635589, 0.63640594, 0.6375357, 0.63922673, 0.64059144, 0.64241165, 0.64322627, 0.6455521, 0.6480827, 0.65048933, 0.6511945, 0.65204585, 0.6540572, 0.6563505, 0.6590188, 0.66031986, 0.66107786, 0.66429245, 0.66515607, 0.66755235, 0.6683441, 0.6705796], "duration": [1393, 1346, 1613, 1393, 1334, 1325, 1317, 1241, 1309, 1357, 1327, 1317, 1335, 1380, 1333, 1330, 1368, 1395, 1273, 1301, 1596, 1355, 1340, 1531, 1518, 1577, 1593, 1372, 1368, 1384, 1333, 1372, 1316, 1543, 1509, 1489, 1746, 1367, 1373, 1326, 1356, 1325, 1369, 1348, 1521, 1556, 1275, 1362, 1282, 1289]}