{"avg": [0.4431373, 0.48681837, 0.4983019, 0.4940635, 0.44515964, 0.41447458, 0.51019645, 0.5566412, 0.5025146, 0.5445183, 0.55077845, 0.5053451, 0.5622513, 0.5838851, 0.5273978, 0.5679578, 0.533295, 0.5438341, 0.56521845, 0.56257653, 0.5543775, 0.5894576, 0.6156287, 0.61476505, 0.55775166, 0.6219219, 0.59814274, 0.6243049, 0.63030726, 0.63349074, 0.6326024, 0.631445, 0.63245404, 0.64221305, 0.6139075, 0.6483923, 0.6171761, 0.64656824, 0.65617, 0.64867276, 0.6527722, 0.65796447, 0.67142636, 0.6713991, 0.67171293, 0.6783144, 0.67498326, 0.6851827, 0.682376, 0.6922761], "std": [0.14764592, 0.14516902, 0.13935679, 0.14291893, 0.15174204, 0.15052885, 0.13775705, 0.10242842, 0.14100711, 0.11584038, 0.11156177, 0.14329717, 0.10229084, 0.077077545, 0.13137738, 0.10015619, 0.13400353, 0.123799995, 0.11188087, 0.11253545, 0.11983356, 0.07868622, 0.0105776265, 0.01208319, 0.13185066, 0.012650967, 0.07758632, 0.01907139, 0.012608407, 0.018293157, 0.02006347, 0.022675866, 0.02536399, 0.018270332, 0.07959522, 0.022670759, 0.08996107, 0.022970784, 0.017016254, 0.026136339, 0.025014792, 0.023264755, 0.011771266, 0.018312855, 0.020237532, 0.02164463, 0.026303958, 0.022956548, 0.031053206, 0.015706953], "var": [1.0, 1.0, 0.96, 0.94, 0.94, 0.94, 0.94, 0.92, 0.92, 0.9, 0.9, 0.86, 0.86, 0.82, 0.78, 0.78, 0.74, 0.72, 0.74, 0.72, 0.68, 0.64, 0.64, 0.6, 0.56, 0.52, 0.54, 0.54, 0.54, 0.52, 0.5, 0.48, 0.46, 0.44, 0.42, 0.4, 0.38, 0.38, 0.36, 0.36, 0.34, 0.32, 0.28, 0.26, 0.22, 0.22, 0.2, 0.18, 0.16, 0.14], "best": [0.5666667, 0.61288524, 0.60168076, 0.6014286, 0.6007327, 0.6034359, 0.6051672, 0.6064201, 0.6092239, 0.6104563, 0.6049108, 0.6104322, 0.6118922, 0.61370504, 0.61299294, 0.61428577, 0.61652666, 0.61866254, 0.6196782, 0.61919004, 0.62270254, 0.62521946, 0.62780297, 0.6303127, 0.6318263, 0.63553774, 0.6382712, 0.64000905, 0.64310783, 0.646329, 0.6495178, 0.65221375, 0.6550953, 0.6576977, 0.660647, 0.6623385, 0.6654149, 0.66750705, 0.66960084, 0.67189074, 0.674664, 0.676309, 0.6790044, 0.68212175, 0.6855423, 0.6883748, 0.6911886, 0.69428444, 0.69760334, 0.7000805], "duration": [1482, 1201, 1209, 1220, 1223, 1211, 1225, 1485, 1195, 1262, 1425, 1452, 1245, 1259, 1240, 1419, 1241, 1257, 1243, 1232, 1245, 1224, 1246, 1478, 1220, 1226, 1251, 1247, 1220, 1427, 1431, 1249, 1414, 1236, 1676, 1271, 1219, 1239, 1325, 1458, 1225, 1431, 1275, 1222, 1232, 1210, 1216, 1231, 1242, 1245]}