{"avg": [0.11428573, 0.15874435, 0.12063492, 0.12205336, 0.19315153, 0.0938306, 0.14647035, 0.19244121, 0.23133756, 0.20160758, 0.21825089, 0.21326177, 0.19990566, 0.25152284, 0.2868151, 0.21064427, 0.24841313, 0.28341162, 0.28647032, 0.21563932, 0.30897355, 0.2734343, 0.3245109, 0.3187553, 0.30443603, 0.2930978, 0.3618416, 0.35425413, 0.33950064, 0.334379, 0.3926865, 0.37734503, 0.41348925, 0.40488303, 0.36516806, 0.40614417, 0.45127195, 0.45698875, 0.47948936, 0.4837649, 0.47206002, 0.47205654, 0.515844, 0.4846593, 0.49264997, 0.486908, 0.5010914, 0.52153546, 0.5766462, 0.56862587], "std": [0.11512042, 0.12570772, 0.15354559, 0.11901631, 0.1624629, 0.13040139, 0.1428764, 0.15594476, 0.15749848, 0.15304269, 0.13861537, 0.13061424, 0.16212302, 0.11935513, 0.12526748, 0.14624391, 0.14698625, 0.12381406, 0.14982148, 0.1721434, 0.15397815, 0.16913247, 0.15053993, 0.16333479, 0.15104902, 0.16489878, 0.12364891, 0.11681856, 0.13438176, 0.15324776, 0.1351281, 0.13450348, 0.09644075, 0.13282616, 0.16894527, 0.12531129, 0.101215884, 0.08580495, 0.10209186, 0.10348796, 0.11418985, 0.15975754, 0.050750997, 0.1422833, 0.09686337, 0.094736665, 0.11042727, 0.08805079, 0.05954703, 0.07875464], "var": [0.96, 0.92, 0.92, 0.9, 0.86, 0.84, 0.82, 0.8, 0.8, 0.82, 0.78, 0.74, 0.7, 0.68, 0.68, 0.7, 0.68, 0.7, 0.66, 0.7, 0.68, 0.66, 0.64, 0.6, 0.56, 0.54, 0.5, 0.48, 0.5, 0.48, 0.48, 0.48, 0.46, 0.44, 0.42, 0.38, 0.38, 0.36, 0.32, 0.3, 0.28, 0.24, 0.22, 0.2, 0.18, 0.14, 0.12, 0.12, 0.1, 0.1], "best": [0.3555556, 0.3963719, 0.40396827, 0.39810878, 0.53843355, 0.3960627, 0.39690897, 0.40117198, 0.40615082, 0.5418723, 0.41204485, 0.41295356, 0.414303, 0.41912702, 0.4207011, 0.4243043, 0.5373208, 0.4241777, 0.5481958, 0.53782624, 0.5374471, 0.42807633, 0.53735733, 0.5386801, 0.43746036, 0.43986574, 0.44418317, 0.44785982, 0.5625897, 0.56435406, 0.56648093, 0.5686833, 0.58570486, 0.58848065, 0.46963736, 0.58241034, 0.59523815, 0.58782625, 0.6146411, 0.6172523, 0.6195726, 0.6222712, 0.6250388, 0.6281309, 0.6312519, 0.60541683, 0.6360457, 0.60884875, 0.640471, 0.6432663], "duration": [5720, 1897, 5748, 3828, 5769, 1937, 1971, 3795, 4160, 5769, 3825, 1973, 2014, 7627, 2510, 5749, 7666, 5795, 8107, 9534, 7679, 3878, 6525, 5791, 7700, 1980, 3924, 3851, 1989, 2040, 9922, 2759, 3904, 4387, 1971, 2712, 4697, 2102, 2223, 6227, 2119, 2147, 2576, 2160, 2248, 2130, 2180, 2252, 2276, 2301]}