{"avg": [0.11428573, 0.1779762, 0.14360413, 0.13778648, 0.21257645, 0.1315296, 0.15271515, 0.17077923, 0.17007384, 0.19655366, 0.18154635, 0.201634, 0.2388713, 0.25257435, 0.22562051, 0.15956393, 0.194322, 0.21791455, 0.26542154, 0.2845635, 0.32195634, 0.29193062, 0.3257498, 0.26409143, 0.2836121, 0.32653007, 0.25760338, 0.33560362, 0.33844572, 0.36585417, 0.28745654, 0.3918518, 0.39292857, 0.36562172, 0.33435476, 0.41821662, 0.3341722, 0.40971714, 0.41627744, 0.39217085, 0.38594988, 0.43177307, 0.44927585, 0.4452956, 0.40637478, 0.36151257, 0.37059554, 0.41975805, 0.39444527, 0.4439575, 0.41321033, 0.46275526, 0.40881383, 0.44192132, 0.44811016, 0.47195762, 0.46203396, 0.5022688, 0.46071854, 0.5370506, 0.51634556, 0.48173067, 0.47416812, 0.50767815, 0.49037883, 0.5081552, 0.52705246, 0.51352733, 0.54536426, 0.49939457, 0.5128304, 0.5480622, 0.5266361, 0.5763858, 0.5563174, 0.5539369, 0.53376406, 0.5754612, 0.5692281, 0.562098, 0.5727174, 0.54187983, 0.5414437, 0.5557441, 0.55248284, 0.5631962, 0.5468119, 0.5807611, 0.60591495, 0.6326697, 0.52618, 0.57450885, 0.54813474, 0.6077787, 0.57773113, 0.5685802, 0.5575658, 0.6198423, 0.56604415, 0.60694087, 0.59669656, 0.6050085, 0.63662136, 0.5959597, 0.5918852, 0.57733905, 0.6112417, 0.60444385, 0.57317334, 0.6054079, 0.640509, 0.5811406, 0.5909842, 0.60869604, 0.61794734, 0.6346045, 0.60570204, 0.58813936, 0.59508616, 0.6222359, 0.5858486, 0.62661254, 0.5834466, 0.6202086, 0.604947, 0.5990469, 0.6229571, 0.62737966, 0.61143875, 0.6290611, 0.6290695, 0.6450986, 0.61387616, 0.61392486, 0.6258995, 0.62960005, 0.6186907, 0.6286741, 0.64557344, 0.6189955, 0.6819571, 0.61869913, 0.61392635, 0.6331205, 0.61114985, 0.6702351, 0.6320875, 0.6267024, 0.65744954, 0.6724396], "std": [0.11512042, 0.14001381, 0.13654146, 0.13867298, 0.14778788, 0.11742381, 0.1273226, 0.14300828, 0.1673207, 0.15465064, 0.12625319, 0.1440705, 0.14638549, 0.1779898, 0.12130364, 0.14090613, 0.14209118, 0.15860628, 0.11370587, 0.16032644, 0.18172038, 0.13688181, 0.1451434, 0.14738567, 0.09634539, 0.124322064, 0.12669072, 0.11693294, 0.11897049, 0.10131337, 0.15006402, 0.118754216, 0.1267522, 0.13245817, 0.15388617, 0.124344975, 0.14393222, 0.124097526, 0.117398255, 0.1293399, 0.14122239, 0.10658253, 0.06204045, 0.09576704, 0.13326517, 0.16953748, 0.10689321, 0.12545031, 0.124127544, 0.14596088, 0.17222461, 0.09487375, 0.113024175, 0.10714192, 0.0636847, 0.08231726, 0.11901222, 0.07696545, 0.07451462, 0.079084955, 0.077157184, 0.11352785, 0.07570085, 0.07436665, 0.08328108, 0.08963094, 0.09109414, 0.09038847, 0.09586673, 0.111428574, 0.08955571, 0.092316665, 0.09349119, 0.07511861, 0.0956128, 0.109600544, 0.08723869, 0.07264435, 0.09587514, 0.080035664, 0.09297698, 0.06646188, 0.08749476, 0.0924644, 0.073354624, 0.089829884, 0.085164934, 0.09714788, 0.073631756, 0.0685682, 0.101729825, 0.09493858, 0.08824284, 0.08022549, 0.08979781, 0.103946015, 0.07791237, 0.09539465, 0.08443514, 0.095197245, 0.092783175, 0.08050644, 0.0780465, 0.09327689, 0.090038754, 0.06453296, 0.08647266, 0.07658116, 0.08459109, 0.07651123, 0.075328626, 0.099229574, 0.068151295, 0.0761613, 0.095046006, 0.11385501, 0.0942189, 0.107029416, 0.11392986, 0.09438246, 0.12355025, 0.07351533, 0.104266696, 0.09493335, 0.06322591, 0.08855771, 0.07717713, 0.07955617, 0.11373534, 0.07726205, 0.09275518, 0.08348034, 0.089209296, 0.106107764, 0.10876535, 0.07241647, 0.067247406, 0.07733738, 0.09476053, 0.119303584, 0.07454895, 0.08695818, 0.06382847, 0.092755385, 0.0819209, 0.07716777, 0.07210196, 0.08725558, 0.0784162, 0.07814636], "var": [0.96, 0.92, 0.92, 0.9, 0.86, 0.86, 0.82, 0.78, 0.78, 0.74, 0.72, 0.7, 0.68, 0.66, 0.64, 0.6, 0.58, 0.56, 0.52, 0.54, 0.54, 0.54, 0.52, 0.5, 0.48, 0.48, 0.46, 0.48, 0.5, 0.48, 0.48, 0.5, 0.48, 0.46, 0.48, 0.52, 0.5, 0.54, 0.54, 0.58, 0.58, 0.6, 0.6, 0.58, 0.56, 0.52, 0.54, 0.54, 0.52, 0.5, 0.48, 0.48, 0.46, 0.42, 0.44, 0.42, 0.4, 0.4, 0.4, 0.38, 0.34, 0.3, 0.28, 0.28, 0.28, 0.28, 0.28, 0.26, 0.26, 0.26, 0.26, 0.26, 0.24, 0.24, 0.24, 0.24, 0.24, 0.24, 0.24, 0.24, 0.24, 0.22, 0.22, 0.22, 0.22, 0.2, 0.2, 0.18, 0.18, 0.18, 0.18, 0.18, 0.18, 0.18, 0.18, 0.16, 0.16, 0.14, 0.14, 0.14, 0.14, 0.14, 0.14, 0.14, 0.14, 0.12, 0.1, 0.1, 0.08, 0.08, 0.08, 0.08, 0.08, 0.08, 0.08, 0.08, 0.08, 0.08, 0.08, 0.08, 0.08, 0.08, 0.08, 0.08, 0.08, 0.08, 0.1, 0.1, 0.1, 0.1, 0.08, 0.06, 0.06, 0.06, 0.06, 0.06, 0.06, 0.04, 0.04, 0.04, 0.04, 0.04, 0.04, 0.04, 0.04, 0.04, 0.04, 0.04, 0.04, 0.02], "best": [0.3555556, 0.3963719, 0.40317464, 0.39962855, 0.5364819, 0.37503612, 0.3999165, 0.399495, 0.39966175, 0.40127677, 0.4003917, 0.4010738, 0.54887354, 0.53374195, 0.40869412, 0.5470787, 0.4090559, 0.4093508, 0.40889567, 0.5327778, 0.55322987, 0.5517021, 0.55577976, 0.55359095, 0.4108612, 0.5335979, 0.5339406, 0.55972916, 0.56027836, 0.5615071, 0.5478941, 0.5648389, 0.56605977, 0.56731427, 0.5690783, 0.5698242, 0.61624086, 0.5730806, 0.57532233, 0.5775938, 0.57898325, 0.57891893, 0.58021945, 0.58295745, 0.583288, 0.58626413, 0.4343227, 0.58946556, 0.5904762, 0.593863, 0.5929583, 0.596554, 0.59888524, 0.5990757, 0.60144234, 0.60275584, 0.60438305, 0.6066406, 0.60848767, 0.6103647, 0.6124154, 0.6151814, 0.61761713, 0.6199891, 0.6224515, 0.62455106, 0.62719405, 0.6297977, 0.6322688, 0.63478047, 0.6371958, 0.6396016, 0.6427971, 0.64444447, 0.6466439, 0.6486952, 0.65102684, 0.6535368, 0.65516937, 0.6573177, 0.65963274, 0.66163135, 0.66397786, 0.66564536, 0.6676457, 0.66933674, 0.6715399, 0.67345667, 0.67504644, 0.6766392, 0.6783159, 0.6798713, 0.6816366, 0.68304354, 0.68481463, 0.6860961, 0.68755674, 0.6893869, 0.69094545, 0.6924052, 0.69379187, 0.6954333, 0.6968402, 0.69824874, 0.6993965, 0.70078266, 0.7019578, 0.7030701, 0.7042033, 0.7052461, 0.7064756, 0.7077743, 0.70889467, 0.71008503, 0.71128064, 0.7123824, 0.71339434, 0.71432024, 0.7152387, 0.7162805, 0.7172878, 0.7183616, 0.719339, 0.7202085, 0.72110236, 0.72207177, 0.72292674, 0.7238199, 0.7246735, 0.72562027, 0.726331, 0.727215, 0.72795033, 0.72878844, 0.7296032, 0.73041767, 0.73138833, 0.7322375, 0.7330735, 0.73388934, 0.7346327, 0.73536587, 0.73614854, 0.73682415, 0.73753875, 0.73829067, 0.73903203, 0.7397631, 0.7405633, 0.74130714], "duration": [5696, 5889, 2012, 2316, 4052, 7679, 4454, 9604, 3963, 7833, 5814, 5991, 3918, 8048, 7895, 9561, 7846, 10036, 15683, 11495, 9687, 7731, 15968, 5871, 11495, 11530, 11470, 13816, 13916, 11595, 7790, 9832, 11586, 9836, 13451, 15732, 13455, 13508, 11707, 13481, 13504, 13474, 13462, 13473, 11692, 11646, 9733, 11714, 11983, 11680, 11644, 13570, 11578, 13605, 9730, 13943, 13506, 13520, 11663, 13512, 13521, 15812, 13567, 13606, 13568, 13548, 15887, 13629, 13544, 13645, 13555, 15780, 15765, 13546, 13506, 13550, 13564, 13530, 13543, 15792, 13505, 13586, 13514, 13532, 13515, 15781, 13564, 13512, 15789, 13527, 13542, 13518, 13513, 13534, 13552, 13519, 15775, 13564, 13508, 13846, 13529, 13534, 15780, 13533, 13516, 13534, 13570, 13528, 13520, 13527, 13543, 13540, 13532, 11783, 14047, 13572, 13509, 13625, 13567, 13572, 13560, 13586, 11658, 13508, 13555, 13572, 15975, 13585, 13539, 13527, 13517, 13532, 13521, 13591, 13509, 15774, 13530, 13584, 13532, 13518, 13545, 13554, 13834, 13536, 13539, 13577, 13543, 15802, 13590, 13550]}