{"avg": [0.16944447, 0.20661378, 0.21955964, 0.19877747, 0.21311721, 0.21368586, 0.19557823, 0.20506504, 0.18956734, 0.24657707, 0.24163048, 0.2428418, 0.2248444, 0.24770458, 0.2624031, 0.24881375, 0.23494639, 0.23960021, 0.25119194, 0.28037614, 0.26823562, 0.25966966, 0.2948513, 0.28883013, 0.27540243, 0.26460525, 0.31809294, 0.28918913, 0.32671976, 0.3151459, 0.31045336, 0.28968924, 0.32394636, 0.32565022, 0.35425547, 0.37138882, 0.3488509, 0.3409513, 0.33058193, 0.37649563, 0.36478344, 0.36835974, 0.39061278, 0.3676822, 0.36111283, 0.3845859, 0.3727553, 0.40050033, 0.4010258, 0.41092113], "std": [0.047385342, 0.052306104, 0.049389597, 0.055174585, 0.059480768, 0.0729647, 0.07858419, 0.066874415, 0.09011557, 0.039892554, 0.04906013, 0.066029206, 0.074272394, 0.058938593, 0.060742803, 0.07839085, 0.09041512, 0.06996133, 0.08327659, 0.06182566, 0.0748775, 0.0652992, 0.062226377, 0.07323311, 0.08066952, 0.08325271, 0.042895753, 0.06197639, 0.05270431, 0.06760705, 0.07166482, 0.08040729, 0.060054053, 0.06308881, 0.051022902, 0.038451124, 0.061028715, 0.08166548, 0.087149955, 0.05070512, 0.060079288, 0.06179754, 0.040784825, 0.072088294, 0.074366786, 0.064991415, 0.07360032, 0.037241705, 0.051966887, 0.05488306], "var": [0.98, 0.94, 0.94, 0.9, 0.88, 0.84, 0.84, 0.82, 0.78, 0.78, 0.78, 0.76, 0.74, 0.7, 0.68, 0.68, 0.64, 0.64, 0.62, 0.6, 0.56, 0.56, 0.54, 0.54, 0.56, 0.52, 0.48, 0.46, 0.44, 0.42, 0.4, 0.38, 0.34, 0.34, 0.34, 0.34, 0.34, 0.32, 0.3, 0.3, 0.3, 0.28, 0.28, 0.26, 0.24, 0.24, 0.2, 0.18, 0.14, 0.14], "best": [0.26666668, 0.30833334, 0.30967742, 0.29804122, 0.30350745, 0.30566, 0.31146574, 0.3121693, 0.312532, 0.31618586, 0.31803468, 0.3199791, 0.3202381, 0.32044154, 0.32218534, 0.32789215, 0.33078584, 0.3310964, 0.33111113, 0.33442804, 0.33853847, 0.3415638, 0.34341294, 0.3469131, 0.43162498, 0.35180378, 0.35344964, 0.35684124, 0.43634814, 0.3619222, 0.36512995, 0.3680881, 0.37012845, 0.3733822, 0.37604216, 0.44382864, 0.4459252, 0.38778433, 0.39120206, 0.44947785, 0.39780647, 0.40066445, 0.4034993, 0.40714052, 0.41019458, 0.45560497, 0.41514295, 0.41754615, 0.42063493, 0.45955968], "duration": [6168, 3885, 5847, 1993, 3903, 3980, 1960, 3853, 5892, 7816, 7793, 3989, 3961, 6164, 4075, 4008, 3935, 5839, 5976, 5944, 6141, 2075, 10251, 2156, 2517, 6923, 4102, 4096, 6529, 6010, 6368, 2225, 6011, 2211, 2239, 2237, 4490, 7891, 2554, 2228, 2238, 2217, 2217, 2223, 2168, 4139, 2250, 4107, 2934, 2190]}