{"avg": [0.12222224, 0.11986254, 0.15178572, 0.17309135, 0.20795892, 0.23998395, 0.2218242, 0.20483752, 0.15330854, 0.23618987, 0.15016203, 0.2011562, 0.2426679, 0.2687029, 0.22654915, 0.19813162, 0.25177595, 0.2620738, 0.26579168, 0.2982759, 0.31731692, 0.31546268, 0.31689778, 0.33944374, 0.3413705, 0.24322636, 0.3015333, 0.32139125, 0.37337038, 0.32611278, 0.32307687, 0.34753758, 0.3818974, 0.35762244, 0.37751362, 0.37656313, 0.43237078, 0.43585753, 0.3963942, 0.39823258, 0.4152723, 0.42822078, 0.4584066, 0.3816674, 0.4077699, 0.4592003, 0.41952115, 0.43315512, 0.43150696, 0.40581554], "std": [0.07200824, 0.11107238, 0.100752056, 0.14833026, 0.09066645, 0.15091161, 0.16912079, 0.15019228, 0.14312962, 0.15928783, 0.12861937, 0.1321773, 0.15008944, 0.11068288, 0.15594554, 0.11377558, 0.11532913, 0.14730966, 0.12854885, 0.12901412, 0.14474045, 0.16007996, 0.12823765, 0.16490781, 0.102926105, 0.13974406, 0.13268705, 0.15065868, 0.07758654, 0.14326681, 0.1749307, 0.15444177, 0.098935, 0.1211742, 0.109247714, 0.14825389, 0.07708283, 0.11034007, 0.12488489, 0.1191103, 0.11119582, 0.103596784, 0.09576967, 0.11151435, 0.10736984, 0.06431783, 0.1031844, 0.14382021, 0.077538885, 0.111092106], "var": [0.98, 0.96, 0.92, 0.94, 0.92, 0.92, 0.88, 0.86, 0.86, 0.86, 0.82, 0.78, 0.78, 0.76, 0.74, 0.7, 0.68, 0.64, 0.62, 0.6, 0.58, 0.6, 0.6, 0.6, 0.62, 0.58, 0.6, 0.58, 0.56, 0.52, 0.5, 0.48, 0.46, 0.44, 0.44, 0.42, 0.44, 0.46, 0.48, 0.46, 0.46, 0.48, 0.48, 0.46, 0.46, 0.46, 0.46, 0.44, 0.44, 0.42], "best": [0.20000002, 0.33789682, 0.38412702, 0.52819186, 0.38243732, 0.5352259, 0.5301081, 0.38664025, 0.53238356, 0.53560585, 0.38652354, 0.54052293, 0.53262883, 0.53993934, 0.54062617, 0.38860157, 0.39361182, 0.39094812, 0.5230159, 0.5324576, 0.53304094, 0.53372645, 0.5342791, 0.5440363, 0.5342683, 0.4099863, 0.52881724, 0.53497857, 0.53608614, 0.5436954, 0.5363212, 0.5328154, 0.5369573, 0.5373627, 0.53823763, 0.5384987, 0.5400166, 0.5423299, 0.54289764, 0.5425287, 0.5435612, 0.544107, 0.54478043, 0.5467182, 0.5471925, 0.5476259, 0.5489596, 0.54999787, 0.5512417, 0.55213386], "duration": [3889, 3853, 5788, 5799, 3873, 5828, 7681, 5789, 3946, 7695, 7976, 5818, 9647, 5847, 7964, 3802, 11473, 3948, 9640, 8368, 5832, 5914, 5835, 5906, 7701, 1918, 2031, 6243, 5771, 7649, 4033, 2121, 5892, 6299, 3917, 7827, 4166, 9774, 8121, 9682, 7839, 7809, 13509, 9583, 9992, 9657, 5891, 7739, 11648, 7765]}