{"avg": [0.16319446, 0.1997549, 0.1966721, 0.23274419, 0.25374153, 0.22577858, 0.22844891, 0.25777417, 0.25815886, 0.2234363, 0.2616162, 0.24699661, 0.26103532, 0.24787702, 0.26919565, 0.2684468, 0.2688539, 0.24828082, 0.27829114, 0.28574654, 0.30529466, 0.31151968, 0.2988829, 0.307053, 0.30814314, 0.30043167, 0.36224928, 0.34367502, 0.3437676, 0.38504362, 0.33573633, 0.3572264, 0.34933606, 0.39171943, 0.40703058, 0.37732142, 0.39437485, 0.4248085, 0.42906636, 0.41074967, 0.44188175, 0.4530912, 0.45077172, 0.4319256, 0.45518237, 0.50805515, 0.4312755, 0.49325946, 0.4753906, 0.468638, 0.52840614, 0.49426216, 0.51751757, 0.5319881, 0.548699, 0.5153282, 0.52920306, 0.5065799, 0.5208751, 0.53082085, 0.55534554, 0.53151053, 0.57176465, 0.56151587, 0.56598276, 0.54600924, 0.5800566, 0.59380394, 0.57455635, 0.5881598, 0.60294217, 0.5917248, 0.60494745, 0.6039005, 0.61748785, 0.59965265, 0.60611606, 0.61816543, 0.61650914, 0.6312477, 0.6390267, 0.6239902, 0.63605213, 0.64613444, 0.6483906, 0.64837915, 0.64148676, 0.6466035, 0.65125924, 0.67012405, 0.66698784, 0.666181, 0.6849353, 0.68538743, 0.6910404, 0.68582255, 0.68381596, 0.6901296, 0.6903014, 0.7089305], "std": [0.09507297, 0.12298457, 0.08689781, 0.10927422, 0.07186855, 0.083570585, 0.10636272, 0.0926721, 0.080153234, 0.062271096, 0.092935964, 0.06818615, 0.074148394, 0.06628418, 0.07601102, 0.090813056, 0.10700161, 0.09013655, 0.09965274, 0.1035499, 0.051419616, 0.08161859, 0.088673405, 0.07081023, 0.09246938, 0.092124715, 0.09210836, 0.08489484, 0.08258465, 0.07075031, 0.09375112, 0.102667674, 0.09581329, 0.084743306, 0.10091557, 0.09611357, 0.08172489, 0.089142784, 0.09677281, 0.099074416, 0.09613257, 0.07646951, 0.07328732, 0.090376385, 0.10707341, 0.04434073, 0.09855259, 0.06369912, 0.09811517, 0.08807347, 0.033502024, 0.06832741, 0.05879413, 0.06134238, 0.028476344, 0.096317105, 0.055735838, 0.093511306, 0.10129967, 0.086808026, 0.04690468, 0.06864326, 0.035031077, 0.04345152, 0.033724044, 0.07270502, 0.020512898, 0.019653888, 0.045157537, 0.067340076, 0.038730122, 0.044009455, 0.020460859, 0.04039505, 0.028716302, 0.027594872, 0.046480983, 0.0411177, 0.020547353, 0.03128181, 0.031831313, 0.040520474, 0.02940456, 0.033662573, 0.036189284, 0.034816183, 0.028605534, 0.03084589, 0.03297426, 0.035869125, 0.035980236, 0.03588836, 0.033032477, 0.034209482, 0.03189807, 0.034803223, 0.036642067, 0.034520403, 0.035497226, 0.024861867], "var": [0.96, 0.96, 0.94, 0.94, 0.92, 0.9, 0.88, 0.86, 0.86, 0.82, 0.84, 0.82, 0.8, 0.82, 0.82, 0.82, 0.82, 0.82, 0.8, 0.78, 0.8, 0.76, 0.76, 0.78, 0.78, 0.76, 0.74, 0.72, 0.7, 0.7, 0.68, 0.7, 0.68, 0.68, 0.68, 0.66, 0.62, 0.58, 0.56, 0.52, 0.52, 0.5, 0.46, 0.44, 0.4, 0.38, 0.36, 0.36, 0.36, 0.34, 0.34, 0.34, 0.32, 0.32, 0.36, 0.34, 0.32, 0.3, 0.3, 0.28, 0.28, 0.28, 0.26, 0.24, 0.22, 0.2, 0.2, 0.2, 0.2, 0.18, 0.16, 0.14, 0.14, 0.12, 0.12, 0.12, 0.1, 0.1, 0.08, 0.08, 0.08, 0.06, 0.06, 0.06, 0.06, 0.04, 0.04, 0.06, 0.06, 0.06, 0.06, 0.06, 0.06, 0.06, 0.06, 0.06, 0.06, 0.06, 0.06, 0.06], "best": [0.3777778, 0.41279763, 0.40851372, 0.40845484, 0.39865693, 0.40946352, 0.39874688, 0.41320348, 0.407483, 0.34174716, 0.4708895, 0.40644258, 0.40553412, 0.36511904, 0.40579808, 0.48709458, 0.4143821, 0.3953644, 0.41479594, 0.41652286, 0.4084087, 0.41807523, 0.49323, 0.41969398, 0.4955328, 0.4940628, 0.52545506, 0.4988003, 0.4997046, 0.50142616, 0.503524, 0.50447595, 0.5062151, 0.506537, 0.50786567, 0.527179, 0.51230645, 0.54722226, 0.53034335, 0.51895803, 0.52178866, 0.525161, 0.53659827, 0.5290001, 0.5392161, 0.5426446, 0.5368397, 0.5461274, 0.54514414, 0.54992324, 0.5518512, 0.5544404, 0.5564014, 0.5589534, 0.56115294, 0.5633021, 0.5653983, 0.5649314, 0.56848097, 0.56962156, 0.65270376, 0.5757123, 0.656807, 0.5804603, 0.5824692, 0.5842896, 0.58664477, 0.66676533, 0.5921121, 0.6703602, 0.6723024, 0.67445505, 0.67617935, 0.67777777, 0.6793176, 0.6073061, 0.68269837, 0.6842667, 0.6859488, 0.6873207, 0.689149, 0.6907482, 0.69235766, 0.6937405, 0.69528604, 0.6972296, 0.69869787, 0.7000301, 0.708917, 0.71021163, 0.71163166, 0.71318513, 0.7072058, 0.7160451, 0.71027565, 0.71176326, 0.7198565, 0.71453923, 0.7224835, 0.72384006], "duration": [5657, 7405, 3754, 11045, 9845, 5734, 7325, 7976, 7416, 7269, 5506, 7486, 9192, 9175, 7401, 11179, 6169, 5425, 7276, 4240, 7303, 5613, 5525, 5505, 5723, 7391, 12436, 5803, 5730, 3998, 7912, 3705, 5443, 3834, 3963, 3668, 8353, 4021, 6382, 5657, 5671, 3785, 7614, 7303, 3386, 8991, 7703, 9237, 4027, 5584, 7807, 5686, 4652, 3687, 3795, 5623, 4136, 3569, 3673, 3784, 4437, 3944, 4229, 4604, 3487, 4072, 4899, 4046, 4010, 4234, 4857, 4001, 4152, 4036, 3842, 4257, 5302, 3651, 4046, 4919, 4054, 3608, 3824, 3844, 4861, 3547, 4176, 3755, 4193, 5270, 4233, 4056, 4275, 3887, 4242, 4070, 4811, 4015, 4633, 3978]}