{"avg": [0.07777778, 0.13593075, 0.15813236, 0.16349207, 0.17892188, 0.16197798, 0.17569938, 0.21949556, 0.26422924, 0.21918271, 0.1838549, 0.13166223, 0.1424511, 0.24508895, 0.17034274, 0.24280131, 0.22416945, 0.19740103, 0.26837587, 0.24764451, 0.20291252, 0.26266477, 0.21942244, 0.3007823, 0.25983426, 0.30035406, 0.24992166, 0.22368015, 0.2836376, 0.2848696, 0.28601232, 0.21135926, 0.26701477, 0.22344756, 0.23004805, 0.2958598, 0.28528982, 0.2320799, 0.31542486, 0.33111608, 0.17689593, 0.30715233, 0.31708425, 0.33704633, 0.25216323, 0.29619026, 0.28750718, 0.33559176, 0.3128668, 0.43329728], "std": [0.07777778, 0.11104363, 0.076087415, 0.12684605, 0.15062213, 0.099935345, 0.12639053, 0.098527685, 0.13777709, 0.100656964, 0.11619916, 0.12516885, 0.1682025, 0.15580852, 0.13659264, 0.18324623, 0.13078025, 0.19435614, 0.11633782, 0.11657091, 0.13046218, 0.14500527, 0.09481153, 0.1081612, 0.1336454, 0.13569202, 0.17565423, 0.14992465, 0.123816654, 0.18484983, 0.16146818, 0.10736036, 0.1719821, 0.10336197, 0.094839126, 0.16281278, 0.15199564, 0.1147283, 0.1334381, 0.1580621, 0.14182995, 0.10992137, 0.16346815, 0.15321192, 0.14203924, 0.21232767, 0.11308988, 0.12634885, 0.15946963, 0.13310836], "var": [1.0, 1.0, 1.0, 0.98, 0.96, 0.94, 0.92, 0.92, 0.9, 0.88, 0.86, 0.86, 0.84, 0.82, 0.82, 0.82, 0.82, 0.8, 0.8, 0.8, 0.78, 0.76, 0.74, 0.72, 0.72, 0.7, 0.72, 0.72, 0.72, 0.72, 0.72, 0.72, 0.7, 0.7, 0.68, 0.66, 0.64, 0.64, 0.64, 0.66, 0.66, 0.64, 0.64, 0.62, 0.6, 0.58, 0.58, 0.6, 0.6, 0.6], "best": [0.15555556, 0.3373016, 0.22154197, 0.38978177, 0.5343538, 0.34255767, 0.34720942, 0.35057622, 0.538363, 0.37480584, 0.3789116, 0.35603866, 0.54119605, 0.5426883, 0.37874264, 0.54344505, 0.3843485, 0.54368573, 0.3862736, 0.38496736, 0.38556668, 0.3883598, 0.3887477, 0.5439818, 0.5446106, 0.5456305, 0.54763615, 0.5502737, 0.5488425, 0.5497729, 0.5538348, 0.39313447, 0.5514203, 0.3972559, 0.3476408, 0.55322105, 0.55546945, 0.39765707, 0.5556297, 0.5565657, 0.39794546, 0.5580219, 0.5583041, 0.5599806, 0.55476195, 0.5614698, 0.5624306, 0.56236374, 0.5635015, 0.56404155], "duration": [3265, 3300, 5160, 3250, 1466, 3271, 5240, 5199, 3515, 3333, 3224, 3812, 1512, 1501, 1470, 5271, 5203, 3404, 3348, 3276, 1524, 3328, 5160, 3437, 1481, 5288, 5217, 5226, 3419, 5452, 5268, 1332, 5253, 1470, 3281, 5289, 3296, 1430, 5319, 5289, 3343, 7105, 5233, 3408, 4253, 3429, 7093, 5209, 1584, 5253]}