{"avg": [0.15424837, 0.22916114, 0.19534835, 0.17419533, 0.1890944, 0.2177687, 0.22364727, 0.20213296, 0.18499959, 0.17906274, 0.18818437, 0.2031645, 0.21271917, 0.22115816, 0.23495752, 0.2769405, 0.19185536, 0.17632952, 0.2428928, 0.24838911, 0.26129815, 0.22981282, 0.2543802, 0.22052325, 0.24419002, 0.22576766, 0.24853146, 0.22079398, 0.26153678, 0.25963107, 0.2616291, 0.24485216, 0.24955562, 0.2521361, 0.26320252, 0.27224043, 0.23532471, 0.28305334, 0.28702322, 0.3123025, 0.24992082, 0.29893124, 0.275338, 0.25194684, 0.28380185, 0.28482726, 0.29205772, 0.27317983, 0.31310502, 0.3334865], "std": [0.09610288, 0.07067768, 0.08486336, 0.10836039, 0.106242515, 0.08677954, 0.07104191, 0.0739923, 0.08055954, 0.12098841, 0.117249765, 0.09193393, 0.06801027, 0.090876974, 0.072211176, 0.06936499, 0.10522924, 0.07168303, 0.10270552, 0.104280055, 0.06284022, 0.07465952, 0.10363249, 0.080147274, 0.06929989, 0.1207674, 0.10203681, 0.1174376, 0.10107715, 0.089786, 0.07632287, 0.07211859, 0.08209861, 0.073304765, 0.075116314, 0.07319263, 0.05745565, 0.08475984, 0.07937449, 0.08284709, 0.06869301, 0.09456424, 0.06063202, 0.08359657, 0.07164943, 0.09478882, 0.045318674, 0.073572464, 0.093168646, 0.078740194], "var": [0.992, 0.992, 0.992, 0.984, 0.984, 0.968, 0.952, 0.944, 0.936, 0.936, 0.936, 0.936, 0.928, 0.928, 0.928, 0.928, 0.928, 0.912, 0.904, 0.896, 0.888, 0.88, 0.872, 0.864, 0.864, 0.856, 0.84, 0.832, 0.84, 0.824, 0.816, 0.8, 0.8, 0.8, 0.792, 0.792, 0.784, 0.784, 0.776, 0.776, 0.776, 0.76, 0.76, 0.752, 0.76, 0.744, 0.736, 0.728, 0.744, 0.744], "best": [0.2888889, 0.36535951, 0.31269842, 0.37222224, 0.3496599, 0.31851238, 0.37682235, 0.37321433, 0.31970122, 0.37936512, 0.37508795, 0.37572214, 0.3193319, 0.37461782, 0.35989013, 0.47879365, 0.3811553, 0.30503675, 0.38201064, 0.4117158, 0.37828612, 0.37752312, 0.3797565, 0.3806706, 0.31841272, 0.3926459, 0.48336992, 0.38474998, 0.38502434, 0.45027995, 0.38658446, 0.31869695, 0.38316214, 0.3838591, 0.38639498, 0.3867852, 0.3503285, 0.4841654, 0.44338125, 0.48625636, 0.31863305, 0.48689666, 0.38915125, 0.3664825, 0.38799688, 0.48894542, 0.3672811, 0.38836518, 0.48965314, 0.49014837], "duration": [6235, 4396, 7848, 3531, 5528, 7398, 3817, 7329, 5460, 3764, 5480, 5690, 3587, 5586, 3459, 7475, 5772, 3301, 5543, 5689, 5503, 9424, 11289, 7357, 9387, 5723, 5454, 5657, 9379, 7205, 5896, 4193, 5645, 5562, 7763, 8530, 3853, 7290, 7406, 7302, 3527, 14189, 7421, 5334, 9267, 14965, 7355, 11656, 11018, 11884]}