{"avg": [0.38750002, 0.40614417, 0.4308457, 0.40915254, 0.43900225, 0.44676566, 0.48374704, 0.44640616, 0.46364948, 0.4524691, 0.49333686, 0.48164088, 0.48041636, 0.44209495, 0.48590124, 0.50158083, 0.4851808, 0.5076141, 0.49734008, 0.50099117, 0.50873023, 0.5394873, 0.5436952, 0.5304044, 0.55696726, 0.5207895, 0.52479076, 0.5405678, 0.5591284, 0.55058974, 0.5716461, 0.5616245, 0.5341636, 0.5789143, 0.5692738, 0.5594208, 0.5913768, 0.59934753, 0.59160835, 0.60455626, 0.6036146, 0.61500263, 0.6170676, 0.6173004, 0.61895376, 0.62005675, 0.6132401, 0.637128, 0.63426197, 0.64656925], "std": [0.105692536, 0.12570147, 0.1179351, 0.12124895, 0.12822405, 0.13250548, 0.10402613, 0.12582773, 0.088479616, 0.10910737, 0.10359713, 0.08478038, 0.11058281, 0.1398268, 0.08603036, 0.07609464, 0.08919018, 0.10532008, 0.101682685, 0.10104673, 0.10293306, 0.042149913, 0.052312057, 0.069981866, 0.012066982, 0.10364791, 0.10506798, 0.07092132, 0.045890916, 0.055854466, 0.015910774, 0.05329578, 0.10629878, 0.019727616, 0.06119363, 0.10183489, 0.021555645, 0.017953135, 0.066420496, 0.02492965, 0.029490335, 0.020596096, 0.026286174, 0.029413909, 0.032293927, 0.036316894, 0.0330784, 0.017276159, 0.026343685, 0.006242596], "var": [1.0, 0.98, 0.96, 0.96, 0.96, 0.94, 0.9, 0.86, 0.82, 0.8, 0.78, 0.74, 0.7, 0.68, 0.68, 0.68, 0.64, 0.6, 0.58, 0.58, 0.56, 0.54, 0.54, 0.52, 0.52, 0.48, 0.44, 0.46, 0.42, 0.4, 0.38, 0.36, 0.34, 0.32, 0.28, 0.24, 0.24, 0.24, 0.22, 0.22, 0.18, 0.18, 0.18, 0.16, 0.16, 0.16, 0.14, 0.14, 0.14, 0.14], "best": [0.51111114, 0.55128974, 0.55028164, 0.5471023, 0.54087305, 0.54425144, 0.54736656, 0.5488859, 0.5520399, 0.5432099, 0.54769266, 0.54840314, 0.54988295, 0.5498317, 0.55320096, 0.5555211, 0.5520519, 0.55291414, 0.55942285, 0.560843, 0.56201166, 0.5645921, 0.56565154, 0.5684524, 0.5717172, 0.5722038, 0.57391393, 0.57685727, 0.58036035, 0.5840114, 0.5850835, 0.58854127, 0.5912108, 0.59384227, 0.59739256, 0.6016396, 0.6043157, 0.60865206, 0.61308324, 0.61743164, 0.6209718, 0.6246356, 0.6287025, 0.63282, 0.6361891, 0.6387642, 0.6414633, 0.643012, 0.64559144, 0.64846647], "duration": [25152, 26659, 26861, 26989, 27038, 25429, 27322, 27341, 26996, 27188, 27370, 27371, 27365, 27187, 36490, 27391, 27422, 27559, 27553, 32122, 27505, 27656, 27554, 27596, 27467, 27528, 27422, 32062, 27483, 32403, 27583, 27632, 27785, 27701, 27741, 32070, 27403, 32011, 27316, 27439, 27334, 27444, 27411, 27441, 27398, 27506, 27527, 27483, 27491, 27480]}