{"avg": [0.38844445, 0.4273143, 0.43774128, 0.44818416, 0.44819528, 0.46005094, 0.4603064, 0.461795, 0.46736163, 0.46969098, 0.48427522, 0.49058127, 0.489954, 0.49552405, 0.49986893, 0.50931174, 0.5160279, 0.5241296, 0.52357626, 0.5318688, 0.54152614, 0.5451397, 0.5546969, 0.5585466, 0.5606326, 0.5631462, 0.5624916, 0.57158875, 0.56731397, 0.5717848, 0.5734651, 0.57003427, 0.5735714, 0.5742437, 0.57236004, 0.5691926, 0.5753546, 0.5782923, 0.57770425, 0.5847569, 0.5786645, 0.5814254, 0.58676887, 0.588976, 0.5933792, 0.59173936, 0.5919544, 0.60042346, 0.59830916, 0.59929055], "std": [0.12852363, 0.12207546, 0.11428363, 0.09876361, 0.08675436, 0.08940742, 0.08850266, 0.08576534, 0.088031165, 0.08603616, 0.08944304, 0.08319525, 0.08272676, 0.07966233, 0.075422645, 0.07510676, 0.082205914, 0.074072205, 0.06310815, 0.062344998, 0.05642778, 0.047279906, 0.042009022, 0.033800866, 0.020175125, 0.024177581, 0.023885949, 0.027920278, 0.025334196, 0.028404377, 0.029985989, 0.024242848, 0.028612996, 0.027251301, 0.025403615, 0.018022813, 0.026282921, 0.025637345, 0.022128994, 0.028371576, 0.025983628, 0.026496248, 0.02536005, 0.028372215, 0.030638665, 0.03017161, 0.0270714, 0.028950233, 0.030866466, 0.026270397], "var": [0.98, 0.94, 0.9, 0.9, 0.9, 0.88, 0.86, 0.86, 0.84, 0.82, 0.78, 0.78, 0.78, 0.74, 0.72, 0.72, 0.72, 0.7, 0.72, 0.68, 0.66, 0.64, 0.64, 0.62, 0.64, 0.6, 0.58, 0.6, 0.6, 0.6, 0.6, 0.56, 0.54, 0.54, 0.54, 0.52, 0.5, 0.5, 0.52, 0.5, 0.46, 0.42, 0.44, 0.44, 0.46, 0.46, 0.5, 0.46, 0.48, 0.44], "best": [0.5555556, 0.62666667, 0.62904763, 0.5873016, 0.6263096, 0.58546036, 0.5888889, 0.58902496, 0.589127, 0.5830159, 0.6319048, 0.628355, 0.59130955, 0.6329304, 0.62724495, 0.6286667, 0.64217263, 0.6439216, 0.6342593, 0.6032999, 0.6050556, 0.6291837, 0.65266234, 0.6344514, 0.61125004, 0.6573905, 0.63857144, 0.6397002, 0.6289456, 0.6632677, 0.64253974, 0.6212392, 0.64491075, 0.63513714, 0.6254575, 0.6037733, 0.66026455, 0.6444144, 0.6312949, 0.66421247, 0.6521548, 0.67139375, 0.63755107, 0.644474, 0.6732792, 0.687672, 0.68962735, 0.69161093, 0.69365084, 0.659553], "duration": [70321, 70006, 72196, 73507, 72775, 74216, 73034, 73509, 73604, 73347, 74174, 73462, 73533, 73264, 75224, 75279, 76420, 76943, 77131, 78347, 79345, 82014, 82985, 84583, 84838, 84749, 84791, 84832, 85234, 86738, 84877, 84761, 84717, 84858, 84793, 84929, 84805, 84846, 85105, 84847, 84843, 84858, 84821, 84801, 84885, 84992, 84929, 84990, 84950, 84757]}