{"avg": [0.12044445, 0.16397777, 0.14668731, 0.1587111, 0.13933255, 0.16004953, 0.15570956, 0.15236963, 0.14078295, 0.14085186, 0.12582858, 0.13989468, 0.13710874, 0.12815996, 0.13244624, 0.1522902, 0.13339305, 0.14074886, 0.1332577, 0.13025433, 0.1379811, 0.1346966, 0.1467342, 0.14796135, 0.14879288, 0.15235671, 0.1514205, 0.1565972, 0.16809827, 0.16017649, 0.16201366, 0.15894389, 0.1827855, 0.17789438, 0.19701475, 0.18290015, 0.17983757, 0.18504667, 0.19749418, 0.20570502, 0.20714277, 0.2095326, 0.20944175, 0.22715595, 0.23117279, 0.22414349, 0.22781923, 0.23046927, 0.2238984, 0.23858058], "std": [0.103383765, 0.11424321, 0.124661416, 0.11489146, 0.120406754, 0.12205065, 0.11758761, 0.10780176, 0.10531737, 0.10660147, 0.09932892, 0.105986804, 0.10274045, 0.110010386, 0.10352943, 0.10304812, 0.111606255, 0.101219095, 0.10440223, 0.10618822, 0.1034677, 0.105216235, 0.10052418, 0.10868624, 0.11635677, 0.11284045, 0.11243071, 0.10554688, 0.11167023, 0.116246216, 0.11903873, 0.121481284, 0.114264645, 0.12204911, 0.11889459, 0.121122345, 0.12390735, 0.12836307, 0.13157588, 0.13205315, 0.12749702, 0.13567355, 0.13341704, 0.1351809, 0.13720062, 0.13389234, 0.14061992, 0.136979, 0.14353153, 0.14138272], "var": [0.98, 0.96, 0.94, 0.9, 0.9, 0.9, 0.88, 0.9, 0.92, 0.88, 0.88, 0.88, 0.86, 0.88, 0.86, 0.84, 0.82, 0.8, 0.78, 0.76, 0.76, 0.72, 0.72, 0.7, 0.72, 0.72, 0.7, 0.7, 0.66, 0.66, 0.62, 0.62, 0.64, 0.62, 0.64, 0.66, 0.64, 0.62, 0.62, 0.6, 0.6, 0.6, 0.58, 0.6, 0.64, 0.64, 0.6, 0.58, 0.56, 0.56], "best": [0.3555556, 0.38412702, 0.3850794, 0.38746035, 0.499881, 0.39174607, 0.39341274, 0.394059, 0.39388892, 0.39365083, 0.39350796, 0.39347768, 0.39932543, 0.3997314, 0.4000794, 0.40047622, 0.4010913, 0.40163404, 0.40187836, 0.40202177, 0.40215084, 0.40242633, 0.40276337, 0.40321606, 0.4038294, 0.4046032, 0.40980467, 0.41024697, 0.41060662, 0.41118777, 0.4117778, 0.41245267, 0.4130407, 0.41369414, 0.41426706, 0.4148073, 0.41534394, 0.4159031, 0.41665834, 0.41759467, 0.4185794, 0.4195045, 0.42032883, 0.42131418, 0.42234132, 0.42329103, 0.4241995, 0.42509967, 0.42612106, 0.42716882], "duration": [6704, 7255, 6764, 6203, 6097, 5985, 6142, 6010, 6295, 6151, 6115, 5993, 5884, 5937, 5396, 5315, 5315, 5299, 5265, 5570, 5341, 5333, 5246, 5282, 5239, 5219, 5389, 5400, 5337, 5307, 5350, 5313, 5306, 5393, 5345, 5330, 5394, 5363, 5354, 5375, 5435, 5312, 5361, 5483, 5445, 5509, 5478, 5464, 5537, 5446]}