{"avg": [0.45416674, 0.40526962, 0.4471958, 0.39880955, 0.44203642, 0.44090346, 0.4545444, 0.43414345, 0.44744352, 0.46186003, 0.49384657, 0.5072002, 0.48583844, 0.49576518, 0.5166216, 0.5286499, 0.5335362, 0.53629506, 0.5333622, 0.53156966, 0.5214511, 0.518917, 0.5586976, 0.5487507, 0.5657493, 0.56802016, 0.5515314, 0.5517475, 0.5773158, 0.5657599, 0.58707714, 0.5758731, 0.5763942, 0.5900122, 0.5962934, 0.5888278, 0.5911986, 0.6068031, 0.6000171, 0.61340904, 0.6212881, 0.6214562, 0.6324518, 0.62719005, 0.64499366, 0.6445144, 0.64898723, 0.6449555, 0.650633, 0.65735835], "std": [0.10569254, 0.13676806, 0.13360026, 0.16686599, 0.14566432, 0.11459728, 0.09514924, 0.15512738, 0.14196013, 0.08947716, 0.07144013, 0.07099838, 0.11220842, 0.101569, 0.07742364, 0.06756922, 0.062386315, 0.05450833, 0.058298502, 0.06379188, 0.100360356, 0.080772884, 0.017120022, 0.054499965, 0.012817254, 0.013719297, 0.05860878, 0.0978698, 0.014254696, 0.05025489, 0.011444576, 0.023977498, 0.025370244, 0.01652627, 0.022744844, 0.026088325, 0.04635649, 0.016468251, 0.048366025, 0.023097776, 0.017741341, 0.021441044, 0.01074775, 0.04801964, 0.0026820689, 0.010423556, 0.01144743, 0.02634273, 0.016442308, 0.014228049], "var": [0.98, 0.96, 0.94, 0.94, 0.92, 0.9, 0.86, 0.84, 0.84, 0.8, 0.82, 0.8, 0.76, 0.72, 0.72, 0.7, 0.66, 0.64, 0.64, 0.64, 0.62, 0.6, 0.6, 0.6, 0.62, 0.6, 0.58, 0.54, 0.52, 0.52, 0.52, 0.5, 0.48, 0.46, 0.46, 0.42, 0.4, 0.36, 0.34, 0.3, 0.3, 0.28, 0.26, 0.24, 0.24, 0.22, 0.22, 0.18, 0.14, 0.12], "best": [0.51111114, 0.5587302, 0.5587302, 0.555258, 0.5601732, 0.5590205, 0.5525298, 0.55720115, 0.55815876, 0.5604069, 0.55735654, 0.5592807, 0.56061983, 0.5629526, 0.56327564, 0.56386155, 0.5693336, 0.57346517, 0.5758932, 0.5714339, 0.5759978, 0.57738584, 0.5793279, 0.58106834, 0.5840118, 0.58506215, 0.58776474, 0.5882196, 0.5916547, 0.59457767, 0.5977099, 0.6017361, 0.60389614, 0.6060702, 0.60928035, 0.6129386, 0.6150851, 0.6191058, 0.62203264, 0.6261246, 0.62969494, 0.63396376, 0.6379243, 0.6419382, 0.64613664, 0.6497141, 0.6534653, 0.6570553, 0.66016966, 0.66316456], "duration": [27211, 26373, 26958, 26965, 26934, 27007, 26918, 26968, 24752, 27312, 26950, 27003, 31482, 31529, 26728, 27984, 31569, 31545, 27066, 27089, 27018, 27010, 27072, 27028, 27051, 28330, 31588, 27037, 27136, 31495, 31501, 27030, 27085, 27018, 27048, 27087, 27093, 26963, 28628, 27051, 27059, 36135, 27112, 27063, 27033, 27033, 27031, 31568, 27092, 27034]}