{"avg": [0.18461539, 0.17110537, 0.18730159, 0.2762572, 0.17565541, 0.16181846, 0.20061146, 0.15126023, 0.20001985, 0.18697064, 0.24194844, 0.1753035, 0.1589554, 0.23557702, 0.22630109, 0.2615816, 0.2786386, 0.25186422, 0.24485604, 0.31723428, 0.32120615, 0.29302752, 0.2953612, 0.33841354, 0.30174825, 0.36256695, 0.3493122, 0.25768042, 0.3511606, 0.33008283, 0.37445387, 0.33085176, 0.34780005, 0.33966923, 0.39055508, 0.40717292, 0.3930521, 0.345851, 0.37179622, 0.40248394, 0.39022854, 0.39752862, 0.36551553, 0.42840436, 0.4450983, 0.42289546, 0.4252995, 0.40015727, 0.41259378, 0.43213326], "std": [0.14827521, 0.09683238, 0.12997411, 0.09788401, 0.15059698, 0.143344, 0.116778724, 0.15796123, 0.122292005, 0.113640286, 0.1565751, 0.1529591, 0.16748919, 0.14471856, 0.13478898, 0.14906035, 0.13126676, 0.16116391, 0.14491992, 0.10181177, 0.113193296, 0.15044886, 0.10752223, 0.07931536, 0.15912543, 0.090374015, 0.08099695, 0.07265447, 0.11439813, 0.08703558, 0.09260592, 0.10976517, 0.11574475, 0.1346052, 0.07112512, 0.10716824, 0.07385292, 0.08313958, 0.087641545, 0.06586463, 0.079675704, 0.0866093, 0.09467187, 0.0952276, 0.06455012, 0.07746613, 0.11359596, 0.08277395, 0.06840945, 0.065863445], "var": [0.98, 0.96, 0.92, 0.92, 0.92, 0.92, 0.94, 0.92, 0.9, 0.9, 0.88, 0.84, 0.82, 0.82, 0.82, 0.8, 0.8, 0.8, 0.78, 0.78, 0.78, 0.76, 0.74, 0.74, 0.72, 0.7, 0.72, 0.68, 0.68, 0.68, 0.72, 0.68, 0.68, 0.66, 0.66, 0.66, 0.62, 0.6, 0.62, 0.64, 0.64, 0.66, 0.64, 0.64, 0.64, 0.64, 0.64, 0.62, 0.62, 0.6], "best": [0.3555556, 0.38302812, 0.39047623, 0.39385787, 0.5380432, 0.5404865, 0.39114186, 0.39473307, 0.39669845, 0.38341781, 0.48986572, 0.39190388, 0.39738315, 0.5477138, 0.40088105, 0.54845345, 0.40089804, 0.4015755, 0.549592, 0.51460534, 0.55122334, 0.55299556, 0.4002592, 0.41216934, 0.55676717, 0.5581849, 0.4156601, 0.4146032, 0.5597607, 0.41941315, 0.5584774, 0.42132694, 0.56453973, 0.5660811, 0.56070685, 0.567555, 0.56908584, 0.42859626, 0.5669487, 0.56312335, 0.57890904, 0.572074, 0.563689, 0.58140254, 0.582989, 0.58436346, 0.58515215, 0.5790231, 0.5775505, 0.588716], "duration": [3004, 2879, 7103, 6700, 5258, 4719, 4674, 3269, 2537, 4984, 2721, 2867, 5032, 7704, 3447, 5877, 3653, 5910, 3585, 5179, 7340, 5178, 5205, 2539, 2930, 3214, 2927, 3193, 3115, 4815, 3206, 2769, 5251, 3322, 3186, 2769, 2931, 3511, 3201, 2908, 3077, 3090, 7316, 3977, 5134, 5445, 3752, 7257, 3797, 3477]}