{"avg": [0.12000001, 0.17687075, 0.14475602, 0.21077098, 0.21125671, 0.22850738, 0.252212, 0.18968824, 0.29956734, 0.2495345, 0.2441382, 0.20167017, 0.25776318, 0.19231616, 0.25405654, 0.28764096, 0.28389132, 0.31363028, 0.2886173, 0.3116106, 0.3140861, 0.3406815, 0.35104257, 0.30791405, 0.31370518, 0.34317103, 0.3360258, 0.277064, 0.38134626, 0.34031394, 0.34737432, 0.41024527, 0.37566814, 0.32332867, 0.3584358, 0.31864566, 0.40340322, 0.38496515, 0.34947768, 0.40823668, 0.36160842, 0.38335395, 0.43181634, 0.36981225, 0.39644212, 0.42206582, 0.41246763, 0.42034763, 0.43304753, 0.4374925], "std": [0.097979605, 0.16691132, 0.13537267, 0.11121948, 0.08808383, 0.12521759, 0.11515701, 0.14515813, 0.116536, 0.14993398, 0.12965226, 0.15877952, 0.1150738, 0.15497245, 0.14994226, 0.11943729, 0.1399913, 0.115115345, 0.12323481, 0.13810351, 0.11633118, 0.12925908, 0.08013852, 0.12454602, 0.16038322, 0.13344003, 0.12010731, 0.16952506, 0.058732327, 0.13999267, 0.13820499, 0.012403484, 0.077312335, 0.16573772, 0.12082526, 0.16598916, 0.045126904, 0.1081357, 0.1435842, 0.05955195, 0.15075669, 0.11801743, 0.017675925, 0.11592157, 0.11430291, 0.055238444, 0.124706596, 0.05373059, 0.039051525, 0.040252205], "var": [1.0, 1.0, 0.98, 0.96, 0.96, 0.94, 0.92, 0.92, 0.9, 0.88, 0.88, 0.86, 0.84, 0.82, 0.82, 0.8, 0.78, 0.8, 0.76, 0.72, 0.72, 0.72, 0.72, 0.7, 0.7, 0.7, 0.68, 0.7, 0.7, 0.68, 0.64, 0.64, 0.62, 0.62, 0.58, 0.56, 0.54, 0.52, 0.5, 0.52, 0.54, 0.52, 0.52, 0.52, 0.5, 0.48, 0.48, 0.48, 0.48, 0.46], "best": [0.3555556, 0.40000004, 0.4007116, 0.3975057, 0.39833203, 0.39722225, 0.3997733, 0.3980567, 0.39222994, 0.3997488, 0.39343438, 0.39594674, 0.39896524, 0.39625046, 0.39820963, 0.3998034, 0.400715, 0.40363786, 0.40552944, 0.40674192, 0.40545344, 0.40763894, 0.4087396, 0.41018933, 0.412152, 0.41520405, 0.4176155, 0.41904765, 0.4206313, 0.42109865, 0.42227402, 0.4235828, 0.42552644, 0.4269371, 0.42871743, 0.43066424, 0.4320739, 0.4340934, 0.4353175, 0.43703443, 0.4413165, 0.44438636, 0.44615787, 0.44913173, 0.45072314, 0.45310563, 0.45569068, 0.45856416, 0.46100706, 0.46349424], "duration": [1976, 1952, 1828, 2236, 1874, 2243, 1882, 1905, 1900, 1887, 1962, 1986, 1919, 1929, 1976, 1927, 2012, 1909, 1893, 1901, 1908, 2222, 1946, 1942, 1892, 1918, 1923, 1882, 1945, 1909, 1891, 1901, 1911, 1893, 1982, 1900, 1974, 1951, 1891, 1901, 1902, 1903, 1912, 2226, 1907, 2256, 1897, 1892, 1899, 1901]}