{"avg": [0.5142857, 0.53630954, 0.53829366, 0.5389372, 0.54580986, 0.543459, 0.5487093, 0.54757226, 0.5509473, 0.53538877, 0.5478666, 0.5480941, 0.5440441, 0.5507131, 0.54331315, 0.554009, 0.5385773, 0.5556284, 0.5575274, 0.55596924, 0.553883, 0.55727696, 0.5591169, 0.5573551, 0.5439002, 0.55750525, 0.5507097, 0.56408644, 0.5626794, 0.57204723, 0.5598571, 0.5534278, 0.5580122, 0.56716096, 0.55382377, 0.5756338, 0.5768965, 0.5782906, 0.5624027, 0.5802646, 0.5776198, 0.58012235, 0.56992674, 0.5751688, 0.5848147, 0.58321947, 0.58039355, 0.5909816, 0.59015656, 0.5855081], "std": [0.027355082, 0.024007475, 0.025652107, 0.027106153, 0.02953156, 0.03148177, 0.029480543, 0.027990231, 0.033535548, 0.01853076, 0.02955124, 0.03176731, 0.026299048, 0.03108675, 0.024570107, 0.027780114, 0.018538125, 0.031155728, 0.02820311, 0.031732384, 0.027707055, 0.0308581, 0.030837765, 0.028780842, 0.020101886, 0.036034018, 0.019132653, 0.028432475, 0.033849217, 0.034277897, 0.026116494, 0.020460546, 0.022024836, 0.032754123, 0.022454355, 0.03130466, 0.030522019, 0.02799441, 0.020845871, 0.03440773, 0.030229196, 0.0241952, 0.022484677, 0.026476597, 0.038420163, 0.03459942, 0.034749925, 0.026885888, 0.03645102, 0.033938818], "var": [0.96, 0.94, 0.94, 0.92, 0.92, 0.9, 0.86, 0.86, 0.86, 0.84, 0.84, 0.84, 0.84, 0.84, 0.82, 0.82, 0.82, 0.8, 0.78, 0.76, 0.76, 0.74, 0.74, 0.7, 0.66, 0.66, 0.64, 0.62, 0.66, 0.64, 0.66, 0.62, 0.62, 0.6, 0.58, 0.6, 0.64, 0.66, 0.68, 0.68, 0.68, 0.66, 0.66, 0.66, 0.66, 0.66, 0.62, 0.64, 0.6, 0.6], "best": [0.5666667, 0.5870749, 0.5960318, 0.5992754, 0.60491806, 0.61337, 0.6041926, 0.6003969, 0.60314906, 0.605036, 0.6068071, 0.6178435, 0.60846, 0.6039133, 0.59418964, 0.6102158, 0.602762, 0.6137487, 0.60208446, 0.6142056, 0.6212302, 0.6197135, 0.6199613, 0.62456566, 0.6029842, 0.6240177, 0.6056224, 0.62254506, 0.6249836, 0.6302472, 0.6206487, 0.60901684, 0.6091561, 0.63514256, 0.61332977, 0.6361038, 0.6383518, 0.63088155, 0.60520005, 0.64321434, 0.6427185, 0.63364035, 0.62282056, 0.64045125, 0.65041775, 0.6486697, 0.6519675, 0.65060425, 0.6545862, 0.65686756], "duration": [38885, 36973, 38284, 37384, 37473, 38194, 38647, 38443, 44910, 38692, 43290, 38517, 37984, 37718, 34878, 37203, 35821, 37306, 37942, 37030, 38220, 37560, 37183, 36193, 36966, 40733, 36952, 38005, 37768, 37762, 37359, 36071, 36794, 37104, 36679, 48610, 42041, 38575, 38169, 44218, 45312, 36927, 36971, 37830, 38703, 36047, 37502, 37952, 39977, 52515]}