{"avg": [0.40915036, 0.43327335, 0.4525538, 0.44374162, 0.44942874, 0.46178696, 0.51574737, 0.48704153, 0.47629285, 0.4432346, 0.5140979, 0.4321699, 0.5028514, 0.49170354, 0.5211584, 0.51891506, 0.5052889, 0.5196001, 0.49916926, 0.5051881, 0.50176144, 0.50761044, 0.52394056, 0.5486669, 0.5396187, 0.50423396, 0.5389752, 0.54316974, 0.55280674, 0.5341224, 0.5544989, 0.5453733, 0.55638033, 0.55524945, 0.560144, 0.55897677, 0.5622575, 0.56229085, 0.56166196, 0.56980246, 0.5691186, 0.5737795, 0.57034475, 0.5737015, 0.5711124, 0.5736216, 0.5746737, 0.5789098, 0.5814217, 0.5804889], "std": [0.10590657, 0.12450176, 0.103221454, 0.10610407, 0.12139992, 0.12596107, 0.06134982, 0.081648216, 0.10739786, 0.14872578, 0.09456412, 0.1399796, 0.07416297, 0.108821325, 0.061828103, 0.09045894, 0.07670923, 0.06299609, 0.10311118, 0.07228266, 0.104162075, 0.07099542, 0.08709438, 0.0037146087, 0.040578686, 0.10051134, 0.040806856, 0.041043557, 0.0057701613, 0.055170193, 0.008712037, 0.037284415, 0.008080943, 0.008500501, 0.0075303945, 0.009735936, 0.009214493, 0.010641464, 0.009352232, 0.00684675, 0.009418377, 0.00722699, 0.013368766, 0.009194901, 0.011650821, 0.014728981, 0.012643259, 0.012985874, 0.011665438, 0.016237477], "var": [1.0, 1.0, 1.0, 1.0, 1.0, 1.0, 1.0, 1.0, 1.0, 1.0, 1.0, 1.0, 1.0, 1.0, 1.0, 1.0, 0.98, 0.98, 0.98, 0.98, 0.96, 0.96, 0.96, 0.96, 0.96, 0.96, 0.96, 0.96, 0.96, 0.94, 0.94, 0.94, 0.9, 0.9, 0.9, 0.9, 0.86, 0.86, 0.82, 0.78, 0.74, 0.72, 0.72, 0.72, 0.72, 0.68, 0.66, 0.66, 0.62, 0.66], "best": [0.51111114, 0.55312794, 0.5495136, 0.545559, 0.54285717, 0.5462302, 0.54583335, 0.54800516, 0.5489814, 0.5477412, 0.5489622, 0.5480229, 0.5447019, 0.5502778, 0.5501632, 0.55198586, 0.5516257, 0.5500393, 0.5523924, 0.5537901, 0.5541987, 0.5533822, 0.5544835, 0.5554804, 0.55764794, 0.557695, 0.5585547, 0.5590679, 0.56154406, 0.56176525, 0.5641277, 0.5647678, 0.5657797, 0.5658504, 0.5670921, 0.5678351, 0.569716, 0.572862, 0.5741294, 0.5749622, 0.5768976, 0.5796782, 0.5822165, 0.58388007, 0.5860198, 0.58750427, 0.5882606, 0.5902495, 0.59262633, 0.5942427], "duration": [31275, 26969, 26693, 25043, 31509, 27059, 27052, 27019, 27034, 27044, 27022, 26925, 26997, 27058, 40618, 27022, 27095, 27089, 27038, 27071, 36043, 27043, 27049, 31611, 31549, 27009, 27035, 26982, 27063, 35998, 27112, 35995, 27065, 27006, 27060, 27057, 31568, 31508, 27125, 27009, 27003, 26995, 27026, 27020, 27063, 27042, 31886, 27081, 27052, 27030]}