{"avg": [0.16358025, 0.16576411, 0.17748018, 0.17599338, 0.19681622, 0.19171005, 0.17133601, 0.19759592, 0.18602683, 0.22485967, 0.2375012, 0.20113826, 0.21712302, 0.18471515, 0.23226541, 0.19389059, 0.21936591, 0.20889238, 0.19033735, 0.22384939, 0.23043586, 0.20657244, 0.23517394, 0.22190687, 0.24871664, 0.19824946, 0.23706691, 0.2307023, 0.2712363, 0.24477284, 0.24493869, 0.2779357, 0.2441942, 0.24239662, 0.2454303, 0.19586253, 0.29469347, 0.23031442, 0.23226486, 0.24597186, 0.22842878, 0.2682303, 0.2872504, 0.2581, 0.27707538, 0.2386888, 0.2747183, 0.2753941, 0.28046754, 0.28306755], "std": [0.07359153, 0.07301887, 0.07166295, 0.106607735, 0.10469683, 0.11294888, 0.077325776, 0.08047652, 0.10040547, 0.06468471, 0.0806004, 0.093089774, 0.08757714, 0.077289395, 0.10584034, 0.07357346, 0.097376704, 0.125853, 0.11100302, 0.10069288, 0.07419479, 0.109128706, 0.07635193, 0.102595426, 0.10231348, 0.1092757, 0.110112086, 0.08700329, 0.09035381, 0.107584774, 0.07596423, 0.09779554, 0.10324446, 0.080443956, 0.0846997, 0.09211124, 0.07738451, 0.08920908, 0.1160394, 0.09072349, 0.10462732, 0.10168044, 0.07931529, 0.08890738, 0.08391172, 0.07853638, 0.071099736, 0.105639555, 0.07463326, 0.082763225], "var": [0.99333334, 0.99333334, 0.9866667, 0.9866667, 0.9866667, 0.98, 0.96666664, 0.96666664, 0.9533333, 0.94666666, 0.94, 0.94, 0.9266667, 0.9266667, 0.9266667, 0.9266667, 0.92, 0.92, 0.91333336, 0.9, 0.9, 0.88666666, 0.88666666, 0.88, 0.87333333, 0.87333333, 0.86, 0.86, 0.86, 0.86, 0.85333335, 0.8466667, 0.84, 0.84, 0.8333333, 0.82666665, 0.82666665, 0.82, 0.82, 0.8066667, 0.79333335, 0.7866667, 0.7866667, 0.7866667, 0.7733333, 0.76666665, 0.76, 0.74666667, 0.74666667, 0.74666667], "best": [0.2777778, 0.30211642, 0.3043084, 0.39000934, 0.38668048, 0.45572564, 0.3119912, 0.30418837, 0.3852241, 0.35204083, 0.3979672, 0.38934243, 0.39093852, 0.31110403, 0.45952383, 0.3599222, 0.38995484, 0.4010146, 0.3905535, 0.38938066, 0.3904762, 0.4013889, 0.376009, 0.39404157, 0.43243566, 0.40375185, 0.40703258, 0.4010742, 0.4619838, 0.44717464, 0.4071706, 0.40947926, 0.39203182, 0.31639373, 0.3885633, 0.31660745, 0.41177487, 0.40669474, 0.39387235, 0.4114665, 0.46714425, 0.413627, 0.44902855, 0.4125121, 0.44033048, 0.37292975, 0.39431936, 0.500047, 0.41250125, 0.4130418], "duration": [3822, 5446, 4824, 5261, 3512, 3710, 7344, 3104, 5717, 3837, 7289, 3788, 3046, 3376, 3404, 7725, 5398, 3566, 7451, 3467, 5139, 3499, 6967, 9471, 7317, 3213, 7352, 5339, 7700, 7498, 7354, 7536, 7314, 3655, 5293, 3377, 5455, 7312, 5325, 7153, 3683, 5312, 7453, 7352, 5504, 4070, 7374, 5542, 7128, 8044]}