{"avg": [0.41666672, 0.39351857, 0.42345685, 0.44586858, 0.44766718, 0.47335485, 0.4671297, 0.45050922, 0.5135697, 0.46758425, 0.51337606, 0.50990653, 0.6074029, 0.54853165, 0.52338326, 0.57438236, 0.5711602, 0.5932021, 0.59936756, 0.54596007, 0.5097606, 0.6088579, 0.605085, 0.59472233, 0.607107, 0.5933497, 0.6223792, 0.6396306, 0.6560233, 0.64639276, 0.6329366, 0.63588977, 0.64229923, 0.634134, 0.6501889, 0.6519059, 0.68569, 0.6895222, 0.6617508, 0.68663424, 0.69026005, 0.6988373, 0.7069058, 0.71634704, 0.71128607, 0.7181988, 0.72296953, 0.7254496, 0.72698843, 0.7374537], "std": [0.15000002, 0.14235634, 0.14835912, 0.15053646, 0.15169893, 0.15050155, 0.15373339, 0.15537958, 0.14157976, 0.15482032, 0.14671457, 0.14627266, 0.013429069, 0.13111046, 0.149247, 0.10784395, 0.10857893, 0.07747846, 0.081012696, 0.14563286, 0.15976165, 0.08801606, 0.09299959, 0.117111094, 0.08481949, 0.11687417, 0.08901098, 0.02828584, 0.01385319, 0.029490815, 0.09350245, 0.091498904, 0.093171805, 0.09575808, 0.09345547, 0.09173643, 0.016329829, 0.01693882, 0.103901334, 0.02664739, 0.028678918, 0.028048841, 0.017308252, 0.0030043107, 0.020624978, 0.021917434, 0.019010177, 0.023200527, 0.02301371, 0.0023129818], "var": [0.96, 0.94, 0.9, 0.86, 0.84, 0.82, 0.78, 0.74, 0.72, 0.68, 0.64, 0.6, 0.6, 0.6, 0.58, 0.54, 0.52, 0.5, 0.52, 0.5, 0.48, 0.46, 0.42, 0.42, 0.42, 0.42, 0.44, 0.4, 0.4, 0.38, 0.4, 0.38, 0.36, 0.34, 0.32, 0.28, 0.28, 0.28, 0.26, 0.24, 0.22, 0.2, 0.18, 0.18, 0.18, 0.16, 0.16, 0.14, 0.12, 0.12], "best": [0.5666667, 0.6083334, 0.60370374, 0.60383284, 0.61125547, 0.61885196, 0.6208995, 0.62304586, 0.6256145, 0.6259372, 0.62476796, 0.62979597, 0.6232611, 0.62926835, 0.6333116, 0.6382945, 0.6402428, 0.6412582, 0.64149666, 0.6445388, 0.6466787, 0.6486058, 0.65092635, 0.6534392, 0.6579683, 0.65982914, 0.6620224, 0.66445583, 0.6662589, 0.6701794, 0.673499, 0.6769424, 0.6809136, 0.68383217, 0.6852107, 0.68935686, 0.6929476, 0.69780743, 0.7014785, 0.70445883, 0.70722854, 0.7108445, 0.7140274, 0.7171227, 0.72135794, 0.7247537, 0.7285244, 0.73208547, 0.7355475, 0.7382714], "duration": [1365, 1359, 1313, 1308, 1325, 1321, 1288, 1505, 1520, 1301, 1321, 1323, 1306, 1386, 2273, 1364, 1339, 1360, 1341, 1322, 1237, 1225, 1316, 2055, 1297, 1366, 1332, 1325, 1526, 1362, 1355, 1345, 1321, 1321, 1247, 1323, 1327, 1308, 1307, 1282, 1777, 1313, 1356, 1320, 1299, 1274, 1170, 1341, 1150, 1380]}