{"avg": [0.34166673, 0.4174195, 0.45923045, 0.4120598, 0.42181814, 0.42133695, 0.47269198, 0.5250777, 0.44225848, 0.5289797, 0.46458736, 0.51402736, 0.54534715, 0.5463716, 0.54343325, 0.5345624, 0.5860695, 0.55911946, 0.59900415, 0.6207762, 0.58294624, 0.6035879, 0.58835703, 0.58395857, 0.6348824, 0.5610298, 0.61172915, 0.58825123, 0.60157526, 0.60388815, 0.62918985, 0.57954824, 0.6544233, 0.63047314, 0.61724013, 0.65272385, 0.6636734, 0.6723792, 0.67281675, 0.6498477, 0.67245126, 0.68080974, 0.66452724, 0.67584825, 0.68447006, 0.71232, 0.70511657, 0.7033573, 0.7120792, 0.71469724, 0.72646827, 0.7320817, 0.7353032, 0.73560154, 0.74109554, 0.73244804, 0.7462865, 0.7412796, 0.73683935, 0.74921376, 0.7556333, 0.7436882, 0.75627315, 0.76174444, 0.7631012, 0.75611156, 0.7571278, 0.7594399, 0.77023596, 0.7721269, 0.77407646, 0.77563804, 0.776946, 0.77843755, 0.7800986], "std": [0.12990384, 0.15146545, 0.15425453, 0.15769754, 0.15138261, 0.15372661, 0.14656872, 0.13203776, 0.15657729, 0.13371062, 0.15409987, 0.15090287, 0.12556995, 0.12789159, 0.13020155, 0.14062406, 0.087151624, 0.12815256, 0.08374018, 0.015112944, 0.10703667, 0.07892874, 0.11339908, 0.11550396, 0.016876042, 0.13650951, 0.081580214, 0.122738525, 0.118517354, 0.12657975, 0.09096664, 0.1384568, 0.027835358, 0.08690224, 0.119399406, 0.0938991, 0.031054776, 0.026177717, 0.026907157, 0.09772745, 0.033879507, 0.03578295, 0.09751315, 0.0928453, 0.038595434, 0.008450818, 0.031085031, 0.03821478, 0.025267188, 0.026017122, 0.009711204, 5.9604645e-08, 5.9604645e-08, 0.010786658, 0.0, 0.031175595, 1.1920929e-07, 0.029183378, 0.039094843, 0.01589377, 1.1920929e-07, 0.034224123, 0.0130329905, 5.9604645e-08, 1.1920929e-07, 0.032698613, 0.03410914, 0.034571696, 0.0, 5.9604645e-08, 0.0, 5.9604645e-08, 5.9604645e-08, 5.9604645e-08, 1.1920929e-07], "var": [0.96, 0.92, 0.88, 0.86, 0.84, 0.8, 0.8, 0.78, 0.74, 0.72, 0.68, 0.66, 0.66, 0.64, 0.64, 0.66, 0.64, 0.62, 0.6, 0.58, 0.62, 0.6, 0.6, 0.6, 0.56, 0.56, 0.56, 0.56, 0.54, 0.52, 0.52, 0.48, 0.44, 0.44, 0.42, 0.38, 0.34, 0.32, 0.3, 0.3, 0.26, 0.26, 0.22, 0.2, 0.18, 0.18, 0.18, 0.14, 0.12, 0.12, 0.12, 0.12, 0.12, 0.12, 0.12, 0.12, 0.12, 0.12, 0.1, 0.1, 0.1, 0.08, 0.06, 0.06, 0.06, 0.06, 0.06, 0.04, 0.04, 0.04, 0.04, 0.04, 0.04, 0.04, 0.04], "best": [0.5666667, 0.61726195, 0.6236653, 0.62767863, 0.633259, 0.6322164, 0.60529643, 0.6248448, 0.6271902, 0.62860364, 0.6299652, 0.6293303, 0.6349688, 0.63653034, 0.63632005, 0.6361674, 0.63827634, 0.6390442, 0.64045995, 0.64329153, 0.6450981, 0.6463586, 0.6492331, 0.65252143, 0.6541729, 0.6571666, 0.6579651, 0.65976524, 0.6613202, 0.6644192, 0.6682308, 0.67161214, 0.67359906, 0.67774767, 0.68027717, 0.6830783, 0.6876571, 0.6902745, 0.6943296, 0.69744766, 0.6998292, 0.7021197, 0.70487547, 0.7077589, 0.71170974, 0.7145019, 0.7183683, 0.7207358, 0.7233279, 0.7262541, 0.7290637, 0.7320818, 0.7353033, 0.73859334, 0.74109554, 0.7441584, 0.74628663, 0.7488148, 0.75111353, 0.7531873, 0.7556332, 0.7581401, 0.7600354, 0.7617444, 0.7631011, 0.7653476, 0.7671013, 0.7686795, 0.77023596, 0.77212685, 0.77407646, 0.775638, 0.77694595, 0.7784375, 0.7800985], "duration": [1181, 1169, 1219, 1185, 1370, 1176, 1384, 1404, 1171, 1169, 1779, 1180, 1187, 1190, 1397, 1188, 1182, 1192, 1180, 1203, 1175, 1574, 1192, 1174, 1186, 1176, 1202, 1185, 1195, 1183, 1211, 1398, 1198, 1376, 1198, 1199, 1167, 1289, 1101, 1289, 1099, 1096, 1143, 1578, 1615, 1378, 1185, 1197, 1214, 1197, 1202, 1221, 1588, 1154, 1209, 1169, 1179, 1172, 1178, 1396, 1196, 1250, 1189, 1190, 1190, 1408, 1173, 1178, 1181, 1371, 1166, 1181, 1187, 1146, 1148]}