{"avg": [0.45416674, 0.42753533, 0.43732634, 0.45269442, 0.4189471, 0.47971594, 0.431001, 0.46444926, 0.4884831, 0.4377373, 0.5197825, 0.49918544, 0.49256948, 0.50893813, 0.5122993, 0.50369567, 0.5283474, 0.51846737, 0.51366735, 0.53221345, 0.5227772, 0.5452949, 0.5196264, 0.5379586, 0.5644255, 0.56744343, 0.559949, 0.5404759, 0.5749909, 0.5789762, 0.5829624, 0.5588954, 0.5602425, 0.59269905, 0.5955485, 0.607391, 0.6142172, 0.60756624, 0.60115737, 0.6088531, 0.6288147, 0.62461346, 0.63733673, 0.63630605, 0.6439715, 0.6368154, 0.6559411, 0.640986, 0.64772695, 0.6522005], "std": [0.10569254, 0.13023755, 0.16574842, 0.1623171, 0.12196761, 0.09523109, 0.16301583, 0.16416496, 0.10556028, 0.12809682, 0.062272776, 0.08164424, 0.10304486, 0.077204846, 0.07923746, 0.08811516, 0.059305403, 0.075604804, 0.07190241, 0.06633408, 0.06799461, 0.058375902, 0.1029182, 0.06976046, 0.012554845, 0.013598779, 0.049699336, 0.09759686, 0.015872227, 0.015989235, 0.02025311, 0.10335698, 0.10201916, 0.023013335, 0.025955068, 0.01670485, 0.015626268, 0.02734564, 0.040693257, 0.03221758, 0.018333483, 0.030384349, 0.020063901, 0.028444663, 0.0273082, 0.03427252, 0.0065973722, 0.040151983, 0.03647075, 0.034930468], "var": [0.98, 0.96, 0.92, 0.92, 0.9, 0.88, 0.86, 0.84, 0.82, 0.8, 0.76, 0.76, 0.76, 0.74, 0.7, 0.7, 0.68, 0.68, 0.68, 0.68, 0.66, 0.64, 0.64, 0.6, 0.56, 0.54, 0.52, 0.5, 0.5, 0.5, 0.46, 0.44, 0.4, 0.38, 0.36, 0.32, 0.32, 0.32, 0.28, 0.26, 0.24, 0.2, 0.2, 0.18, 0.18, 0.18, 0.18, 0.18, 0.16, 0.16], "best": [0.51111114, 0.5587302, 0.55452853, 0.5610645, 0.553602, 0.55263263, 0.5533852, 0.5534626, 0.55348086, 0.5560847, 0.5554767, 0.55626714, 0.5583562, 0.562871, 0.5642497, 0.56639767, 0.5692595, 0.56952024, 0.57198584, 0.57151383, 0.572379, 0.5723771, 0.5746728, 0.57608855, 0.5793566, 0.5822936, 0.5857301, 0.5898133, 0.5933029, 0.59620523, 0.59937936, 0.6024882, 0.6057732, 0.6092324, 0.61317134, 0.61693615, 0.6212944, 0.62619746, 0.6297937, 0.63260686, 0.63565034, 0.64015424, 0.6437068, 0.6479803, 0.65138865, 0.6556009, 0.6586505, 0.662759, 0.66507727, 0.66729665], "duration": [27068, 31165, 31487, 26990, 26631, 26961, 31466, 26984, 27054, 26956, 31629, 27009, 26963, 27005, 27037, 35973, 27005, 31459, 27101, 27063, 26991, 27022, 26970, 31498, 27093, 27061, 26998, 31558, 27013, 27027, 26997, 27053, 26964, 27023, 26983, 27056, 26972, 26949, 26992, 31487, 26987, 27015, 26990, 27057, 26987, 31510, 26995, 27013, 27064, 27081]}