{"avg": [0.16177782, 0.19746666, 0.20157465, 0.20266034, 0.2084969, 0.21430477, 0.21645875, 0.22029796, 0.22432935, 0.22904871, 0.23027524, 0.23462166, 0.23850878, 0.23919907, 0.24337082, 0.24756576, 0.25031626, 0.2512043, 0.25248623, 0.2584441, 0.2590491, 0.2599125, 0.26583433, 0.26814508, 0.2687687, 0.27112666, 0.27005714, 0.27435523, 0.2769804, 0.276133, 0.28178862, 0.2861099, 0.29201818, 0.29810306, 0.3003473, 0.30354983, 0.30449656, 0.30559987, 0.31596017, 0.31677657, 0.3209253, 0.32185468, 0.33068985, 0.3332522, 0.33738014, 0.34221354, 0.3503949, 0.34964597, 0.356155, 0.3601096], "std": [0.06309547, 0.054946464, 0.052172318, 0.05203639, 0.047106154, 0.045300573, 0.043533843, 0.03928924, 0.034562036, 0.033646215, 0.033093452, 0.036372665, 0.03826316, 0.03808363, 0.043564193, 0.04822685, 0.04917858, 0.04910614, 0.04633015, 0.05094515, 0.05105364, 0.05090431, 0.05724355, 0.059849504, 0.059855726, 0.060083337, 0.057537284, 0.060432438, 0.060565323, 0.055740234, 0.06346045, 0.06508425, 0.06674098, 0.07021971, 0.07197125, 0.07200957, 0.0719785, 0.068507075, 0.07269289, 0.072806306, 0.0739845, 0.0693481, 0.07607264, 0.07323887, 0.07151485, 0.072856486, 0.074320495, 0.073887885, 0.071750544, 0.073441066], "var": [0.96, 0.94, 0.94, 0.94, 0.94, 0.92, 0.88, 0.86, 0.84, 0.82, 0.82, 0.82, 0.78, 0.76, 0.74, 0.7, 0.66, 0.66, 0.66, 0.62, 0.62, 0.6, 0.56, 0.58, 0.6, 0.62, 0.6, 0.6, 0.58, 0.58, 0.54, 0.54, 0.54, 0.52, 0.52, 0.52, 0.5, 0.48, 0.48, 0.44, 0.42, 0.46, 0.48, 0.48, 0.48, 0.46, 0.46, 0.44, 0.44, 0.46], "best": [0.2777778, 0.3073016, 0.30801588, 0.3084127, 0.30849206, 0.30834922, 0.30896828, 0.30927438, 0.30944446, 0.3167196, 0.3176508, 0.39268398, 0.39361113, 0.394359, 0.394966, 0.39596826, 0.3974405, 0.39885154, 0.4001323, 0.40142858, 0.4026667, 0.4036508, 0.4886508, 0.48963425, 0.4905357, 0.49138412, 0.4921856, 0.49303353, 0.49385488, 0.4169732, 0.4955397, 0.49759856, 0.498502, 0.4994372, 0.5005556, 0.5016372, 0.50281745, 0.5039468, 0.50514203, 0.50637364, 0.50756747, 0.508796, 0.510839, 0.51200074, 0.5132179, 0.5144021, 0.515597, 0.51688284, 0.5181151, 0.51951087], "duration": [7375, 7358, 7316, 6720, 7332, 7332, 7352, 7285, 7323, 6691, 6705, 6664, 7298, 7254, 8289, 8925, 8962, 8620, 8292, 8618, 8627, 8613, 8606, 9221, 9227, 9220, 8910, 9193, 9178, 8620, 9211, 9523, 10511, 9842, 10891, 10213, 10236, 9538, 11529, 11538, 11544, 10306, 11798, 11985, 12462, 12850, 13765, 13147, 13462, 14457]}