{"avg": [0.31282055, 0.37326008, 0.41628143, 0.40507376, 0.4133976, 0.39318627, 0.43808854, 0.4048668, 0.48105893, 0.57480544, 0.5803801, 0.5183843, 0.5614086, 0.5773913, 0.60447544, 0.61405927, 0.6733659, 0.6582544, 0.6858931, 0.6975033, 0.7092644, 0.71368146, 0.7298325, 0.7364187, 0.74438685, 0.7480831, 0.7566547, 0.7603894, 0.7652133, 0.7719129, 0.77673686, 0.77803606, 0.78407484, 0.78587645, 0.79200137, 0.7949759, 0.79779094, 0.8002587, 0.80318075, 0.8055783, 0.808031, 0.81052107, 0.8122631, 0.8142364, 0.81654644, 0.8184681, 0.82004637, 0.8218117, 0.8238535, 0.8252316], "std": [0.10824038, 0.1319304, 0.14737773, 0.14640951, 0.14574471, 0.14209524, 0.1521275, 0.14594722, 0.15547517, 0.11098029, 0.12309398, 0.1600723, 0.14054762, 0.13121814, 0.12949978, 0.12260484, 0.01789972, 0.10472037, 0.023555301, 0.024672275, 0.017016662, 0.029105274, 0.0011282293, 0.005864361, 0.0020719336, 0.0064347237, 0.0019991838, 0.007134343, 0.0082709035, 0.0015369422, 5.9604645e-08, 0.0094824, 1.1920929e-07, 0.008530099, 5.9604645e-08, 0.0, 0.0, 5.9604645e-08, 1.1920929e-07, 0.0, 1.7881393e-07, 1.1920929e-07, 5.9604645e-08, 5.9604645e-08, 0.0, 0.0, 1.7881393e-07, 0.0, 0.0, 5.9604645e-08], "var": [0.96, 0.88, 0.84, 0.8, 0.76, 0.72, 0.64, 0.6, 0.6, 0.6, 0.6, 0.52, 0.48, 0.48, 0.44, 0.4, 0.4, 0.36, 0.28, 0.28, 0.24, 0.2, 0.2, 0.2, 0.2, 0.16, 0.16, 0.16, 0.12, 0.08, 0.08, 0.08, 0.08, 0.04, 0.04, 0.04, 0.04, 0.04, 0.04, 0.04, 0.04, 0.04, 0.04, 0.04, 0.04, 0.04, 0.04, 0.04, 0.04, 0.04], "best": [0.5666667, 0.6179488, 0.6101807, 0.62448984, 0.62883604, 0.6303922, 0.6283273, 0.6282431, 0.6277538, 0.6336705, 0.64218754, 0.653124, 0.6566821, 0.6599207, 0.6619048, 0.6731895, 0.68099844, 0.6920707, 0.7005314, 0.7068028, 0.7146918, 0.7239486, 0.73051274, 0.73861563, 0.74580145, 0.75113624, 0.757488, 0.76252997, 0.7681564, 0.77233917, 0.7767368, 0.78089505, 0.78407496, 0.7880091, 0.7920013, 0.7949759, 0.79779094, 0.80025876, 0.8031809, 0.8055783, 0.80803084, 0.81052095, 0.812263, 0.81423634, 0.81654644, 0.8184681, 0.8200462, 0.8218117, 0.8238535, 0.8252317], "duration": [1466, 1275, 1082, 1074, 1086, 1082, 1409, 1263, 1779, 1270, 1270, 1085, 1091, 1081, 1122, 1304, 1312, 1135, 1129, 1098, 1278, 1283, 1097, 1286, 1097, 2752, 1094, 1265, 1111, 1079, 1080, 1088, 1271, 1275, 1308, 3181, 1092, 1091, 1134, 1197, 1276, 1107, 1096, 1089, 1851, 1121, 1449, 1450, 1088, 1087]}