{"avg": [0.38066664, 0.40803814, 0.40854764, 0.41509843, 0.4213334, 0.42780197, 0.4342826, 0.44043824, 0.45277035, 0.4473216, 0.44814003, 0.4604277, 0.46687782, 0.47918242, 0.48600146, 0.49242538, 0.48168218, 0.4942673, 0.5010673, 0.5079664, 0.49715903, 0.492609, 0.5044642, 0.5113081, 0.517929, 0.52472043, 0.51966417, 0.5315778, 0.5431691, 0.5554384, 0.5622108, 0.5688526, 0.56939405, 0.57038134, 0.57131505, 0.57179433, 0.57239103, 0.5674424, 0.5743562, 0.5746187, 0.5758026, 0.5824869, 0.5838311, 0.5908806, 0.59808946, 0.59956986, 0.6008176, 0.6080665, 0.60887223, 0.60977745], "std": [0.14561598, 0.14562072, 0.14524612, 0.14644597, 0.14740655, 0.14814009, 0.14856565, 0.14870022, 0.14856425, 0.14860834, 0.14811629, 0.14760599, 0.14686505, 0.1446619, 0.14283067, 0.1411401, 0.14382361, 0.14040753, 0.1379106, 0.13516912, 0.13930807, 0.14028421, 0.13696367, 0.13506712, 0.13273484, 0.13027123, 0.13285479, 0.12774129, 0.12133335, 0.1127932, 0.10805684, 0.10338432, 0.10368552, 0.104115, 0.10419447, 0.10441921, 0.10470384, 0.1106974, 0.10581681, 0.10682937, 0.10727809, 0.10138779, 0.10186785, 0.09531858, 0.08704943, 0.08755533, 0.08798819, 0.07642383, 0.07671138, 0.07703549], "var": [0.96, 0.96, 0.94, 0.9, 0.88, 0.88, 0.86, 0.86, 0.84, 0.84, 0.84, 0.82, 0.82, 0.8, 0.8, 0.8, 0.76, 0.74, 0.74, 0.72, 0.68, 0.7, 0.72, 0.72, 0.72, 0.72, 0.72, 0.76, 0.72, 0.68, 0.68, 0.68, 0.68, 0.7, 0.7, 0.7, 0.72, 0.72, 0.7, 0.7, 0.72, 0.68, 0.66, 0.64, 0.64, 0.64, 0.62, 0.62, 0.6, 0.56], "best": [0.5666667, 0.59904766, 0.5988096, 0.59904766, 0.60047626, 0.6016191, 0.6024604, 0.60306126, 0.6033929, 0.603545, 0.60390484, 0.6042425, 0.60456353, 0.60476196, 0.6053402, 0.6057461, 0.6062798, 0.607367, 0.6083334, 0.609173, 0.6100715, 0.6109751, 0.6119048, 0.6127537, 0.6137699, 0.61474293, 0.61560446, 0.6164198, 0.617483, 0.61867, 0.6199048, 0.6211368, 0.62257445, 0.62385285, 0.6250841, 0.62625855, 0.627381, 0.6285329, 0.6296116, 0.63084257, 0.6320596, 0.6332986, 0.63458055, 0.63593584, 0.6373377, 0.6387302, 0.64025885, 0.64178324, 0.64326394, 0.6446842], "duration": [3286, 3237, 3247, 3241, 3263, 3257, 3236, 3262, 3258, 3247, 3247, 3135, 3088, 3243, 3217, 3262, 3260, 3230, 3369, 3220, 3262, 3245, 3243, 3195, 3252, 3244, 3232, 3233, 3271, 3245, 3225, 3258, 3248, 3263, 3228, 3250, 3237, 3152, 3171, 3171, 3240, 3252, 3233, 3262, 3231, 3281, 3293, 3276, 3265, 3279]}