{"avg": [0.37380958, 0.3857143, 0.42205217, 0.39007938, 0.44426513, 0.3965574, 0.48699355, 0.4763912, 0.5123246, 0.4543881, 0.4296901, 0.5055475, 0.51258874, 0.5202064, 0.46820325, 0.5005979, 0.5377427, 0.5739638, 0.47536227, 0.5456866, 0.54968065, 0.46748254, 0.55669785, 0.5887654, 0.5521313, 0.5578755, 0.5333944, 0.5509292, 0.6040352, 0.57968426, 0.6049993, 0.5637405, 0.6061922, 0.61113167, 0.5914668, 0.5704519, 0.61744785, 0.60021424, 0.62299985, 0.6473388, 0.65338504, 0.65847945, 0.667361, 0.64833975, 0.67474914, 0.6737545, 0.64512575, 0.6765387, 0.6356479, 0.6659328], "std": [0.14374724, 0.13473937, 0.14688888, 0.14225283, 0.14928988, 0.14297745, 0.14369634, 0.14783245, 0.13635077, 0.15151268, 0.14799473, 0.14195278, 0.13844985, 0.13543746, 0.15461662, 0.14607957, 0.12741335, 0.09691155, 0.15098248, 0.12100594, 0.122812614, 0.15469387, 0.11969678, 0.07278567, 0.12870479, 0.12739687, 0.13874209, 0.12750538, 0.07402288, 0.110573515, 0.0840323, 0.12793261, 0.07425083, 0.081238836, 0.1027952, 0.13415883, 0.08418398, 0.107709706, 0.0827066, 0.016129995, 0.009885284, 0.017081542, 0.014866852, 0.07601643, 0.011066657, 0.018153312, 0.0814653, 0.023433186, 0.10444404, 0.07963286], "var": [1.0, 1.0, 1.0, 0.98, 0.98, 0.94, 0.94, 0.94, 0.94, 0.94, 0.9, 0.88, 0.86, 0.84, 0.84, 0.84, 0.82, 0.78, 0.76, 0.76, 0.76, 0.76, 0.74, 0.74, 0.72, 0.68, 0.68, 0.66, 0.64, 0.6, 0.58, 0.56, 0.54, 0.54, 0.52, 0.48, 0.5, 0.52, 0.48, 0.48, 0.46, 0.42, 0.38, 0.38, 0.36, 0.34, 0.34, 0.32, 0.28, 0.28], "best": [0.5666667, 0.5921769, 0.60158736, 0.598052, 0.60338986, 0.605937, 0.6057454, 0.6068734, 0.6083826, 0.60983217, 0.6087913, 0.612359, 0.61402977, 0.61607146, 0.61871547, 0.620367, 0.6197058, 0.6228938, 0.61667526, 0.62307453, 0.6230816, 0.62330455, 0.62442046, 0.6309524, 0.632381, 0.6343102, 0.63123393, 0.63866085, 0.6407226, 0.6434564, 0.64615077, 0.6486663, 0.6509342, 0.6529763, 0.65572697, 0.65762347, 0.6601159, 0.6627344, 0.66521394, 0.6676411, 0.67007136, 0.67292845, 0.67669445, 0.6811944, 0.68456733, 0.6884955, 0.6916833, 0.69395363, 0.696586, 0.69914216], "duration": [1291, 1285, 1300, 1299, 1732, 1320, 1287, 1298, 1400, 1529, 1315, 1359, 1379, 1351, 1340, 1374, 1358, 1579, 1822, 1345, 1339, 1337, 1583, 1367, 1326, 1431, 1135, 1150, 1319, 1157, 1256, 1321, 1390, 1546, 1279, 1362, 1324, 1565, 1339, 1319, 1314, 1325, 1358, 1347, 1809, 1327, 1324, 1330, 1326, 1351]}