{"avg": [0.13333334, 0.2026559, 0.18421772, 0.22377978, 0.18229233, 0.24503307, 0.20238341, 0.2814626, 0.25766274, 0.22282815, 0.33415174, 0.2839403, 0.32698172, 0.36117303, 0.34252974, 0.29681534, 0.3432548, 0.34639642, 0.31035903, 0.34531084, 0.43607074, 0.38931724, 0.38699555, 0.3985613, 0.40841344, 0.4856471, 0.40196195, 0.5192833, 0.40230316, 0.51029474, 0.43854052, 0.49376553, 0.49242422, 0.5305509, 0.49874714, 0.48456696, 0.50521356, 0.5409802, 0.5238854, 0.587694, 0.5809972, 0.5778437, 0.61854166, 0.60289305, 0.5798351, 0.6532851, 0.64512306, 0.63972604, 0.6355834, 0.651681, 0.66756415, 0.60481346, 0.6499338, 0.679493, 0.62979376, 0.65466666, 0.6400588, 0.65863085, 0.6814385, 0.69555026, 0.67661834, 0.678875, 0.65871376, 0.67324513, 0.70666534, 0.6872979, 0.70043874, 0.7016254, 0.71448606, 0.7163096, 0.71831524, 0.72025937, 0.72203517, 0.72318465, 0.712764, 0.7156704, 0.71645534, 0.71138346, 0.7312953, 0.7134171, 0.72392637, 0.7258868, 0.7369748, 0.73838896, 0.7310441, 0.7411082, 0.7424924, 0.74361765, 0.73556817, 0.74593705, 0.7469186, 0.7387984, 0.7404483, 0.75026995, 0.7416355, 0.7412475, 0.7532168, 0.754238, 0.75517815, 0.7448739], "std": [0.06331441, 0.10553969, 0.1361596, 0.070840426, 0.15437026, 0.12910636, 0.10070842, 0.1177391, 0.1469815, 0.1171274, 0.13210881, 0.1441875, 0.10791427, 0.1084243, 0.13487463, 0.10317403, 0.15336688, 0.14113201, 0.16108249, 0.17778444, 0.12686938, 0.12949054, 0.12155784, 0.16670227, 0.13531008, 0.08254596, 0.1509984, 0.08642758, 0.16105613, 0.114083186, 0.10993682, 0.15503421, 0.1442418, 0.117373265, 0.14774969, 0.14700279, 0.14935817, 0.120908104, 0.19060022, 0.11493277, 0.08939098, 0.105911866, 0.06216342, 0.12298527, 0.15904988, 0.0, 0.049519364, 0.05443308, 0.069568306, 0.04900768, 0.011123083, 0.14971055, 0.070336856, 5.9604645e-08, 0.16748215, 0.12055585, 0.09595266, 0.12557073, 0.041450787, 1.1920929e-07, 0.052658513, 0.05265124, 0.17007913, 0.1254562, 5.9604645e-08, 0.05264747, 0.03880237, 0.040061675, 5.9604645e-08, 0.0, 1.1920929e-07, 0.0, 1.1920929e-07, 0.0031534217, 0.042993285, 0.038708296, 0.0414508, 0.050118394, 1.1920929e-07, 0.05144516, 0.038802356, 0.037654, 5.9604645e-08, 5.9604645e-08, 0.035631787, 1.1920929e-07, 1.1920929e-07, 1.1920929e-07, 0.036601327, 0.0, 0.0, 0.03660131, 0.035631787, 5.9604645e-08, 0.037654, 0.040061682, 1.1920929e-07, 1.1920929e-07, 0.0, 0.04006168], "var": [1.0, 0.98, 0.96, 0.96, 0.94, 0.92, 0.92, 0.9, 0.88, 0.86, 0.84, 0.8, 0.76, 0.72, 0.7, 0.68, 0.64, 0.6, 0.6, 0.56, 0.56, 0.58, 0.58, 0.58, 0.6, 0.6, 0.56, 0.54, 0.54, 0.52, 0.48, 0.46, 0.46, 0.44, 0.4, 0.36, 0.36, 0.34, 0.32, 0.32, 0.28, 0.24, 0.24, 0.24, 0.2, 0.2, 0.18, 0.18, 0.16, 0.16, 0.14, 0.12, 0.1, 0.1, 0.1, 0.1, 0.08, 0.08, 0.08, 0.08, 0.08, 0.06, 0.06, 0.04, 0.04, 0.04, 0.04, 0.04, 0.04, 0.04, 0.04, 0.04, 0.04, 0.04, 0.04, 0.02, 0.02, 0.02, 0.02, 0.02, 0.02, 0.02, 0.02, 0.02, 0.02, 0.02, 0.02, 0.02, 0.02, 0.02, 0.02, 0.02, 0.02, 0.02, 0.02, 0.02, 0.02, 0.02, 0.02, 0.02], "best": [0.20000002, 0.38776848, 0.39501137, 0.386508, 0.5374459, 0.54087305, 0.38939017, 0.3923328, 0.54501593, 0.39101657, 0.5495379, 0.5510722, 0.55429757, 0.55578345, 0.5581866, 0.4077146, 0.5599683, 0.56289023, 0.5658563, 0.5660808, 0.56872714, 0.5735659, 0.57588404, 0.5773003, 0.58056617, 0.5827238, 0.58609337, 0.5886345, 0.5947175, 0.5968149, 0.6009959, 0.6025794, 0.60706925, 0.6102708, 0.61419505, 0.61765987, 0.6201382, 0.62341547, 0.62740993, 0.6308695, 0.63515913, 0.63879627, 0.6425031, 0.6468183, 0.6505121, 0.6532851, 0.65835774, 0.6619482, 0.6653777, 0.66824144, 0.6711555, 0.6742729, 0.67674136, 0.67949307, 0.68284726, 0.68546283, 0.68816197, 0.6910531, 0.69340444, 0.6955504, 0.69810927, 0.7004044, 0.7026279, 0.7046092, 0.7066654, 0.70884806, 0.7108092, 0.7127366, 0.714486, 0.7163096, 0.71831536, 0.72025937, 0.72203505, 0.7239729, 0.72572696, 0.72694874, 0.728421, 0.7296842, 0.73129517, 0.7328616, 0.7342967, 0.73560905, 0.73697484, 0.7383889, 0.73968625, 0.7411083, 0.74249226, 0.74361753, 0.7447183, 0.74593705, 0.7469186, 0.7479488, 0.74909043, 0.75027, 0.7513577, 0.7523586, 0.7532169, 0.7542379, 0.75517815, 0.75598496], "duration": [2210, 3775, 3812, 3828, 5758, 3882, 1964, 9549, 5883, 3882, 2517, 5860, 7671, 5931, 5883, 2004, 6309, 5983, 3930, 2196, 2207, 4352, 2149, 2500, 4044, 2198, 4092, 3074, 2261, 2310, 4056, 2328, 2304, 4198, 2311, 6339, 2268, 2642, 2311, 2303, 2338, 2309, 2348, 2346, 2335, 3515, 2393, 2368, 2294, 2318, 2328, 2348, 2320, 2694, 2336, 2303, 2710, 2333, 2475, 2331, 2687, 2388, 2355, 2319, 2373, 2346, 2354, 2411, 2368, 2362, 2699, 2345, 2310, 2712, 2313, 2295, 2336, 2744, 2342, 2347, 2379, 2330, 2754, 2297, 2779, 2738, 2360, 2351, 2304, 2318, 2308, 3076, 2739, 2317, 2713, 2384, 2343, 2390, 2333, 2743]}