{"avg": [0.43541667, 0.37959188, 0.42663696, 0.4095008, 0.4560618, 0.42171738, 0.4240803, 0.4367297, 0.5418513, 0.4825069, 0.5335247, 0.5214286, 0.43520465, 0.58285177, 0.50078654, 0.53724855, 0.5868385, 0.58820385, 0.509563, 0.51709116, 0.59188783, 0.60018665, 0.5406171, 0.55900884, 0.6040624, 0.61203945, 0.6304885, 0.6125444, 0.61297745, 0.6164971, 0.6269701, 0.6047788, 0.6014882, 0.6241078, 0.6308591, 0.6468897, 0.65911824, 0.635785, 0.6725174, 0.67317975, 0.67401266, 0.68972564, 0.68692285, 0.6933058, 0.68607926, 0.6915787, 0.7039102, 0.70747465, 0.7031405, 0.7162709], "std": [0.14882353, 0.13906197, 0.15219536, 0.15057582, 0.152383, 0.15551889, 0.14946042, 0.15327905, 0.12129694, 0.15185347, 0.12528898, 0.13086446, 0.15236405, 0.07396661, 0.14791732, 0.12923124, 0.07658667, 0.073426776, 0.15445742, 0.14747114, 0.07776112, 0.07775963, 0.1371119, 0.1306294, 0.08208358, 0.07999321, 0.016667457, 0.08146461, 0.090262465, 0.094521165, 0.08570024, 0.120980546, 0.12417667, 0.08972367, 0.08533014, 0.09529059, 0.03166157, 0.09079542, 0.026790371, 0.027281951, 0.0259517, 0.019501586, 0.027889604, 0.022274947, 0.035869185, 0.030176822, 0.021381104, 0.028421447, 0.037215516, 0.019104434], "var": [0.96, 0.92, 0.88, 0.88, 0.9, 0.88, 0.84, 0.82, 0.8, 0.78, 0.74, 0.72, 0.7, 0.68, 0.66, 0.62, 0.6, 0.56, 0.54, 0.54, 0.54, 0.54, 0.5, 0.5, 0.46, 0.44, 0.44, 0.42, 0.42, 0.4, 0.4, 0.4, 0.38, 0.36, 0.34, 0.32, 0.28, 0.24, 0.24, 0.2, 0.2, 0.2, 0.18, 0.16, 0.14, 0.12, 0.12, 0.12, 0.12, 0.1], "best": [0.5666667, 0.6098215, 0.6095239, 0.6028986, 0.6098215, 0.6178131, 0.6101555, 0.6185375, 0.6177926, 0.61839086, 0.62306553, 0.6075808, 0.602757, 0.6202091, 0.6205063, 0.6211172, 0.62272817, 0.62596756, 0.6286218, 0.63228226, 0.63443804, 0.63660276, 0.64006245, 0.6410715, 0.6431929, 0.6472482, 0.6512078, 0.6544123, 0.65720695, 0.6602005, 0.66375947, 0.6682315, 0.67102635, 0.67321885, 0.6755291, 0.67827654, 0.68293035, 0.6861186, 0.6881937, 0.6916667, 0.69471323, 0.6969383, 0.70168287, 0.7051186, 0.70829237, 0.71139127, 0.71374285, 0.7171941, 0.72064745, 0.7234917], "duration": [1111, 1255, 1261, 1256, 1083, 1260, 1081, 1261, 1307, 1124, 1087, 1082, 1084, 1096, 1078, 1126, 1090, 1086, 1122, 1262, 1097, 1126, 1090, 1087, 1128, 1087, 1096, 1092, 1116, 1093, 1089, 1086, 1087, 1275, 1092, 1274, 1093, 1283, 1095, 1096, 1091, 1279, 1095, 1094, 1097, 1079, 1089, 1093, 1088, 1310]}