{"avg": [0.13105416, 0.1759213, 0.19646825, 0.22035511, 0.23917998, 0.26060644, 0.27278912, 0.28711012, 0.34696597, 0.37198842, 0.37018946, 0.41601655, 0.43279696, 0.4941955, 0.52013355, 0.543378, 0.56209314, 0.58252615, 0.5957313, 0.62584317, 0.63480955, 0.6330718, 0.65646267, 0.65524966, 0.65602183, 0.6739887, 0.6803969, 0.6900623, 0.6955224, 0.70081574, 0.6983139, 0.68874365, 0.70576, 0.6962332, 0.71313536, 0.72412443, 0.727493, 0.7196074, 0.72986966, 0.7282989, 0.71886945, 0.7376283, 0.7320794, 0.74264854, 0.73321754, 0.7369981, 0.7443777, 0.74654096, 0.7521795, 0.7415925], "std": [0.11417928, 0.1309745, 0.13009904, 0.10696363, 0.106112696, 0.115493454, 0.14575396, 0.1304718, 0.13040434, 0.09629205, 0.10614197, 0.13229659, 0.13593833, 0.11291468, 0.0914531, 0.09539743, 0.0775703, 0.06523596, 0.059803806, 0.033940613, 0.035378482, 0.049530264, 0.025892572, 0.042821947, 0.050292846, 0.033879854, 0.033902552, 0.024286104, 0.023995608, 0.023444539, 0.04006166, 0.05733767, 0.041450802, 0.05733767, 0.040971987, 0.024900202, 0.023995604, 0.045662347, 0.03350803, 0.04145079, 0.056124628, 0.03350803, 0.046666656, 0.03275849, 0.050902333, 0.048886392, 0.040971987, 0.040509224, 0.033508033, 0.05200502], "var": [0.94, 0.86, 0.82, 0.8, 0.72, 0.7, 0.68, 0.64, 0.64, 0.56, 0.52, 0.44, 0.4, 0.34, 0.3, 0.3, 0.18, 0.14, 0.08, 0.08, 0.08, 0.06, 0.06, 0.06, 0.04, 0.02, 0.02, 0.02, 0.02, 0.02, 0.02, 0.02, 0.02, 0.02, 0.02, 0.02, 0.02, 0.02, 0.02, 0.02, 0.02, 0.02, 0.02, 0.02, 0.02, 0.02, 0.02, 0.02, 0.02, 0.02], "best": [0.3555556, 0.53431016, 0.5354944, 0.5373016, 0.3947889, 0.39972225, 0.5394036, 0.54206353, 0.54708505, 0.5508159, 0.557773, 0.5626352, 0.5703361, 0.5793985, 0.5885658, 0.59799224, 0.6070887, 0.6158312, 0.62484205, 0.6343145, 0.644267, 0.6524431, 0.66114336, 0.6680058, 0.6749753, 0.6819837, 0.6881745, 0.69395155, 0.69931674, 0.70443296, 0.7094251, 0.713969, 0.71772593, 0.72145855, 0.7248021, 0.728218, 0.7312872, 0.73442197, 0.73745805, 0.7402645, 0.7428007, 0.74521637, 0.7476351, 0.7498839, 0.7521876, 0.75428206, 0.75604415, 0.75792307, 0.7597678, 0.7615354], "duration": [20618, 20203, 30237, 27814, 24461, 22154, 26213, 32203, 34263, 33516, 35741, 24389, 19004, 21263, 10731, 15163, 14282, 10063, 11115, 11614, 11896, 11629, 10813, 9771, 9948, 11006, 11546, 10649, 11362, 10774, 12773, 9964, 9871, 10734, 10656, 10622, 12940, 9977, 13884, 11979, 11307, 11514, 11642, 10659, 12806, 10724, 11136, 11574, 11309, 10482]}