{"avg": [0.17777781, 0.20777142, 0.22174923, 0.22277462, 0.21917856, 0.23012763, 0.22394447, 0.22540002, 0.24123257, 0.24577244, 0.2576657, 0.25970507, 0.25718257, 0.26598024, 0.27468595, 0.2742527, 0.27559325, 0.2845509, 0.27874818, 0.28678283, 0.2855933, 0.2958585, 0.293698, 0.29302874, 0.2953429, 0.30384117, 0.29553503, 0.3026276, 0.31193992, 0.32104546, 0.319534, 0.32108533, 0.3199648, 0.33057892, 0.33884484, 0.34471387, 0.34409845, 0.34909257, 0.35394326, 0.37239125, 0.37265706, 0.38313666, 0.3800597, 0.38751155, 0.38600454, 0.39567643, 0.39768264, 0.41023743, 0.4061685, 0.4052837], "std": [0.08793938, 0.09715116, 0.09132353, 0.09160901, 0.094266735, 0.087940894, 0.08986757, 0.08245981, 0.08585668, 0.088733226, 0.09151595, 0.07850386, 0.08060137, 0.07899821, 0.08063696, 0.08174334, 0.07387606, 0.07390338, 0.076145194, 0.07856378, 0.0771205, 0.07830453, 0.080036364, 0.08283164, 0.07914806, 0.078720845, 0.079793975, 0.08296844, 0.07685498, 0.07583524, 0.07885371, 0.07291701, 0.07670769, 0.08388799, 0.084477104, 0.07858769, 0.07887438, 0.06726745, 0.07570156, 0.07154296, 0.07578458, 0.07218218, 0.068572044, 0.07495933, 0.070003755, 0.066959225, 0.06464941, 0.070577905, 0.06132467, 0.06209464], "var": [0.98, 0.96, 0.96, 0.94, 0.94, 0.92, 0.92, 0.9, 0.86, 0.84, 0.82, 0.8, 0.78, 0.74, 0.72, 0.72, 0.72, 0.7, 0.68, 0.66, 0.62, 0.66, 0.64, 0.64, 0.62, 0.62, 0.64, 0.62, 0.64, 0.6, 0.58, 0.6, 0.62, 0.58, 0.56, 0.56, 0.58, 0.6, 0.58, 0.6, 0.6, 0.6, 0.6, 0.62, 0.58, 0.56, 0.54, 0.54, 0.54, 0.52], "best": [0.3777778, 0.4493651, 0.47182542, 0.47571433, 0.47765878, 0.47930163, 0.48023814, 0.40306124, 0.48111114, 0.537037, 0.53738093, 0.48223668, 0.48265877, 0.48297927, 0.5388435, 0.53936505, 0.48420638, 0.48438847, 0.48447093, 0.48454472, 0.4162143, 0.4845352, 0.48431462, 0.4840718, 0.48388892, 0.48370162, 0.48356536, 0.48345682, 0.48337305, 0.48329505, 0.48323813, 0.48323095, 0.48322424, 0.52590185, 0.52665734, 0.53906125, 0.5392063, 0.51543117, 0.51617795, 0.5169475, 0.5178929, 0.51882696, 0.5197846, 0.5364378, 0.540855, 0.5230477, 0.5242443, 0.5524113, 0.52678573, 0.52802724], "duration": [14480, 14503, 15768, 14044, 15516, 15251, 14402, 15086, 13982, 15653, 15559, 16102, 13960, 15732, 15909, 14610, 14584, 14592, 14340, 11773, 11966, 13460, 12791, 11876, 14150, 15808, 14049, 14248, 13978, 14455, 13735, 13699, 13619, 13543, 13340, 13799, 13400, 13501, 13839, 14920, 15064, 15731, 14428, 13916, 12642, 13028, 12509, 13134, 12562, 13095]}