{"avg": [0.10317461, 0.15619332, 0.21074073, 0.20987655, 0.14954871, 0.17713915, 0.18814488, 0.16844867, 0.2514289, 0.19409679, 0.1433481, 0.25977483, 0.22570185, 0.206611, 0.2694272, 0.2330732, 0.23094396, 0.23103294, 0.2599092, 0.23518264, 0.25856912, 0.3070484, 0.2703336, 0.2934807, 0.29249662, 0.29904935, 0.31899157, 0.35703003, 0.3025579, 0.36159799, 0.34697068, 0.34776303, 0.40397778, 0.35338038, 0.42777017, 0.4172751, 0.45073307, 0.40038192, 0.3685491, 0.45835182, 0.4352071, 0.43023592, 0.47378737, 0.51623285, 0.46287265, 0.5201607, 0.51992065, 0.54472524, 0.52113885, 0.51793617], "std": [0.07771297, 0.121724874, 0.11154861, 0.1293356, 0.08424879, 0.08330931, 0.08933714, 0.10539429, 0.13499378, 0.100091495, 0.13290372, 0.13664767, 0.13138899, 0.07329734, 0.15141751, 0.117113575, 0.064057596, 0.08523316, 0.09060361, 0.124630496, 0.13384816, 0.16938818, 0.15067506, 0.14734854, 0.09573237, 0.12143056, 0.15714563, 0.14129017, 0.13950476, 0.15424153, 0.15615276, 0.14291015, 0.13642621, 0.13796608, 0.12832081, 0.1360765, 0.12535512, 0.11874137, 0.1158337, 0.13769001, 0.122505896, 0.13652185, 0.10348311, 0.11252619, 0.12699987, 0.10943437, 0.12691611, 0.06873511, 0.09989228, 0.12881984], "var": [1.0, 1.0, 1.0, 1.0, 0.98, 0.98, 0.96, 0.94, 0.92, 0.9, 0.9, 0.92, 0.92, 0.88, 0.86, 0.84, 0.82, 0.8, 0.82, 0.82, 0.82, 0.82, 0.84, 0.82, 0.78, 0.76, 0.72, 0.68, 0.7, 0.7, 0.7, 0.7, 0.68, 0.68, 0.68, 0.68, 0.64, 0.62, 0.62, 0.62, 0.64, 0.6, 0.56, 0.52, 0.5, 0.5, 0.48, 0.48, 0.48, 0.48], "best": [0.20000002, 0.3827665, 0.5293651, 0.53597885, 0.23401362, 0.3853175, 0.39052582, 0.38386962, 0.5326165, 0.3853175, 0.5341526, 0.53478223, 0.53262883, 0.3957489, 0.53644973, 0.5353294, 0.40011477, 0.40022084, 0.5370314, 0.5371503, 0.5382359, 0.5513212, 0.54655015, 0.5529422, 0.5422467, 0.5476758, 0.54899526, 0.55301815, 0.5547528, 0.55414736, 0.55106616, 0.55720204, 0.5648499, 0.5669435, 0.56324196, 0.5648452, 0.5701909, 0.5718565, 0.5695453, 0.5787741, 0.57204676, 0.5731873, 0.5843263, 0.580834, 0.5823315, 0.5908933, 0.592791, 0.59099454, 0.59736514, 0.6001637], "duration": [2250, 1923, 5817, 6403, 1925, 2260, 1936, 1967, 6132, 1898, 5765, 5826, 3919, 2551, 5809, 3858, 1955, 1987, 5790, 4155, 5779, 11891, 5762, 5849, 5863, 7724, 8048, 11575, 6158, 9635, 5815, 7720, 10302, 7747, 13525, 11610, 13520, 9684, 11941, 13645, 15782, 12233, 13839, 13523, 13816, 15232, 13593, 14280, 13513, 15768]}