{"avg": [0.45416674, 0.4219188, 0.4852718, 0.42270172, 0.42802584, 0.43722805, 0.4493362, 0.4552691, 0.46072614, 0.4772847, 0.5140576, 0.4904989, 0.45107305, 0.45693785, 0.5122558, 0.41941696, 0.54599965, 0.5084047, 0.5294718, 0.5125563, 0.5065934, 0.5273961, 0.5170663, 0.52598286, 0.5424559, 0.5297637, 0.5549628, 0.5482985, 0.5567424, 0.5508179, 0.5616464, 0.5372579, 0.5431973, 0.5604211, 0.5571788, 0.5672708, 0.55540484, 0.5652891, 0.5587701, 0.5716564, 0.5672789, 0.5585999, 0.5770992, 0.5759232, 0.57114613, 0.5795213, 0.58000374, 0.5851049, 0.5819824, 0.5687091], "std": [0.10569254, 0.12825647, 0.086886585, 0.14869417, 0.16735362, 0.15866058, 0.17282706, 0.122344226, 0.12114942, 0.12178485, 0.06320073, 0.10630886, 0.1341888, 0.1618228, 0.06873215, 0.19949242, 0.006603097, 0.099521466, 0.058784697, 0.07258192, 0.07756012, 0.058010455, 0.07390232, 0.05947436, 0.0460534, 0.05853358, 0.009041542, 0.040831666, 0.0119925225, 0.04110893, 0.009039292, 0.05848913, 0.056882385, 0.014570777, 0.042727567, 0.012687045, 0.045303904, 0.012322012, 0.043175396, 0.009642, 0.012924708, 0.039892685, 0.010850827, 0.012356337, 0.015217645, 0.013284688, 0.013944128, 0.013755963, 0.015578784, 0.05261536], "var": [1.0, 0.96, 0.96, 0.92, 0.92, 0.92, 0.9, 0.9, 0.88, 0.88, 0.88, 0.88, 0.86, 0.84, 0.82, 0.8, 0.78, 0.76, 0.76, 0.74, 0.72, 0.7, 0.68, 0.7, 0.72, 0.7, 0.68, 0.68, 0.66, 0.66, 0.66, 0.66, 0.64, 0.62, 0.62, 0.62, 0.64, 0.68, 0.66, 0.66, 0.66, 0.66, 0.66, 0.64, 0.66, 0.64, 0.6, 0.6, 0.6, 0.6], "best": [0.51111114, 0.5587302, 0.5558442, 0.5498016, 0.5500722, 0.5514712, 0.5521028, 0.5527778, 0.55200535, 0.55370003, 0.555754, 0.5564173, 0.5508768, 0.5510271, 0.55774724, 0.5577083, 0.5564167, 0.5586393, 0.5600907, 0.56065416, 0.56056166, 0.5618071, 0.5625817, 0.5597973, 0.56319845, 0.5650794, 0.5665692, 0.5683217, 0.57106787, 0.57233566, 0.5725226, 0.5735624, 0.5750756, 0.57787836, 0.5795191, 0.5817187, 0.582917, 0.5844592, 0.585924, 0.5874485, 0.58945584, 0.59036547, 0.5911356, 0.5933015, 0.5949262, 0.5956923, 0.5974207, 0.59936166, 0.6021755, 0.60381037], "duration": [27226, 26741, 26695, 26597, 25081, 31412, 26937, 31383, 26954, 31448, 26964, 26925, 23149, 26989, 26985, 26979, 27069, 27086, 31464, 31464, 28316, 26978, 31681, 26942, 26985, 26987, 26975, 31665, 26999, 27073, 27026, 27037, 26993, 27073, 26967, 26980, 26980, 27069, 32241, 26988, 26978, 26997, 26975, 26969, 27058, 27056, 27044, 27038, 27030, 27058]}