{"avg": [0.3847223, 0.39150548, 0.4113393, 0.47042897, 0.42863384, 0.45723242, 0.45663875, 0.45469764, 0.43889794, 0.47968945, 0.48922542, 0.44464734, 0.4803549, 0.5090597, 0.5374356, 0.4787223, 0.49356887, 0.51135737, 0.5075167, 0.5254261, 0.47892883, 0.5421368, 0.5680823, 0.5614394, 0.514056, 0.5466961, 0.55780536, 0.5932031, 0.5788372, 0.5900785, 0.5852688, 0.60187256, 0.5984568, 0.614528, 0.5768938, 0.58576643, 0.60766125, 0.6205539, 0.6310294, 0.6376602, 0.6311439, 0.62807715, 0.6130029, 0.6398762, 0.6418315, 0.6180095, 0.65360945, 0.65257806, 0.6513981, 0.6476328], "std": [0.10707064, 0.13450837, 0.12481958, 0.08857256, 0.11237231, 0.092818856, 0.09881241, 0.11434903, 0.11509151, 0.13151242, 0.086232424, 0.16606346, 0.10954829, 0.10318822, 0.058770556, 0.11344924, 0.09208764, 0.10516695, 0.08359539, 0.07318998, 0.13707078, 0.0708004, 0.04626345, 0.049630277, 0.12701534, 0.10288722, 0.06922188, 0.018257255, 0.026497236, 0.028192466, 0.06833773, 0.025174003, 0.030712359, 0.017591467, 0.0898378, 0.08838771, 0.033585485, 0.02865229, 0.020053223, 0.015882442, 0.027624756, 0.029715983, 0.06761115, 0.029078037, 0.026898598, 0.07030709, 0.021154365, 0.019768229, 0.028882837, 0.036105968], "var": [1.0, 1.0, 0.98, 0.98, 0.96, 0.96, 0.94, 0.9, 0.88, 0.9, 0.86, 0.84, 0.8, 0.8, 0.8, 0.78, 0.74, 0.74, 0.72, 0.7, 0.66, 0.66, 0.62, 0.6, 0.6, 0.58, 0.54, 0.52, 0.5, 0.48, 0.48, 0.46, 0.44, 0.44, 0.42, 0.4, 0.36, 0.34, 0.38, 0.36, 0.36, 0.36, 0.38, 0.36, 0.36, 0.34, 0.34, 0.32, 0.3, 0.28], "best": [0.51111114, 0.5542659, 0.5587302, 0.55923676, 0.56333846, 0.56208795, 0.5523298, 0.5591794, 0.56124663, 0.56011045, 0.56448805, 0.56295675, 0.5674, 0.56901973, 0.5727293, 0.57131076, 0.5758067, 0.57794327, 0.58055556, 0.58237606, 0.58503777, 0.58778965, 0.5908519, 0.59792227, 0.60078084, 0.6015873, 0.60517925, 0.6083804, 0.6125747, 0.6144265, 0.6175387, 0.62141544, 0.6253777, 0.6276427, 0.6316525, 0.6340757, 0.6368699, 0.63897246, 0.6427734, 0.6465328, 0.6503795, 0.65348005, 0.6556952, 0.6577692, 0.66052556, 0.66337574, 0.66501915, 0.6677614, 0.67024887, 0.67283976], "duration": [26821, 25441, 27062, 27009, 27091, 26958, 27235, 27339, 26967, 27449, 27495, 27273, 27285, 27352, 27411, 27312, 27359, 27621, 27551, 27593, 32031, 27357, 31901, 27403, 32056, 27501, 27679, 27703, 27679, 27680, 27660, 27499, 27676, 27710, 27568, 27615, 27736, 27531, 27364, 27367, 31874, 27451, 32549, 32118, 32019, 27465, 27470, 31961, 27392, 27410]}