{"avg": [0.15308644, 0.15483405, 0.14421298, 0.14490892, 0.17449655, 0.26361653, 0.25807083, 0.18449736, 0.21550483, 0.16557986, 0.22391373, 0.19374152, 0.24613841, 0.15363468, 0.19161378, 0.19203947, 0.28356272, 0.22536415, 0.1525525, 0.2366671, 0.21909562, 0.22885042, 0.25206912, 0.26132992, 0.23476629, 0.28429958, 0.24522296, 0.2586577, 0.17708021, 0.20468335, 0.30119663, 0.30990675, 0.24547492, 0.32651466, 0.31990182, 0.26332438, 0.2720496, 0.24228548, 0.28833568, 0.33194208, 0.2829609, 0.32829252, 0.27481538, 0.32120457, 0.33283445, 0.3658186, 0.3746753, 0.31423208, 0.32975948, 0.32801697], "std": [0.13102716, 0.14213262, 0.116443016, 0.14762472, 0.14436576, 0.111838564, 0.086765, 0.14970174, 0.14129917, 0.15333605, 0.096664466, 0.14373618, 0.0893665, 0.11752154, 0.106329866, 0.16080298, 0.12762134, 0.13551459, 0.1205436, 0.07379087, 0.10640862, 0.105104536, 0.14615004, 0.14610474, 0.1506494, 0.12527893, 0.16967508, 0.13766108, 0.13776328, 0.16950509, 0.090644345, 0.08118656, 0.115826696, 0.11941952, 0.08869268, 0.088157885, 0.087461025, 0.13983887, 0.08879255, 0.07480368, 0.08913066, 0.07919659, 0.082833916, 0.114434265, 0.103564754, 0.122223556, 0.15639818, 0.11709187, 0.13862416, 0.081721105], "var": [0.98, 0.96, 0.96, 0.96, 0.96, 0.98, 0.96, 0.96, 0.96, 0.94, 0.94, 0.92, 0.9, 0.88, 0.88, 0.88, 0.88, 0.86, 0.84, 0.84, 0.84, 0.82, 0.82, 0.8, 0.8, 0.8, 0.8, 0.78, 0.78, 0.76, 0.76, 0.74, 0.74, 0.74, 0.72, 0.72, 0.72, 0.7, 0.7, 0.72, 0.72, 0.74, 0.74, 0.74, 0.72, 0.7, 0.7, 0.7, 0.72, 0.7], "best": [0.3555556, 0.42169318, 0.39365083, 0.39052582, 0.39154673, 0.3963065, 0.38009772, 0.39111114, 0.48938152, 0.37960806, 0.4933422, 0.38336673, 0.39246958, 0.34613526, 0.38380957, 0.38627282, 0.38941193, 0.39002022, 0.39362603, 0.38788518, 0.38667408, 0.38666672, 0.45924807, 0.39228204, 0.49952015, 0.39680183, 0.39436257, 0.3966515, 0.39213142, 0.3944546, 0.39233214, 0.39528593, 0.3922764, 0.5520233, 0.3969435, 0.39402205, 0.39725342, 0.3961469, 0.4002279, 0.39967492, 0.39826775, 0.4013222, 0.40067118, 0.5574852, 0.5580716, 0.5588292, 0.56713355, 0.5680552, 0.5614579, 0.4050758], "duration": [2145, 3566, 2031, 3955, 1799, 2247, 7626, 5875, 4044, 3893, 1598, 2154, 1731, 4338, 2239, 3958, 1998, 1988, 1903, 3946, 7808, 6116, 4165, 1702, 3864, 3891, 2143, 1691, 3569, 6608, 5566, 6118, 4275, 6123, 4361, 1991, 2117, 5571, 4383, 5690, 4238, 4347, 2100, 4290, 2005, 5785, 4244, 1680, 5943, 4310]}