{"avg": [0.3806667, 0.40769532, 0.41985717, 0.42012694, 0.42640957, 0.43280002, 0.44509685, 0.44558644, 0.4460286, 0.4584931, 0.46509334, 0.4713481, 0.47169593, 0.47855318, 0.49115315, 0.49761027, 0.4981333, 0.5043855, 0.51673615, 0.52916956, 0.53604853, 0.5423611, 0.5487481, 0.55519795, 0.5559321, 0.55668813, 0.5571275, 0.56413066, 0.570496, 0.5714878, 0.572237, 0.579392, 0.5798283, 0.58688855, 0.5936445, 0.59526026, 0.6026561, 0.6036917, 0.60520333, 0.60636324, 0.6137173, 0.6147753, 0.6164215, 0.61766607, 0.6199625, 0.62094283, 0.62179637, 0.6229036, 0.6302485, 0.6320251], "std": [0.14561597, 0.14551774, 0.14765257, 0.14791055, 0.14887644, 0.1495293, 0.1500191, 0.15007465, 0.15006395, 0.14920214, 0.14840265, 0.14731382, 0.14737745, 0.14637814, 0.14359933, 0.14139274, 0.1413304, 0.13928379, 0.13415049, 0.12781195, 0.124314405, 0.1202792, 0.115752034, 0.11053463, 0.110838875, 0.111164995, 0.111354165, 0.105300866, 0.098783486, 0.099131994, 0.09945501, 0.09232999, 0.09251252, 0.08415056, 0.07401647, 0.07443275, 0.062015828, 0.062267613, 0.06251223, 0.06272434, 0.045514017, 0.045694873, 0.045935184, 0.046135645, 0.04611546, 0.04632001, 0.046502173, 0.04672902, 0.01124411, 0.010452095], "var": [1.0, 0.98, 0.96, 0.92, 0.88, 0.88, 0.86, 0.82, 0.82, 0.8, 0.78, 0.78, 0.76, 0.78, 0.78, 0.78, 0.8, 0.76, 0.78, 0.76, 0.78, 0.78, 0.76, 0.74, 0.7, 0.7, 0.68, 0.68, 0.68, 0.64, 0.64, 0.68, 0.68, 0.66, 0.62, 0.58, 0.6, 0.6, 0.6, 0.56, 0.54, 0.5, 0.5, 0.5, 0.5, 0.5, 0.5, 0.5, 0.48, 0.5], "best": [0.5666667, 0.60047626, 0.59952384, 0.5993651, 0.5994048, 0.5993334, 0.6000001, 0.6016327, 0.60297626, 0.6039154, 0.60476196, 0.6054546, 0.6060318, 0.6064836, 0.607381, 0.60819054, 0.6088989, 0.6095519, 0.61018527, 0.610777, 0.6115, 0.61222225, 0.6128572, 0.6136025, 0.6143056, 0.61500955, 0.6158975, 0.6167196, 0.61753404, 0.61837447, 0.61917466, 0.6198157, 0.62071437, 0.6216018, 0.62291324, 0.6241769, 0.6253837, 0.62676966, 0.62804514, 0.6294262, 0.63071436, 0.63183516, 0.6329252, 0.6339314, 0.63490266, 0.6358731, 0.6369876, 0.6384499, 0.63987106, 0.641244], "duration": [3284, 3238, 3236, 3243, 3272, 3244, 3224, 3188, 3192, 3232, 3219, 3242, 3127, 3122, 3269, 3257, 3297, 3232, 3259, 3234, 3212, 3233, 3244, 3269, 3210, 3296, 3197, 3224, 3248, 3196, 3246, 3213, 3202, 3224, 3233, 3248, 3238, 3281, 3287, 3226, 3237, 3244, 3277, 3265, 3260, 3261, 3253, 3251, 3232, 3244]}