{"avg": [0.12361113, 0.14705029, 0.07649404, 0.112622835, 0.13940455, 0.13740169, 0.16654976, 0.14361835, 0.20073316, 0.12535422, 0.20868377, 0.19854176, 0.17960936, 0.15679671, 0.2101516, 0.18606327, 0.25103256, 0.1935384, 0.26372886, 0.23578188, 0.238948, 0.22392559, 0.26949057, 0.23962161, 0.23956567, 0.31051862, 0.3439983, 0.2850149, 0.32202113, 0.3066354, 0.2911806, 0.33438566, 0.3833459, 0.38661057, 0.4047067, 0.3968122, 0.37891805, 0.45155293, 0.37147796, 0.40641615, 0.4065048, 0.47942004, 0.3992701, 0.40865573, 0.4397774, 0.4731213, 0.46949872, 0.4432501, 0.42365456, 0.47976175], "std": [0.08956989, 0.10363287, 0.08884147, 0.12370901, 0.15625206, 0.16914348, 0.16299091, 0.14441802, 0.1974051, 0.13350442, 0.1787011, 0.20403917, 0.16681932, 0.16114962, 0.11309739, 0.19916059, 0.13377635, 0.19893523, 0.17919807, 0.19148846, 0.17128958, 0.23016398, 0.14778967, 0.18265842, 0.18079375, 0.17385253, 0.13507657, 0.12609056, 0.1520121, 0.17678018, 0.15289712, 0.16561484, 0.1119433, 0.16676329, 0.14048886, 0.11743815, 0.19235454, 0.11488437, 0.15955472, 0.12787306, 0.122807406, 0.09253625, 0.17473249, 0.16828959, 0.19323432, 0.10666951, 0.16837296, 0.1973393, 0.19233234, 0.09014853], "var": [1.0, 0.98, 0.98, 0.98, 0.98, 0.98, 0.96, 0.94, 0.94, 0.94, 0.94, 0.94, 0.94, 0.94, 0.94, 0.92, 0.9, 0.9, 0.88, 0.9, 0.88, 0.86, 0.84, 0.86, 0.84, 0.86, 0.88, 0.92, 0.92, 0.9, 0.88, 0.86, 0.86, 0.86, 0.86, 0.82, 0.82, 0.82, 0.8, 0.78, 0.74, 0.74, 0.72, 0.68, 0.64, 0.66, 0.66, 0.66, 0.66, 0.68], "best": [0.3555556, 0.39722225, 0.19318998, 0.36878312, 0.52846384, 0.53363365, 0.53839844, 0.38492808, 0.5447929, 0.38844356, 0.5445063, 0.5492064, 0.55058146, 0.5524584, 0.39695415, 0.55300385, 0.55166173, 0.55646265, 0.5535756, 0.55826634, 0.55485934, 0.55859053, 0.5587302, 0.55526465, 0.55953, 0.5602072, 0.5561731, 0.5613514, 0.5458246, 0.56379604, 0.56734836, 0.56813115, 0.56701773, 0.5628093, 0.5661194, 0.57069796, 0.5720078, 0.5766771, 0.57908285, 0.5773456, 0.5822813, 0.58380425, 0.5829636, 0.58413166, 0.5883312, 0.5899781, 0.592122, 0.59377605, 0.5936985, 0.5975613], "duration": [5423, 8476, 4989, 2884, 6765, 6738, 3203, 4774, 4526, 3180, 7026, 5087, 5198, 2798, 5254, 4307, 7038, 4693, 8860, 5016, 7132, 4551, 4865, 7005, 7000, 9126, 10676, 6759, 10727, 7574, 5348, 5511, 10616, 12698, 5125, 6754, 7244, 7094, 8895, 9137, 2800, 6723, 9179, 9021, 7581, 7324, 9309, 9884, 3953, 11067]}