{"avg": [0.3412698, 0.35483, 0.3842912, 0.4615383, 0.43901426, 0.4435414, 0.5159608, 0.4633467, 0.44442695, 0.48474434, 0.45741636, 0.48120567, 0.46265644, 0.4713074, 0.5292019, 0.46597224, 0.48559332, 0.49999085, 0.48132753, 0.5190308, 0.5362306, 0.52672064, 0.5299639, 0.53896374, 0.5369614, 0.5301316, 0.5543406, 0.5303678, 0.55689436, 0.5408876, 0.5223843, 0.54803133, 0.55104977, 0.54500556, 0.56454426, 0.5690816, 0.56950736, 0.5716247, 0.5787875, 0.5758751, 0.5832826, 0.5791945, 0.58377975, 0.58805466, 0.5892285, 0.59109515, 0.59525555, 0.6026393, 0.6053104, 0.6135088], "std": [0.0842467, 0.13791513, 0.1574551, 0.086124636, 0.123940684, 0.10802851, 0.06214038, 0.1052595, 0.108315155, 0.0828665, 0.09826914, 0.104118004, 0.08780462, 0.09268751, 0.05368095, 0.09068741, 0.1078517, 0.10225418, 0.110765405, 0.07467376, 0.036679182, 0.052560177, 0.05813272, 0.041546453, 0.05220005, 0.06472583, 0.010526382, 0.066152394, 0.011093085, 0.090948135, 0.104789466, 0.054138925, 0.0623586, 0.06402759, 0.013220824, 0.013504451, 0.013838468, 0.013378448, 0.010133846, 0.017957004, 0.012559163, 0.020438334, 0.017416216, 0.014472263, 0.01819596, 0.019421456, 0.018172774, 0.016452381, 0.017079033, 0.0148266945], "var": [0.98, 0.96, 0.94, 0.94, 0.94, 0.94, 0.92, 0.92, 0.9, 0.88, 0.88, 0.88, 0.86, 0.84, 0.82, 0.82, 0.8, 0.8, 0.78, 0.76, 0.78, 0.76, 0.74, 0.7, 0.68, 0.66, 0.62, 0.62, 0.6, 0.56, 0.56, 0.54, 0.52, 0.52, 0.54, 0.5, 0.5, 0.48, 0.48, 0.48, 0.44, 0.42, 0.38, 0.4, 0.38, 0.34, 0.32, 0.3, 0.28, 0.28], "best": [0.51111114, 0.5349207, 0.5406678, 0.5459949, 0.5478697, 0.5437269, 0.5460137, 0.5476345, 0.5473256, 0.54903, 0.5520386, 0.5525996, 0.5500604, 0.5496371, 0.55327845, 0.5519424, 0.5537536, 0.55606425, 0.5577778, 0.5575768, 0.5544083, 0.5563492, 0.5575255, 0.55927753, 0.56200975, 0.5629393, 0.5649387, 0.5673409, 0.5689104, 0.5704741, 0.5736563, 0.57430375, 0.57598484, 0.5787828, 0.5812626, 0.5827614, 0.58560216, 0.5870408, 0.58935994, 0.59235764, 0.5955057, 0.598187, 0.6004794, 0.6025842, 0.60491157, 0.6077881, 0.61027277, 0.61307234, 0.61645705, 0.6198245], "duration": [31263, 25404, 27034, 27326, 27200, 27155, 27553, 27080, 25489, 27361, 27006, 27296, 25230, 27298, 27387, 27287, 27371, 31925, 27339, 27310, 31826, 27413, 27441, 27339, 27323, 31767, 27322, 27363, 27389, 27396, 27494, 27382, 27391, 27452, 27408, 27357, 27290, 27287, 31820, 31861, 27330, 27243, 27255, 27304, 27277, 27324, 27254, 36284, 27382, 27316]}