{"avg": [0.16319445, 0.17711252, 0.19506052, 0.19599268, 0.20701809, 0.20819218, 0.19335811, 0.2341794, 0.2132177, 0.22708918, 0.22017924, 0.22826773, 0.2695589, 0.2637281, 0.20605293, 0.27343112, 0.28349647, 0.25021785, 0.30231613, 0.2663418, 0.2836393, 0.28343967, 0.26751247, 0.32398555, 0.31602132, 0.30585074, 0.32706305, 0.33500296, 0.36367944, 0.33040527, 0.34725863, 0.35446262, 0.3989009, 0.39262027, 0.3473457, 0.4130613, 0.3264035, 0.37299183, 0.38774619, 0.3854505, 0.4245587, 0.43156216, 0.444989, 0.39912757, 0.3965911, 0.428901, 0.48573825, 0.46092778, 0.49448103, 0.45706248], "std": [0.090328515, 0.05656575, 0.08137515, 0.08315263, 0.07884143, 0.07120189, 0.071836635, 0.07826809, 0.08476459, 0.08397448, 0.059840504, 0.08024658, 0.10186223, 0.09661716, 0.06546071, 0.07839656, 0.09239821, 0.07401913, 0.08953761, 0.09279274, 0.10684826, 0.09867851, 0.081277356, 0.10517592, 0.091514505, 0.10363653, 0.09289679, 0.09867441, 0.08847965, 0.12776269, 0.11339034, 0.111055225, 0.08177755, 0.10352121, 0.12082641, 0.101858705, 0.13246003, 0.12638885, 0.12752275, 0.12935966, 0.10884704, 0.101376146, 0.07966172, 0.14518642, 0.13209598, 0.12488852, 0.045408912, 0.09161902, 0.04263129, 0.11819863], "var": [1.0, 0.98, 0.98, 0.96, 0.96, 0.96, 0.92, 0.88, 0.86, 0.86, 0.86, 0.84, 0.84, 0.84, 0.82, 0.84, 0.82, 0.8, 0.76, 0.72, 0.7, 0.7, 0.7, 0.7, 0.72, 0.7, 0.66, 0.66, 0.64, 0.6, 0.62, 0.62, 0.62, 0.62, 0.6, 0.58, 0.56, 0.52, 0.52, 0.52, 0.48, 0.48, 0.46, 0.42, 0.42, 0.4, 0.44, 0.42, 0.42, 0.4], "best": [0.3777778, 0.30972224, 0.31991345, 0.32229125, 0.41134533, 0.37539688, 0.31906453, 0.41622254, 0.42059803, 0.4244048, 0.32438135, 0.41848013, 0.42747256, 0.43137747, 0.32717294, 0.42608273, 0.4284305, 0.38031405, 0.4347739, 0.43909124, 0.4390023, 0.4430779, 0.44203648, 0.4451303, 0.44740358, 0.44944388, 0.4517308, 0.5156042, 0.45600912, 0.52000546, 0.5219246, 0.4642136, 0.5256846, 0.52819705, 0.47564703, 0.53180474, 0.48022845, 0.48185492, 0.5360489, 0.48581305, 0.48807302, 0.4906916, 0.4928038, 0.54263633, 0.5437869, 0.5447744, 0.54639053, 0.54842865, 0.549978, 0.5093907], "duration": [4032, 3964, 3963, 2039, 3953, 4467, 3939, 4276, 2358, 5874, 4014, 2042, 2122, 4538, 2064, 5873, 2147, 3983, 3976, 3961, 4002, 3968, 4089, 4009, 2415, 2046, 5941, 4021, 2056, 3951, 5899, 5861, 8090, 6923, 2031, 7785, 2018, 3959, 3918, 2000, 2009, 1984, 3909, 4278, 6304, 3926, 7774, 3965, 5839, 2031]}