{"avg": [0.16177782, 0.1882984, 0.19458096, 0.20050472, 0.20648974, 0.20738287, 0.20954128, 0.20819052, 0.21008177, 0.21412277, 0.21606892, 0.21994549, 0.2229143, 0.22690918, 0.22984602, 0.23086292, 0.23165376, 0.23551804, 0.23599793, 0.24002741, 0.24231428, 0.24529251, 0.2531225, 0.25404084, 0.257773, 0.2609919, 0.26550108, 0.2702977, 0.2731572, 0.27737224, 0.2795302, 0.2847821, 0.28823134, 0.28953484, 0.2954151, 0.29940283, 0.3003754, 0.3057534, 0.30572486, 0.3080667, 0.30833706, 0.30958802, 0.31541163, 0.31267312, 0.3152491, 0.31549942, 0.32276893, 0.32929704, 0.33720782, 0.34300464], "std": [0.06309547, 0.06682607, 0.060224537, 0.05220989, 0.051301766, 0.05017571, 0.048644815, 0.04717451, 0.04867287, 0.048987787, 0.05144131, 0.052137807, 0.049961936, 0.0448113, 0.046185337, 0.050237384, 0.04706307, 0.04556239, 0.04573811, 0.048085887, 0.0493994, 0.05144989, 0.04658212, 0.04679872, 0.048459675, 0.04850704, 0.049497608, 0.05084839, 0.05198748, 0.051554985, 0.052157797, 0.05108677, 0.05151109, 0.052013166, 0.050375037, 0.05020485, 0.050665665, 0.049581923, 0.050898112, 0.051534794, 0.05279741, 0.05349318, 0.053335737, 0.05582811, 0.055062357, 0.05751659, 0.056085, 0.055049233, 0.049120724, 0.044746038], "var": [0.98, 0.94, 0.94, 0.94, 0.92, 0.9, 0.9, 0.88, 0.88, 0.84, 0.86, 0.82, 0.8, 0.8, 0.78, 0.78, 0.78, 0.78, 0.74, 0.7, 0.68, 0.66, 0.62, 0.6, 0.58, 0.58, 0.54, 0.56, 0.52, 0.56, 0.58, 0.58, 0.6, 0.56, 0.56, 0.58, 0.58, 0.58, 0.58, 0.56, 0.56, 0.54, 0.54, 0.54, 0.54, 0.52, 0.5, 0.48, 0.46, 0.44], "best": [0.2777778, 0.3073016, 0.30706352, 0.3068254, 0.30825397, 0.3095873, 0.31063494, 0.31145126, 0.3123016, 0.31291008, 0.31392065, 0.32070708, 0.321627, 0.32262516, 0.32358277, 0.3244127, 0.32510912, 0.32569563, 0.32637566, 0.3270092, 0.32750794, 0.32793653, 0.32817462, 0.32926846, 0.3307143, 0.33242542, 0.33404154, 0.33573192, 0.33755672, 0.3394855, 0.34150794, 0.3433999, 0.34530756, 0.34721503, 0.3490383, 0.35090703, 0.35309526, 0.35525525, 0.35746452, 0.35964593, 0.36188495, 0.36408442, 0.36617917, 0.36832044, 0.3702778, 0.372127, 0.37396827, 0.3758629, 0.3778671, 0.37990606], "duration": [7361, 7256, 7290, 7307, 7320, 7370, 7354, 6698, 7330, 7392, 7372, 8029, 7331, 7970, 7379, 6714, 6747, 7564, 7342, 7410, 7933, 7400, 8058, 7999, 7254, 7927, 7946, 7965, 7995, 7314, 7939, 9650, 8976, 7948, 7942, 7915, 7351, 7902, 7963, 7949, 7260, 7352, 7276, 6654, 7282, 5976, 6661, 6660, 7287, 7289]}