{"avg": [0.39791673, 0.48076645, 0.48173082, 0.40275887, 0.46603617, 0.45635983, 0.50180787, 0.42773372, 0.54729503, 0.47925174, 0.49976516, 0.5940815, 0.6135697, 0.49950573, 0.5624302, 0.5909748, 0.57924616, 0.6107722, 0.59214693, 0.5555009, 0.5968633, 0.61788493, 0.6211281, 0.5856589, 0.62286794, 0.5709441, 0.6178622, 0.64125746, 0.65283245, 0.6722718, 0.65612304, 0.64945966, 0.68843603, 0.6716696, 0.7030233, 0.7001703, 0.7088676, 0.66217613, 0.6644286, 0.7193886, 0.6958243, 0.7193345, 0.67237765, 0.70901865, 0.74027365, 0.7429365, 0.74628776, 0.74562156, 0.74961245, 0.75503206], "std": [0.14882353, 0.14977948, 0.14820187, 0.15053596, 0.1523843, 0.15659313, 0.14941104, 0.1512716, 0.119761825, 0.15344107, 0.15073048, 0.07543032, 0.017036773, 0.15281054, 0.11980823, 0.084810175, 0.11420752, 0.078479804, 0.1123366, 0.14729747, 0.11071025, 0.0897504, 0.09147033, 0.121267155, 0.089196555, 0.15750517, 0.12184105, 0.08950948, 0.08906099, 0.025430376, 0.09504506, 0.101052515, 0.019126864, 0.09968101, 0.010621858, 0.025870679, 0.021474289, 0.13365816, 0.13844809, 0.012873624, 0.103654586, 0.021947403, 0.1500525, 0.10398096, 0.0030570885, 0.004394422, 0.0044412143, 0.014361107, 0.013869927, 0.0049350457], "var": [1.0, 1.0, 1.0, 0.96, 0.96, 0.96, 0.94, 0.92, 0.88, 0.86, 0.82, 0.78, 0.74, 0.7, 0.66, 0.66, 0.62, 0.6, 0.56, 0.54, 0.52, 0.48, 0.46, 0.42, 0.4, 0.36, 0.34, 0.3, 0.28, 0.26, 0.26, 0.24, 0.24, 0.22, 0.22, 0.2, 0.16, 0.16, 0.14, 0.14, 0.12, 0.1, 0.1, 0.08, 0.08, 0.08, 0.08, 0.08, 0.08, 0.08], "best": [0.5666667, 0.6098215, 0.61056554, 0.615344, 0.61347866, 0.61619055, 0.61719584, 0.61208117, 0.6240784, 0.6280613, 0.62841785, 0.63241976, 0.6372181, 0.64042956, 0.64068097, 0.64247054, 0.64375967, 0.6477821, 0.6535715, 0.6580568, 0.66076744, 0.6643431, 0.66787434, 0.6711129, 0.6722265, 0.6737485, 0.6767418, 0.6804108, 0.68425, 0.6889064, 0.693567, 0.69749737, 0.7000095, 0.7041564, 0.7080997, 0.7124676, 0.71614, 0.7200099, 0.7232263, 0.7261361, 0.72980744, 0.7329273, 0.7353598, 0.73775566, 0.7410629, 0.7445974, 0.7479093, 0.7512792, 0.7538904, 0.75683415], "duration": [1234, 1375, 1220, 1192, 1387, 1209, 1182, 1181, 1220, 1217, 2083, 1419, 1192, 1190, 1181, 1181, 1171, 1853, 1227, 1172, 1167, 1196, 1402, 1143, 1119, 1156, 1187, 1224, 1118, 1106, 2106, 1173, 1169, 1201, 1379, 1186, 1187, 1195, 1205, 1182, 1169, 1213, 1149, 1174, 1190, 1377, 1204, 1175, 1205, 1202]}