{"avg": [0.39791673, 0.45384923, 0.37875918, 0.40956634, 0.4028442, 0.4035834, 0.49464485, 0.42060304, 0.47459108, 0.47572875, 0.4324748, 0.5033784, 0.46949437, 0.50953037, 0.49203137, 0.4830317, 0.48944935, 0.5125199, 0.58218455, 0.5072833, 0.6035038, 0.56472564, 0.55028135, 0.5516655, 0.5685203, 0.52174395, 0.545999, 0.54986215, 0.5707747, 0.5743455, 0.5718854, 0.596378, 0.5745138, 0.61565524, 0.58297104, 0.6162817, 0.6020985, 0.62012106, 0.6242266, 0.61881083, 0.60081786, 0.6311066, 0.62737507, 0.60617954, 0.6114061, 0.61701787, 0.6134579, 0.6184326, 0.62567014, 0.62013984], "std": [0.14882353, 0.1521212, 0.13552438, 0.14434385, 0.14428061, 0.14148419, 0.14102204, 0.14659305, 0.147706, 0.1473252, 0.14938132, 0.13694508, 0.148868, 0.14054838, 0.14314947, 0.14744964, 0.14599459, 0.13711958, 0.0720684, 0.13959193, 0.0060057375, 0.104517505, 0.1216585, 0.12010163, 0.10564949, 0.13937719, 0.12315831, 0.122517705, 0.1003721, 0.103582956, 0.10051116, 0.06704516, 0.101515554, 0.011964948, 0.09871605, 0.013733904, 0.075332865, 0.014253113, 0.011544015, 0.012628907, 0.08210002, 0.009583225, 0.016076658, 0.07847044, 0.077248596, 0.08017486, 0.08235341, 0.08095578, 0.082608, 0.076553464], "var": [0.98, 0.96, 0.96, 0.94, 0.92, 0.9, 0.92, 0.9, 0.9, 0.9, 0.9, 0.9, 0.9, 0.88, 0.88, 0.88, 0.86, 0.84, 0.8, 0.78, 0.78, 0.76, 0.78, 0.78, 0.78, 0.76, 0.74, 0.74, 0.76, 0.76, 0.74, 0.72, 0.72, 0.72, 0.7, 0.68, 0.68, 0.64, 0.64, 0.66, 0.66, 0.68, 0.66, 0.64, 0.62, 0.6, 0.58, 0.6, 0.6, 0.58], "best": [0.5666667, 0.6098215, 0.61198163, 0.607483, 0.6036631, 0.6038328, 0.60346323, 0.5982039, 0.6019266, 0.60527676, 0.6059164, 0.60476196, 0.60315096, 0.6065338, 0.608436, 0.608931, 0.61009455, 0.6107893, 0.61145693, 0.6105421, 0.6126462, 0.6134014, 0.61428577, 0.6160356, 0.61812407, 0.62012255, 0.6216634, 0.62281615, 0.62394536, 0.6244754, 0.6269712, 0.6277495, 0.6296438, 0.631217, 0.6326238, 0.63465846, 0.6359161, 0.6377815, 0.63935447, 0.64121544, 0.64167756, 0.642843, 0.6446014, 0.6456695, 0.6465299, 0.6478916, 0.6498096, 0.6514511, 0.653194, 0.6557952], "duration": [1173, 1161, 1369, 1385, 1171, 1154, 1165, 1366, 1393, 1797, 1403, 1403, 1180, 1218, 1194, 1197, 1573, 1130, 1150, 1137, 1193, 1197, 1316, 1111, 1101, 1107, 1130, 1263, 1365, 1204, 1202, 1408, 1180, 1193, 1611, 1173, 1213, 1193, 1362, 1168, 1195, 1179, 1197, 1201, 1198, 1202, 1226, 1178, 1181, 1376]}