{"avg": [0.38333338, 0.48327115, 0.42607716, 0.4402797, 0.4404978, 0.3807547, 0.44229993, 0.3956345, 0.43229592, 0.4615171, 0.47479376, 0.4862959, 0.43410367, 0.46984473, 0.4715684, 0.5399706, 0.5195825, 0.47161528, 0.50714993, 0.5459179, 0.5577123, 0.50801927, 0.4710989, 0.5271607, 0.55993056, 0.5014332, 0.5632892, 0.5088711, 0.5567882, 0.52225125, 0.5417711, 0.54392046, 0.5635881, 0.5846016, 0.55477035, 0.58597887, 0.55505747, 0.6051367, 0.55942905, 0.5842691, 0.507174, 0.6082095, 0.5550321, 0.5714181, 0.5725676, 0.55267036, 0.59181356, 0.5834364, 0.56217843, 0.5330611], "std": [0.14624943, 0.14538343, 0.15089048, 0.15248045, 0.15045205, 0.13762519, 0.15048765, 0.14607167, 0.15045498, 0.14926395, 0.14742091, 0.14597583, 0.15150845, 0.15019418, 0.14860533, 0.11447802, 0.13228017, 0.15003872, 0.13854933, 0.11543633, 0.10176252, 0.14052859, 0.15074429, 0.13219383, 0.101811394, 0.14352699, 0.09535623, 0.14176221, 0.10636142, 0.13337621, 0.120017216, 0.122096516, 0.100481994, 0.0712494, 0.10878604, 0.072652146, 0.11917301, 0.009310525, 0.11308346, 0.07738784, 0.14589667, 0.011343404, 0.119697236, 0.10218894, 0.09759876, 0.12234137, 0.0799809, 0.071291514, 0.11947914, 0.14204787], "var": [1.0, 0.98, 0.97, 0.95, 0.95, 0.94, 0.94, 0.93, 0.91, 0.89, 0.88, 0.87, 0.85, 0.85, 0.84, 0.82, 0.83, 0.81, 0.79, 0.78, 0.77, 0.77, 0.76, 0.75, 0.74, 0.72, 0.71, 0.7, 0.71, 0.7, 0.69, 0.68, 0.66, 0.64, 0.64, 0.62, 0.61, 0.62, 0.61, 0.6, 0.58, 0.57, 0.56, 0.55, 0.56, 0.56, 0.55, 0.56, 0.54, 0.53], "best": [0.5666667, 0.6050265, 0.607483, 0.5985625, 0.5953072, 0.59887964, 0.60004675, 0.60117036, 0.59453267, 0.60034466, 0.59586173, 0.6013569, 0.6019048, 0.60287476, 0.59709, 0.6008989, 0.6013069, 0.6026343, 0.60449123, 0.60629904, 0.60829777, 0.6096599, 0.610523, 0.61025554, 0.6118514, 0.61285836, 0.61280113, 0.61249083, 0.6129122, 0.6130534, 0.61285436, 0.6134998, 0.6110125, 0.6146768, 0.6163891, 0.61666673, 0.61842656, 0.62120444, 0.622147, 0.62394816, 0.6248915, 0.62499136, 0.6268189, 0.6280284, 0.62767863, 0.6281931, 0.6298298, 0.6211144, 0.630917, 0.63232327], "duration": [1211, 1350, 1138, 1198, 1304, 1366, 1318, 1330, 1305, 1328, 1297, 1277, 1301, 1298, 1321, 1330, 1295, 1342, 1382, 1352, 1386, 1344, 1300, 1326, 1418, 1250, 1315, 1225, 1253, 1345, 1356, 1368, 1351, 1341, 1292, 1573, 1301, 1555, 1462, 1326, 1309, 1340, 1495, 1522, 1631, 1322, 1326, 1331, 1538, 1283]}