{"avg": [0.42962965, 0.4632937, 0.41620585, 0.43039027, 0.42430913, 0.44737127, 0.46333945, 0.49493057, 0.43412536, 0.50180787, 0.49814612, 0.48536727, 0.4995853, 0.5147487, 0.521073, 0.519326, 0.53072983, 0.50590277, 0.5092947, 0.5151159, 0.5356737, 0.5395385, 0.54011124, 0.5579155, 0.5652456], "std": [0.10507036, 0.0960709, 0.14024873, 0.11444207, 0.12831047, 0.10815403, 0.11096894, 0.082834676, 0.12963647, 0.07845964, 0.1064025, 0.10321723, 0.10386421, 0.081719644, 0.07459433, 0.07532807, 0.09872896, 0.10412233, 0.1092034, 0.11587232, 0.07119319, 0.071943276, 0.08747935, 0.058642283, 0.023170913], "var": [0.98, 0.98, 0.98, 0.98, 0.98, 0.96, 0.92, 0.92, 0.88, 0.88, 0.86, 0.86, 0.86, 0.82, 0.78, 0.78, 0.76, 0.78, 0.76, 0.72, 0.7, 0.72, 0.68, 0.66, 0.66], "best": [0.51111114, 0.5619048, 0.5571941, 0.55132276, 0.554827, 0.5552841, 0.5584685, 0.56073284, 0.5641947, 0.5663216, 0.5665141, 0.5695907, 0.57361114, 0.5760462, 0.57920194, 0.58202434, 0.58283365, 0.58596754, 0.58549416, 0.58680904, 0.59050226, 0.59195966, 0.59493756, 0.5984353, 0.60171604], "duration": [26811, 31196, 25044, 26950, 27019, 31505, 26994, 31256, 27000, 31574, 27041, 27050, 27057, 27104, 31650, 27092, 27078, 31605, 26747, 27066, 27032, 31660, 27093, 27144, 27138]}