{"avg": [0.14733337, 0.17233336, 0.17529678, 0.182581, 0.1841381, 0.18490732, 0.19357939, 0.19476055, 0.19580236, 0.19707093, 0.20028828, 0.19973625, 0.20128177, 0.20462392, 0.21050802, 0.21322924, 0.2166216, 0.21993488, 0.22087252, 0.22368492, 0.22657478, 0.22526263, 0.23088086, 0.22978885, 0.23033653, 0.23343135, 0.23430906, 0.23304413, 0.23359933, 0.23521952, 0.23787844, 0.23597163, 0.23810734, 0.23909296, 0.24141446, 0.24303645, 0.24371351, 0.24547224, 0.24517666, 0.24960686, 0.25272024, 0.25361001, 0.26321542, 0.26000702, 0.25726452, 0.25807917, 0.26058042, 0.26506355, 0.26838356, 0.27148148], "std": [0.07652355, 0.08230857, 0.07918318, 0.07416637, 0.07188086, 0.07261632, 0.061981827, 0.062388346, 0.060822647, 0.062075976, 0.06536814, 0.060853105, 0.06165979, 0.056063227, 0.05524151, 0.053802285, 0.053631857, 0.054621626, 0.054376017, 0.04978914, 0.039859287, 0.041134942, 0.037296765, 0.03552871, 0.03566021, 0.032140553, 0.03219639, 0.030709505, 0.0307551, 0.031017534, 0.02820853, 0.029802576, 0.026339041, 0.02617273, 0.027886136, 0.027434224, 0.027586013, 0.029305967, 0.03250339, 0.024217485, 0.025385797, 0.025271954, 0.032681257, 0.027530713, 0.025642354, 0.025804298, 0.027955692, 0.028239036, 0.029151311, 0.03421946], "var": [0.96, 0.94, 0.94, 0.94, 0.92, 0.92, 0.92, 0.9, 0.92, 0.92, 0.88, 0.86, 0.84, 0.82, 0.8, 0.78, 0.78, 0.76, 0.8, 0.82, 0.8, 0.8, 0.82, 0.82, 0.78, 0.82, 0.82, 0.8, 0.8, 0.8, 0.78, 0.74, 0.72, 0.72, 0.72, 0.7, 0.74, 0.76, 0.78, 0.76, 0.74, 0.72, 0.7, 0.7, 0.68, 0.68, 0.64, 0.64, 0.66, 0.68], "best": [0.2777778, 0.3025397, 0.3030159, 0.30333334, 0.30337304, 0.3033016, 0.30325398, 0.30315194, 0.3030159, 0.30291006, 0.3494127, 0.3024531, 0.30242065, 0.3026862, 0.3030159, 0.30326986, 0.30358136, 0.35818863, 0.3375397, 0.30467, 0.30492064, 0.30512473, 0.30531025, 0.30558318, 0.3059127, 0.30621588, 0.30655068, 0.3067725, 0.30697846, 0.3072195, 0.31004763, 0.30799285, 0.30835813, 0.30886003, 0.30938843, 0.3100635, 0.31059524, 0.31531963, 0.31566, 0.31600735, 0.31633732, 0.31684864, 0.35154197, 0.31793284, 0.31854618, 0.3191852, 0.33832645, 0.33935833, 0.34050596, 0.35880792], "duration": [11873, 11664, 10859, 10913, 11675, 11321, 11986, 12065, 11849, 10272, 9911, 9213, 9093, 8190, 9147, 8110, 9376, 10046, 10106, 9916, 10385, 10355, 10419, 10261, 9834, 9704, 10088, 9901, 9897, 10040, 10032, 9019, 8966, 8901, 8969, 8446, 8419, 8622, 7647, 8514, 8827, 8689, 11330, 9380, 9888, 9583, 10301, 10117, 10961, 10337]}