{"avg": [0.3803922, 0.4120741, 0.39995494, 0.4023229, 0.409405, 0.42030197, 0.4640523, 0.48079976, 0.46724203, 0.41193497, 0.43172407, 0.47569567, 0.49879062, 0.44700098, 0.52128655, 0.49751675, 0.43261, 0.4933462, 0.4867682, 0.4944855, 0.48693392, 0.5149393, 0.4948251, 0.50336003, 0.5056758, 0.5018927, 0.51056105, 0.5056357, 0.5351784, 0.52912116, 0.5369847, 0.5259386, 0.5373801, 0.526786, 0.5487113, 0.54910225, 0.54003596, 0.5520815, 0.5416939, 0.5549064, 0.5196826, 0.5493064, 0.5574027, 0.5544066, 0.5441292, 0.55994624, 0.5445985, 0.55934995, 0.56515485, 0.5559066], "std": [0.10530791, 0.12002942, 0.13829988, 0.09580594, 0.10518776, 0.10667817, 0.089498535, 0.1071127, 0.11743796, 0.10040478, 0.11769763, 0.104732364, 0.07359019, 0.1131078, 0.0517385, 0.07542289, 0.10090023, 0.0757193, 0.10023201, 0.10321687, 0.07843492, 0.0621235, 0.08300372, 0.073958755, 0.06929864, 0.097762965, 0.06290753, 0.07450769, 0.041376315, 0.049458854, 0.041977443, 0.060945068, 0.043708365, 0.052689407, 0.006661687, 0.008159075, 0.04013086, 0.0061907554, 0.041678, 0.0072130538, 0.06964615, 0.009873936, 0.008636784, 0.01126104, 0.03991918, 0.007414386, 0.047046933, 0.00814296, 0.0069347527, 0.038938455], "var": [0.97333336, 0.94666666, 0.93333334, 0.93333334, 0.9066667, 0.88, 0.88, 0.8666667, 0.8666667, 0.8666667, 0.85333335, 0.84, 0.84, 0.84, 0.84, 0.84, 0.84, 0.84, 0.82666665, 0.8, 0.7733333, 0.74666667, 0.72, 0.73333335, 0.72, 0.70666665, 0.70666665, 0.70666665, 0.6933333, 0.68, 0.6666667, 0.6533333, 0.64, 0.64, 0.64, 0.62666667, 0.62666667, 0.6, 0.6, 0.6, 0.5733333, 0.5466667, 0.52, 0.52, 0.50666666, 0.49333334, 0.46666667, 0.44, 0.44, 0.44], "best": [0.51111114, 0.54052293, 0.5471862, 0.53783613, 0.54285717, 0.54266596, 0.5437302, 0.5465202, 0.54405063, 0.5440059, 0.5445845, 0.54548854, 0.5461252, 0.5476912, 0.5496116, 0.5496599, 0.5476663, 0.5484072, 0.54977214, 0.54612076, 0.55121887, 0.5515335, 0.54698586, 0.55136645, 0.55047935, 0.5537534, 0.54970646, 0.5505309, 0.55427223, 0.5550483, 0.5563587, 0.55721337, 0.55828595, 0.5600722, 0.5606265, 0.5610251, 0.5621145, 0.5624081, 0.5589569, 0.56416816, 0.5654098, 0.5625228, 0.56695217, 0.56753737, 0.5693449, 0.5699629, 0.57055694, 0.56705433, 0.57267404, 0.57395655], "duration": [27024, 24733, 27121, 26486, 26533, 31296, 27261, 27346, 31971, 26813, 30140, 27492, 27361, 25300, 27612, 27366, 27020, 27379, 27427, 27575, 27957, 27410, 27476, 27522, 27570, 27736, 25549, 27440, 27450, 28543, 27557, 32107, 27524, 27447, 32132, 27572, 27437, 27499, 27486, 27472, 27543, 27444, 27524, 27474, 27455, 31906, 27303, 27496, 27409, 27347]}