{"avg": [0.16666667, 0.20302287, 0.19319987, 0.24316083, 0.24205944, 0.23270093, 0.21247211, 0.24572214, 0.24578151, 0.24748984, 0.23098826, 0.2935546, 0.28550324, 0.30038223, 0.28337193, 0.25951916, 0.3381003, 0.27498442, 0.2768564, 0.33790275, 0.31311905, 0.33344457, 0.33607638, 0.35879213, 0.34340966, 0.38413817, 0.34799555, 0.37381554, 0.39718628, 0.40845832, 0.3817482, 0.38696593, 0.383596, 0.43271333, 0.44596693, 0.42056757, 0.42743698, 0.44681635, 0.43364343, 0.4451365, 0.46884298, 0.46087185, 0.4627424, 0.48925462, 0.49409664, 0.47744218, 0.48146328, 0.4863489, 0.4965281, 0.5195605, 0.5048574, 0.4913182, 0.51842177, 0.51905864, 0.51317674, 0.5129557, 0.5101024, 0.5053305, 0.52576, 0.5279976, 0.5413638, 0.54129726, 0.5496074, 0.5471162, 0.5417937, 0.55150354, 0.5602507, 0.5615266, 0.5644669, 0.5632994, 0.56120706, 0.5612821, 0.571532, 0.5605558, 0.5654333], "std": [0.096545264, 0.12155539, 0.08853946, 0.117782556, 0.087274246, 0.09665121, 0.09996406, 0.093656145, 0.10758378, 0.064781845, 0.11917926, 0.08321269, 0.116326995, 0.08923023, 0.116184935, 0.10740635, 0.10129667, 0.116092265, 0.08133033, 0.08569906, 0.0939597, 0.083412066, 0.09454102, 0.08824095, 0.10045232, 0.0778922, 0.103165545, 0.098458976, 0.08251516, 0.08257468, 0.09268503, 0.0919916, 0.08816296, 0.04435296, 0.047521923, 0.10093556, 0.08272532, 0.051427625, 0.08769056, 0.066339515, 0.061308358, 0.07384733, 0.068737075, 0.03679938, 0.012735744, 0.07535367, 0.07961578, 0.029245144, 0.08585544, 0.061337255, 0.0052569024, 0.06984697, 0.03281298, 0.015034113, 0.037551712, 0.0823783, 0.047711983, 0.08800961, 0.02700169, 0.029080618, 0.020638827, 0.02589174, 0.027683819, 0.019174222, 0.005998359, 0.021594178, 0.032413024, 0.031207308, 0.022973455, 0.020607678, 0.019655058, 0.01425251, 0.02306352, 0.018271621, 0.013310444], "var": [0.98, 0.98, 0.96, 0.96, 0.92, 0.92, 0.88, 0.86, 0.86, 0.84, 0.84, 0.82, 0.8, 0.76, 0.72, 0.7, 0.72, 0.72, 0.68, 0.64, 0.68, 0.64, 0.62, 0.58, 0.56, 0.54, 0.5, 0.48, 0.46, 0.44, 0.4, 0.4, 0.38, 0.4, 0.38, 0.36, 0.32, 0.3, 0.28, 0.28, 0.28, 0.28, 0.28, 0.3, 0.3, 0.28, 0.26, 0.22, 0.22, 0.2, 0.2, 0.18, 0.16, 0.14, 0.14, 0.14, 0.12, 0.1, 0.1, 0.08, 0.08, 0.08, 0.08, 0.08, 0.08, 0.08, 0.08, 0.08, 0.08, 0.08, 0.08, 0.08, 0.08, 0.08, 0.08], "best": [0.3777778, 0.41279763, 0.40851372, 0.46401042, 0.45225888, 0.4092262, 0.40213296, 0.4144983, 0.51796824, 0.40556675, 0.4056962, 0.4717793, 0.41902268, 0.42122054, 0.42462832, 0.4701427, 0.4815571, 0.41892278, 0.40671378, 0.4852661, 0.43208653, 0.43437725, 0.43544975, 0.43751138, 0.49551582, 0.49794728, 0.44394723, 0.44704455, 0.50635636, 0.4997969, 0.4582033, 0.5155167, 0.46265468, 0.46522808, 0.5234016, 0.52064645, 0.52974105, 0.4774679, 0.5355146, 0.53742963, 0.53966266, 0.54312944, 0.5453688, 0.5480478, 0.5403528, 0.55445313, 0.5570128, 0.50356346, 0.61673427, 0.563918, 0.51105124, 0.56910145, 0.57113266, 0.5699431, 0.5764557, 0.57840395, 0.5251915, 0.5830419, 0.5801061, 0.5879233, 0.59046125, 0.6428016, 0.62921405, 0.5973329, 0.54412603, 0.60191154, 0.65933967, 0.66130394, 0.60797626, 0.6098474, 0.6120341, 0.613798, 0.61561984, 0.6172709, 0.6189352], "duration": [5604, 7479, 3679, 11064, 12388, 4033, 9314, 3765, 9249, 5485, 6445, 8211, 7466, 5435, 3619, 9226, 3683, 7313, 5474, 3604, 3940, 8208, 4158, 5645, 5480, 5522, 3624, 5607, 3676, 3514, 3529, 4357, 3774, 3964, 3722, 5003, 4878, 3561, 3670, 3583, 3648, 3882, 3538, 3701, 3447, 3431, 4143, 4258, 3811, 3646, 3403, 3563, 3689, 3636, 3713, 4983, 4117, 3783, 3514, 4240, 3611, 3552, 3474, 3594, 3648, 3482, 3477, 3636, 3537, 3635, 3483, 3636, 3585, 3545, 3579]}