{"avg": [0.17692307, 0.20890394, 0.25556496, 0.23376942, 0.24182965, 0.26918292, 0.2861567, 0.2747189, 0.31906298, 0.29959467, 0.31516072, 0.33876133, 0.35046637, 0.37234136, 0.3685965, 0.39527175, 0.3964489, 0.39423597, 0.3905941, 0.42072985, 0.41507888, 0.40855974, 0.41667494, 0.43505353, 0.43842363, 0.44309074, 0.42933708, 0.4478241, 0.46734002, 0.4738616, 0.481241, 0.48717025, 0.49574298, 0.5036548, 0.4990253, 0.49750084, 0.49508137, 0.5171214, 0.52133423, 0.5142329, 0.5218182, 0.52195555, 0.53333884, 0.54105794, 0.5328058, 0.54997253, 0.5461816, 0.5368693, 0.5448193, 0.55003256], "std": [0.082512945, 0.078316726, 0.07075792, 0.11295374, 0.06755005, 0.07688876, 0.07288286, 0.08700765, 0.05138526, 0.07612672, 0.08646971, 0.065115534, 0.06824883, 0.024896374, 0.059018012, 0.047324948, 0.030146034, 0.0360883, 0.056909002, 0.030800458, 0.016464299, 0.037067756, 0.027366614, 0.030387461, 0.025526907, 0.024797535, 0.046566594, 0.02466273, 0.025932325, 0.019899623, 0.027291872, 0.028467905, 0.031582348, 0.03690687, 0.02238925, 0.032217897, 0.021186056, 0.023201374, 0.03511205, 0.0124042705, 0.019724477, 0.025212612, 0.015151499, 0.025534548, 0.0256271, 0.029327821, 0.025881227, 0.020399012, 0.0043366333, 0.03266975], "var": [1.0, 0.96, 0.96, 0.88, 0.84, 0.8, 0.72, 0.72, 0.68, 0.68, 0.6, 0.56, 0.56, 0.56, 0.52, 0.48, 0.48, 0.52, 0.52, 0.44, 0.4, 0.44, 0.4, 0.48, 0.52, 0.52, 0.48, 0.48, 0.52, 0.52, 0.48, 0.44, 0.4, 0.4, 0.4, 0.4, 0.36, 0.32, 0.28, 0.28, 0.28, 0.24, 0.24, 0.24, 0.24, 0.2, 0.2, 0.2, 0.2, 0.16], "best": [0.34444445, 0.31990233, 0.37295488, 0.43858364, 0.3865529, 0.38802314, 0.3933024, 0.39821434, 0.3960103, 0.40241274, 0.4590752, 0.42012322, 0.40561298, 0.41009137, 0.47081998, 0.47494823, 0.44722223, 0.4276904, 0.4588187, 0.46211442, 0.43841618, 0.46158624, 0.46520472, 0.47442234, 0.4746756, 0.47784683, 0.48038933, 0.482882, 0.4892122, 0.4932937, 0.552194, 0.55562174, 0.5539148, 0.5618181, 0.5650928, 0.55818146, 0.5146985, 0.5728867, 0.5751122, 0.52288365, 0.5805051, 0.5789176, 0.58279467, 0.58571434, 0.5883423, 0.5957218, 0.59841776, 0.5453663, 0.54795253, 0.60595834], "duration": [9423, 7903, 11275, 10480, 7375, 11211, 17333, 13764, 14586, 14918, 19900, 15554, 14969, 14901, 17401, 17445, 17406, 14932, 17430, 14918, 14999, 14920, 14916, 14968, 20654, 14967, 14883, 16217, 22970, 18337, 17429, 19987, 15020, 15011, 14906, 14924, 14893, 14939, 14935, 14949, 17408, 14884, 14935, 14925, 14942, 14929, 14922, 14986, 14974, 19814]}