{"avg": [0.39791673, 0.38142505, 0.42668656, 0.37921008, 0.45212314, 0.4372024, 0.4462445, 0.42630902, 0.5067032, 0.51579255, 0.47988102, 0.5047736, 0.4918122, 0.5062374, 0.5002693, 0.49978068, 0.52352124, 0.5382927, 0.50763386, 0.5122168, 0.5091286, 0.5159695, 0.5468948, 0.5757515, 0.56872, 0.59508735, 0.5550703, 0.6168928, 0.5483976, 0.5622109, 0.58109397, 0.62049085, 0.60427153, 0.62429965, 0.6069098, 0.63061845, 0.6329488, 0.6169157, 0.6147602, 0.64079064, 0.6463356, 0.6210226, 0.651948, 0.6519254, 0.6296867, 0.6366865, 0.6347088, 0.66067237, 0.65715736, 0.6742662], "std": [0.14882353, 0.13396658, 0.14874606, 0.13424326, 0.14863443, 0.14876573, 0.14971946, 0.15026486, 0.13755934, 0.13404553, 0.14717853, 0.13977969, 0.14366235, 0.14327925, 0.14472933, 0.14298666, 0.13548428, 0.1274615, 0.14346378, 0.14347224, 0.14419772, 0.14658387, 0.12529594, 0.10352041, 0.10697553, 0.079918236, 0.12543608, 0.009003891, 0.12972468, 0.118375935, 0.10473563, 0.010044228, 0.08358794, 0.01214743, 0.07554274, 0.015785716, 0.011049345, 0.07698451, 0.076815866, 0.010196175, 0.010939689, 0.085867986, 0.0126017025, 0.017281262, 0.09433248, 0.0783293, 0.089643486, 0.017210118, 0.023879252, 0.013190001], "var": [0.98, 0.96, 0.96, 0.92, 0.92, 0.9, 0.88, 0.9, 0.88, 0.86, 0.86, 0.84, 0.84, 0.84, 0.84, 0.84, 0.82, 0.82, 0.78, 0.74, 0.7, 0.7, 0.68, 0.68, 0.66, 0.66, 0.68, 0.7, 0.68, 0.66, 0.66, 0.66, 0.64, 0.62, 0.58, 0.6, 0.6, 0.58, 0.56, 0.58, 0.56, 0.58, 0.56, 0.54, 0.54, 0.52, 0.5, 0.5, 0.48, 0.46], "best": [0.5666667, 0.60535717, 0.6063493, 0.59776485, 0.60257, 0.6000001, 0.59906733, 0.60122216, 0.60099673, 0.60335946, 0.6045253, 0.6076351, 0.60842496, 0.6096811, 0.6126149, 0.61370504, 0.61611027, 0.6165287, 0.6160674, 0.6205838, 0.62268484, 0.6234058, 0.6252851, 0.62606186, 0.6285592, 0.6293888, 0.6304443, 0.63226664, 0.6348678, 0.6358888, 0.6334423, 0.639434, 0.64069945, 0.6429295, 0.6448355, 0.6471089, 0.6492534, 0.65121484, 0.6535084, 0.655338, 0.65778685, 0.6609568, 0.6626522, 0.6660003, 0.6714896, 0.67366016, 0.6739718, 0.6761905, 0.678854, 0.68090373], "duration": [1156, 1168, 1372, 1129, 1122, 1182, 1207, 1195, 1177, 1147, 1186, 1196, 1565, 1325, 1317, 1133, 1137, 1138, 1348, 1178, 1190, 1182, 1187, 1186, 1382, 1248, 1176, 1184, 1186, 1208, 1185, 1389, 1186, 1115, 1138, 1107, 1121, 1171, 1175, 1162, 1382, 1254, 1214, 1149, 1153, 1161, 1505, 1369, 1172, 1376]}