{"avg": [0.12407409, 0.174903, 0.17351611, 0.16936651, 0.19217277, 0.17277366, 0.18368322, 0.21548082, 0.20206349, 0.22016315, 0.209517, 0.21460254, 0.22197838, 0.24448983, 0.24086381, 0.24602646, 0.23844884, 0.24895437, 0.2392313, 0.2661838, 0.25880748, 0.26060635, 0.25919783, 0.23807466, 0.2713539, 0.25414833, 0.28842428, 0.27033153, 0.31031746, 0.28196818, 0.2841297, 0.29712355, 0.29058033, 0.30756783, 0.31898975, 0.30832553, 0.33444336, 0.31522396, 0.31088486, 0.33270222, 0.32711586, 0.33792162, 0.34827945, 0.34165618, 0.3528943, 0.36416128, 0.37126124, 0.35658076, 0.34105387, 0.37055594], "std": [0.068318024, 0.07609868, 0.08084266, 0.0794819, 0.042459946, 0.07514401, 0.070433296, 0.07352144, 0.08074575, 0.0550391, 0.07192134, 0.08322544, 0.074382775, 0.053536948, 0.062796585, 0.056028843, 0.039218236, 0.048966527, 0.07998488, 0.04155721, 0.042545058, 0.064259924, 0.057236157, 0.08093546, 0.057909366, 0.08790962, 0.049975585, 0.058459137, 0.033859607, 0.06617521, 0.048129313, 0.048419673, 0.05973226, 0.046808083, 0.039796066, 0.048860166, 0.0154644335, 0.064672545, 0.068771444, 0.040842816, 0.04251292, 0.055248342, 0.035989203, 0.061845448, 0.04019095, 0.019816468, 0.016082523, 0.045929566, 0.07977135, 0.048185237], "var": [0.98, 0.96, 0.96, 0.92, 0.92, 0.9, 0.9, 0.9, 0.86, 0.86, 0.84, 0.8, 0.8, 0.78, 0.74, 0.74, 0.7, 0.72, 0.7, 0.7, 0.68, 0.64, 0.64, 0.6, 0.6, 0.6, 0.58, 0.54, 0.58, 0.58, 0.6, 0.56, 0.52, 0.48, 0.46, 0.42, 0.4, 0.4, 0.4, 0.4, 0.36, 0.34, 0.34, 0.34, 0.32, 0.3, 0.3, 0.3, 0.28, 0.26], "best": [0.1888889, 0.2298942, 0.2936508, 0.29910716, 0.22805941, 0.23125131, 0.2950845, 0.4122694, 0.3080635, 0.3056983, 0.30711728, 0.31013075, 0.31310388, 0.3137912, 0.31576228, 0.35965204, 0.31958964, 0.32056195, 0.32058334, 0.3208462, 0.32106784, 0.3638508, 0.3683145, 0.3220715, 0.32438096, 0.32527536, 0.32738584, 0.3310389, 0.33253968, 0.3369345, 0.33849972, 0.33996907, 0.34190604, 0.34207278, 0.34598404, 0.34916282, 0.35097942, 0.35348302, 0.35544026, 0.3583699, 0.36113024, 0.36293405, 0.36619243, 0.36925462, 0.37172794, 0.37485525, 0.37870222, 0.38289052, 0.38522345, 0.38802558], "duration": [4215, 4899, 5304, 3380, 4882, 5811, 5753, 5659, 2976, 5102, 9196, 3408, 7195, 5264, 3007, 5401, 5181, 5187, 5183, 4570, 5346, 5356, 7905, 2728, 3181, 5013, 2784, 3977, 4706, 7226, 3485, 4468, 5049, 7117, 2720, 6322, 3099, 6927, 3003, 2443, 2874, 2508, 2466, 2443, 4668, 2836, 2372, 2465, 2442, 2515]}