{"avg": [0.5047619, 0.5279762, 0.5413691, 0.53504485, 0.53351706, 0.5483081, 0.53864515, 0.5403825, 0.5408781, 0.55134714, 0.54161817, 0.5372089, 0.53319037, 0.54173446, 0.54998547, 0.5502234, 0.55633616, 0.5429491, 0.55399007, 0.54941183, 0.54235464, 0.55399877, 0.56191003, 0.5495334, 0.55579144, 0.5554664, 0.5595383, 0.55580866, 0.555622, 0.5645708, 0.5544675, 0.57286406, 0.5487838, 0.54718935, 0.5621828, 0.5617672, 0.57360005, 0.56407684, 0.5608012, 0.5630288, 0.57026535, 0.5698537, 0.5822327, 0.57807964, 0.5773644, 0.5750315, 0.57465106, 0.5897988, 0.57838076, 0.57239085, 0.58010256, 0.5781387, 0.5852042, 0.58069694, 0.5928852, 0.6090161, 0.5896446, 0.59694993, 0.59305406, 0.585206, 0.60419875, 0.5975761, 0.5990888, 0.62084085, 0.6029936, 0.61217725, 0.62144184, 0.60660285, 0.61499935, 0.6124698, 0.609939, 0.6316894, 0.62516737, 0.6276143, 0.6290964], "std": [0.017169306, 0.018545425, 0.030132463, 0.023257175, 0.017253164, 0.030058438, 0.020936443, 0.021939514, 0.022464538, 0.033030737, 0.020697974, 0.018675387, 0.007954484, 0.021192843, 0.031133259, 0.030302221, 0.030515656, 0.021699198, 0.029887054, 0.024084449, 0.014984873, 0.03098707, 0.03186199, 0.027155153, 0.025360577, 0.029380593, 0.02352836, 0.027620154, 0.029498322, 0.030762142, 0.021280643, 0.03256074, 0.016236842, 0.021615552, 0.033935007, 0.026460875, 0.03099975, 0.031584777, 0.022494206, 0.01723496, 0.03031861, 0.02480876, 0.033280574, 0.029724188, 0.031851865, 0.029604219, 0.030727085, 0.03013071, 0.03715251, 0.017429236, 0.028775616, 0.01862626, 0.031167058, 0.03479234, 0.033583917, 0.036089454, 0.033663258, 0.03202739, 0.031587765, 0.01729163, 0.028626911, 0.031281926, 0.028695665, 0.034285184, 0.023237009, 0.026313337, 0.037017256, 0.02880268, 0.020971809, 0.024059506, 0.027028024, 0.03446147, 0.03692242, 0.035368368, 0.03300118], "var": [0.96, 0.94, 0.94, 0.9, 0.9, 0.88, 0.84, 0.86, 0.86, 0.84, 0.84, 0.82, 0.78, 0.78, 0.78, 0.76, 0.8, 0.78, 0.78, 0.76, 0.72, 0.7, 0.7, 0.7, 0.72, 0.7, 0.7, 0.7, 0.68, 0.7, 0.66, 0.64, 0.64, 0.62, 0.64, 0.64, 0.68, 0.68, 0.68, 0.66, 0.66, 0.64, 0.64, 0.66, 0.64, 0.66, 0.64, 0.62, 0.62, 0.64, 0.64, 0.64, 0.62, 0.6, 0.56, 0.56, 0.54, 0.5, 0.52, 0.5, 0.54, 0.5, 0.48, 0.48, 0.46, 0.46, 0.46, 0.44, 0.42, 0.42, 0.44, 0.44, 0.42, 0.4, 0.38], "best": [0.5666667, 0.5904763, 0.59841275, 0.5961698, 0.5998439, 0.5993285, 0.59254664, 0.5995151, 0.5966206, 0.61085993, 0.6002443, 0.6013488, 0.5449595, 0.6004951, 0.61210144, 0.6136804, 0.61390483, 0.5917247, 0.6159014, 0.60924757, 0.5937442, 0.61826634, 0.6164695, 0.61926293, 0.61769634, 0.6233297, 0.6159991, 0.6190135, 0.628462, 0.63045925, 0.6097287, 0.62542325, 0.568735, 0.6107307, 0.6369139, 0.6300414, 0.63129866, 0.6400585, 0.6178613, 0.6131765, 0.63933015, 0.6306712, 0.6465332, 0.63881135, 0.64092314, 0.64150643, 0.64334935, 0.6438278, 0.65445834, 0.6076755, 0.64181745, 0.61588514, 0.65852886, 0.6598989, 0.6608187, 0.6626331, 0.6641868, 0.6657068, 0.6676985, 0.60283744, 0.6710407, 0.6604762, 0.6737355, 0.6746, 0.67668396, 0.6788376, 0.68126744, 0.67806697, 0.6842727, 0.6796953, 0.68072027, 0.68951005, 0.6914754, 0.6926518, 0.69458616], "duration": [38869, 37328, 37992, 38154, 37831, 38651, 37560, 38859, 42954, 36733, 37290, 38804, 37213, 38429, 44060, 38779, 43568, 37157, 36727, 36899, 38842, 40391, 37812, 36400, 43711, 38460, 36861, 37683, 37661, 37501, 38711, 44354, 43138, 38071, 44084, 42758, 37538, 39007, 51508, 36796, 44214, 38733, 37130, 38089, 37107, 43014, 37247, 39154, 37772, 37921, 43741, 37721, 37566, 37460, 44132, 37893, 37350, 37572, 42814, 38128, 36048, 36683, 37688, 36699, 44031, 36988, 39464, 37690, 37242, 38117, 37750, 38935, 37853, 37691, 39392]}