{"avg": [0.39791673, 0.4547421, 0.3824446, 0.4442933, 0.49650255, 0.48453188, 0.4646826, 0.49068508, 0.43495485, 0.44457912, 0.35095203, 0.4554883, 0.48418844, 0.5780953, 0.46447513, 0.4463529, 0.542086, 0.5006752, 0.5435071, 0.5041418, 0.5247119, 0.56723285, 0.5839911, 0.54831606, 0.5693836, 0.5578505, 0.5761433, 0.57032114, 0.6132974, 0.6144376, 0.5550036, 0.5824359, 0.6203195, 0.59176856, 0.5942618, 0.6021709, 0.622073, 0.5943028, 0.62514764, 0.62032044, 0.63009125, 0.6236653, 0.6336982, 0.64044946, 0.6220073, 0.64389914, 0.63394123, 0.6506082, 0.64842707, 0.65107965], "std": [0.14882353, 0.15300094, 0.13967317, 0.15385738, 0.14289148, 0.14911108, 0.1541554, 0.14613059, 0.14937392, 0.15241799, 0.120557226, 0.1519354, 0.14713362, 0.07552777, 0.15009688, 0.15344307, 0.118178524, 0.14411944, 0.11808743, 0.14052019, 0.133213, 0.09965291, 0.07619157, 0.12192474, 0.100177, 0.11176335, 0.098208494, 0.102575004, 0.011102213, 0.009927143, 0.124504, 0.1004025, 0.010402962, 0.08191575, 0.07733229, 0.07908331, 0.015164708, 0.077522226, 0.013495165, 0.017826656, 0.0110514, 0.015196372, 0.014994525, 0.011533968, 0.077726744, 0.0143074915, 0.020658558, 0.012512218, 0.018114405, 0.014050658], "var": [1.0, 1.0, 1.0, 1.0, 1.0, 1.0, 1.0, 1.0, 1.0, 0.96, 0.96, 0.96, 0.96, 0.96, 0.98, 0.98, 0.98, 0.98, 0.98, 0.98, 0.96, 0.96, 0.96, 0.96, 0.96, 0.96, 0.96, 0.96, 0.96, 0.96, 0.92, 0.92, 0.92, 0.92, 0.92, 0.88, 0.84, 0.84, 0.86, 0.82, 0.78, 0.74, 0.72, 0.68, 0.64, 0.6, 0.6, 0.58, 0.54, 0.52], "best": [0.5666667, 0.6113096, 0.61428577, 0.6158731, 0.61468935, 0.615251, 0.6087302, 0.61024266, 0.6090593, 0.6086735, 0.6066545, 0.6087487, 0.60697913, 0.60824627, 0.61028147, 0.60702187, 0.60852236, 0.6121536, 0.613192, 0.61301166, 0.61383224, 0.6145735, 0.61613303, 0.6173685, 0.61968845, 0.61705154, 0.61999077, 0.62253827, 0.62406754, 0.62792075, 0.62962747, 0.6311067, 0.633445, 0.63277423, 0.6360306, 0.6371992, 0.6393812, 0.64157176, 0.6410469, 0.64331806, 0.6444044, 0.6460196, 0.64738244, 0.6500351, 0.6533648, 0.65635145, 0.65916884, 0.66040075, 0.66381335, 0.6667034], "duration": [1217, 1195, 1246, 1174, 1589, 1146, 1138, 1134, 1332, 1143, 1169, 1175, 1196, 1171, 1207, 1175, 1209, 1186, 1229, 1210, 1194, 1212, 1202, 1176, 1189, 1191, 1581, 1189, 1382, 1188, 1167, 1172, 1166, 1114, 1118, 1111, 1160, 1154, 1189, 1175, 1181, 1181, 1379, 1190, 1604, 1170, 1198, 1375, 1417, 1377]}