{"avg": [0.11428572, 0.15612245, 0.14069304, 0.14063816, 0.17727515, 0.13382754, 0.110515885, 0.16015857, 0.22609062, 0.16639619, 0.2203721, 0.164272, 0.21149011, 0.29155776, 0.20993969, 0.27806145, 0.22782262, 0.26300275, 0.25708193, 0.18354712, 0.20939197, 0.2636632, 0.2535558, 0.27728307, 0.27476594, 0.2867495, 0.20742635, 0.29411575, 0.31203523, 0.3052187, 0.3545846, 0.32884434, 0.30552235, 0.33942184, 0.36561394, 0.37968764, 0.36599293, 0.3326294, 0.3215645, 0.3631435, 0.43732467, 0.3963054, 0.4101506, 0.41902515, 0.39995253, 0.36950237, 0.44304788, 0.45962656, 0.48336738, 0.45095018], "std": [0.07315378, 0.10588319, 0.121627375, 0.13831529, 0.16557994, 0.108348735, 0.12025279, 0.11673002, 0.17526814, 0.14381245, 0.133466, 0.13983265, 0.10662569, 0.15998033, 0.11151765, 0.11009123, 0.1800004, 0.12680058, 0.13529225, 0.13302767, 0.1500733, 0.16809899, 0.14793961, 0.20192547, 0.17303033, 0.1744977, 0.1489284, 0.1791881, 0.19135714, 0.10471007, 0.13233022, 0.1654136, 0.13760786, 0.159001, 0.124285266, 0.16676682, 0.14154775, 0.16016112, 0.18216896, 0.13058373, 0.14552727, 0.1565403, 0.136432, 0.15522325, 0.13180372, 0.13056123, 0.12038995, 0.15695763, 0.12215615, 0.14628932], "var": [1.0, 1.0, 1.0, 1.0, 0.96, 0.96, 0.96, 0.98, 0.98, 0.98, 0.98, 0.94, 0.94, 0.94, 0.94, 0.94, 0.94, 0.94, 0.94, 0.94, 0.94, 0.94, 0.9, 0.9, 0.9, 0.9, 0.9, 0.9, 0.9, 0.9, 0.9, 0.9, 0.9, 0.88, 0.88, 0.88, 0.88, 0.88, 0.88, 0.88, 0.9, 0.9, 0.92, 0.94, 0.94, 0.94, 0.92, 0.92, 0.92, 0.92], "best": [0.20000002, 0.37936512, 0.39003834, 0.39353746, 0.5323696, 0.34900516, 0.39206353, 0.39329144, 0.5308884, 0.53543454, 0.5389145, 0.3956116, 0.39604452, 0.5471756, 0.4005654, 0.53846675, 0.546635, 0.5460674, 0.547793, 0.40716952, 0.54009336, 0.54271156, 0.5541488, 0.5508158, 0.5512012, 0.5523933, 0.4129472, 0.54685396, 0.55453175, 0.5469327, 0.5547017, 0.55767757, 0.55581474, 0.5531169, 0.5574125, 0.56836003, 0.5629268, 0.5622085, 0.5626513, 0.5557688, 0.5657035, 0.55797553, 0.56694925, 0.56746036, 0.57295954, 0.56881136, 0.57600045, 0.57582587, 0.5715162, 0.57804203], "duration": [2290, 1989, 2027, 1970, 6030, 2517, 2303, 2568, 6036, 6347, 4140, 2295, 2558, 7970, 3133, 6035, 7929, 4201, 6030, 2232, 4152, 4155, 4189, 11713, 12051, 10218, 2279, 11681, 11706, 4210, 7918, 9891, 8368, 10242, 9859, 11712, 12077, 9811, 11676, 7988, 11776, 9886, 9844, 13882, 11687, 9798, 11625, 13538, 13602, 15856]}