{"avg": [0.43541667, 0.4009979, 0.42943725, 0.4244968, 0.45722857, 0.36744127, 0.4468266, 0.4371194, 0.388134, 0.44738504, 0.473905, 0.51628804, 0.51656044, 0.46999687, 0.48845667, 0.5064527, 0.5366841, 0.50955486, 0.5718296, 0.55140215, 0.5897818, 0.5958775, 0.5810824, 0.5662971, 0.5987598, 0.5636429, 0.6016656, 0.60465413, 0.6386498, 0.6290431, 0.5949622, 0.61947197, 0.60788727, 0.65178025, 0.6560428, 0.6584496, 0.6424004, 0.6658607, 0.6758551, 0.6826031, 0.67304623, 0.6835159, 0.6927154, 0.6931201, 0.69364846, 0.699952, 0.69845134, 0.703206, 0.7172529, 0.71842843], "std": [0.14882353, 0.14911382, 0.14857163, 0.15232396, 0.15019134, 0.1340573, 0.1533084, 0.15046369, 0.14233129, 0.15170327, 0.15291291, 0.13763016, 0.14216065, 0.15629931, 0.15496428, 0.1433701, 0.13034226, 0.1462649, 0.107948884, 0.12681997, 0.07513288, 0.07618496, 0.10574842, 0.11871904, 0.08636237, 0.12374724, 0.08441586, 0.086322814, 0.01126106, 0.023038363, 0.11630782, 0.08295513, 0.088297635, 0.019319447, 0.018738769, 0.020583972, 0.08900695, 0.025381433, 0.022024747, 0.0149968695, 0.036913157, 0.026243538, 0.023240704, 0.023550758, 0.030795585, 0.026230777, 0.033180248, 0.029219717, 0.0040673125, 0.0046898406], "var": [0.98, 0.96, 0.94, 0.94, 0.92, 0.9, 0.88, 0.88, 0.88, 0.86, 0.84, 0.82, 0.82, 0.82, 0.8, 0.76, 0.74, 0.74, 0.74, 0.76, 0.76, 0.72, 0.68, 0.68, 0.64, 0.64, 0.62, 0.6, 0.6, 0.6, 0.6, 0.58, 0.6, 0.58, 0.58, 0.6, 0.6, 0.58, 0.56, 0.56, 0.52, 0.52, 0.52, 0.5, 0.48, 0.48, 0.46, 0.46, 0.44, 0.42], "best": [0.5666667, 0.6098215, 0.6085138, 0.6089408, 0.6101285, 0.606044, 0.6097265, 0.6041447, 0.6063493, 0.60829055, 0.60791636, 0.610728, 0.6130457, 0.6180999, 0.6205063, 0.62370825, 0.6231076, 0.6223403, 0.62389314, 0.62690485, 0.6284959, 0.6303266, 0.6332236, 0.6369179, 0.63853854, 0.6412699, 0.6437113, 0.64567363, 0.6489079, 0.6531552, 0.6559269, 0.6594844, 0.6631931, 0.6640398, 0.66845584, 0.6731738, 0.6770951, 0.6814079, 0.6852301, 0.68991834, 0.69448024, 0.69812214, 0.7018176, 0.70550823, 0.7088635, 0.7119048, 0.7155343, 0.718489, 0.7214127, 0.7244399], "duration": [1114, 1117, 1092, 1085, 1096, 1085, 1084, 1084, 1085, 1267, 1273, 1270, 1098, 1085, 1269, 1089, 1276, 1084, 1097, 1091, 1130, 1163, 1089, 1099, 1088, 1129, 1089, 1129, 1646, 1087, 1088, 1266, 1089, 1090, 1091, 1096, 1269, 1093, 1095, 1096, 1487, 1096, 1092, 1088, 1089, 1098, 1087, 1095, 1091, 1098]}