{"avg": [0.10972224, 0.1278836, 0.1750094, 0.11996868, 0.16945353, 0.19807506, 0.20886825, 0.10711783, 0.22961673, 0.2102714, 0.20709404, 0.17835042, 0.14232399, 0.22739807, 0.20473875, 0.21994902, 0.21664101, 0.23820607, 0.25607127, 0.2598149, 0.28817302, 0.23904635, 0.23568398, 0.28083524, 0.29873174, 0.25674424, 0.28501427, 0.3286138, 0.3628704, 0.30423647, 0.35568905, 0.36566177, 0.35917792, 0.35583168, 0.38492778, 0.37118658, 0.35347337, 0.37843034, 0.42160565, 0.37624863, 0.39982203, 0.39680752, 0.41296196, 0.43271595, 0.43979725, 0.38008356, 0.4204992, 0.4162672, 0.47356272, 0.4504056, 0.462718, 0.4351759, 0.43914762, 0.4299874, 0.47725746, 0.41997236, 0.44161114, 0.48945174, 0.48348808, 0.519511, 0.47636363, 0.5175529, 0.54350895, 0.482119, 0.50714046, 0.5056266, 0.47472537, 0.5184473, 0.5424024, 0.51752126, 0.52483034, 0.5427007, 0.55661273, 0.55445796, 0.53961563], "std": [0.111794785, 0.11611047, 0.15686922, 0.095717184, 0.12504262, 0.14135176, 0.13520564, 0.1140388, 0.11657684, 0.14300242, 0.13163391, 0.12536934, 0.1457035, 0.13155605, 0.157802, 0.14292349, 0.1370229, 0.14342602, 0.14125301, 0.14327902, 0.12800959, 0.17451753, 0.106691286, 0.09547927, 0.09404534, 0.111185364, 0.1085049, 0.12741953, 0.08909826, 0.096674286, 0.1331643, 0.12544124, 0.096517004, 0.11529543, 0.11604914, 0.09938465, 0.17185758, 0.11225558, 0.123572715, 0.13469687, 0.095445044, 0.10221212, 0.12810315, 0.11318725, 0.14190866, 0.11959637, 0.07905242, 0.11046675, 0.11201359, 0.12761945, 0.081618235, 0.14851896, 0.11113225, 0.11462637, 0.112146065, 0.073886275, 0.058268394, 0.09995033, 0.07564607, 0.11448831, 0.08545823, 0.085945815, 0.090906724, 0.114745885, 0.085828625, 0.077499114, 0.11990529, 0.1011935, 0.0833584, 0.12284989, 0.08719783, 0.07863115, 0.085502, 0.11475501, 0.08969509], "var": [0.98, 0.98, 0.96, 0.96, 0.92, 0.92, 0.94, 0.9, 0.9, 0.9, 0.9, 0.86, 0.84, 0.82, 0.8, 0.8, 0.76, 0.78, 0.74, 0.7, 0.7, 0.68, 0.64, 0.62, 0.62, 0.6, 0.56, 0.56, 0.56, 0.56, 0.58, 0.6, 0.6, 0.58, 0.56, 0.56, 0.54, 0.54, 0.58, 0.58, 0.54, 0.54, 0.54, 0.54, 0.54, 0.52, 0.5, 0.46, 0.48, 0.48, 0.46, 0.46, 0.44, 0.46, 0.44, 0.42, 0.44, 0.42, 0.4, 0.4, 0.38, 0.36, 0.36, 0.34, 0.32, 0.32, 0.3, 0.3, 0.3, 0.28, 0.28, 0.28, 0.28, 0.26, 0.24], "best": [0.3555556, 0.39424607, 0.53645676, 0.23519671, 0.541781, 0.5436926, 0.5450524, 0.32634065, 0.5455672, 0.54614514, 0.3926435, 0.38256755, 0.39400733, 0.55110645, 0.5509024, 0.5507937, 0.39558595, 0.5508829, 0.5513586, 0.5520987, 0.5535148, 0.554499, 0.39953804, 0.39955717, 0.3998185, 0.3998169, 0.5565072, 0.5577778, 0.5587302, 0.40212807, 0.5589324, 0.5613267, 0.5629514, 0.5643947, 0.5666369, 0.5684705, 0.5689645, 0.5707585, 0.57286334, 0.5765971, 0.5768835, 0.57832265, 0.58162814, 0.5828961, 0.58552456, 0.58828914, 0.5895932, 0.5922638, 0.59423894, 0.5964596, 0.5986756, 0.6008204, 0.60326385, 0.60566324, 0.6076408, 0.6107533, 0.60821825, 0.6144099, 0.61687034, 0.6189361, 0.62174946, 0.6224557, 0.62487596, 0.6272581, 0.6286096, 0.6303231, 0.63281196, 0.63452494, 0.63645864, 0.63901556, 0.6414221, 0.64429903, 0.6467769, 0.6489525, 0.6508457], "duration": [6071, 3864, 5762, 2005, 3904, 7710, 6147, 2617, 5884, 7891, 3969, 2232, 5901, 3947, 8157, 5898, 8206, 5877, 9933, 7699, 9622, 5841, 3980, 3980, 5801, 5913, 9953, 7832, 5811, 7822, 9653, 11555, 5913, 7743, 7737, 5976, 9667, 11561, 11576, 13483, 11896, 11564, 13463, 15787, 15810, 9731, 13893, 13493, 13568, 15783, 13489, 11614, 13483, 13484, 13516, 13559, 11621, 13861, 13527, 11632, 11638, 13578, 15865, 11638, 15843, 15764, 13509, 13490, 15783, 13507, 15757, 13520, 13496, 13566, 13506]}