{"avg": [0.14444445, 0.16862746, 0.2366013, 0.13672268, 0.16487949, 0.14880699, 0.17287584, 0.20789838, 0.18203697, 0.15988319, 0.17719716, 0.18612725, 0.20467794, 0.25230318, 0.2588683, 0.17799912, 0.17942189, 0.2712222, 0.19130072, 0.19840108, 0.24159187, 0.271901, 0.22758867, 0.2671835, 0.27358362, 0.24004298, 0.19741099, 0.23534581, 0.28062645, 0.27344292, 0.27131137, 0.24047549, 0.25924394, 0.28831336, 0.2828823, 0.32792348, 0.281765, 0.2694804, 0.25729474, 0.26712385, 0.29152176, 0.28814864, 0.3035997, 0.29772875, 0.278481, 0.29849946, 0.2695869, 0.29409304, 0.3304849, 0.33522525], "std": [0.105116054, 0.1144718, 0.08104262, 0.1127879, 0.13340054, 0.12524603, 0.10104145, 0.08494445, 0.112870194, 0.11870219, 0.10084458, 0.13244863, 0.13971013, 0.12530471, 0.10912814, 0.13278002, 0.10779976, 0.093338184, 0.13632601, 0.11699348, 0.09991539, 0.111598365, 0.11903277, 0.11271106, 0.10900284, 0.10207376, 0.11302168, 0.10800573, 0.11347009, 0.11491464, 0.13145237, 0.1370654, 0.11162662, 0.09328458, 0.08867658, 0.07948477, 0.11484235, 0.14988242, 0.12842768, 0.09461171, 0.14165877, 0.13408437, 0.11311436, 0.087411374, 0.11287689, 0.1380936, 0.12875453, 0.1004735, 0.08476325, 0.1055226], "var": [1.0, 1.0, 0.992, 0.976, 0.968, 0.952, 0.952, 0.944, 0.944, 0.944, 0.928, 0.92, 0.92, 0.92, 0.92, 0.904, 0.896, 0.888, 0.88, 0.872, 0.864, 0.856, 0.856, 0.856, 0.848, 0.848, 0.848, 0.84, 0.832, 0.832, 0.824, 0.824, 0.824, 0.816, 0.808, 0.816, 0.808, 0.816, 0.816, 0.808, 0.8, 0.8, 0.8, 0.808, 0.808, 0.808, 0.8, 0.792, 0.8, 0.8], "best": [0.3555556, 0.3838294, 0.39307365, 0.34111112, 0.38789392, 0.37362787, 0.37436512, 0.38913313, 0.38079727, 0.3761692, 0.3866801, 0.38829368, 0.3876207, 0.38851416, 0.38866413, 0.38989443, 0.37954214, 0.38939017, 0.39056033, 0.39059603, 0.3814201, 0.38985744, 0.38116205, 0.38415158, 0.3923841, 0.38576674, 0.38550603, 0.39002764, 0.39297774, 0.3933024, 0.39339823, 0.53161633, 0.3879155, 0.38999438, 0.39489487, 0.389535, 0.39150256, 0.39217404, 0.3908657, 0.38944662, 0.3885468, 0.39201817, 0.3960019, 0.3964924, 0.39158818, 0.39672363, 0.39307085, 0.39452207, 0.39695966, 0.39560926], "duration": [5778, 5741, 3869, 5690, 1843, 3851, 2027, 3849, 5719, 3776, 1912, 5721, 3830, 3865, 5721, 3826, 3799, 5779, 5717, 5724, 5752, 3846, 3856, 1998, 7639, 1942, 5683, 1942, 5731, 7640, 7629, 3864, 5692, 2010, 4172, 5775, 3879, 5751, 5724, 5819, 4484, 5735, 5733, 3846, 3810, 3815, 3875, 1978, 3889, 5723]}