{"avg": [0.35873023, 0.40831003, 0.36276498, 0.4094893, 0.3889173, 0.4185114, 0.5407761, 0.46804145, 0.5033908, 0.44085822, 0.47434357, 0.45807502, 0.46242473, 0.46566117, 0.47283676, 0.5099402, 0.48540628, 0.48750597, 0.5306915, 0.5323667, 0.5217178, 0.55466396, 0.49801967, 0.51218075, 0.5586401, 0.5583, 0.55258685, 0.5469981, 0.5107811, 0.5528211, 0.564571, 0.5386341, 0.5477282, 0.57334393, 0.58997124, 0.5522956, 0.55075157, 0.5629891, 0.58940583, 0.5778031, 0.60244405, 0.6025649, 0.5899544, 0.5955202, 0.61018544, 0.59739894, 0.6177301, 0.6140389, 0.62102216, 0.61805433], "std": [0.13276525, 0.098465525, 0.14682235, 0.105177544, 0.14560346, 0.13537358, 0.0055976957, 0.1063575, 0.07432452, 0.11265798, 0.09002395, 0.10994099, 0.085351884, 0.10924954, 0.10758677, 0.06796527, 0.10335903, 0.11203474, 0.056043014, 0.054111086, 0.07404422, 0.013825831, 0.108358935, 0.10313684, 0.015061299, 0.050712418, 0.047013313, 0.0638275, 0.11973549, 0.106158994, 0.05076794, 0.10284607, 0.07495262, 0.05419247, 0.018624907, 0.11332456, 0.10414163, 0.106513046, 0.024816591, 0.05632706, 0.022549555, 0.022163678, 0.06784959, 0.030362524, 0.026282903, 0.0597033, 0.024218336, 0.029972944, 0.028326003, 0.031710155], "var": [1.0, 1.0, 1.0, 1.0, 1.0, 1.0, 1.0, 1.0, 1.0, 1.0, 1.0, 1.0, 1.0, 1.0, 1.0, 1.0, 1.0, 0.98, 0.98, 0.94, 0.9, 0.9, 0.9, 0.86, 0.86, 0.86, 0.86, 0.86, 0.86, 0.82, 0.8, 0.8, 0.8, 0.76, 0.76, 0.76, 0.76, 0.72, 0.68, 0.64, 0.64, 0.64, 0.6, 0.6, 0.56, 0.56, 0.52, 0.5, 0.46, 0.46], "best": [0.51111114, 0.5587302, 0.5449053, 0.54889584, 0.54523814, 0.5477907, 0.5502646, 0.5560091, 0.55774635, 0.557695, 0.5598267, 0.5622945, 0.5613611, 0.5628816, 0.56311023, 0.5579927, 0.5650794, 0.5677392, 0.5727916, 0.5746304, 0.57622135, 0.5793063, 0.58048475, 0.5814544, 0.58260405, 0.5862503, 0.5871826, 0.5921551, 0.59179896, 0.5967615, 0.5988958, 0.5995322, 0.60445803, 0.60601985, 0.6090404, 0.6119462, 0.6146308, 0.6164756, 0.6186828, 0.6204998, 0.62213176, 0.6253667, 0.6279542, 0.6303739, 0.63166654, 0.63413846, 0.6359938, 0.6386856, 0.6410541, 0.64362997], "duration": [27060, 26459, 26469, 26632, 26963, 29252, 28079, 27058, 26964, 26990, 26972, 26912, 25109, 31412, 28734, 27081, 36191, 31701, 27750, 27212, 28657, 27047, 27632, 31716, 27173, 26995, 27140, 31894, 28042, 27011, 28204, 26998, 27001, 27044, 27226, 27060, 31482, 26946, 27121, 27502, 31560, 27037, 27135, 27079, 31558, 27488, 27074, 27099, 31466, 27016]}