{"avg": [0.4694445, 0.39296877, 0.38919237, 0.46865416, 0.491028, 0.43618405, 0.48306882, 0.41723797, 0.41821283, 0.42457342, 0.4742309, 0.5029217, 0.4287389, 0.3741877, 0.48114565, 0.45352075, 0.45589763, 0.50373006, 0.47647068, 0.50199527, 0.45940316, 0.51197875, 0.45360667, 0.46260437, 0.47217274, 0.50915843, 0.49765688, 0.49260387, 0.51328343, 0.4955353, 0.52248454, 0.53309554, 0.47618356, 0.49329334, 0.49962714, 0.48855108, 0.52510333, 0.5180956, 0.5229213, 0.546028, 0.5363189, 0.5377318, 0.53695387, 0.5171947, 0.512202, 0.548346, 0.54007804, 0.5235726, 0.51908594, 0.5275539], "std": [0.072807446, 0.15858795, 0.16241443, 0.09627501, 0.10079435, 0.10471477, 0.09946317, 0.1182274, 0.1427682, 0.13103226, 0.08059922, 0.08799722, 0.1273549, 0.15887405, 0.097335875, 0.15891948, 0.119333126, 0.09637927, 0.104025714, 0.067719564, 0.11944745, 0.069547564, 0.15689062, 0.10399864, 0.10378041, 0.06662489, 0.098821655, 0.085724086, 0.089519225, 0.10304275, 0.05684521, 0.038382314, 0.10817955, 0.11820085, 0.10135168, 0.1040443, 0.05235413, 0.0633067, 0.054891378, 0.0069781733, 0.04030027, 0.041537553, 0.037340704, 0.067136385, 0.084094964, 0.0072603053, 0.04439637, 0.054892365, 0.07309331, 0.056544263], "var": [0.98, 0.98, 0.98, 0.97, 0.97, 0.96, 0.96, 0.95, 0.94, 0.94, 0.93, 0.92, 0.9, 0.89, 0.88, 0.88, 0.88, 0.87, 0.86, 0.85, 0.84, 0.83, 0.82, 0.81, 0.81, 0.79, 0.78, 0.76, 0.75, 0.74, 0.74, 0.72, 0.7, 0.69, 0.68, 0.67, 0.66, 0.66, 0.65, 0.63, 0.62, 0.62, 0.62, 0.61, 0.6, 0.6, 0.6, 0.6, 0.6, 0.58], "best": [0.51111114, 0.5498016, 0.54384923, 0.5475543, 0.5435787, 0.5443871, 0.5471862, 0.5442023, 0.5463845, 0.5457143, 0.5443871, 0.5448631, 0.5467076, 0.541708, 0.5400878, 0.54207295, 0.545937, 0.5479153, 0.5492064, 0.54633725, 0.5445443, 0.5455403, 0.54932314, 0.54741293, 0.547627, 0.54722416, 0.5502112, 0.5466674, 0.5529813, 0.55221444, 0.55183923, 0.55237794, 0.5555055, 0.5520378, 0.5511261, 0.55541545, 0.5539918, 0.5565242, 0.55436754, 0.5589466, 0.5584497, 0.55968803, 0.561071, 0.561401, 0.603334, 0.5624172, 0.5647362, 0.5605039, 0.56338024, 0.5621892], "duration": [27133, 24738, 27009, 27021, 27027, 27010, 31537, 26847, 26721, 26936, 26636, 31775, 31564, 25054, 27066, 27415, 26957, 27076, 27036, 27064, 27008, 28195, 27000, 27863, 25113, 27042, 27406, 27542, 31869, 27084, 31694, 27081, 27052, 27201, 27184, 31653, 31699, 27176, 27062, 31622, 27073, 27074, 33153, 27035, 27046, 27104, 27084, 27019, 27717, 27042]}