{"avg": [0.3748148, 0.39742064, 0.41522568, 0.4090278, 0.49171653, 0.48557612, 0.44306847, 0.43146345, 0.44666395, 0.49929875, 0.5139418, 0.49121934, 0.5073831, 0.48927277, 0.4765515, 0.49960396, 0.5161981, 0.5396039, 0.5248059, 0.5083929, 0.5300291, 0.5309844, 0.50876796, 0.53388375, 0.543247, 0.5450573, 0.5241962, 0.53990823, 0.54718065, 0.5558215, 0.56688213, 0.56339204, 0.5570606, 0.55823904, 0.55097926, 0.55699325, 0.5701123, 0.5631196, 0.5567195, 0.5765493, 0.57699496, 0.5673283, 0.5683803, 0.58933675, 0.578286, 0.5855763, 0.59314525, 0.5911188, 0.59724265, 0.603271], "std": [0.12488459, 0.1288869, 0.1373386, 0.1291743, 0.080503024, 0.101152435, 0.08365457, 0.13083676, 0.10499229, 0.07252605, 0.06176736, 0.07431632, 0.0720874, 0.08407657, 0.08066373, 0.071287885, 0.06517865, 0.039084345, 0.05118225, 0.072872765, 0.053355474, 0.055705797, 0.06999594, 0.054207265, 0.0412048, 0.041375216, 0.07205824, 0.060543012, 0.04446229, 0.0139645925, 0.015186971, 0.015652282, 0.042623248, 0.045298703, 0.04334834, 0.050196566, 0.021144593, 0.050409753, 0.051811714, 0.020569991, 0.02031384, 0.04674273, 0.04912043, 0.017717276, 0.05102182, 0.025402123, 0.022780906, 0.022687275, 0.021235565, 0.018577129], "var": [1.0, 1.0, 1.0, 1.0, 1.0, 1.0, 1.0, 1.0, 1.0, 0.98, 0.98, 0.98, 0.98, 0.98, 0.98, 0.98, 0.98, 0.94, 0.94, 0.94, 0.94, 0.9, 0.9, 0.9, 0.86, 0.86, 0.84, 0.84, 0.84, 0.84, 0.84, 0.8, 0.8, 0.8, 0.8, 0.8, 0.8, 0.8, 0.78, 0.76, 0.74, 0.7, 0.66, 0.62, 0.6, 0.56, 0.52, 0.48, 0.46, 0.46], "best": [0.51111114, 0.552381, 0.5510497, 0.5507937, 0.554827, 0.5554149, 0.5589808, 0.5485261, 0.5576228, 0.5539683, 0.55296266, 0.5568575, 0.55095816, 0.55274904, 0.553712, 0.55370706, 0.55531526, 0.5577456, 0.5595745, 0.60133696, 0.5639127, 0.5647895, 0.56480193, 0.5670146, 0.56941634, 0.570545, 0.57364005, 0.5765183, 0.5790163, 0.5791971, 0.5811976, 0.5845198, 0.58688146, 0.5891359, 0.5908423, 0.59132963, 0.5930109, 0.59468824, 0.59652436, 0.59740615, 0.59939533, 0.6006557, 0.6024951, 0.60430944, 0.6071062, 0.6097458, 0.6118993, 0.6144464, 0.61623836, 0.6182385], "duration": [26779, 30544, 25081, 27004, 31540, 31216, 29290, 31462, 26988, 27023, 31564, 31496, 26968, 27027, 27009, 27080, 27676, 27130, 27062, 31505, 27011, 31520, 26973, 31494, 27378, 26990, 31545, 26971, 36015, 27059, 33265, 27098, 27179, 27102, 27142, 27058, 27035, 27056, 27024, 28088, 27059, 31534, 31510, 27036, 27109, 27044, 26984, 27079, 27058, 40582]}