{"avg": [0.16777782, 0.18827303, 0.1974683, 0.20643494, 0.21097142, 0.2176419, 0.22383335, 0.23198864, 0.24458808, 0.25335342, 0.26426733, 0.27453455, 0.2829397, 0.29186574, 0.29752386, 0.30773324, 0.31883577, 0.3261246, 0.3396815, 0.3423327, 0.34665206, 0.35798916, 0.36127898, 0.37235057, 0.38003448, 0.38651124, 0.39530683, 0.40070298, 0.40581596, 0.41797775, 0.42455468, 0.43767005, 0.44401968, 0.4475153, 0.4574446, 0.4615247, 0.46574774, 0.4694407, 0.47514594, 0.48026, 0.48394984, 0.4882464, 0.49327794, 0.49797553, 0.5013691, 0.5041119, 0.50673556, 0.50924754, 0.5116547, 0.51507485], "std": [0.09370956, 0.099103294, 0.10518788, 0.11014014, 0.11549336, 0.11736005, 0.12092314, 0.123999216, 0.12176755, 0.1263516, 0.12235429, 0.1199485, 0.12214053, 0.122241676, 0.12207938, 0.11624765, 0.11466013, 0.11110634, 0.1094415, 0.110509135, 0.11370143, 0.10395704, 0.1071961, 0.10126661, 0.09916322, 0.09932591, 0.09456411, 0.09476048, 0.09499221, 0.075852215, 0.07399689, 0.040758837, 0.037221525, 0.036531948, 0.03242642, 0.0313831, 0.030247875, 0.0297579, 0.035207495, 0.035377365, 0.034669474, 0.032344032, 0.029473983, 0.026721753, 0.025382377, 0.02479264, 0.024250172, 0.023751974, 0.023295226, 0.024187034], "var": [0.98, 0.96, 0.92, 0.9, 0.88, 0.86, 0.84, 0.84, 0.8, 0.8, 0.78, 0.76, 0.72, 0.7, 0.66, 0.62, 0.62, 0.6, 0.62, 0.62, 0.62, 0.62, 0.58, 0.56, 0.52, 0.5, 0.5, 0.5, 0.5, 0.48, 0.44, 0.44, 0.44, 0.42, 0.42, 0.4, 0.4, 0.42, 0.4, 0.38, 0.38, 0.36, 0.32, 0.3, 0.3, 0.3, 0.3, 0.3, 0.3, 0.3], "best": [0.3777778, 0.40111116, 0.40166667, 0.4036508, 0.405, 0.40619048, 0.40698412, 0.4077551, 0.4097024, 0.41164023, 0.41414288, 0.41645023, 0.4186111, 0.42073262, 0.42295918, 0.42542857, 0.4278869, 0.43008405, 0.50404763, 0.5053801, 0.5182619, 0.51972795, 0.5211905, 0.5225259, 0.5238294, 0.5251619, 0.5264103, 0.5277249, 0.5289456, 0.5301478, 0.5313651, 0.5325346, 0.5336756, 0.5346898, 0.60742766, 0.6084036, 0.60925925, 0.60997856, 0.6106224, 0.6112576, 0.6118492, 0.61235386, 0.61270976, 0.6130712, 0.6133622, 0.613619, 0.6138647, 0.6141, 0.6143254, 0.61454165], "duration": [11791, 9548, 10224, 11728, 10911, 9842, 10244, 10423, 9981, 9535, 9458, 10074, 8385, 7990, 8274, 8206, 7892, 7921, 7487, 7449, 7408, 7632, 6934, 7638, 7527, 6659, 7345, 7473, 7427, 7394, 7410, 7311, 7496, 7400, 6770, 6651, 6780, 6768, 6631, 6788, 6821, 6799, 6753, 6751, 6730, 6866, 6787, 6755, 6943, 8182]}