{"avg": [0.38750002, 0.4362289, 0.4680804, 0.4071553, 0.46375254, 0.41872332, 0.43004844, 0.46825156, 0.4606622, 0.46272913, 0.51021343, 0.514802, 0.45542106, 0.48142335, 0.5232817, 0.5174796, 0.4879285, 0.5157482, 0.5444804, 0.53574723, 0.55260587, 0.5535867, 0.56112397, 0.53902596, 0.5436873, 0.58679175, 0.58061653, 0.58212674, 0.60094655, 0.6066857, 0.6014866, 0.5999698, 0.6212311, 0.6115823, 0.62534165, 0.6143122, 0.64807355, 0.65344334, 0.6498687, 0.6596693, 0.64187926, 0.6589881, 0.66315377, 0.6727985, 0.6599758, 0.68751514, 0.6813011, 0.6837349, 0.6836075, 0.6762269], "std": [0.105692536, 0.10596215, 0.09140414, 0.13545524, 0.09130235, 0.124380015, 0.14561087, 0.11007935, 0.10669102, 0.12785308, 0.07717392, 0.077211425, 0.11421478, 0.11934274, 0.06934617, 0.07781885, 0.13051285, 0.11540798, 0.06680093, 0.0792523, 0.0586678, 0.07065109, 0.06533039, 0.09400543, 0.09181136, 0.032033294, 0.07233675, 0.07418052, 0.035527084, 0.03854074, 0.043283522, 0.0714329, 0.03591581, 0.06767429, 0.042003553, 0.07349308, 0.027922746, 0.026274221, 0.03790097, 0.030342449, 0.078720085, 0.041813202, 0.040960018, 0.032129508, 0.072974585, 1.1920929e-07, 0.03657248, 0.037021957, 0.041760877, 0.053507883], "var": [0.98, 0.94, 0.9, 0.88, 0.88, 0.84, 0.8, 0.76, 0.72, 0.68, 0.64, 0.62, 0.58, 0.54, 0.5, 0.46, 0.44, 0.42, 0.4, 0.38, 0.36, 0.36, 0.36, 0.32, 0.3, 0.3, 0.3, 0.28, 0.28, 0.26, 0.24, 0.2, 0.2, 0.2, 0.18, 0.16, 0.14, 0.12, 0.1, 0.1, 0.1, 0.1, 0.1, 0.1, 0.08, 0.08, 0.06, 0.06, 0.06, 0.06], "best": [0.51111114, 0.55128974, 0.54384923, 0.54732144, 0.5464534, 0.55109894, 0.54910505, 0.55042964, 0.55348086, 0.55449015, 0.55741554, 0.5599273, 0.56773585, 0.57063496, 0.57218313, 0.5753767, 0.5775122, 0.57950777, 0.5827948, 0.5896422, 0.5942543, 0.59742963, 0.6021637, 0.6058901, 0.6088555, 0.6118807, 0.6165862, 0.6207237, 0.624689, 0.6289165, 0.6335101, 0.63628125, 0.6399655, 0.64364624, 0.64770496, 0.6518194, 0.65505433, 0.6600119, 0.6647299, 0.66808474, 0.6714587, 0.674245, 0.67763436, 0.6810944, 0.6843612, 0.687515, 0.69074404, 0.6936295, 0.6961989, 0.6980714], "duration": [25115, 27370, 27380, 27013, 26974, 30034, 27310, 27134, 31894, 27439, 27550, 27908, 27393, 27381, 27427, 27474, 32084, 27437, 27466, 27479, 31943, 27388, 27615, 27301, 27449, 31948, 31989, 27619, 27715, 27579, 27537, 27518, 27613, 27535, 32248, 27621, 32509, 27691, 32207, 27819, 27888, 27807, 32425, 27623, 33909, 27663, 32174, 27870, 27717, 27759]}