{"avg": [0.39866668, 0.43733346, 0.4375715, 0.4499174, 0.46234044, 0.47460383, 0.48701286, 0.4934762, 0.50598335, 0.51854813, 0.5251906, 0.53185457, 0.54435, 0.5506455, 0.5631947, 0.5756871, 0.5884096, 0.59551054, 0.59657776, 0.60349435, 0.60484236, 0.6059774, 0.60678786, 0.60797036, 0.6088302, 0.60949194, 0.61062163, 0.61168367, 0.61282045, 0.6141549, 0.6160188, 0.6175672, 0.61867684, 0.62037826, 0.62224215, 0.62385035, 0.62536466, 0.6268486, 0.628554, 0.6296667, 0.6309408, 0.6325338, 0.6339001, 0.63548964, 0.63670605, 0.63817376, 0.63937944, 0.64113736, 0.64294076, 0.64463806], "std": [0.14891607, 0.14969075, 0.1498705, 0.14966552, 0.1487241, 0.14671531, 0.14385682, 0.1421555, 0.13756035, 0.1318628, 0.12854657, 0.124537736, 0.11551383, 0.110205166, 0.097773455, 0.081825204, 0.058959037, 0.042574354, 0.042702742, 0.0066671744, 0.006914102, 0.0070351893, 0.007378616, 0.007404407, 0.0074582538, 0.0077545694, 0.0077868593, 0.0077622375, 0.00773822, 0.007566299, 0.0080658775, 0.007961805, 0.008050712, 0.007985878, 0.00791597, 0.0077188676, 0.007538462, 0.0073594493, 0.0074384734, 0.0076105176, 0.007534218, 0.007383289, 0.0071914215, 0.00685533, 0.0068247244, 0.0066422666, 0.006661592, 0.006493856, 0.005962052, 0.005683862], "var": [0.96, 0.94, 0.94, 0.92, 0.9, 0.9, 0.86, 0.84, 0.84, 0.8, 0.8, 0.82, 0.8, 0.78, 0.78, 0.78, 0.76, 0.78, 0.76, 0.72, 0.68, 0.68, 0.66, 0.62, 0.62, 0.6, 0.62, 0.66, 0.64, 0.6, 0.58, 0.56, 0.58, 0.58, 0.56, 0.54, 0.52, 0.5, 0.5, 0.48, 0.5, 0.48, 0.46, 0.48, 0.5, 0.52, 0.52, 0.5, 0.48, 0.46], "best": [0.5666667, 0.5966667, 0.597381, 0.59841275, 0.59904766, 0.59942865, 0.59984136, 0.60047626, 0.60154766, 0.6034392, 0.60523814, 0.60658014, 0.60777783, 0.6086814, 0.60948986, 0.6106032, 0.6118155, 0.6128572, 0.6144445, 0.6160652, 0.6176191, 0.61936516, 0.6210174, 0.62252593, 0.62394845, 0.6252572, 0.62646526, 0.62760144, 0.62874156, 0.6299015, 0.63093656, 0.6322428, 0.6334524, 0.6345744, 0.63592446, 0.6373334, 0.6387302, 0.64003867, 0.64124066, 0.64250314, 0.64370245, 0.6449362, 0.6460885, 0.6471429, 0.6481278, 0.6491429, 0.65019673, 0.65118545, 0.65231156, 0.65346944], "duration": [3157, 3101, 3095, 3107, 3110, 3120, 3116, 3113, 3122, 3125, 3121, 3131, 3152, 3130, 3148, 3148, 3166, 3151, 3156, 3146, 3164, 3333, 3157, 3159, 3158, 3293, 3120, 3136, 3214, 3140, 3144, 3138, 3142, 3148, 3126, 3136, 3151, 3136, 3159, 3139, 3154, 3146, 3134, 3134, 3328, 3159, 3141, 3153, 3146, 3154]}