{"avg": [0.0920635, 0.15555558, 0.1612045, 0.10604902, 0.12550014, 0.15947686, 0.20699024, 0.17616639, 0.19961141, 0.20854221, 0.16789445, 0.18487556, 0.15352602, 0.20234282, 0.22008954, 0.21599759, 0.2097211, 0.25463006, 0.21472028, 0.21955091, 0.24242377, 0.24786125, 0.25033867, 0.26478958, 0.26795402, 0.30657887, 0.28517252, 0.29233772, 0.2917204, 0.33711663, 0.3155096, 0.34195805, 0.336282, 0.3223723, 0.34640285, 0.34652707, 0.35638362, 0.37134507, 0.38313597, 0.39049104, 0.37591353, 0.3670497, 0.39835027, 0.42039165, 0.4056112, 0.4278551, 0.45600972, 0.4413979, 0.43248072, 0.4508547], "std": [0.10452114, 0.13983011, 0.16301475, 0.09630003, 0.10745168, 0.100654535, 0.11865021, 0.10745848, 0.14441116, 0.13053682, 0.13720757, 0.15074489, 0.14567325, 0.14025319, 0.11399702, 0.11401119, 0.14954926, 0.08771063, 0.13364768, 0.1532394, 0.14481296, 0.13398755, 0.16010645, 0.13513823, 0.15638493, 0.1534009, 0.1547863, 0.12113219, 0.17480004, 0.12502436, 0.13245767, 0.09086074, 0.110455744, 0.15777142, 0.13186868, 0.122973576, 0.13049418, 0.08415452, 0.11969502, 0.11354754, 0.12912127, 0.13009836, 0.082607344, 0.09493336, 0.12426731, 0.06393749, 0.05153085, 0.09200375, 0.069305204, 0.0716527], "var": [0.96, 0.92, 0.92, 0.88, 0.88, 0.88, 0.86, 0.84, 0.88, 0.84, 0.82, 0.82, 0.8, 0.76, 0.72, 0.7, 0.72, 0.72, 0.72, 0.74, 0.72, 0.7, 0.7, 0.7, 0.7, 0.68, 0.64, 0.64, 0.66, 0.64, 0.6, 0.62, 0.6, 0.56, 0.54, 0.52, 0.52, 0.52, 0.48, 0.44, 0.42, 0.4, 0.4, 0.38, 0.36, 0.34, 0.34, 0.32, 0.32, 0.28], "best": [0.3555556, 0.3963719, 0.5325397, 0.24457955, 0.34261295, 0.37051287, 0.3937555, 0.39716446, 0.39697218, 0.39979866, 0.40509218, 0.40692645, 0.41027802, 0.41135535, 0.4103965, 0.41062167, 0.41003335, 0.41009602, 0.4108777, 0.41288096, 0.41586262, 0.4179812, 0.5465075, 0.54804295, 0.5489988, 0.54948133, 0.5505138, 0.4250817, 0.5514983, 0.4283158, 0.43157086, 0.4350205, 0.55409384, 0.44019613, 0.44238764, 0.44504046, 0.55593663, 0.4481621, 0.45001775, 0.45302334, 0.45630014, 0.45822468, 0.46042117, 0.56380373, 0.46651295, 0.46991768, 0.56667805, 0.5634255, 0.47935212, 0.48219928], "duration": [5722, 3874, 5850, 2265, 5756, 1958, 2117, 3795, 3929, 3961, 5784, 3896, 3987, 3959, 5817, 3890, 2045, 7680, 3977, 4224, 2038, 3881, 4022, 2125, 2150, 2122, 4007, 4322, 2461, 3908, 2025, 2030, 2109, 2092, 2090, 2067, 2138, 2090, 2095, 2463, 2065, 2072, 2415, 2117, 2063, 2094, 2179, 2119, 2109, 2077]}