{"avg": [0.13518518, 0.1218632, 0.18405259, 0.21525575, 0.20327383, 0.2111563, 0.20144913, 0.217787, 0.19985446, 0.19436036, 0.25879464, 0.24626894, 0.23233499, 0.25344115, 0.23187605, 0.2615477, 0.25139853, 0.28590482, 0.29821432, 0.290391, 0.26744968, 0.3217294, 0.30063745, 0.2897039, 0.3068509, 0.31487194, 0.31174994, 0.3586701, 0.33151916, 0.37008435, 0.36303264, 0.36937663, 0.37935853, 0.39592412, 0.39216626, 0.3998857, 0.38610116, 0.39311942, 0.3650581, 0.3832157, 0.4157006, 0.42025572, 0.41954505, 0.40849414, 0.42150941, 0.40830028, 0.40720254, 0.44034684, 0.4339488, 0.45309597], "std": [0.09458958, 0.09617094, 0.09475328, 0.08158996, 0.07631203, 0.1088942, 0.09028131, 0.09011083, 0.07868665, 0.11151734, 0.062181212, 0.06899581, 0.08839542, 0.08510172, 0.07767167, 0.07522887, 0.06990309, 0.06994134, 0.08085437, 0.12587324, 0.11777908, 0.067966715, 0.07784526, 0.08921407, 0.070786275, 0.0762437, 0.08906215, 0.06368449, 0.09308724, 0.06132791, 0.0715707, 0.062242143, 0.07740268, 0.045067042, 0.07432926, 0.07202083, 0.08897101, 0.062903725, 0.07889862, 0.06416531, 0.04899195, 0.05398644, 0.057315238, 0.065463535, 0.049347587, 0.08731625, 0.07696403, 0.06835449, 0.07174244, 0.040409427], "var": [0.98, 0.98, 0.98, 0.98, 0.96, 0.96, 0.96, 0.94, 0.94, 0.94, 0.92, 0.92, 0.88, 0.88, 0.88, 0.88, 0.88, 0.88, 0.86, 0.86, 0.84, 0.8, 0.78, 0.8, 0.78, 0.8, 0.78, 0.76, 0.76, 0.76, 0.74, 0.72, 0.7, 0.68, 0.7, 0.68, 0.68, 0.68, 0.66, 0.64, 0.6, 0.6, 0.6, 0.62, 0.62, 0.62, 0.62, 0.62, 0.6, 0.6], "best": [0.2777778, 0.3134921, 0.32242066, 0.33333334, 0.31673884, 0.33265585, 0.31876945, 0.3213941, 0.3200855, 0.33305585, 0.3336386, 0.33333334, 0.33446714, 0.38668218, 0.33181158, 0.38849893, 0.33470944, 0.4266595, 0.42981863, 0.43225724, 0.4286542, 0.43512708, 0.4361812, 0.4355142, 0.39375407, 0.43591017, 0.44439697, 0.44725102, 0.4507496, 0.45275927, 0.4545201, 0.45719218, 0.4591509, 0.46004575, 0.46293402, 0.46480274, 0.46567678, 0.46757257, 0.47015554, 0.4711269, 0.47240344, 0.4740641, 0.47662562, 0.47898608, 0.48063916, 0.4837675, 0.48521912, 0.48745775, 0.48685718, 0.49027234], "duration": [2761, 1998, 2621, 2076, 2074, 1973, 2338, 2030, 2068, 2066, 2265, 2035, 2351, 2117, 2022, 2017, 1996, 2026, 1963, 1949, 2021, 1999, 1928, 2070, 2366, 2028, 1919, 1942, 2069, 2428, 2096, 2086, 2059, 2033, 2094, 2061, 2002, 2342, 1972, 2299, 1971, 2508, 2249, 1997, 1981, 1954, 1965, 2099, 2586, 2327]}