{"avg": [0.17013893, 0.22409955, 0.15547347, 0.19030914, 0.19524394, 0.19626102, 0.19696802, 0.19402307, 0.18189977, 0.17958406, 0.22227788, 0.22311655, 0.22656643, 0.23274672, 0.22143616, 0.26739064, 0.26064733, 0.23655583, 0.23915637, 0.24534906, 0.268832, 0.23887333, 0.24807718, 0.25083056, 0.26271725, 0.26117286, 0.27695733, 0.28359357, 0.26814535, 0.26801923, 0.27371752, 0.26711422, 0.29229376, 0.29952452, 0.26981512, 0.30170658, 0.31258053, 0.3172747, 0.31015673, 0.2940114, 0.2955609, 0.33562374, 0.31009218, 0.30594108, 0.3285492, 0.3233798, 0.31458765, 0.34297124, 0.34278232, 0.35537136], "std": [0.07325319, 0.07866782, 0.086440615, 0.063792355, 0.07853185, 0.051765136, 0.062505975, 0.056331154, 0.055047292, 0.07781072, 0.07037878, 0.07663393, 0.05474955, 0.06695592, 0.07293818, 0.0719865, 0.07509328, 0.06548131, 0.06342057, 0.093686394, 0.0723869, 0.08435206, 0.08012872, 0.06941174, 0.07420507, 0.061377194, 0.071210586, 0.066246435, 0.07448989, 0.086732715, 0.07766224, 0.05944099, 0.06475876, 0.050712783, 0.06615205, 0.075295925, 0.043112386, 0.061681274, 0.046027903, 0.06413294, 0.061133955, 0.05568361, 0.054512452, 0.067141615, 0.060456537, 0.06342083, 0.07033453, 0.052635036, 0.06116164, 0.05211557], "var": [1.0, 0.97333336, 0.94666666, 0.92, 0.92, 0.9066667, 0.88, 0.88, 0.85333335, 0.84, 0.82666665, 0.81333333, 0.81333333, 0.81333333, 0.81333333, 0.81333333, 0.8, 0.8, 0.81333333, 0.8, 0.7866667, 0.7866667, 0.7733333, 0.76, 0.76, 0.76, 0.76, 0.73333335, 0.72, 0.73333335, 0.70666665, 0.70666665, 0.70666665, 0.70666665, 0.68, 0.6533333, 0.6666667, 0.64, 0.62666667, 0.61333334, 0.61333334, 0.64, 0.61333334, 0.58666664, 0.58666664, 0.6, 0.5733333, 0.5733333, 0.5466667, 0.56], "best": [0.2888889, 0.37341273, 0.31926656, 0.37830693, 0.38010916, 0.308642, 0.31344247, 0.30243766, 0.29990003, 0.3153812, 0.37487274, 0.32701167, 0.3137427, 0.37625954, 0.3305289, 0.3778708, 0.38048118, 0.3189832, 0.33353177, 0.38037995, 0.38217494, 0.38387343, 0.384275, 0.33618793, 0.38401684, 0.37579662, 0.38410446, 0.37713638, 0.38441083, 0.38467297, 0.38554877, 0.3381516, 0.385681, 0.3866268, 0.38687494, 0.38721853, 0.38860643, 0.39077955, 0.3902778, 0.39039698, 0.43031797, 0.43149915, 0.41666672, 0.43341196, 0.43435425, 0.4351913, 0.4364513, 0.4378876, 0.43961015, 0.43987802], "duration": [8198, 4292, 7878, 8189, 7943, 1994, 2042, 3958, 1985, 2026, 3931, 1990, 1981, 2447, 5866, 5861, 2419, 3917, 2263, 2090, 4019, 5925, 3959, 7783, 6362, 7812, 5893, 5840, 7820, 6277, 3912, 5849, 3958, 7831, 5901, 5909, 11647, 5948, 7847, 3975, 3913, 3918, 3916, 3951, 3980, 9732, 2116, 3955, 6001, 4024]}