{"avg": [0.10849674, 0.21342672, 0.19939548, 0.19103839, 0.23000754, 0.18973152, 0.20418309, 0.19154744, 0.22622225, 0.196965, 0.29210275, 0.23565777, 0.22661462, 0.26144627, 0.25437912, 0.26992726, 0.28255287, 0.28618252, 0.27428198, 0.30644926, 0.32237554, 0.34639114, 0.31214565, 0.34000024, 0.37032238, 0.31226787, 0.3624541, 0.35354593, 0.3175892, 0.31697708, 0.39861548, 0.3701453, 0.40791643, 0.39721933, 0.39159775, 0.39218795, 0.4166559, 0.39201522, 0.41226822, 0.40894362, 0.4216237, 0.41305047, 0.4155948, 0.42123353, 0.44538665, 0.42288193, 0.43679112, 0.45474035, 0.4185115, 0.45118636], "std": [0.08169674, 0.13609862, 0.12775345, 0.1414774, 0.13845058, 0.13627699, 0.1304306, 0.13788337, 0.124495104, 0.14024054, 0.12124697, 0.1364559, 0.14098074, 0.11659421, 0.11722904, 0.13698022, 0.13580717, 0.10146477, 0.14271519, 0.116073094, 0.11665807, 0.111516826, 0.1254853, 0.08791584, 0.06965827, 0.14634357, 0.08200619, 0.1161031, 0.12714283, 0.14001869, 0.04687422, 0.07717747, 0.055792756, 0.068119764, 0.06859696, 0.10776823, 0.051292233, 0.07774712, 0.05322957, 0.06578418, 0.05844213, 0.066097714, 0.072313845, 0.061923284, 0.016380882, 0.048010353, 0.037043266, 0.008406791, 0.07504234, 0.015641494], "var": [0.96, 0.92, 0.9, 0.9, 0.86, 0.82, 0.82, 0.8, 0.8, 0.8, 0.8, 0.78, 0.76, 0.72, 0.7, 0.68, 0.64, 0.6, 0.58, 0.58, 0.6, 0.58, 0.54, 0.56, 0.52, 0.48, 0.46, 0.48, 0.46, 0.42, 0.42, 0.42, 0.38, 0.36, 0.36, 0.34, 0.34, 0.34, 0.34, 0.36, 0.34, 0.3, 0.28, 0.28, 0.26, 0.24, 0.24, 0.24, 0.22, 0.2], "best": [0.20000002, 0.3975724, 0.38829368, 0.39771828, 0.40090707, 0.39443445, 0.38162076, 0.3992428, 0.39193654, 0.3851064, 0.39752752, 0.39799258, 0.39851353, 0.39512143, 0.40099028, 0.40245625, 0.4042307, 0.4056809, 0.40367943, 0.40692985, 0.40807217, 0.41111115, 0.41254795, 0.41321006, 0.41504782, 0.41795713, 0.4193978, 0.42159334, 0.42406207, 0.42562062, 0.4279426, 0.42615643, 0.43266436, 0.4346454, 0.43649903, 0.43875906, 0.4415812, 0.4426796, 0.44624716, 0.44853354, 0.45086953, 0.45175496, 0.4532107, 0.45566863, 0.45683286, 0.46038505, 0.46167332, 0.46341014, 0.46574607, 0.46896085], "duration": [2276, 1951, 1938, 1892, 2360, 1906, 1902, 1876, 1963, 1887, 1924, 2238, 1888, 1914, 2203, 1937, 2240, 1963, 1930, 2259, 1906, 1907, 1996, 1900, 1978, 1898, 1891, 1896, 2383, 1931, 1909, 1952, 1919, 1899, 1910, 1949, 2219, 1896, 1899, 1917, 2228, 1909, 1943, 1941, 2267, 1944, 1900, 1951, 1900, 1914]}