{"avg": [0.13148148, 0.17860672, 0.18491586, 0.1652778, 0.20700292, 0.1994283, 0.18122198, 0.21856265, 0.20505951, 0.18731374, 0.21090288, 0.2237255, 0.22721581, 0.23555808, 0.24201469, 0.23216933, 0.23302849, 0.23705159, 0.24774799, 0.23574482, 0.2477671, 0.26372355, 0.25349253, 0.24260518, 0.24419524, 0.2826634, 0.26512524, 0.28426224, 0.2642928, 0.28026018, 0.2858041, 0.26004973, 0.30250168, 0.29147217, 0.28435698, 0.31276602, 0.32002115, 0.32242146, 0.30751568, 0.34085575, 0.28717038, 0.31154713, 0.31667796, 0.34292692, 0.33605176, 0.3570674, 0.32472667, 0.34558272, 0.32307717, 0.34554204], "std": [0.07288396, 0.07453585, 0.07386569, 0.08900645, 0.061025813, 0.078691676, 0.08805721, 0.03367979, 0.0691794, 0.062863216, 0.06896709, 0.044279892, 0.019553838, 0.031650867, 0.03514425, 0.070644364, 0.07363983, 0.041473474, 0.07344784, 0.06094205, 0.0398526, 0.0507929, 0.040259205, 0.077133566, 0.078984134, 0.04774069, 0.04782473, 0.06171469, 0.06513583, 0.04148215, 0.052716266, 0.08509307, 0.036264736, 0.047328103, 0.043452445, 0.03246563, 0.025123907, 0.040938046, 0.09103044, 0.053774234, 0.095142476, 0.06176874, 0.048329297, 0.016785365, 0.03454436, 0.025174806, 0.09135815, 0.031704046, 0.09839847, 0.040630177], "var": [0.98, 0.96, 0.96, 0.92, 0.92, 0.9, 0.86, 0.88, 0.86, 0.82, 0.82, 0.8, 0.82, 0.8, 0.8, 0.78, 0.78, 0.82, 0.82, 0.82, 0.8, 0.8, 0.78, 0.74, 0.7, 0.72, 0.7, 0.7, 0.72, 0.72, 0.7, 0.66, 0.62, 0.58, 0.56, 0.58, 0.56, 0.52, 0.52, 0.54, 0.54, 0.52, 0.48, 0.46, 0.44, 0.44, 0.42, 0.42, 0.42, 0.4], "best": [0.24444446, 0.2298942, 0.2936508, 0.30109128, 0.29889914, 0.30375183, 0.3054693, 0.27685186, 0.2912505, 0.23256825, 0.29646698, 0.30550888, 0.29202062, 0.30194446, 0.3056658, 0.3036577, 0.30664077, 0.30849388, 0.30932325, 0.34790078, 0.30924037, 0.36627227, 0.31163085, 0.3235136, 0.3685637, 0.37111938, 0.37029764, 0.44894308, 0.39485234, 0.31973806, 0.37770563, 0.32974857, 0.38249785, 0.33398694, 0.33026695, 0.3361993, 0.33873874, 0.3941147, 0.39191622, 0.4026553, 0.4037193, 0.40476954, 0.4014345, 0.389899, 0.40712523, 0.40979987, 0.41251856, 0.4149707, 0.41737452, 0.41758245], "duration": [6863, 5433, 5817, 7151, 3778, 6232, 5639, 5503, 3637, 5473, 9319, 3840, 7467, 8068, 7287, 5491, 4152, 5426, 5534, 3845, 4514, 5515, 3774, 5108, 3702, 3778, 3387, 5789, 5675, 5573, 3723, 4412, 5591, 6166, 5821, 3721, 4449, 4079, 5958, 3659, 5500, 6083, 3689, 5587, 9806, 3660, 5671, 5512, 3590, 5600]}