{"avg": [0.12708335, 0.19130842, 0.19160764, 0.20131758, 0.16135697, 0.21721135, 0.18692538, 0.22998238, 0.1951967, 0.1739068, 0.17436838, 0.21543951, 0.1841909, 0.18748488, 0.21747239, 0.2262207, 0.18263987, 0.2186999, 0.20597824, 0.20882888, 0.20628881, 0.19268884, 0.19873703, 0.22597092, 0.21423012, 0.22671501, 0.22026992, 0.21124145, 0.21892892, 0.22888954, 0.27156556, 0.24499772, 0.21344845, 0.20848744, 0.22877963, 0.23831, 0.1929815, 0.21287073, 0.263039, 0.26470676, 0.22048908, 0.2538334, 0.25584477, 0.26370406, 0.22547683, 0.25303805, 0.23476706, 0.24436359, 0.2647589, 0.2941715], "std": [0.07767541, 0.07311428, 0.08294743, 0.06647187, 0.088582255, 0.067015745, 0.08212937, 0.059626374, 0.07643417, 0.090508334, 0.06579932, 0.06363496, 0.07464119, 0.0706614, 0.07741028, 0.08870624, 0.0846862, 0.06858354, 0.07226815, 0.07296895, 0.07887038, 0.08334533, 0.07018414, 0.07156625, 0.075249285, 0.058511008, 0.0989462, 0.09236517, 0.08695986, 0.06962243, 0.070808284, 0.07959524, 0.10164483, 0.06154296, 0.064568266, 0.0754396, 0.08964304, 0.081825376, 0.07436646, 0.06664659, 0.09015921, 0.07614419, 0.0830484, 0.07745617, 0.09639509, 0.06663805, 0.095172696, 0.06908594, 0.05693926, 0.06980926], "var": [0.99333334, 0.9866667, 0.98, 0.98, 0.97333336, 0.96666664, 0.96, 0.96, 0.96, 0.9533333, 0.94666666, 0.94666666, 0.94666666, 0.93333334, 0.92, 0.91333336, 0.9, 0.9, 0.88666666, 0.88666666, 0.88666666, 0.88, 0.87333333, 0.86, 0.85333335, 0.85333335, 0.85333335, 0.8466667, 0.8466667, 0.8466667, 0.85333335, 0.84, 0.8333333, 0.8333333, 0.82666665, 0.81333333, 0.8, 0.7866667, 0.79333335, 0.7866667, 0.78, 0.76666665, 0.75333333, 0.74666667, 0.74666667, 0.74, 0.74666667, 0.74, 0.73333335, 0.74], "best": [0.2777778, 0.30376986, 0.3022876, 0.31129786, 0.35852313, 0.31353876, 0.3488211, 0.31428573, 0.30734992, 0.310831, 0.30973986, 0.31128272, 0.31234828, 0.3145135, 0.3157867, 0.3159664, 0.3141865, 0.35607556, 0.31556797, 0.3541206, 0.3183707, 0.31843406, 0.31855533, 0.3199448, 0.35381654, 0.31197014, 0.38135824, 0.32001245, 0.4050961, 0.31838572, 0.38266683, 0.35840073, 0.3133056, 0.35764766, 0.34513175, 0.30793652, 0.3192586, 0.31934556, 0.40363547, 0.365519, 0.35571778, 0.34823635, 0.40605783, 0.4066917, 0.40253466, 0.31424248, 0.32060474, 0.36389923, 0.3210202, 0.40722123], "duration": [5248, 7155, 5184, 5842, 3576, 7474, 5526, 5180, 3869, 5150, 3587, 5621, 3185, 6929, 4935, 5051, 7317, 5603, 2922, 7007, 7934, 2884, 2773, 3376, 5518, 2722, 4940, 4911, 3395, 5193, 5394, 6258, 7278, 5497, 5396, 7405, 3679, 2797, 5163, 5272, 3764, 4928, 6873, 9296, 5364, 5437, 5170, 6146, 2946, 4877]}