{"avg": [0.42962965, 0.4193878, 0.44657183, 0.40154642, 0.41001353, 0.41955534, 0.44664714, 0.49171582, 0.48268855, 0.49973157, 0.46018797, 0.48234463, 0.5094997, 0.52025044, 0.50280803, 0.49410045, 0.5379778, 0.5248828, 0.50167984, 0.50100935, 0.5287539, 0.5170127, 0.5371615, 0.5199995, 0.5219863, 0.51270086, 0.5314705, 0.54715306, 0.550361, 0.56797206, 0.5463518, 0.5655291, 0.55543226, 0.5747353, 0.5591938, 0.5744206, 0.58287126, 0.58340114, 0.58884096, 0.5889645, 0.5919811, 0.5988452, 0.60176694, 0.60710484, 0.59935385, 0.60212797, 0.60964227, 0.61505765, 0.6128415, 0.60795593], "std": [0.10507036, 0.10383218, 0.08783562, 0.12515458, 0.12361854, 0.10546288, 0.11751945, 0.0783592, 0.089631885, 0.07625463, 0.09317013, 0.090435944, 0.07646744, 0.06867204, 0.085172206, 0.082341336, 0.037831936, 0.059560645, 0.082777664, 0.08293357, 0.05572713, 0.074476354, 0.051748164, 0.07653817, 0.07852551, 0.08311724, 0.068281464, 0.046437092, 0.045381676, 0.011995846, 0.053055298, 0.012860069, 0.04793317, 0.012566129, 0.06159849, 0.017159082, 0.01278916, 0.017918391, 0.012658586, 0.01824275, 0.017564604, 0.01160492, 0.010240561, 0.012330498, 0.019769622, 0.019836195, 0.017195147, 0.009532768, 0.013284105, 0.021723306], "var": [1.0, 1.0, 1.0, 1.0, 1.0, 0.98, 0.94, 0.94, 0.92, 0.88, 0.88, 0.88, 0.88, 0.86, 0.86, 0.88, 0.84, 0.86, 0.84, 0.84, 0.86, 0.84, 0.82, 0.82, 0.8, 0.78, 0.74, 0.76, 0.72, 0.72, 0.68, 0.64, 0.62, 0.58, 0.56, 0.52, 0.48, 0.48, 0.48, 0.46, 0.48, 0.48, 0.5, 0.5, 0.48, 0.44, 0.42, 0.42, 0.4, 0.4], "best": [0.51111114, 0.5619048, 0.54805696, 0.5468254, 0.5506592, 0.5522952, 0.54669166, 0.5485261, 0.55178577, 0.55522877, 0.55747706, 0.55830246, 0.5545439, 0.5588498, 0.5581739, 0.55904347, 0.56047946, 0.5628353, 0.5627555, 0.5631034, 0.564721, 0.56654495, 0.56861603, 0.56960696, 0.5723717, 0.57383776, 0.5754315, 0.57757705, 0.5799482, 0.5818087, 0.58507806, 0.5858631, 0.5878307, 0.5893425, 0.59302133, 0.59551877, 0.59803075, 0.60119116, 0.6038599, 0.6067402, 0.6086497, 0.61173165, 0.6151959, 0.6182006, 0.621012, 0.62330246, 0.6256236, 0.6281366, 0.6305423, 0.6327938], "duration": [26827, 26362, 31409, 26665, 26630, 31132, 25103, 26739, 27053, 27057, 26722, 27011, 31493, 26978, 26962, 31464, 26998, 31594, 27046, 26963, 27024, 31479, 27058, 31643, 26999, 35996, 26955, 27000, 27034, 27004, 27016, 27068, 26975, 27029, 27072, 36011, 31544, 27080, 27034, 27052, 27012, 27007, 27056, 27056, 27076, 27105, 27091, 27024, 27038, 40620]}