{"avg": [0.36400014, 0.38392076, 0.38791597, 0.38422856, 0.39820647, 0.39833394, 0.40482062, 0.4053361, 0.41582817, 0.41603065, 0.41311115, 0.4131588, 0.41323966, 0.41036704, 0.40660894, 0.4067238, 0.41082862, 0.41070592, 0.41399688, 0.411191, 0.4083308, 0.4117584, 0.4150808, 0.4225693, 0.4258743, 0.41943973, 0.41594714, 0.41601485, 0.40820462, 0.41970542, 0.41636196, 0.41656226, 0.42813945, 0.43238187, 0.4295051, 0.42980278, 0.43230477, 0.43711823, 0.44428897, 0.44116724, 0.4413853, 0.44164985, 0.44206896, 0.44179016, 0.44511834, 0.44858906, 0.44440243, 0.44819412, 0.44410157, 0.44071788], "std": [0.13055551, 0.13334963, 0.13457257, 0.13781579, 0.12955755, 0.12960036, 0.12763532, 0.12791353, 0.12632202, 0.12637946, 0.12532234, 0.12531981, 0.12528706, 0.12909397, 0.1282711, 0.12824562, 0.124388896, 0.12410283, 0.12541349, 0.12876554, 0.13208851, 0.12923394, 0.13047008, 0.13229991, 0.13320535, 0.14029612, 0.13978261, 0.13954766, 0.1376025, 0.13639835, 0.13618512, 0.13622425, 0.13373716, 0.13416497, 0.13330804, 0.13343291, 0.12983459, 0.13071296, 0.12736072, 0.12675916, 0.12698385, 0.12713556, 0.12742476, 0.12712842, 0.12776884, 0.12373856, 0.123532765, 0.12329971, 0.12343989, 0.12820356], "var": [1.0, 0.98, 0.94, 0.94, 0.94, 0.92, 0.92, 0.92, 0.92, 0.92, 0.92, 0.9, 0.9, 0.88, 0.86, 0.84, 0.84, 0.82, 0.84, 0.84, 0.82, 0.82, 0.84, 0.84, 0.84, 0.84, 0.86, 0.86, 0.86, 0.86, 0.86, 0.82, 0.8, 0.82, 0.82, 0.8, 0.82, 0.8, 0.78, 0.78, 0.78, 0.8, 0.8, 0.84, 0.84, 0.82, 0.82, 0.8, 0.8, 0.8], "best": [0.51111114, 0.54539686, 0.5456349, 0.5457143, 0.54646826, 0.54673016, 0.5468254, 0.54743767, 0.54878974, 0.5498942, 0.55068254, 0.5514142, 0.5518254, 0.55217344, 0.5526077, 0.55285716, 0.5530159, 0.553212, 0.55312175, 0.55319136, 0.55330163, 0.55342406, 0.55349207, 0.55382335, 0.5542659, 0.5546731, 0.55512214, 0.55576724, 0.55612814, 0.5563328, 0.5566667, 0.5570866, 0.5574504, 0.5578788, 0.558268, 0.5585941, 0.55894184, 0.55927074, 0.56004596, 0.5607937, 0.56144446, 0.56208676, 0.56272113, 0.56343675, 0.5640224, 0.5645503, 0.56511736, 0.5655083, 0.56581354, 0.5659897], "duration": [60767, 60258, 59926, 60326, 62256, 61881, 63138, 62982, 64482, 64628, 64413, 64444, 64409, 63194, 63480, 63178, 64468, 64466, 65360, 64773, 64402, 64104, 65493, 65642, 66143, 66369, 66408, 64487, 64436, 66367, 66316, 65430, 66026, 66692, 65425, 64996, 68400, 68652, 68609, 68580, 67989, 67929, 68294, 67069, 66931, 69125, 68799, 68983, 69110, 68946]}