{"avg": [0.10000002, 0.114834666, 0.16148233, 0.16409275, 0.16173193, 0.0902521, 0.18486781, 0.18776587, 0.15608335, 0.19505477, 0.14553435, 0.18265429, 0.15370785, 0.13401324, 0.20114666, 0.15466914, 0.18119213, 0.2433463, 0.24093977, 0.19164766, 0.28935066, 0.30994415, 0.31301433, 0.29043293, 0.2864064, 0.26186097, 0.25945222, 0.28331366, 0.36946592, 0.3666148, 0.3590573, 0.30485, 0.35338435, 0.40143067, 0.39898676, 0.36357072, 0.48130757, 0.39547116, 0.34445444, 0.42998534, 0.43162057, 0.41118613, 0.45519748, 0.40465465, 0.40174955, 0.46641195, 0.4525599, 0.44893917, 0.42129093, 0.50024176, 0.4736384, 0.45028135, 0.4979629, 0.47841427, 0.49005756, 0.49962687, 0.48439145, 0.5053243, 0.4858684, 0.48883304, 0.49426505, 0.54019296, 0.5273429, 0.5067195, 0.5633488, 0.5007056, 0.5149838, 0.55549645, 0.5193148, 0.51991755, 0.5086079, 0.5245603, 0.49932578, 0.5194286, 0.5660071, 0.50915873, 0.5243242, 0.52839196, 0.54937506, 0.5376809, 0.52983326, 0.52671814, 0.55865085, 0.5061216, 0.53443485, 0.5902886, 0.5524504, 0.5023807, 0.5417864, 0.56303537, 0.53650707, 0.5872462, 0.5141973, 0.53470004, 0.55313814, 0.565044, 0.5554081, 0.5996052, 0.5872843, 0.5819143, 0.5815977, 0.58259255, 0.57545656, 0.57100075, 0.5614057, 0.54456455, 0.5503403, 0.58641464, 0.5631798, 0.5831586, 0.56649333, 0.5821748, 0.6015196, 0.55786103, 0.57934564, 0.5272409, 0.5556161, 0.6227807, 0.5685464, 0.6272941, 0.60294485, 0.5422619, 0.54554003, 0.5745897, 0.56599176, 0.55607575, 0.55986685, 0.56956154, 0.5944529, 0.6048033, 0.59135896, 0.5721791, 0.58717006, 0.5815622, 0.5887347, 0.5983185, 0.60570306, 0.6097624, 0.6167141, 0.56017834, 0.59475845, 0.54220545, 0.60996574, 0.63468874, 0.6132492, 0.6461868, 0.5716341, 0.6044728, 0.5641486, 0.54786503], "std": [0.11138856, 0.1194022, 0.14313507, 0.12598152, 0.14244266, 0.09643024, 0.14395519, 0.11582862, 0.15023522, 0.104480214, 0.14262822, 0.14049429, 0.12453205, 0.118857056, 0.09966794, 0.14359425, 0.12342631, 0.15735313, 0.16665055, 0.18014744, 0.18738316, 0.1425306, 0.14371541, 0.15433793, 0.13866854, 0.1744655, 0.14772664, 0.14635642, 0.13260752, 0.20824799, 0.18547647, 0.1856474, 0.18247554, 0.16142046, 0.12782983, 0.17379755, 0.10773171, 0.16222028, 0.1975166, 0.15989524, 0.1562337, 0.094369814, 0.12173283, 0.15865672, 0.17711747, 0.096499465, 0.15505393, 0.15557486, 0.15687515, 0.07895497, 0.12294521, 0.16424264, 0.07956353, 0.10682471, 0.15279657, 0.082297936, 0.1640073, 0.10506891, 0.1420196, 0.10608451, 0.14171043, 0.08011431, 0.15604006, 0.14385012, 0.07217402, 0.1315738, 0.07639083, 0.06947335, 0.16170356, 0.12488598, 0.15786277, 0.08287177, 0.16146916, 0.07180214, 0.07115811, 0.073212855, 0.09309399, 0.093736924, 0.075019725, 0.07874638, 0.089218505, 0.08378381, 0.073860906, 0.058558464, 0.11422222, 0.058210347, 0.07975081, 0.09401868, 0.083737165, 0.07539962, 0.10815718, 0.09840672, 0.07451879, 0.10210976, 0.1152223, 0.06773328, 0.09040531, 0.07440488, 0.103253074, 0.078938924, 0.082702786, 0.09085726, 0.072812155, 0.100248605, 0.070631586, 0.112321384, 0.07788027, 0.07881888, 0.08090448, 0.07583987, 0.11257303, 0.09428845, 0.10257926, 0.06961656, 0.07804257, 0.11664191, 0.11438565, 0.063213095, 0.08639461, 0.06773368, 0.0801479, 0.102839075, 0.109631576, 0.09555115, 0.08261893, 0.06814295, 0.10227453, 0.106007285, 0.080180354, 0.06946101, 0.09181668, 0.083178006, 0.086454704, 0.08630409, 0.086182974, 0.09125382, 0.081681475, 0.09539507, 0.08011363, 0.071626745, 0.11638113, 0.11398008, 0.07564583, 0.07467635, 0.06706214, 0.06532609, 0.074380115, 0.085988, 0.09767638, 0.09853238], "var": [1.0, 0.98, 0.96, 0.94, 0.92, 0.92, 0.88, 0.88, 0.88, 0.84, 0.84, 0.82, 0.8, 0.8, 0.76, 0.76, 0.76, 0.78, 0.78, 0.74, 0.74, 0.72, 0.7, 0.68, 0.72, 0.72, 0.7, 0.68, 0.68, 0.66, 0.66, 0.64, 0.6, 0.56, 0.54, 0.54, 0.54, 0.52, 0.5, 0.46, 0.44, 0.44, 0.46, 0.44, 0.44, 0.46, 0.42, 0.44, 0.46, 0.46, 0.44, 0.42, 0.4, 0.4, 0.38, 0.38, 0.4, 0.4, 0.38, 0.38, 0.38, 0.38, 0.34, 0.32, 0.3, 0.3, 0.34, 0.34, 0.32, 0.28, 0.28, 0.28, 0.24, 0.24, 0.2, 0.24, 0.24, 0.24, 0.24, 0.24, 0.24, 0.24, 0.24, 0.22, 0.22, 0.24, 0.26, 0.26, 0.28, 0.28, 0.28, 0.24, 0.26, 0.24, 0.26, 0.26, 0.28, 0.28, 0.28, 0.26, 0.24, 0.24, 0.22, 0.22, 0.22, 0.24, 0.22, 0.22, 0.22, 0.22, 0.22, 0.2, 0.18, 0.18, 0.2, 0.18, 0.16, 0.16, 0.2, 0.2, 0.22, 0.2, 0.18, 0.18, 0.16, 0.16, 0.16, 0.16, 0.16, 0.14, 0.14, 0.14, 0.16, 0.16, 0.18, 0.18, 0.18, 0.16, 0.16, 0.2, 0.2, 0.18, 0.18, 0.18, 0.18, 0.16, 0.16, 0.18, 0.2, 0.2], "best": [0.3555556, 0.39722225, 0.5257041, 0.3910166, 0.38990375, 0.23492065, 0.5349207, 0.39193127, 0.53187305, 0.39608246, 0.38627756, 0.5384428, 0.39786926, 0.38424608, 0.39918792, 0.39946407, 0.400755, 0.540896, 0.54418474, 0.54653907, 0.5466708, 0.5530542, 0.54815596, 0.53713393, 0.53851455, 0.5538319, 0.54261845, 0.5415185, 0.5625882, 0.5606392, 0.5669739, 0.5677019, 0.5688934, 0.56986916, 0.5678669, 0.572579, 0.57416385, 0.5740245, 0.57622534, 0.5789251, 0.581621, 0.58332217, 0.5860711, 0.5860526, 0.5893176, 0.5892064, 0.5922362, 0.59480226, 0.5963225, 0.59779024, 0.6000467, 0.6029564, 0.6050037, 0.60649264, 0.6092199, 0.6112106, 0.61227447, 0.61333156, 0.61485636, 0.61407894, 0.6186479, 0.6200154, 0.6218611, 0.62342525, 0.62464046, 0.6261475, 0.62772685, 0.62867355, 0.63009137, 0.63102174, 0.63224995, 0.6293436, 0.6352805, 0.63665986, 0.63807464, 0.63904417, 0.6397147, 0.64095426, 0.6425922, 0.64369524, 0.64494693, 0.6456622, 0.64692944, 0.64810747, 0.6496195, 0.65107036, 0.6515785, 0.64687085, 0.6534319, 0.65437853, 0.65522146, 0.65629405, 0.65133566, 0.65864515, 0.6598843, 0.66081214, 0.66191006, 0.6631692, 0.6640171, 0.6652667, 0.665645, 0.6668444, 0.668066, 0.66906196, 0.6697973, 0.6708152, 0.65314823, 0.672325, 0.67303574, 0.6737114, 0.67473567, 0.6754768, 0.67634434, 0.67703295, 0.678033, 0.67884314, 0.6795738, 0.6806837, 0.68143487, 0.6820998, 0.682961, 0.68345463, 0.6844083, 0.68490815, 0.6856855, 0.6860615, 0.6867353, 0.68767536, 0.6885884, 0.6894215, 0.6902007, 0.6912313, 0.6923069, 0.6930141, 0.693769, 0.6946599, 0.6953223, 0.69611865, 0.6968877, 0.69753814, 0.6982893, 0.69911945, 0.6998073, 0.7006229, 0.70126843, 0.7018723, 0.70252, 0.7030351, 0.7036146, 0.70433223], "duration": [5241, 2405, 5048, 6872, 6976, 4614, 4818, 6865, 4958, 5078, 4915, 6528, 10006, 2484, 2546, 4608, 2420, 6725, 10505, 5221, 5032, 9159, 5230, 8852, 2614, 4764, 8752, 6928, 9130, 14449, 10847, 8937, 8631, 12598, 12677, 12700, 10919, 10734, 12648, 8797, 13308, 10915, 11129, 10784, 12780, 17689, 14533, 12886, 13484, 14661, 15242, 14470, 12840, 17546, 11045, 14528, 12489, 14553, 14536, 10875, 12876, 14554, 14570, 12818, 14584, 14650, 14710, 14607, 19280, 16942, 12772, 14704, 14680, 14579, 14514, 12723, 12643, 14525, 14675, 17044, 15264, 14599, 14606, 14538, 14407, 14493, 14462, 14501, 12719, 10680, 16827, 14503, 12705, 12699, 12704, 14592, 16996, 14523, 14522, 12816, 14648, 14575, 14602, 14616, 14580, 12683, 14565, 14634, 14575, 14526, 14479, 14563, 14500, 14544, 14602, 12879, 14505, 14482, 14415, 14594, 14473, 12706, 12698, 14446, 12831, 10848, 14350, 14398, 12636, 14377, 14409, 19345, 12582, 14484, 14551, 14608, 14359, 14554, 14407, 14403, 12564, 14446, 14342, 14335, 14361, 14180, 14342, 13053, 12423, 14319]}