{"avg": [0.41666672, 0.39285716, 0.43632123, 0.45422804, 0.462278, 0.45585442, 0.41580752, 0.44589615, 0.4922022, 0.46319813, 0.47842318, 0.45749623, 0.5226282, 0.50550747, 0.5092273, 0.5852842, 0.46210298, 0.5572573, 0.5176679, 0.47453755, 0.5777729, 0.5373125, 0.5508021, 0.5489913, 0.53291714, 0.56700987, 0.56248343, 0.56935614, 0.6079155, 0.58324933, 0.5710802, 0.57351446, 0.6428326, 0.6211984, 0.5656994, 0.5948004, 0.64622605, 0.6351608, 0.63197064, 0.6092412, 0.63684285, 0.6586029, 0.6552742, 0.6675297, 0.6761787, 0.65796745, 0.67766964, 0.6909693, 0.6580079, 0.69050777], "std": [0.15000002, 0.14476208, 0.14712553, 0.15005645, 0.15377274, 0.15381117, 0.14935608, 0.153406, 0.14653708, 0.15266357, 0.15286592, 0.15224643, 0.13626678, 0.14806674, 0.14403999, 0.07975567, 0.15830913, 0.118487775, 0.14313439, 0.15478034, 0.104714505, 0.13801505, 0.13276511, 0.13347295, 0.13971889, 0.12347063, 0.12992986, 0.12881184, 0.083307326, 0.11428431, 0.13235894, 0.1310815, 0.0151089, 0.08195628, 0.14221588, 0.12250746, 0.023355143, 0.088279426, 0.085392594, 0.12840028, 0.084011175, 0.022563314, 0.028622845, 0.019834928, 0.019088818, 0.08908873, 0.025283774, 0.0074139778, 0.09557683, 0.025040438], "var": [0.98, 0.96, 0.94, 0.94, 0.92, 0.9, 0.9, 0.86, 0.86, 0.86, 0.86, 0.86, 0.86, 0.86, 0.88, 0.86, 0.82, 0.8, 0.78, 0.78, 0.76, 0.76, 0.76, 0.74, 0.74, 0.7, 0.66, 0.66, 0.66, 0.66, 0.64, 0.62, 0.62, 0.62, 0.6, 0.6, 0.6, 0.58, 0.54, 0.5, 0.5, 0.5, 0.48, 0.46, 0.46, 0.46, 0.44, 0.44, 0.46, 0.46], "best": [0.5666667, 0.6103175, 0.6019401, 0.6034633, 0.6074254, 0.60730165, 0.61376816, 0.61428577, 0.6162535, 0.611993, 0.6177094, 0.6060658, 0.6177986, 0.6186148, 0.62188214, 0.6190904, 0.6240306, 0.6251512, 0.6290124, 0.6297993, 0.6307088, 0.63443804, 0.63589203, 0.63366085, 0.6388168, 0.63941807, 0.6417722, 0.64372826, 0.64692605, 0.64983845, 0.6511202, 0.6538005, 0.6555264, 0.659505, 0.6619048, 0.6635362, 0.66551495, 0.668797, 0.67263126, 0.6752903, 0.67761064, 0.6796776, 0.6822764, 0.684253, 0.68721116, 0.69101286, 0.69458914, 0.69722986, 0.7005476, 0.70269895], "duration": [1323, 1292, 1501, 1258, 1275, 1496, 1257, 1491, 1287, 1502, 1267, 1290, 1280, 1264, 1308, 1619, 1345, 1506, 1304, 1259, 1310, 1314, 1286, 1296, 1491, 1707, 1265, 1501, 1467, 1266, 1295, 1339, 1511, 1440, 1331, 1291, 1292, 1274, 1464, 1272, 1500, 1271, 1262, 1326, 1268, 1517, 1363, 1249, 1278, 1311]}