{"avg": [0.16842107, 0.20631975, 0.20515049, 0.25000438, 0.27554595, 0.23836634, 0.18525894, 0.21125895, 0.2762331, 0.2758908, 0.2633964, 0.22246511, 0.24527988, 0.3185941, 0.24560629, 0.32403722, 0.26347515, 0.26138255, 0.28077695, 0.31321043, 0.3334946, 0.35760123, 0.357331, 0.33492327, 0.3747618, 0.37987098, 0.39965066, 0.4176054, 0.38650075, 0.36287034, 0.4548845, 0.47368893, 0.43870863, 0.45751533, 0.4550234, 0.4443289, 0.4723239, 0.49116042, 0.50048476, 0.43727204, 0.4932226, 0.51963586, 0.544377, 0.4473019, 0.5387035, 0.5162514, 0.5492418, 0.5541922, 0.5791665, 0.55821383], "std": [0.094642945, 0.12377927, 0.13639633, 0.100797854, 0.12744112, 0.10159067, 0.11418359, 0.13973658, 0.08794279, 0.12498458, 0.13095838, 0.13694473, 0.107823685, 0.16265896, 0.11087874, 0.100563124, 0.14797309, 0.17448182, 0.14248517, 0.17106988, 0.12848194, 0.13950256, 0.11610748, 0.12807405, 0.14202638, 0.15238027, 0.100823954, 0.13947688, 0.15730733, 0.19243169, 0.12707897, 0.10956804, 0.19775389, 0.13187456, 0.13075323, 0.15869884, 0.12233027, 0.120387316, 0.14771594, 0.14355268, 0.15637676, 0.103110455, 0.0934388, 0.1186162, 0.10765434, 0.10835666, 0.10020999, 0.09852832, 0.06951691, 0.11217188], "var": [1.0, 0.98, 0.98, 0.94, 0.92, 0.9, 0.88, 0.86, 0.86, 0.84, 0.84, 0.82, 0.8, 0.82, 0.78, 0.78, 0.74, 0.74, 0.7, 0.68, 0.7, 0.72, 0.7, 0.66, 0.66, 0.62, 0.62, 0.66, 0.64, 0.6, 0.6, 0.6, 0.6, 0.56, 0.56, 0.54, 0.52, 0.48, 0.46, 0.44, 0.42, 0.42, 0.4, 0.36, 0.34, 0.3, 0.3, 0.28, 0.28, 0.28], "best": [0.31111112, 0.38187137, 0.5441799, 0.38073874, 0.5446609, 0.3858319, 0.3788841, 0.38751048, 0.38855147, 0.5459987, 0.54890877, 0.3925014, 0.39377615, 0.55216205, 0.4005534, 0.5541514, 0.5568254, 0.5583708, 0.5598317, 0.56024826, 0.56220716, 0.562987, 0.56387633, 0.5657678, 0.56820345, 0.56978464, 0.57186043, 0.5742655, 0.57723665, 0.579243, 0.58142996, 0.584101, 0.58649206, 0.5893027, 0.5916314, 0.5937468, 0.5959696, 0.5987548, 0.6008979, 0.60389423, 0.6049822, 0.60768855, 0.61055946, 0.61380297, 0.6153209, 0.61845636, 0.6208664, 0.6237036, 0.62612164, 0.62857145], "duration": [6184, 5848, 4072, 11486, 8672, 8193, 5861, 4033, 7774, 5847, 2885, 5845, 11543, 2224, 7796, 6190, 7847, 7905, 7883, 4308, 2184, 7829, 2236, 2390, 6013, 4235, 4121, 4364, 6023, 2300, 2733, 2473, 2376, 2379, 4536, 4185, 4724, 4185, 4203, 4308, 2487, 2428, 4929, 2594, 2447, 2361, 2422, 2434, 2406, 2551]}