{"avg": [0.08095238, 0.18890306, 0.16444446, 0.2171076, 0.16423611, 0.23126012, 0.19790919, 0.19533195, 0.23998062, 0.25111747, 0.25088933, 0.2553288, 0.23286144, 0.27005023, 0.28469056, 0.343752, 0.29575643, 0.26486704, 0.40601894, 0.28411677, 0.31502023, 0.3634751, 0.3478012, 0.35926563, 0.3469004, 0.35134125, 0.3568028, 0.39470512, 0.39485744, 0.41671053, 0.4237325, 0.4013983, 0.42339623, 0.44750986, 0.4957514, 0.48159555, 0.4999563, 0.43806446, 0.41484267, 0.49946132, 0.48511714, 0.49249882, 0.5332136, 0.5122412, 0.51748544, 0.5293882, 0.5603288, 0.51579475, 0.5309468, 0.5019548], "std": [0.08169594, 0.13073318, 0.09215659, 0.11627502, 0.105548464, 0.11692898, 0.12064691, 0.12166432, 0.14015189, 0.13711739, 0.103889726, 0.12904312, 0.13724081, 0.1390687, 0.16209334, 0.10905724, 0.16212423, 0.13195175, 0.11043617, 0.1094368, 0.1394981, 0.13053127, 0.14697762, 0.14277495, 0.12242815, 0.1592858, 0.15054026, 0.11777856, 0.099433, 0.11588311, 0.117991574, 0.15297966, 0.12691393, 0.15092777, 0.11141277, 0.09224468, 0.11002673, 0.10853536, 0.1721711, 0.10544802, 0.1707074, 0.12687375, 0.10743126, 0.10602396, 0.11014954, 0.11688988, 0.10294817, 0.12932828, 0.12843359, 0.14064549], "var": [1.0, 0.96, 0.94, 0.9, 0.88, 0.86, 0.82, 0.82, 0.82, 0.82, 0.8, 0.78, 0.76, 0.74, 0.72, 0.7, 0.66, 0.62, 0.62, 0.58, 0.58, 0.54, 0.5, 0.54, 0.54, 0.5, 0.52, 0.5, 0.48, 0.48, 0.48, 0.44, 0.42, 0.42, 0.42, 0.4, 0.4, 0.4, 0.4, 0.4, 0.36, 0.34, 0.32, 0.32, 0.34, 0.32, 0.3, 0.3, 0.28, 0.28], "best": [0.20000002, 0.3708617, 0.34444445, 0.39100534, 0.334127, 0.3762323, 0.40003493, 0.39935613, 0.5353142, 0.5400594, 0.39722225, 0.5390978, 0.54135567, 0.5427778, 0.5448874, 0.54599726, 0.5480402, 0.5488938, 0.55182886, 0.4099891, 0.55126053, 0.55635667, 0.5588013, 0.55866235, 0.559706, 0.56177634, 0.56489193, 0.56697196, 0.56275356, 0.57071483, 0.5722395, 0.57426906, 0.5760418, 0.5777402, 0.5808977, 0.5848453, 0.586508, 0.5894684, 0.5916626, 0.5947835, 0.5982571, 0.60145843, 0.6050224, 0.6086151, 0.61144125, 0.61384994, 0.6171626, 0.62092316, 0.6234754, 0.6266046], "duration": [3836, 6020, 4000, 3914, 4154, 5974, 3974, 3929, 2231, 8087, 6017, 3953, 2095, 5857, 4138, 5935, 5935, 10172, 6165, 9688, 7966, 4199, 9715, 6049, 8332, 2472, 6562, 10139, 7965, 6265, 7857, 4370, 4329, 7960, 2460, 8006, 4222, 6151, 2655, 4268, 2373, 4465, 4202, 4343, 4141, 2523, 4189, 2530, 6191, 7866]}