{"avg": [0.4729167, 0.4792064, 0.47718382, 0.45902216, 0.4395101, 0.51424396, 0.4746471, 0.4970657, 0.5440403, 0.50550276, 0.5229257, 0.54668903, 0.5665228, 0.58383346, 0.53559077, 0.5332732, 0.5710742, 0.5714757, 0.5403937, 0.61021143, 0.6138403, 0.61513233, 0.57123643, 0.59296376, 0.5767142, 0.6079274, 0.6269274, 0.583057, 0.60097694, 0.62997454, 0.6074943, 0.63296366, 0.63951695, 0.63542366, 0.6197633, 0.64145756, 0.6493357, 0.64416397, 0.64294666, 0.65696883, 0.65922314, 0.64137375, 0.66239256, 0.6370887, 0.6603129, 0.6457142, 0.6717704, 0.64737314, 0.6729146, 0.6807055, 0.68337584, 0.6848345, 0.6913458, 0.69231266, 0.69507295, 0.6940537, 0.69860137, 0.696, 0.7068831, 0.7116707, 0.6962661, 0.70560414, 0.7134633, 0.7136923, 0.7215553, 0.7209253, 0.72716194, 0.7291078, 0.73050725, 0.7319627, 0.73231286, 0.73771334, 0.736941, 0.7419956, 0.74400353, 0.74680203, 0.7468306, 0.7507208, 0.75224, 0.75370604, 0.75622827, 0.7554375, 0.7605206, 0.7591679, 0.76349705, 0.7650318, 0.76577926, 0.7684303, 0.7697621, 0.77097505, 0.7726174, 0.77413076, 0.7753503, 0.77663076, 0.7780507, 0.77943844, 0.7805577, 0.7816563, 0.78273493, 0.7839441, 0.7849816, 0.7860728, 0.7872142, 0.78840226, 0.7895652, 0.79050535, 0.79156005, 0.7925947, 0.7937352, 0.7947903, 0.7958249, 0.79666144, 0.79760164, 0.7985247, 0.79959935, 0.8004866, 0.8012505, 0.80200285, 0.8028485, 0.8035765, 0.8043449, 0.8051005, 0.8056967, 0.80657744, 0.8073463, 0.8080558, 0.8087542, 0.8094425, 0.81020993, 0.8108321, 0.8115764, 0.8121798, 0.8128176, 0.813446, 0.8140652, 0.8147164, 0.81535757, 0.81598943, 0.8166115, 0.8172627, 0.8176787, 0.81831354, 0.8187923, 0.81944585, 0.8199826, 0.82058245, 0.82120794, 0.82175547, 0.82222843, 0.8227619], "std": [0.13905373, 0.15350837, 0.15072422, 0.15405701, 0.15474007, 0.13780469, 0.15087092, 0.14663772, 0.119552754, 0.14421184, 0.13993967, 0.12164744, 0.10558069, 0.08223317, 0.13658065, 0.13688369, 0.10388981, 0.10196073, 0.13443363, 0.011341029, 0.009451423, 0.010079122, 0.117586285, 0.08390375, 0.107389174, 0.07239919, 0.0077060126, 0.116149925, 0.08705894, 0.012363158, 0.084877074, 0.015406099, 0.013221315, 0.016751053, 0.08630904, 0.01994584, 0.013185188, 0.01970704, 0.016772384, 0.010252045, 0.011324144, 0.08811125, 0.01451235, 0.10037767, 0.024563521, 0.088675, 0.0185088, 0.09666976, 0.021867147, 0.0142700365, 0.014616431, 0.019580346, 0.010688362, 0.01716602, 0.011988373, 0.02059487, 0.020053467, 0.024993688, 0.007949603, 0.0065477053, 0.032153677, 0.024114575, 0.015308816, 0.024510529, 0.007945558, 0.0077291825, 0.0037419465, 0.005751312, 0.006187492, 0.008481974, 0.0101901125, 0.0055021173, 0.0099132275, 0.0051212977, 0.004346022, 0.0036799728, 0.0066625867, 0.004148641, 0.004707697, 0.0048556374, 0.0035644423, 0.010371006, 0.0, 0.010628841, 1.1920929e-07, 0.0, 0.0041975416, 5.9604645e-08, 5.9604645e-08, 1.1920929e-07, 5.9604645e-08, 5.9604645e-08, 5.9604645e-08, 1.1920929e-07, 5.9604645e-08, 5.9604645e-08, 5.9604645e-08, 5.9604645e-08, 1.1920929e-07, 5.9604645e-08, 1.1920929e-07, 0.0, 0.0, 1.1920929e-07, 1.1920929e-07, 1.1920929e-07, 1.1920929e-07, 1.1920929e-07, 5.9604645e-08, 5.9604645e-08, 1.1920929e-07, 1.1920929e-07, 1.1920929e-07, 1.1920929e-07, 5.9604645e-08, 1.7881393e-07, 5.9604645e-08, 1.1920929e-07, 5.9604645e-08, 5.9604645e-08, 1.7881393e-07, 1.1920929e-07, 1.1920929e-07, 1.1920929e-07, 5.9604645e-08, 1.1920929e-07, 1.1920929e-07, 0.0, 0.0, 1.1920929e-07, 5.9604645e-08, 1.7881393e-07, 0.0, 0.0, 1.7881393e-07, 5.9604645e-08, 1.1920929e-07, 1.1920929e-07, 5.9604645e-08, 5.9604645e-08, 5.9604645e-08, 1.1920929e-07, 5.9604645e-08, 5.9604645e-08, 1.1920929e-07, 5.9604645e-08, 1.1920929e-07, 0.0, 0.0, 1.1920929e-07], "var": [0.98, 0.98, 0.96, 0.96, 0.92, 0.92, 0.9, 0.86, 0.86, 0.86, 0.82, 0.78, 0.74, 0.76, 0.76, 0.74, 0.72, 0.7, 0.68, 0.66, 0.64, 0.64, 0.64, 0.66, 0.64, 0.64, 0.64, 0.6, 0.62, 0.58, 0.58, 0.56, 0.54, 0.54, 0.54, 0.52, 0.5, 0.46, 0.46, 0.46, 0.46, 0.46, 0.46, 0.44, 0.4, 0.38, 0.36, 0.34, 0.34, 0.32, 0.3, 0.3, 0.3, 0.3, 0.28, 0.24, 0.24, 0.24, 0.24, 0.24, 0.22, 0.22, 0.2, 0.18, 0.18, 0.18, 0.18, 0.16, 0.18, 0.18, 0.18, 0.16, 0.12, 0.1, 0.1, 0.08, 0.06, 0.06, 0.06, 0.06, 0.06, 0.06, 0.06, 0.04, 0.04, 0.04, 0.02, 0.02, 0.02, 0.02, 0.02, 0.02, 0.02, 0.02, 0.02, 0.02, 0.02, 0.02, 0.02, 0.02, 0.02, 0.02, 0.02, 0.02, 0.02, 0.02, 0.02, 0.02, 0.02, 0.02, 0.02, 0.02, 0.02, 0.02, 0.02, 0.02, 0.02, 0.02, 0.02, 0.02, 0.02, 0.02, 0.02, 0.02, 0.02, 0.02, 0.02, 0.02, 0.02, 0.02, 0.02, 0.02, 0.02, 0.02, 0.02, 0.02, 0.02, 0.02, 0.02, 0.02, 0.02, 0.02, 0.02, 0.02, 0.02, 0.02, 0.02, 0.02, 0.02, 0.02], "best": [0.5666667, 0.62470245, 0.6227343, 0.60962737, 0.6138822, 0.6155389, 0.61504567, 0.6164701, 0.61526966, 0.6181092, 0.6208217, 0.62264746, 0.62334377, 0.62476194, 0.6256922, 0.6275481, 0.627794, 0.62391865, 0.6288787, 0.6291166, 0.6305885, 0.6311689, 0.63305736, 0.6352435, 0.6359308, 0.63717955, 0.63867605, 0.6424548, 0.6423605, 0.64509195, 0.6453942, 0.6489755, 0.65190953, 0.6502758, 0.65673274, 0.65952384, 0.65861785, 0.6646552, 0.66270113, 0.6677111, 0.6709138, 0.6732904, 0.67610383, 0.6786244, 0.6803157, 0.6822598, 0.68462455, 0.6871358, 0.68907046, 0.69127095, 0.6941874, 0.6968453, 0.699399, 0.7019975, 0.70417655, 0.70676494, 0.7088188, 0.7114903, 0.71316075, 0.71541834, 0.71790785, 0.7190777, 0.72097313, 0.72372264, 0.7258483, 0.72804236, 0.72984964, 0.73208386, 0.73456186, 0.73650503, 0.7386244, 0.7403928, 0.74244386, 0.7442712, 0.7462328, 0.74824977, 0.7505192, 0.7522358, 0.7541619, 0.7556883, 0.7571808, 0.75880754, 0.7605206, 0.7619121, 0.76349694, 0.7650318, 0.7668288, 0.76843023, 0.76976216, 0.77097493, 0.77261746, 0.7741307, 0.7753502, 0.7766309, 0.7780508, 0.7794385, 0.78055775, 0.7816564, 0.78273505, 0.783944, 0.7849815, 0.7860728, 0.7872142, 0.78840214, 0.7895653, 0.79050523, 0.79155993, 0.79259455, 0.79373515, 0.7947904, 0.79582477, 0.79666156, 0.7976015, 0.79852456, 0.7995993, 0.8004868, 0.8012506, 0.8020027, 0.80284846, 0.8035766, 0.8043447, 0.8051006, 0.80569685, 0.8065773, 0.8073462, 0.8080557, 0.8087543, 0.8094425, 0.81020993, 0.8108322, 0.81157637, 0.81218, 0.8128176, 0.813446, 0.8140654, 0.81471646, 0.8153577, 0.8159893, 0.8166116, 0.81726277, 0.81767875, 0.8183134, 0.8187922, 0.8194459, 0.8199827, 0.8205825, 0.8212078, 0.82175547, 0.82222843, 0.822762], "duration": [1302, 1092, 1100, 1087, 1094, 1096, 1081, 1087, 1095, 1085, 1087, 1087, 1091, 1089, 1096, 1092, 1096, 1282, 1088, 1098, 1274, 1099, 1096, 1093, 1276, 1271, 1131, 1093, 1099, 1096, 1094, 1098, 1097, 1277, 1095, 1094, 1096, 1284, 1096, 1276, 1087, 1089, 1090, 1084, 1093, 1087, 1265, 1086, 1091, 1094, 1268, 1090, 1095, 1099, 1095, 1274, 1092, 1086, 1094, 1099, 1092, 1087, 1488, 1091, 1088, 1086, 1095, 1264, 1094, 1416, 1087, 1121, 1089, 1125, 1272, 1265, 1268, 1269, 1092, 1124, 1098, 1092, 1096, 1088, 1270, 1280, 1094, 1125, 1090, 1273, 1087, 1129, 1100, 1095, 1089, 1092, 1082, 1090, 1089, 1087, 1095, 1283, 1280, 1277, 1094, 1091, 1104, 1279, 1097, 1095, 1096, 1103, 1097, 1465, 1106, 1102, 1099, 1360, 1086, 1099, 1093, 1087, 1094, 1088, 1089, 1094, 1097, 1096, 1095, 1097, 1099, 1103, 1104, 1118, 1102, 1091, 1092, 1096, 1093, 1093, 1092, 1093, 1279, 1095, 1273, 1281, 1101, 1101, 1101, 1282]}