{"avg": [0.17936511, 0.18481672, 0.22196932, 0.23121187, 0.23350804, 0.20270501, 0.2357284, 0.24320726, 0.2508111, 0.26545063, 0.2621204, 0.3146052, 0.28676122, 0.32432586, 0.34676507, 0.3273237, 0.35223696, 0.37637606, 0.38519657, 0.391681, 0.375887, 0.41816178, 0.4201368, 0.441687, 0.45167533, 0.45785043, 0.4626398, 0.4690952, 0.47429988, 0.47946918, 0.48426196, 0.48785195, 0.49179173, 0.49497363, 0.4984778, 0.50154746, 0.5055315, 0.50782675, 0.51021945, 0.5125037, 0.5150414, 0.51745176, 0.51974404, 0.5217745, 0.5235702, 0.5257158, 0.52735806, 0.52893835, 0.53058434, 0.5321656], "std": [0.054084845, 0.06787683, 0.049190734, 0.04351011, 0.046401106, 0.07613609, 0.048126426, 0.046272133, 0.057783373, 0.059755217, 0.057156388, 0.04604002, 0.06744413, 0.057567015, 0.049299963, 0.06639266, 0.061278585, 0.057281192, 0.06004249, 0.061389994, 0.07690877, 0.02610915, 0.05428634, 0.009547745, 0.0021801994, 2.9802322e-08, 0.0, 8.940697e-08, 0.0, 1.1920929e-07, 8.940697e-08, 2.9802322e-08, 0.0, 5.9604645e-08, 5.9604645e-08, 5.9604645e-08, 5.9604645e-08, 0.0, 5.9604645e-08, 5.9604645e-08, 5.9604645e-08, 0.0, 1.1920929e-07, 5.9604645e-08, 5.9604645e-08, 0.0, 0.0, 0.0, 0.0, 5.9604645e-08], "var": [0.92, 0.88, 0.92, 0.84, 0.8, 0.8, 0.76, 0.72, 0.64, 0.6, 0.6, 0.6, 0.56, 0.56, 0.56, 0.48, 0.4, 0.36, 0.36, 0.32, 0.24, 0.2, 0.12, 0.08, 0.04, 0.04, 0.04, 0.04, 0.04, 0.04, 0.04, 0.04, 0.04, 0.04, 0.04, 0.04, 0.04, 0.04, 0.04, 0.04, 0.04, 0.04, 0.04, 0.04, 0.04, 0.04, 0.04, 0.04, 0.04, 0.04], "best": [0.2777778, 0.24841271, 0.30433458, 0.31944448, 0.32449836, 0.32796094, 0.3318071, 0.33586258, 0.3367347, 0.33790693, 0.34526795, 0.34984988, 0.36302176, 0.36825398, 0.37719524, 0.3878228, 0.39340833, 0.40218514, 0.40902534, 0.4184115, 0.42641222, 0.43094683, 0.43773305, 0.4445966, 0.45233274, 0.4578504, 0.4626398, 0.4690951, 0.47429988, 0.47946906, 0.48426187, 0.48785192, 0.49179173, 0.49497357, 0.49847773, 0.5015474, 0.50553155, 0.50782675, 0.5102194, 0.51250374, 0.5150415, 0.51745176, 0.51974416, 0.52177453, 0.52357024, 0.5257158, 0.52735806, 0.52893835, 0.53058434, 0.53216565], "duration": [5885, 3163, 2300, 3524, 1927, 1942, 2246, 2307, 1965, 1949, 1956, 1972, 1909, 2243, 1920, 3318, 1946, 1982, 2262, 2282, 1937, 1932, 1938, 2591, 2322, 1941, 2265, 2270, 2260, 2270, 1960, 2276, 1968, 2679, 2379, 2604, 1950, 2234, 1946, 2359, 1923, 2131, 1977, 1980, 1960, 1998, 2253, 3830, 2956, 1929]}