{"avg": [0.16405228, 0.16553378, 0.16618167, 0.16009338, 0.19094212, 0.17116597, 0.1580137, 0.16697371, 0.197562, 0.1740091, 0.18196024, 0.19267678, 0.1822467, 0.21272449, 0.16783226, 0.20463939, 0.21846984, 0.19515646, 0.20933709, 0.20557873, 0.21792485, 0.1981617, 0.1767936, 0.19823468, 0.20426595, 0.19102083, 0.23084413, 0.21292847, 0.25509244, 0.2128385, 0.22977696, 0.15830384, 0.21212216, 0.24298102, 0.22801217, 0.19145447, 0.23944801, 0.2428134, 0.23503038, 0.2732557, 0.2544581, 0.26175085, 0.22895193, 0.26123333, 0.23500654, 0.2731668, 0.2303395, 0.29087305, 0.2870292, 0.28296414], "std": [0.07861634, 0.07201584, 0.07527472, 0.09983806, 0.08621422, 0.0829576, 0.08207711, 0.07957262, 0.08441209, 0.06588418, 0.07966645, 0.057904527, 0.073266886, 0.09426526, 0.09136016, 0.060449585, 0.06270326, 0.08580633, 0.087662384, 0.05158551, 0.06830657, 0.08458627, 0.079329245, 0.062753536, 0.10473069, 0.056886796, 0.0845325, 0.05718234, 0.066602424, 0.120743036, 0.05696244, 0.11056277, 0.08678559, 0.07180532, 0.054656208, 0.09448838, 0.074470215, 0.07579144, 0.06466781, 0.06007113, 0.06622452, 0.053028125, 0.06556428, 0.071388766, 0.07483207, 0.10852312, 0.10638008, 0.045803618, 0.06004571, 0.047670547], "var": [1.0, 0.992, 0.984, 0.968, 0.96, 0.952, 0.936, 0.928, 0.912, 0.912, 0.904, 0.896, 0.888, 0.872, 0.864, 0.856, 0.856, 0.856, 0.84, 0.832, 0.816, 0.824, 0.832, 0.832, 0.832, 0.832, 0.832, 0.832, 0.832, 0.824, 0.808, 0.8, 0.792, 0.776, 0.768, 0.76, 0.76, 0.76, 0.752, 0.76, 0.76, 0.752, 0.76, 0.76, 0.768, 0.776, 0.768, 0.768, 0.768, 0.768], "best": [0.2777778, 0.3155929, 0.30009922, 0.3030159, 0.3987444, 0.3038282, 0.30323747, 0.30622816, 0.3049383, 0.30612993, 0.3060691, 0.30769885, 0.3087419, 0.30937952, 0.30318797, 0.30933708, 0.30501378, 0.39943787, 0.39602655, 0.30388668, 0.3997504, 0.3098161, 0.31059632, 0.30546328, 0.40058544, 0.31052294, 0.31103554, 0.3089173, 0.40058273, 0.40182832, 0.30978632, 0.40293506, 0.31120688, 0.39631042, 0.31177387, 0.31176302, 0.40297654, 0.31231096, 0.39701563, 0.403438, 0.39755535, 0.31195107, 0.40389574, 0.39816755, 0.39871377, 0.40409523, 0.40467712, 0.39901093, 0.40670177, 0.39911103], "duration": [6016, 1925, 4030, 5891, 6185, 2001, 5954, 7788, 3915, 1942, 3974, 4035, 3916, 2100, 4002, 1950, 4024, 2574, 1988, 2003, 2032, 3985, 3898, 3870, 3919, 6488, 2082, 3920, 12038, 6271, 5803, 7759, 5899, 6165, 4713, 3937, 2069, 5859, 3882, 11824, 7809, 4355, 1971, 7793, 4011, 3971, 3934, 2275, 2125, 9741]}