{"avg": [0.14488891, 0.16847302, 0.1784508, 0.16384126, 0.17484923, 0.17950413, 0.17146192, 0.17103489, 0.16730951, 0.15689312, 0.17532891, 0.17536046, 0.17377542, 0.17723003, 0.1801941, 0.195233, 0.19214962, 0.2075072, 0.21460056, 0.20490229, 0.19687556, 0.21480002, 0.20501176, 0.22684583, 0.21560322, 0.19815826, 0.20023242, 0.21268994, 0.20793553, 0.2053152, 0.20515369, 0.1936504, 0.19998115, 0.19296417, 0.20435719, 0.2115417, 0.18900953, 0.2077438, 0.21055168, 0.2033299, 0.2007859, 0.19992308, 0.18643196, 0.19616666, 0.18882951, 0.17741142, 0.17781158, 0.16318887, 0.1757889, 0.19089231], "std": [0.12650986, 0.12358007, 0.12585834, 0.13478258, 0.1282381, 0.11609938, 0.120848686, 0.13041842, 0.13258724, 0.133108, 0.12824927, 0.14268988, 0.13118595, 0.13443273, 0.14096557, 0.13630334, 0.1394657, 0.14201951, 0.14965473, 0.14546633, 0.1460874, 0.14562333, 0.1430892, 0.14640538, 0.14265867, 0.14343557, 0.14947261, 0.14084834, 0.1525272, 0.13260704, 0.14172837, 0.14129178, 0.14468816, 0.14991134, 0.1418592, 0.14009811, 0.14272451, 0.1425448, 0.15312558, 0.15480083, 0.14938758, 0.1437179, 0.13722272, 0.14636314, 0.13800077, 0.14512907, 0.14520495, 0.14473663, 0.1357707, 0.1348583], "var": [0.96, 0.92, 0.9, 0.92, 0.92, 0.88, 0.9, 0.92, 0.92, 0.92, 0.9, 0.9, 0.92, 0.9, 0.88, 0.88, 0.88, 0.88, 0.86, 0.82, 0.84, 0.84, 0.84, 0.84, 0.86, 0.84, 0.8, 0.84, 0.84, 0.84, 0.82, 0.82, 0.82, 0.82, 0.8, 0.82, 0.8, 0.8, 0.78, 0.82, 0.84, 0.84, 0.86, 0.88, 0.88, 0.9, 0.88, 0.88, 0.84, 0.84], "best": [0.51111114, 0.5349207, 0.54087305, 0.5409524, 0.54087305, 0.5409207, 0.5349207, 0.540771, 0.540754, 0.54079366, 0.5408254, 0.54093796, 0.54154766, 0.5421368, 0.54257375, 0.5430159, 0.54375994, 0.5443885, 0.5450265, 0.5456224, 0.5461588, 0.55052155, 0.54736656, 0.55204284, 0.5528373, 0.5533969, 0.55378515, 0.55428576, 0.5549207, 0.55547893, 0.5558572, 0.556211, 0.5565278, 0.5567821, 0.5570075, 0.5572336, 0.55755293, 0.5577392, 0.5579031, 0.5580464, 0.558135, 0.5520519, 0.5518935, 0.55176455, 0.55158734, 0.55143917, 0.55132854, 0.55120236, 0.55107147, 0.5509362], "duration": [7274, 6537, 7244, 7185, 7162, 6985, 6549, 7142, 7146, 7231, 7130, 7852, 7722, 7104, 7706, 7844, 8625, 8617, 9203, 8712, 8758, 9611, 8102, 9687, 9407, 8735, 9357, 9365, 10005, 8670, 9403, 8654, 9335, 9302, 9205, 9936, 9138, 9930, 10532, 9911, 9942, 8443, 7703, 8442, 7768, 7645, 7699, 7710, 6517, 7083]}