{"avg": [0.41666672, 0.39285716, 0.4009575, 0.46804386, 0.43738225, 0.48741442, 0.45598724, 0.44688648, 0.4988421, 0.43017226, 0.4862999, 0.42848796, 0.43780968, 0.5267739, 0.53296036, 0.544686, 0.4715562, 0.5037088, 0.5453309, 0.51789004, 0.45179248, 0.52624726, 0.53369886, 0.5430928, 0.5488283, 0.53224134, 0.57630175, 0.544161, 0.5226622, 0.5940059, 0.5902472, 0.57618487, 0.6007019, 0.5870069, 0.5575147, 0.6065177, 0.5674663, 0.581399, 0.6087922, 0.63339895, 0.6406013, 0.63953435, 0.62079704, 0.6258122, 0.62591404, 0.63397837, 0.6571959, 0.6273902, 0.6645953, 0.6674119], "std": [0.15000002, 0.14476208, 0.14047344, 0.14548077, 0.14951448, 0.14416598, 0.15407875, 0.15413514, 0.14463635, 0.15354079, 0.14927953, 0.15148318, 0.14717291, 0.12943679, 0.1274108, 0.12598546, 0.15301868, 0.1464637, 0.12588006, 0.1422647, 0.15639666, 0.13884822, 0.1364362, 0.13007519, 0.12591611, 0.13653895, 0.10070039, 0.130557, 0.14491953, 0.08147124, 0.079496056, 0.1061786, 0.07985099, 0.10722574, 0.13418482, 0.07814106, 0.12882257, 0.11974613, 0.08198019, 0.016147, 0.012723957, 0.014365523, 0.09067248, 0.09315437, 0.07917833, 0.080588795, 0.015257995, 0.09144842, 0.010814403, 0.01989342], "var": [1.0, 1.0, 0.98, 0.98, 0.96, 0.96, 0.96, 0.96, 0.96, 0.94, 0.94, 0.92, 0.9, 0.9, 0.86, 0.86, 0.82, 0.8, 0.8, 0.78, 0.76, 0.76, 0.76, 0.74, 0.7, 0.68, 0.68, 0.64, 0.62, 0.66, 0.64, 0.62, 0.58, 0.54, 0.58, 0.58, 0.54, 0.52, 0.5, 0.48, 0.46, 0.48, 0.48, 0.46, 0.42, 0.42, 0.4, 0.38, 0.38, 0.38], "best": [0.5666667, 0.6103175, 0.5992946, 0.6032521, 0.6025975, 0.60370374, 0.6078652, 0.60993594, 0.6111632, 0.61411196, 0.6147466, 0.60774165, 0.610848, 0.6133381, 0.61571217, 0.6178054, 0.61817306, 0.6211276, 0.6220516, 0.62359905, 0.6250039, 0.62469786, 0.6256336, 0.62725466, 0.6273426, 0.62843615, 0.62941045, 0.6303855, 0.6313474, 0.63198346, 0.63336426, 0.63421005, 0.6357336, 0.6380953, 0.6406301, 0.64218825, 0.64377034, 0.643851, 0.6468268, 0.64887846, 0.65128034, 0.6540929, 0.6563822, 0.6587899, 0.6616597, 0.6639145, 0.66833806, 0.67026246, 0.6731112, 0.67738414], "duration": [1332, 1333, 1318, 1435, 1340, 1345, 1326, 1533, 1313, 1341, 1329, 1349, 1393, 1342, 1333, 1278, 1343, 1367, 1376, 1340, 1307, 1302, 1317, 1323, 1294, 1401, 1434, 1346, 1311, 1307, 1324, 1316, 1276, 1418, 1363, 1343, 1365, 1384, 1632, 1591, 1381, 1357, 1345, 1534, 1520, 1557, 1333, 1305, 1307, 1782]}