{"avg": [0.15407409, 0.17239858, 0.1859949, 0.16723727, 0.17036153, 0.22828111, 0.19494048, 0.17477506, 0.19628741, 0.24009715, 0.22768742, 0.24680206, 0.21595076, 0.22504252, 0.2385957, 0.23871326, 0.2541582, 0.29147923, 0.28086725, 0.24474388, 0.2614632, 0.29817253, 0.31687695, 0.29207715, 0.24719197, 0.29425505, 0.29962987, 0.35717088, 0.32392904, 0.32153836, 0.33699715, 0.32644585, 0.387166, 0.32456028, 0.37825933, 0.3416119, 0.36847994, 0.39875048, 0.39032713, 0.39254984, 0.3583386, 0.41393453, 0.41115904, 0.40916112, 0.39163437, 0.40993753, 0.4289616, 0.41449344, 0.42877278, 0.4378919], "std": [0.11631282, 0.14135419, 0.12600844, 0.12124536, 0.1315808, 0.1432231, 0.11759714, 0.11635994, 0.12026712, 0.10789459, 0.10031657, 0.12836565, 0.13685481, 0.12006093, 0.07505813, 0.12099193, 0.12298943, 0.09853341, 0.09386665, 0.13166744, 0.10753946, 0.11717793, 0.10993207, 0.11426945, 0.13273929, 0.11635929, 0.1342506, 0.075386584, 0.11481476, 0.09170095, 0.093168475, 0.08450349, 0.07877681, 0.118645884, 0.08873, 0.08690352, 0.074152336, 0.09046034, 0.04188923, 0.100687414, 0.12338046, 0.056841053, 0.07051389, 0.047860082, 0.10403929, 0.05697055, 0.0441226, 0.10100399, 0.07028499, 0.03567809], "var": [0.98, 0.98, 0.94, 0.92, 0.9, 0.88, 0.88, 0.9, 0.88, 0.88, 0.86, 0.86, 0.86, 0.82, 0.82, 0.82, 0.82, 0.8, 0.8, 0.78, 0.78, 0.8, 0.78, 0.78, 0.78, 0.78, 0.78, 0.78, 0.78, 0.76, 0.76, 0.78, 0.78, 0.8, 0.8, 0.78, 0.76, 0.76, 0.72, 0.72, 0.7, 0.68, 0.68, 0.66, 0.62, 0.64, 0.62, 0.62, 0.62, 0.62], "best": [0.3555556, 0.38412702, 0.39090914, 0.3774977, 0.38281578, 0.388947, 0.39077386, 0.39074314, 0.39072043, 0.39583609, 0.39592826, 0.39545983, 0.3971609, 0.3896826, 0.38368455, 0.39579567, 0.3955739, 0.3958091, 0.3984615, 0.39919364, 0.39002827, 0.39969373, 0.40058088, 0.39984643, 0.40065867, 0.40122497, 0.40153065, 0.4043733, 0.40523356, 0.40850514, 0.41007596, 0.41123915, 0.553321, 0.41683143, 0.55654585, 0.4210743, 0.42317465, 0.56237775, 0.42815703, 0.5580805, 0.5479619, 0.5680878, 0.5490653, 0.43807685, 0.57344204, 0.44334286, 0.577155, 0.5790206, 0.5804882, 0.56665653], "duration": [2014, 6010, 4169, 4167, 5706, 3870, 2366, 4136, 1917, 3869, 5744, 3863, 3834, 3929, 3855, 2288, 2319, 1926, 2293, 3843, 3892, 3859, 2023, 1962, 1968, 3809, 1945, 1941, 2624, 1966, 1921, 2586, 1978, 2026, 3885, 1953, 2272, 4246, 1947, 2062, 2628, 3838, 1973, 3857, 5774, 1963, 4186, 4216, 5751, 2294]}