{"avg": [0.11358026, 0.18442464, 0.13703607, 0.15811288, 0.18959533, 0.21105298, 0.17387548, 0.16479951, 0.1582791, 0.18163086, 0.19179323, 0.19102313, 0.14634995, 0.1848153, 0.19304447, 0.18049641, 0.18750966, 0.20646968, 0.21624994, 0.1844987, 0.18719438, 0.21597055, 0.2043351, 0.18974815, 0.19160792, 0.18755008, 0.21844423, 0.1836036, 0.19433114, 0.21106659, 0.22260942, 0.21681874, 0.19927873, 0.21540508, 0.21846348, 0.20907478, 0.22090745, 0.23826912, 0.22504242, 0.24304527, 0.22835235, 0.21394512, 0.2642325, 0.25659403, 0.21648239, 0.2352562, 0.23732413, 0.2542171, 0.2530612, 0.27234668], "std": [0.073288016, 0.055380803, 0.05655095, 0.08576439, 0.07956578, 0.081651494, 0.06410673, 0.08224876, 0.047191698, 0.053970005, 0.087336145, 0.0509023, 0.070290715, 0.06626323, 0.068186395, 0.0782032, 0.07729146, 0.050243836, 0.063703604, 0.051828507, 0.06986382, 0.06486194, 0.08149983, 0.06712332, 0.095457524, 0.07856723, 0.03667904, 0.086944595, 0.075046584, 0.061106324, 0.061401345, 0.049874518, 0.05185564, 0.058272645, 0.07508492, 0.052999467, 0.08218702, 0.0687883, 0.06816195, 0.062382698, 0.057535008, 0.045481443, 0.04533133, 0.07477618, 0.078822955, 0.048931345, 0.059021115, 0.070353314, 0.09633381, 0.059260365], "var": [0.99333334, 0.99333334, 0.98, 0.97333336, 0.96, 0.96, 0.96, 0.94666666, 0.93333334, 0.92, 0.91333336, 0.91333336, 0.9, 0.88666666, 0.87333333, 0.8666667, 0.86, 0.85333335, 0.85333335, 0.85333335, 0.8466667, 0.8466667, 0.8333333, 0.82666665, 0.82, 0.82, 0.8066667, 0.79333335, 0.7866667, 0.7866667, 0.79333335, 0.79333335, 0.8, 0.8066667, 0.8066667, 0.8, 0.7866667, 0.78, 0.78, 0.76666665, 0.75333333, 0.74666667, 0.74666667, 0.74666667, 0.74666667, 0.73333335, 0.7266667, 0.7133333, 0.72, 0.7266667], "best": [0.2777778, 0.31137568, 0.21970123, 0.2968254, 0.39808595, 0.40049264, 0.309231, 0.30060345, 0.21477677, 0.2966718, 0.37727657, 0.3001942, 0.21720606, 0.30041286, 0.30109742, 0.38000613, 0.30210492, 0.29955578, 0.31116232, 0.3003533, 0.30089518, 0.31164315, 0.40158734, 0.30261204, 0.31206274, 0.31253153, 0.30169433, 0.30359286, 0.30262682, 0.30430704, 0.30975103, 0.30443555, 0.30292687, 0.31288534, 0.30805862, 0.30293202, 0.3060492, 0.40240964, 0.30780324, 0.40303355, 0.31481484, 0.3107758, 0.31131417, 0.4038595, 0.31086048, 0.3088374, 0.31284654, 0.40446445, 0.40498048, 0.3815322], "duration": [2438, 2068, 3994, 3976, 2397, 2071, 2074, 2536, 2126, 2073, 4004, 2114, 2053, 4420, 4121, 3868, 1930, 1914, 7822, 5904, 5809, 3954, 4231, 3938, 3931, 3990, 5906, 1993, 3900, 3958, 1982, 5934, 3978, 1984, 7843, 5907, 4021, 3899, 4194, 4290, 2030, 3931, 2027, 1933, 5819, 9681, 5891, 9697, 7772, 7879]}