{"avg": [0.3679012, 0.37757555, 0.4251034, 0.38098496, 0.4084898, 0.46392044, 0.38593218, 0.43503737, 0.40089217, 0.42559844, 0.4327404, 0.429902, 0.43879896, 0.42480963, 0.442275, 0.46308127, 0.43309346, 0.45887294, 0.42112988, 0.42109624, 0.43070385, 0.44461298, 0.4561399, 0.46989653, 0.4507879, 0.4852429, 0.45618117, 0.45197287, 0.49286854, 0.43879488, 0.5172619, 0.43630123, 0.48812172, 0.48734963, 0.47800338, 0.4671077, 0.45498842, 0.49382636, 0.4831054, 0.48621964, 0.5275833, 0.5275276, 0.4585231, 0.50301677, 0.48526645, 0.53077954, 0.48908186, 0.49639282, 0.52966934, 0.5283725], "std": [0.09833239, 0.13273853, 0.081221074, 0.14119099, 0.1444363, 0.089367285, 0.11995008, 0.104251176, 0.1253699, 0.10663282, 0.17282747, 0.13122334, 0.10998081, 0.11366712, 0.12412586, 0.081183694, 0.110633194, 0.10525911, 0.11584997, 0.14015223, 0.13392685, 0.12461344, 0.12319278, 0.10816371, 0.13468859, 0.102376066, 0.10911178, 0.1250555, 0.08857172, 0.10435984, 0.05800911, 0.10528412, 0.07853826, 0.07369362, 0.10535446, 0.10467136, 0.11217367, 0.0749231, 0.09957724, 0.101913475, 0.037832107, 0.0472672, 0.105601795, 0.07010014, 0.08137663, 0.037525475, 0.10044308, 0.09817398, 0.047830824, 0.048696075], "var": [1.0, 1.0, 0.9866667, 0.97333336, 0.96666664, 0.96666664, 0.96, 0.94666666, 0.93333334, 0.9266667, 0.9266667, 0.9266667, 0.9266667, 0.92, 0.9066667, 0.8933333, 0.88666666, 0.87333333, 0.8666667, 0.86, 0.85333335, 0.8466667, 0.84, 0.84, 0.8333333, 0.82, 0.8066667, 0.8066667, 0.81333333, 0.8066667, 0.8066667, 0.8, 0.79333335, 0.79333335, 0.7866667, 0.78, 0.78, 0.7733333, 0.78, 0.78, 0.76666665, 0.76666665, 0.76666665, 0.75333333, 0.75333333, 0.75333333, 0.76, 0.76, 0.76, 0.75333333], "best": [0.51111114, 0.5481482, 0.53764176, 0.53308916, 0.53705287, 0.54087305, 0.53842205, 0.5373016, 0.5366586, 0.5372248, 0.5379839, 0.53897333, 0.53968257, 0.5409267, 0.53912234, 0.5408964, 0.5398557, 0.5413026, 0.5443212, 0.5395219, 0.5460923, 0.5445373, 0.54155195, 0.54685557, 0.5470861, 0.5446887, 0.54196745, 0.54200196, 0.54234564, 0.5467539, 0.5429956, 0.54468524, 0.54461765, 0.5439331, 0.54433846, 0.5442151, 0.54630613, 0.5463582, 0.54618734, 0.5454238, 0.54625356, 0.5462666, 0.5450587, 0.543083, 0.5463037, 0.5463307, 0.54659855, 0.54831904, 0.548696, 0.54939365], "duration": [26853, 25152, 25044, 24940, 27037, 27067, 26896, 27389, 23445, 27506, 27514, 25579, 27201, 25535, 27470, 32187, 27512, 27190, 25747, 27548, 25245, 27510, 27414, 25406, 27346, 27311, 27262, 27224, 27296, 25315, 27372, 27128, 27228, 27172, 27257, 27327, 27066, 27340, 27283, 27320, 27186, 27289, 27346, 27301, 27355, 27344, 27429, 27341, 27343, 27315]}