{"avg": [0.15711115, 0.18797144, 0.19395874, 0.19603811, 0.19974129, 0.20315048, 0.20776194, 0.21287216, 0.21499723, 0.21535559, 0.2156502, 0.21616137, 0.2182532, 0.22079733, 0.23236556, 0.23960698, 0.24359581, 0.24401885, 0.24633446, 0.245076, 0.24756154, 0.24591845, 0.24705784, 0.2515451, 0.25917777, 0.26109764, 0.26542702, 0.27019793, 0.27624652, 0.28084514, 0.28734538, 0.29512194, 0.29973176, 0.30551282, 0.31086424, 0.32042214, 0.32124528, 0.3298785, 0.340747, 0.3492255, 0.35253045, 0.35966834, 0.36564878, 0.3707408, 0.37406963, 0.38120434, 0.38260245, 0.3850241, 0.39252877, 0.39630508], "std": [0.079442814, 0.081508726, 0.08629926, 0.08613493, 0.08630649, 0.08655194, 0.08171015, 0.07624403, 0.07542983, 0.07534612, 0.07371437, 0.07537184, 0.07433272, 0.07443651, 0.07299565, 0.07137072, 0.07021241, 0.07345512, 0.07158843, 0.07144679, 0.06925018, 0.07134904, 0.06967215, 0.07077834, 0.07698749, 0.07480135, 0.07568504, 0.075068876, 0.0722196, 0.077312395, 0.07364044, 0.07663636, 0.07814843, 0.080568045, 0.08450114, 0.08468235, 0.08492926, 0.08565263, 0.08165507, 0.08012169, 0.079024084, 0.075487606, 0.07661781, 0.07545253, 0.07321853, 0.07120439, 0.07440989, 0.07199357, 0.06984267, 0.06881806], "var": [0.96, 0.92, 0.88, 0.88, 0.88, 0.86, 0.82, 0.78, 0.78, 0.82, 0.8, 0.82, 0.84, 0.82, 0.82, 0.8, 0.8, 0.8, 0.78, 0.78, 0.78, 0.76, 0.76, 0.74, 0.72, 0.74, 0.7, 0.7, 0.7, 0.66, 0.62, 0.6, 0.56, 0.58, 0.6, 0.64, 0.66, 0.62, 0.62, 0.62, 0.58, 0.58, 0.56, 0.52, 0.5, 0.5, 0.48, 0.46, 0.44, 0.4], "best": [0.3777778, 0.408254, 0.40777782, 0.40746036, 0.40730163, 0.40796828, 0.4084921, 0.40886626, 0.40914688, 0.40941802, 0.40963495, 0.40976918, 0.40992066, 0.41004887, 0.41056693, 0.4114286, 0.4122421, 0.41293186, 0.41359794, 0.41421893, 0.41477782, 0.41526082, 0.4156999, 0.4161008, 0.41672623, 0.41732067, 0.4178694, 0.4187302, 0.41959754, 0.42042148, 0.42153972, 0.4226319, 0.42370045, 0.42490625, 0.42592907, 0.42717916, 0.428545, 0.42997858, 0.43166253, 0.43354094, 0.43536115, 0.4371971, 0.43897963, 0.44090074, 0.44283193, 0.4446773, 0.44651487, 0.44821346, 0.44976193, 0.45143184], "duration": [7529, 8086, 8156, 8182, 8765, 9438, 9416, 8817, 8142, 8168, 8107, 7549, 8089, 6812, 8038, 8144, 8142, 8084, 8230, 7556, 7527, 7570, 7019, 6886, 6881, 6902, 7082, 6407, 6188, 6181, 6384, 6202, 6290, 6177, 5647, 6277, 6168, 6320, 6243, 6376, 6263, 6446, 6281, 6449, 6251, 6275, 5649, 6196, 6183, 5509]}