{"avg": [0.16319445, 0.15709658, 0.20221311, 0.2525667, 0.20775855, 0.21119279, 0.22085011, 0.20703615, 0.22516689, 0.20614776, 0.24874817, 0.26168922, 0.219735, 0.25544462, 0.2789726, 0.238843, 0.28747797, 0.2674307, 0.30081257, 0.32476842, 0.30882618, 0.30559114, 0.29817528, 0.29985487, 0.31727475, 0.2785109, 0.31644177, 0.3288338, 0.30790284, 0.33928704, 0.3593132, 0.3485788, 0.36538544, 0.34546155, 0.37391055, 0.3731063, 0.36743602, 0.39946005, 0.39024368, 0.40554962, 0.4229582, 0.4161705, 0.41891444, 0.42659637, 0.38781545, 0.40422258, 0.44309682, 0.42996174, 0.39137936, 0.45655558], "std": [0.090328515, 0.070473, 0.07474666, 0.09040357, 0.09032739, 0.10039742, 0.103754476, 0.09721579, 0.097957686, 0.06330637, 0.08204182, 0.10098892, 0.07572718, 0.09008791, 0.085852705, 0.093810655, 0.0924816, 0.09717248, 0.10205362, 0.0739143, 0.074494824, 0.07117072, 0.098909564, 0.12122771, 0.10759937, 0.08124302, 0.079913236, 0.09205565, 0.10263737, 0.08047427, 0.09915371, 0.10085385, 0.08259368, 0.085113764, 0.07443222, 0.104598366, 0.09397849, 0.06511449, 0.089417495, 0.059198223, 0.07347363, 0.06217701, 0.09627876, 0.06305443, 0.11263637, 0.1045991, 0.056460347, 0.08583862, 0.109655194, 0.05231447], "var": [0.98, 0.98, 0.96, 0.94, 0.94, 0.92, 0.92, 0.9, 0.88, 0.86, 0.86, 0.82, 0.8, 0.78, 0.8, 0.78, 0.8, 0.8, 0.82, 0.82, 0.82, 0.8, 0.8, 0.82, 0.82, 0.82, 0.8, 0.82, 0.8, 0.76, 0.74, 0.74, 0.74, 0.74, 0.72, 0.72, 0.72, 0.68, 0.66, 0.64, 0.62, 0.64, 0.64, 0.62, 0.6, 0.6, 0.6, 0.6, 0.6, 0.62], "best": [0.3777778, 0.3090278, 0.41310808, 0.41422096, 0.4242808, 0.4171664, 0.42467535, 0.38642725, 0.42414373, 0.33152083, 0.424662, 0.41887918, 0.33973217, 0.4263215, 0.4203333, 0.38466725, 0.4291317, 0.43054253, 0.43292, 0.42673713, 0.43640316, 0.43826112, 0.4411342, 0.44323778, 0.4459116, 0.3988996, 0.44874853, 0.45085603, 0.45222896, 0.4536004, 0.45660067, 0.4594378, 0.46175966, 0.46209207, 0.46723607, 0.46991944, 0.46869433, 0.47424403, 0.4766047, 0.4788176, 0.4812943, 0.48396614, 0.48597732, 0.4879356, 0.4903503, 0.49187887, 0.49323946, 0.4952107, 0.4976294, 0.49933967], "duration": [3909, 1955, 6184, 3925, 1956, 5942, 6222, 7833, 6008, 2349, 4331, 5802, 2329, 5874, 5903, 7815, 8151, 6296, 5859, 12001, 7823, 10257, 5843, 5840, 12073, 5793, 5877, 5927, 7789, 3978, 7526, 3903, 4254, 6155, 5890, 1935, 5922, 3904, 1989, 1938, 2028, 9744, 3992, 3914, 3921, 5889, 2350, 6263, 2043, 1946]}