{"avg": [0.16319446, 0.16066177, 0.18203945, 0.19350201, 0.24179958, 0.18668064, 0.22257042, 0.20161322, 0.23108444, 0.22227852, 0.18254322, 0.26287204, 0.24305293, 0.2629999, 0.26151225, 0.22336675, 0.26878148, 0.24879071, 0.26862618, 0.22574957, 0.26811418, 0.25785708, 0.28505668, 0.2909685, 0.28048342, 0.28151423, 0.29948893, 0.31139252, 0.305476, 0.29887465, 0.33706105, 0.3200286, 0.3032093, 0.29810253, 0.3218665, 0.3327934, 0.3365846, 0.33642873, 0.31236923, 0.30458245, 0.32567984, 0.37016594, 0.35224098, 0.381168, 0.37522912, 0.3940012, 0.4097747, 0.37163636, 0.36833835, 0.3871635], "std": [0.09507297, 0.09223318, 0.10153786, 0.07145965, 0.083882436, 0.10423248, 0.090440094, 0.07791529, 0.07447739, 0.05737986, 0.09250183, 0.0691932, 0.08691606, 0.081984185, 0.089006126, 0.08832076, 0.07513117, 0.084822774, 0.11312609, 0.08798785, 0.08280749, 0.07283585, 0.08101717, 0.09039696, 0.07549548, 0.07413639, 0.087177746, 0.06972116, 0.094921395, 0.09210237, 0.071888536, 0.08524566, 0.09183307, 0.064118125, 0.096129574, 0.07999353, 0.0677001, 0.09131164, 0.100776345, 0.08487695, 0.10710794, 0.052036766, 0.08560727, 0.04507191, 0.06967824, 0.06920641, 0.063575715, 0.07808185, 0.09465335, 0.070473544], "var": [0.98, 0.98, 0.98, 0.98, 0.98, 0.96, 0.96, 0.96, 0.96, 0.96, 0.96, 0.98, 0.98, 0.98, 0.98, 0.98, 0.98, 0.98, 0.98, 0.98, 0.98, 0.98, 0.94, 0.94, 0.94, 0.94, 0.94, 0.92, 0.92, 0.9, 0.9, 0.9, 0.9, 0.92, 0.9, 0.92, 0.92, 0.9, 0.92, 0.92, 0.92, 0.92, 0.88, 0.86, 0.88, 0.86, 0.86, 0.84, 0.88, 0.88], "best": [0.3777778, 0.2919643, 0.40303034, 0.30357143, 0.4627451, 0.44456205, 0.40698743, 0.30821258, 0.39502, 0.314517, 0.30399662, 0.3943582, 0.39654762, 0.40557405, 0.40738446, 0.3992838, 0.40722165, 0.40846375, 0.40925205, 0.40990913, 0.4589923, 0.40300754, 0.41080606, 0.41256684, 0.4142245, 0.4145804, 0.41529888, 0.41732988, 0.41831502, 0.41994745, 0.4198103, 0.4219524, 0.42031133, 0.421729, 0.48083365, 0.5149201, 0.48221734, 0.48308212, 0.4724963, 0.4304123, 0.4797342, 0.42867967, 0.43231496, 0.43069777, 0.5240046, 0.5313536, 0.5273343, 0.4910299, 0.48932183, 0.5310675], "duration": [5974, 9147, 3116, 5854, 11027, 11745, 7632, 7676, 10926, 6016, 7017, 7165, 11059, 4851, 5346, 11127, 2837, 7065, 5023, 6990, 7011, 2913, 9159, 5088, 7211, 3569, 5041, 4962, 2733, 5051, 2683, 4719, 3413, 7394, 3673, 7604, 5554, 3250, 5017, 9803, 7054, 3880, 3090, 2908, 3368, 5253, 4547, 5519, 7194, 5157]}