{"avg": [0.17619051, 0.19996224, 0.253447, 0.21842839, 0.24902266, 0.24359155, 0.29021582, 0.28154242, 0.3197003, 0.32757372, 0.32727435, 0.33528915, 0.37019476, 0.38453323, 0.37882975, 0.35378772, 0.36925322, 0.4244989, 0.41534346, 0.4123073, 0.45169085, 0.457801, 0.43687174, 0.44582424, 0.47320512, 0.47808692, 0.48299977, 0.48722312, 0.49117705, 0.49607226, 0.5000391, 0.5032278, 0.507205, 0.51045215, 0.5132905, 0.5161738, 0.5188918, 0.5218135, 0.5242224, 0.5263457, 0.5283676, 0.5301503, 0.5321351, 0.53389317, 0.5359525, 0.5375463, 0.5391889, 0.540429, 0.5419466, 0.5431966], "std": [0.07798806, 0.099871665, 0.08195953, 0.09211266, 0.10288241, 0.077337526, 0.058156956, 0.07079342, 0.0647618, 0.06382401, 0.07578013, 0.077213496, 0.045407075, 0.05049562, 0.06678067, 0.09330931, 0.095991254, 0.018935757, 0.055916984, 0.07206679, 0.0, 2.9802322e-08, 0.06944733, 0.06420616, 8.940697e-08, 5.9604645e-08, 8.940697e-08, 0.0, 5.9604645e-08, 0.0, 0.0, 0.0, 0.0, 5.9604645e-08, 1.1920929e-07, 0.0, 0.0, 1.1920929e-07, 0.0, 0.0, 0.0, 1.1920929e-07, 1.1920929e-07, 5.9604645e-08, 5.9604645e-08, 5.9604645e-08, 0.0, 5.9604645e-08, 5.9604645e-08, 0.0], "var": [0.96, 0.88, 0.84, 0.76, 0.76, 0.76, 0.72, 0.68, 0.6, 0.56, 0.48, 0.48, 0.44, 0.44, 0.4, 0.32, 0.24, 0.24, 0.2, 0.12, 0.12, 0.12, 0.12, 0.04, 0.04, 0.04, 0.04, 0.04, 0.04, 0.04, 0.04, 0.04, 0.04, 0.04, 0.04, 0.04, 0.04, 0.04, 0.04, 0.04, 0.04, 0.04, 0.04, 0.04, 0.04, 0.04, 0.04, 0.04, 0.04, 0.04], "best": [0.2888889, 0.3287982, 0.34004885, 0.36080587, 0.3559449, 0.3628618, 0.3612581, 0.3644946, 0.36743888, 0.37949207, 0.38791826, 0.39514655, 0.40046686, 0.40834194, 0.41636145, 0.42315328, 0.42757493, 0.43274146, 0.43883085, 0.4454518, 0.45169085, 0.45780104, 0.46444446, 0.46833032, 0.4732052, 0.47808686, 0.48299968, 0.48722312, 0.491177, 0.49607226, 0.5000391, 0.5032278, 0.507205, 0.5104521, 0.51329064, 0.5161738, 0.5188918, 0.52181363, 0.5242224, 0.5263457, 0.5283676, 0.5301502, 0.53213525, 0.5338932, 0.53595245, 0.53754634, 0.5391889, 0.54042894, 0.54194665, 0.5431966], "duration": [1988, 3096, 1998, 1975, 2261, 2300, 1951, 2950, 2291, 2338, 2619, 2662, 1959, 1995, 1952, 1947, 1954, 1976, 1972, 1987, 1997, 1955, 1970, 1942, 1975, 2292, 1955, 1966, 2012, 2315, 1954, 1940, 2293, 2290, 1965, 1954, 2289, 1964, 2039, 1985, 1966, 2289, 1943, 1966, 2318, 3698, 1979, 2306, 1967, 1950]}