{"avg": [0.34222224, 0.40952387, 0.44053495, 0.38625443, 0.40559885, 0.4197393, 0.43099692, 0.34528726, 0.43184373, 0.43567023, 0.43461484, 0.44033203, 0.4274453, 0.4485888, 0.4487105, 0.44101098, 0.4364932, 0.4769577, 0.5159345, 0.50050426, 0.52779573, 0.48718616, 0.51946795, 0.49224108, 0.504059, 0.5008602, 0.5454686, 0.50878155, 0.5277301, 0.5477246, 0.5157362, 0.51411027, 0.526318, 0.50049263, 0.534708, 0.5019162, 0.4921372, 0.5296174, 0.5549755, 0.5579624, 0.52262646, 0.54982865, 0.53876877, 0.56812, 0.5497178, 0.5488897, 0.5308735, 0.5715899, 0.5696736, 0.5657642], "std": [0.13475783, 0.16385192, 0.10682856, 0.15142387, 0.121674016, 0.12126104, 0.1443384, 0.15672141, 0.12442935, 0.12473187, 0.10894598, 0.11141804, 0.13996355, 0.12656741, 0.14389059, 0.15411872, 0.15134047, 0.10763308, 0.0625254, 0.07463975, 0.05134002, 0.104886964, 0.055912357, 0.08303164, 0.0704436, 0.076306984, 0.00998151, 0.07492239, 0.058148816, 0.009902933, 0.07110439, 0.070648946, 0.064456224, 0.10403491, 0.050874528, 0.08947772, 0.10750589, 0.07003637, 0.013940718, 0.013805271, 0.09858883, 0.04146788, 0.06686729, 0.012909454, 0.04820694, 0.047737215, 0.10230654, 0.015697015, 0.017223893, 0.050653554], "var": [0.9866667, 0.9866667, 0.97333336, 0.94666666, 0.93333334, 0.9066667, 0.8933333, 0.8933333, 0.8933333, 0.8666667, 0.85333335, 0.85333335, 0.84, 0.82666665, 0.81333333, 0.7866667, 0.76, 0.73333335, 0.74666667, 0.72, 0.70666665, 0.68, 0.68, 0.68, 0.6533333, 0.62666667, 0.64, 0.6533333, 0.6533333, 0.6533333, 0.64, 0.62666667, 0.62666667, 0.61333334, 0.6, 0.58666664, 0.56, 0.56, 0.5466667, 0.53333336, 0.52, 0.52, 0.50666666, 0.50666666, 0.49333334, 0.49333334, 0.46666667, 0.45333335, 0.44, 0.42666668], "best": [0.51111114, 0.5603175, 0.555658, 0.555754, 0.5417749, 0.54903, 0.5446388, 0.54599, 0.5443718, 0.5468254, 0.55118084, 0.55261153, 0.5420878, 0.54900515, 0.5505164, 0.55118084, 0.55355024, 0.5520125, 0.5525962, 0.55002314, 0.5538518, 0.5535088, 0.55501616, 0.5554109, 0.55553925, 0.55578345, 0.55827665, 0.5600985, 0.5607363, 0.56276655, 0.5860971, 0.5643718, 0.5656126, 0.56553936, 0.5661269, 0.56785506, 0.5642596, 0.56831014, 0.5712, 0.5737438, 0.57503456, 0.57669556, 0.57770777, 0.58004606, 0.5830072, 0.5843385, 0.5853597, 0.5867746, 0.58932054, 0.59111595], "duration": [27023, 27551, 27332, 26552, 26995, 31313, 27140, 24957, 25473, 31622, 26983, 27161, 27369, 27656, 27839, 27106, 31627, 27359, 27468, 27506, 27565, 27640, 27600, 27423, 27601, 27496, 28073, 27378, 27426, 27399, 27273, 27401, 27483, 27529, 27840, 27709, 27589, 27606, 27754, 32159, 27334, 36559, 27502, 27526, 27456, 27456, 27517, 27307, 27356, 27303]}