{"avg": [0.48148152, 0.5071429, 0.5103757, 0.4992267, 0.49691486, 0.49817124, 0.50135934, 0.5091116, 0.5153319, 0.50047237, 0.5075, 0.504396, 0.5070836, 0.51261795, 0.51651585, 0.5107992, 0.5114648, 0.50613153, 0.51209456, 0.51737535, 0.5121205, 0.5084126, 0.5109436, 0.51254535, 0.5189336, 0.5113198, 0.5170212, 0.518927, 0.5111882, 0.52109236, 0.5328886, 0.52358675, 0.5199833, 0.5241808, 0.5419857, 0.53030694, 0.5341426, 0.54423267, 0.5355817, 0.534581, 0.5435241, 0.5428244, 0.543786, 0.54245776, 0.54173326, 0.5426471, 0.5469837, 0.55164987, 0.5420268, 0.5762175], "std": [0.026501548, 0.02530277, 0.02945793, 0.015272343, 0.016116543, 0.013171933, 0.0120299, 0.020875335, 0.0218021, 0.01456128, 0.024376478, 0.01735955, 0.015819306, 0.024630276, 0.025481258, 0.020474162, 0.025339436, 0.011271253, 0.02117168, 0.020178558, 0.018508082, 0.01861941, 0.018196672, 0.017667167, 0.02343162, 0.013072227, 0.014094932, 0.025125869, 0.00918971, 0.019793373, 0.022529751, 0.018216489, 0.016479518, 0.01970215, 0.027964955, 0.024815578, 0.024052104, 0.019323977, 0.017043348, 0.022071585, 0.022663113, 0.023921326, 0.026239919, 0.019665217, 0.013325475, 0.021394292, 0.023232978, 0.026865797, 0.021987546, 0.029575367], "var": [0.98, 0.96, 0.92, 0.92, 0.9, 0.86, 0.84, 0.82, 0.8, 0.8, 0.8, 0.78, 0.76, 0.74, 0.72, 0.72, 0.72, 0.7, 0.68, 0.64, 0.62, 0.66, 0.64, 0.62, 0.6, 0.58, 0.58, 0.54, 0.56, 0.56, 0.54, 0.54, 0.52, 0.54, 0.56, 0.52, 0.5, 0.48, 0.48, 0.46, 0.46, 0.44, 0.42, 0.4, 0.4, 0.38, 0.36, 0.36, 0.32, 0.32], "best": [0.5555556, 0.5634921, 0.5834702, 0.5444445, 0.55298305, 0.54568386, 0.53569704, 0.54637617, 0.54790765, 0.54830265, 0.5757143, 0.5469689, 0.5450496, 0.5839812, 0.5746631, 0.55172133, 0.5942702, 0.53482944, 0.5609731, 0.55758864, 0.5525459, 0.5549591, 0.55513763, 0.5554345, 0.56028724, 0.5505243, 0.55587304, 0.6125263, 0.52417415, 0.56070983, 0.5662517, 0.57231414, 0.5715096, 0.5714568, 0.5971447, 0.57745975, 0.6033895, 0.5823316, 0.576131, 0.5883537, 0.5898331, 0.59250736, 0.5941148, 0.59623736, 0.55412024, 0.57974875, 0.60254914, 0.60503197, 0.56418, 0.6145618], "duration": [182052, 187400, 170728, 180528, 219818, 227329, 199738, 194323, 203787, 200846, 199430, 139581, 147038, 175188, 247303, 144733, 143206, 154114, 147308, 143393, 166648, 146909, 146287, 141413, 144438, 154451, 144715, 137745, 150211, 158318, 153839, 220460, 203810, 1260523, 1244818, 705059, 657723, 152520, 170366, 210611, 182242, 207444, 255191, 184102, 262489, 247927, 302727, 490996, 496520, 427901]}