{"avg": [0.3412698, 0.35483, 0.4381344, 0.39212155, 0.4100622, 0.4135948, 0.48206842, 0.4754213, 0.4937777, 0.45258257, 0.4810133, 0.4767886, 0.50288653, 0.496094, 0.52058774, 0.52276456, 0.49088266, 0.4982915, 0.5397985, 0.5114582, 0.48775685, 0.54476917, 0.5046152, 0.5135085, 0.5461048, 0.54734933, 0.5217454, 0.5664464, 0.57141536, 0.5512284, 0.55100816, 0.5565637, 0.57536674, 0.56104773, 0.5739751, 0.5645967, 0.56875724, 0.56749004, 0.57697445, 0.5798054, 0.571327, 0.5967125, 0.5948426, 0.5876299, 0.6074438, 0.6074097, 0.61159754, 0.616637, 0.61860275, 0.62209773], "std": [0.0842467, 0.13791513, 0.1267882, 0.13525768, 0.1421533, 0.11864492, 0.10337474, 0.08696219, 0.10585201, 0.096347176, 0.08721198, 0.08496636, 0.076264136, 0.07875795, 0.059260327, 0.074218206, 0.10609204, 0.10198952, 0.04220819, 0.10361689, 0.08508001, 0.043835614, 0.10369214, 0.107519574, 0.044485584, 0.04283692, 0.101078115, 0.013508923, 0.015686385, 0.05790123, 0.047112, 0.045369506, 0.013724911, 0.058399357, 0.01942693, 0.06410281, 0.06263764, 0.05223601, 0.05239385, 0.024663974, 0.05627163, 0.020521924, 0.022758398, 0.029363526, 0.017818855, 0.02629302, 0.017653977, 0.02152356, 0.023086902, 0.02066554], "var": [0.98, 0.96, 0.92, 0.92, 0.88, 0.88, 0.84, 0.82, 0.78, 0.76, 0.76, 0.74, 0.7, 0.72, 0.7, 0.66, 0.64, 0.62, 0.6, 0.6, 0.58, 0.58, 0.6, 0.62, 0.64, 0.68, 0.66, 0.62, 0.6, 0.6, 0.6, 0.56, 0.54, 0.56, 0.54, 0.54, 0.5, 0.5, 0.48, 0.44, 0.42, 0.42, 0.4, 0.36, 0.32, 0.32, 0.32, 0.3, 0.28, 0.26], "best": [0.51111114, 0.5349207, 0.55298305, 0.5520857, 0.55664164, 0.5580953, 0.546049, 0.5532187, 0.5549509, 0.55821997, 0.55782604, 0.55913836, 0.55997676, 0.5594237, 0.5618687, 0.5624089, 0.5667947, 0.5656746, 0.5656535, 0.5665064, 0.56980085, 0.56991345, 0.5723553, 0.5730423, 0.5733724, 0.57486916, 0.5755682, 0.57621706, 0.58105505, 0.5859029, 0.5860957, 0.5871721, 0.5905887, 0.5934893, 0.5947601, 0.59743166, 0.60040754, 0.6019862, 0.6090966, 0.6070205, 0.6084648, 0.6100354, 0.6131467, 0.61607325, 0.617465, 0.6206418, 0.62370193, 0.62660706, 0.6304155, 0.6332725], "duration": [31587, 25538, 27084, 24773, 26963, 28070, 27496, 31737, 27495, 27186, 31816, 27193, 27370, 27299, 27308, 27289, 27310, 27285, 27377, 27332, 27377, 27332, 27353, 27335, 27314, 31892, 27310, 27330, 27359, 27284, 27312, 27365, 31906, 27372, 31874, 27332, 27322, 27349, 27306, 27285, 27364, 27381, 31858, 27287, 27351, 27336, 27392, 31869, 27368, 31871]}