{"avg": [0.12418302, 0.16590935, 0.15405896, 0.19501403, 0.20879357, 0.24174981, 0.21973386, 0.17316626, 0.23105207, 0.19902156, 0.19996963, 0.23562138, 0.2578625, 0.29194507, 0.24762283, 0.25643447, 0.26075715, 0.30559656, 0.30418643, 0.26461923, 0.31046104, 0.3262793, 0.3063938, 0.2973574, 0.2881321, 0.37147263, 0.35945046, 0.34533167, 0.34552953, 0.30221772, 0.3287943, 0.38254535, 0.3491854, 0.36162946, 0.34502205, 0.33095032, 0.3693161, 0.34810284, 0.3901142, 0.3896318, 0.3527972, 0.37415215, 0.3830178, 0.39405733, 0.41824007, 0.41748065, 0.35541683, 0.43923092, 0.33557233, 0.43460885], "std": [0.07029715, 0.10337698, 0.10445506, 0.11598209, 0.12317924, 0.14195468, 0.1176339, 0.10095482, 0.1363101, 0.14488302, 0.12011116, 0.14855735, 0.09554218, 0.1344462, 0.09545647, 0.107907996, 0.13567156, 0.13919924, 0.08917567, 0.07838011, 0.09978558, 0.09832909, 0.09680694, 0.10715106, 0.14703278, 0.116324775, 0.13036656, 0.11615616, 0.08149426, 0.08769151, 0.13226473, 0.14207317, 0.096972294, 0.11552546, 0.09019486, 0.14346276, 0.11375185, 0.09520332, 0.11301043, 0.09520899, 0.13135532, 0.15492524, 0.10808586, 0.11945193, 0.12803331, 0.09739437, 0.13277072, 0.11075755, 0.11416824, 0.10177163], "var": [1.0, 1.0, 1.0, 1.0, 1.0, 1.0, 1.0, 1.0, 1.0, 1.0, 1.0, 1.0, 1.0, 1.0, 1.0, 1.0, 1.0, 1.0, 1.0, 0.96, 0.96, 0.98, 0.98, 0.98, 0.94, 0.92, 0.92, 0.92, 0.94, 0.94, 0.94, 0.94, 0.94, 0.94, 0.94, 0.94, 0.94, 0.94, 0.94, 0.9, 0.9, 0.9, 0.9, 0.9, 0.9, 0.9, 0.9, 0.86, 0.86, 0.86], "best": [0.20000002, 0.37236232, 0.3746032, 0.39650798, 0.39144757, 0.5411565, 0.40317464, 0.34536344, 0.54267263, 0.54500663, 0.39415365, 0.5460685, 0.38566393, 0.54699963, 0.38676536, 0.3890284, 0.54138863, 0.548978, 0.4005199, 0.37529245, 0.5414888, 0.5422194, 0.54841954, 0.55233747, 0.55052215, 0.55375236, 0.55497384, 0.54824066, 0.55787027, 0.39815393, 0.5503742, 0.5567786, 0.55234, 0.55877626, 0.5540398, 0.5610678, 0.56214964, 0.5615676, 0.56244546, 0.5639434, 0.5652409, 0.5661984, 0.567582, 0.5683172, 0.5688021, 0.57061815, 0.5701417, 0.5716996, 0.5698771, 0.5729231], "duration": [2240, 3827, 1918, 6024, 8036, 9524, 7658, 3820, 5921, 3976, 1974, 9689, 9578, 7643, 11458, 7673, 7715, 9675, 8067, 9606, 4346, 5917, 4083, 11788, 6202, 3982, 7769, 5957, 9622, 7643, 7776, 7811, 6141, 5954, 4029, 3985, 8102, 5834, 10328, 5885, 2255, 4038, 9997, 4026, 4045, 5964, 7759, 4087, 11522, 6322]}