{"avg": [0.30555558, 0.38611114, 0.4645844, 0.423499, 0.45541155, 0.43123785, 0.43948194, 0.3531454, 0.4333104, 0.45326883, 0.46591464, 0.47754806, 0.48523366, 0.46282333, 0.48977277, 0.46797138, 0.4978125, 0.4523533, 0.49247628, 0.5033875, 0.5393808, 0.5033483, 0.51002175, 0.537193, 0.5455567, 0.5279718, 0.50965357, 0.5669994, 0.54160994, 0.52844876, 0.5590436, 0.5436489, 0.546512, 0.5800398, 0.58227444, 0.5855288, 0.5999288, 0.6084476, 0.6120904, 0.5952879, 0.61276096, 0.60993975, 0.6218702, 0.6191421, 0.6218761, 0.626493, 0.6380916, 0.6408806, 0.6423047, 0.6572835, 0.65062344, 0.6531822, 0.66089994, 0.66225344, 0.6602604, 0.6539407, 0.66637874, 0.66907376, 0.66060764, 0.6789461, 0.6872406, 0.6875654, 0.68999994, 0.6846003, 0.6967777, 0.69680506, 0.69338, 0.7002496, 0.6934274, 0.69669294, 0.7082375, 0.71008307, 0.70295, 0.7049045, 0.71480566, 0.7166926, 0.718419, 0.7203063, 0.7219369, 0.72342706, 0.72516835, 0.72667474, 0.72805285, 0.7297525, 0.7310599, 0.7324218, 0.73350435, 0.73496944, 0.73616123, 0.7372503, 0.73839307, 0.73965925, 0.74089533, 0.7419622, 0.7431449, 0.74416614, 0.74516684, 0.7462126, 0.74710953, 0.7480527, 0.7490998, 0.750184, 0.75112724, 0.75187975, 0.7526769, 0.75346005, 0.75439364, 0.7552014, 0.7562562, 0.75692874, 0.76021177, 0.75864005, 0.75951874, 0.7601901, 0.7609445, 0.7616855, 0.7624587, 0.7630401, 0.763657, 0.7643509, 0.76499075, 0.7657033, 0.76636285, 0.7669707, 0.767767, 0.7684698, 0.7690457, 0.7695752, 0.7702455, 0.77072215, 0.77137184, 0.7719048, 0.7724992, 0.7730843, 0.77355874, 0.7740603, 0.7745876, 0.7751071, 0.7756186, 0.77609164, 0.77649623, 0.77701825, 0.77991116, 0.7779792, 0.7784498, 0.7789708, 0.7793706, 0.7797937, 0.78018343, 0.7805684], "std": [0.13528663, 0.1447321, 0.08864175, 0.1358271, 0.09576505, 0.1209534, 0.11382368, 0.15499572, 0.14123759, 0.09202161, 0.10944182, 0.09036682, 0.08846475, 0.14289449, 0.08560446, 0.143247, 0.10629747, 0.120827705, 0.09324109, 0.08818779, 0.044046834, 0.11224732, 0.081685744, 0.07044599, 0.06420804, 0.07321814, 0.11182942, 0.01940358, 0.065533035, 0.10642936, 0.061515655, 0.09696936, 0.1067219, 0.022683742, 0.025934603, 0.027740847, 0.023653805, 0.023024201, 0.019713502, 0.031912908, 0.028789634, 0.03439428, 0.029151984, 0.031822737, 0.03638373, 0.035188455, 0.025332652, 0.026687033, 0.032721885, 0.0065784315, 0.023026621, 0.027148413, 0.027030418, 0.02278816, 0.03669, 0.045369063, 0.02718635, 0.029038355, 0.03935464, 0.022325883, 0.0, 0.008062492, 0.007935062, 0.028861977, 1.1920929e-07, 0.008346937, 0.029067792, 0.009443981, 0.03179983, 0.029923901, 1.1920929e-07, 0.0, 0.032195166, 0.0314262, 0.0, 5.9604645e-08, 1.1920929e-07, 1.1920929e-07, 5.9604645e-08, 1.1920929e-07, 1.1920929e-07, 0.0, 1.7881393e-07, 0.0, 1.1920929e-07, 5.9604645e-08, 1.1920929e-07, 1.1920929e-07, 0.0, 0.0, 5.9604645e-08, 5.9604645e-08, 0.0, 5.9604645e-08, 5.9604645e-08, 5.9604645e-08, 0.0, 5.9604645e-08, 1.1920929e-07, 1.1920929e-07, 1.1920929e-07, 0.0, 0.0, 5.9604645e-08, 5.9604645e-08, 1.1920929e-07, 0.0, 1.1920929e-07, 1.1920929e-07, 5.9604645e-08, 0.010180509, 1.7881393e-07, 1.1920929e-07, 1.1920929e-07, 1.1920929e-07, 1.1920929e-07, 1.1920929e-07, 5.9604645e-08, 1.1920929e-07, 0.0, 5.9604645e-08, 1.1920929e-07, 1.1920929e-07, 1.1920929e-07, 5.9604645e-08, 0.0, 1.1920929e-07, 1.1920929e-07, 5.9604645e-08, 1.1920929e-07, 0.0, 1.1920929e-07, 1.1920929e-07, 5.9604645e-08, 1.1920929e-07, 5.9604645e-08, 0.0, 5.9604645e-08, 5.9604645e-08, 0.0, 5.9604645e-08, 0.0, 0.010180509, 1.1920929e-07, 1.1920929e-07, 1.1920929e-07, 5.9604645e-08, 5.9604645e-08, 5.9604645e-08, 5.9604645e-08], "var": [0.98, 0.98, 0.96, 0.96, 0.92, 0.92, 0.92, 0.92, 0.92, 0.92, 0.92, 0.9, 0.88, 0.86, 0.86, 0.82, 0.8, 0.78, 0.76, 0.72, 0.72, 0.7, 0.66, 0.66, 0.64, 0.6, 0.6, 0.58, 0.54, 0.5, 0.48, 0.46, 0.42, 0.38, 0.34, 0.32, 0.3, 0.3, 0.3, 0.26, 0.22, 0.24, 0.24, 0.2, 0.18, 0.18, 0.14, 0.14, 0.14, 0.14, 0.14, 0.14, 0.12, 0.12, 0.12, 0.08, 0.08, 0.08, 0.08, 0.08, 0.08, 0.08, 0.08, 0.08, 0.08, 0.08, 0.08, 0.08, 0.06, 0.04, 0.04, 0.04, 0.04, 0.02, 0.02, 0.02, 0.02, 0.02, 0.02, 0.02, 0.02, 0.02, 0.02, 0.02, 0.02, 0.02, 0.02, 0.02, 0.02, 0.02, 0.02, 0.02, 0.02, 0.02, 0.02, 0.02, 0.02, 0.02, 0.02, 0.02, 0.02, 0.02, 0.02, 0.02, 0.02, 0.02, 0.02, 0.02, 0.02, 0.02, 0.02, 0.02, 0.02, 0.02, 0.02, 0.02, 0.02, 0.02, 0.02, 0.02, 0.02, 0.02, 0.02, 0.02, 0.02, 0.02, 0.02, 0.02, 0.02, 0.02, 0.02, 0.02, 0.02, 0.02, 0.02, 0.02, 0.02, 0.02, 0.02, 0.02, 0.02, 0.02, 0.02, 0.02, 0.02, 0.02, 0.02, 0.02, 0.02, 0.02], "best": [0.51111114, 0.5602183, 0.5510497, 0.5545894, 0.5510627, 0.55215126, 0.5556907, 0.55851567, 0.549948, 0.5573599, 0.55673325, 0.55900866, 0.5535099, 0.55908203, 0.56370854, 0.5676842, 0.5705405, 0.5720954, 0.5728488, 0.57418275, 0.57580113, 0.57549036, 0.5777088, 0.5803511, 0.5840039, 0.588232, 0.5896182, 0.5906079, 0.5936834, 0.59555066, 0.5967133, 0.5998288, 0.60128134, 0.6050111, 0.6080914, 0.6110331, 0.6135514, 0.6198848, 0.6242362, 0.6286102, 0.6304616, 0.6333482, 0.6364187, 0.6401206, 0.6428941, 0.6457044, 0.6489749, 0.65293586, 0.65602356, 0.6591079, 0.6623305, 0.66496193, 0.66787916, 0.6709423, 0.67397845, 0.67619973, 0.678023, 0.6805065, 0.682624, 0.6840681, 0.6872406, 0.68972015, 0.6920487, 0.694459, 0.6967778, 0.69896007, 0.70114857, 0.70297587, 0.70464504, 0.7064997, 0.7082374, 0.71008307, 0.7118794, 0.71330345, 0.71480566, 0.71669257, 0.7184189, 0.72030616, 0.7219368, 0.7234272, 0.72516847, 0.72667474, 0.7280527, 0.7297525, 0.7310598, 0.73242176, 0.7335045, 0.73496956, 0.73616123, 0.7372503, 0.7383931, 0.7396592, 0.74089533, 0.74196213, 0.74314487, 0.7441661, 0.74516684, 0.74621254, 0.74710965, 0.74805284, 0.7490999, 0.750184, 0.75112724, 0.7518798, 0.75267684, 0.75346017, 0.75439364, 0.7552015, 0.75625634, 0.7569288, 0.8021869, 0.7586399, 0.75951886, 0.76019025, 0.7609446, 0.7616856, 0.76245856, 0.76304007, 0.7636571, 0.7643509, 0.7649907, 0.76570344, 0.7663627, 0.7669708, 0.7677671, 0.7684698, 0.7690456, 0.7695753, 0.77024543, 0.77072203, 0.77137184, 0.7719047, 0.7724993, 0.7730842, 0.77355886, 0.77406037, 0.7745876, 0.775107, 0.7756187, 0.77609164, 0.7764963, 0.77701825, 0.82188654, 0.7779793, 0.77844965, 0.7789709, 0.77937067, 0.7797936, 0.7801834, 0.7805685], "duration": [30414, 26815, 27601, 27189, 27196, 26963, 31946, 26718, 27463, 27064, 27255, 27269, 26970, 31941, 27363, 27268, 27314, 27409, 27363, 27435, 27388, 27362, 27371, 28280, 27512, 27387, 27475, 31963, 27515, 27412, 27425, 27411, 32036, 27568, 27311, 27367, 41011, 27327, 31925, 27382, 31925, 27311, 27398, 27477, 27394, 27378, 36513, 27415, 36531, 27419, 27341, 27418, 27376, 27371, 27356, 27388, 27383, 27388, 27341, 31898, 27396, 31940, 27357, 31885, 27411, 32002, 27380, 27323, 27366, 27346, 27337, 27387, 27394, 27399, 27473, 27350, 31854, 31873, 27306, 31868, 27277, 27423, 31918, 27320, 27367, 27398, 27373, 27308, 27330, 27370, 27415, 27356, 27387, 27366, 27349, 27327, 27355, 27415, 27333, 31890, 27366, 27409, 27393, 27360, 27433, 31943, 27441, 31949, 27331, 27371, 27350, 31933, 27374, 27335, 27360, 27418, 27283, 27349, 27452, 27386, 27353, 27333, 31890, 31871, 36462, 27277, 27347, 31933, 27431, 31832, 27359, 27325, 27868, 27351, 27390, 27358, 31937, 27397, 27394, 32025, 27378, 27362, 31974, 27379, 36516, 27342, 27322, 27341, 27410, 27387]}