{"avg": [0.38000014, 0.4091493, 0.40558258, 0.39873338, 0.39899766, 0.399099, 0.39905724, 0.39861995, 0.394804, 0.40206456, 0.39493012, 0.3928491, 0.39327213, 0.39347947, 0.39024916, 0.3825937, 0.3867528, 0.38605252, 0.38622275, 0.387213, 0.39016327, 0.39097196, 0.3878152, 0.39108628, 0.38396192, 0.38426858, 0.38922596, 0.38624722, 0.38634822, 0.3929324, 0.38825306, 0.39178422, 0.39628953, 0.38534108, 0.38270873, 0.3821775, 0.37812293, 0.3785163, 0.37896383, 0.3752873, 0.36526766, 0.3695465, 0.3671184, 0.36008015, 0.3605141, 0.3572054, 0.35404274, 0.35791874, 0.35931534, 0.35482654], "std": [0.14417069, 0.14828895, 0.14768195, 0.14538746, 0.14561033, 0.14555374, 0.14557302, 0.15018894, 0.14892907, 0.14733282, 0.14481838, 0.1431567, 0.1430701, 0.14308307, 0.1416413, 0.14301574, 0.1401677, 0.14032169, 0.1403413, 0.14024721, 0.14195554, 0.14187448, 0.1446576, 0.14192909, 0.14290115, 0.1426558, 0.14399728, 0.14655627, 0.14654186, 0.14573324, 0.14445685, 0.14635268, 0.14787036, 0.14772683, 0.15029314, 0.1504073, 0.14863369, 0.14866012, 0.1489672, 0.14733627, 0.14518392, 0.14321855, 0.14149788, 0.14099073, 0.14140202, 0.14368306, 0.14101867, 0.14330117, 0.14351952, 0.1453639], "var": [0.98, 0.96, 0.94, 0.92, 0.9, 0.88, 0.88, 0.88, 0.86, 0.86, 0.84, 0.82, 0.82, 0.8, 0.82, 0.8, 0.78, 0.82, 0.8, 0.8, 0.8, 0.8, 0.76, 0.78, 0.78, 0.8, 0.82, 0.84, 0.84, 0.84, 0.84, 0.84, 0.84, 0.82, 0.82, 0.84, 0.82, 0.82, 0.82, 0.84, 0.82, 0.78, 0.76, 0.76, 0.74, 0.76, 0.74, 0.76, 0.74, 0.76], "best": [0.51111114, 0.54396826, 0.5442064, 0.54523814, 0.5455159, 0.54587305, 0.54650795, 0.54709756, 0.5477183, 0.5479894, 0.5480159, 0.54812413, 0.5482143, 0.5481441, 0.54818594, 0.54815876, 0.5481349, 0.54814196, 0.54814816, 0.54810363, 0.5479445, 0.5477551, 0.5475397, 0.5474051, 0.547381, 0.5476635, 0.5480159, 0.5483598, 0.54869616, 0.5489765, 0.54946035, 0.5499437, 0.5519147, 0.55292934, 0.5539683, 0.5550023, 0.5560053, 0.55677396, 0.5574896, 0.55821735, 0.558885, 0.55943865, 0.5600227, 0.5607457, 0.56158733, 0.56233865, 0.56315047, 0.5638467, 0.56446433, 0.5651539], "duration": [61082, 61797, 62192, 61184, 61083, 60847, 60753, 61810, 61596, 62360, 61515, 60369, 60432, 60438, 60094, 59565, 59215, 59952, 60472, 60200, 60466, 60077, 59188, 59870, 58806, 58961, 58457, 58188, 57603, 59913, 59767, 61748, 61746, 60323, 60428, 61195, 60123, 59840, 61255, 59863, 57852, 58220, 57931, 56703, 56494, 56896, 55397, 55140, 54818, 55647]}