{"avg": [0.090277776, 0.11660715, 0.13726503, 0.15548943, 0.12345662, 0.14635256, 0.1015553, 0.18474117, 0.10682398, 0.18785064, 0.18560947, 0.15548155, 0.25481915, 0.20156781, 0.21872666, 0.21997054, 0.18183376, 0.25167584, 0.30204123, 0.22145496, 0.24038526, 0.32069153, 0.28098693, 0.2617507, 0.25786483], "std": [0.112893686, 0.14110422, 0.118005484, 0.16247208, 0.13886325, 0.13035499, 0.09002938, 0.1513988, 0.11718893, 0.16724822, 0.094349176, 0.14631644, 0.123699225, 0.14510193, 0.13192163, 0.116255745, 0.120588586, 0.16090934, 0.13703042, 0.1394591, 0.10065637, 0.12054537, 0.1591776, 0.18638363, 0.11056205], "var": [1.0, 0.98, 0.96, 0.92, 0.9, 0.88, 0.84, 0.84, 0.82, 0.8, 0.8, 0.8, 0.76, 0.74, 0.7, 0.72, 0.7, 0.7, 0.72, 0.68, 0.72, 0.74, 0.74, 0.7, 0.66], "best": [0.3555556, 0.39722225, 0.3993344, 0.5280424, 0.3961489, 0.53522986, 0.19114184, 0.53426534, 0.39353746, 0.53559136, 0.3799641, 0.39546752, 0.53568053, 0.537579, 0.5386914, 0.3958409, 0.39958432, 0.5396647, 0.53802264, 0.40726078, 0.4104663, 0.5461502, 0.53970957, 0.5403407, 0.41390744], "duration": [5336, 2890, 3218, 10819, 5724, 6947, 7014, 3283, 2712, 7735, 9028, 3072, 8683, 4996, 7024, 2930, 2700, 5039, 9492, 5177, 4974, 7505, 7145, 5393, 5610]}