{"avg": [0.35000002, 0.42857143, 0.44765687, 0.42451417, 0.48028913, 0.41760847, 0.39784348, 0.4660131, 0.4410444, 0.45876878, 0.46460488, 0.4537871, 0.4548646, 0.4848426, 0.49277037, 0.45049217, 0.52767503, 0.47807005, 0.49187502, 0.5047963, 0.50498044, 0.50045913, 0.5212637, 0.52494246, 0.49564353, 0.51738304, 0.52679217, 0.52241665, 0.51079553, 0.5456783, 0.55468833, 0.5449118, 0.52522254, 0.54203224, 0.5321584, 0.55720884, 0.54955983, 0.537301, 0.55951744, 0.5634426, 0.5572251, 0.560923, 0.56216764, 0.56512016, 0.56377137, 0.57830137, 0.5820948, 0.5851705, 0.57914793, 0.5932742], "std": [0.13551457, 0.107206725, 0.115228504, 0.110525556, 0.08461007, 0.121873744, 0.13590294, 0.10705934, 0.107039675, 0.12186941, 0.091500804, 0.10839601, 0.09234209, 0.08023893, 0.09902191, 0.11292495, 0.04007648, 0.10573031, 0.0988179, 0.06917208, 0.075889215, 0.076001786, 0.059675906, 0.05540775, 0.09857993, 0.06407205, 0.05404286, 0.057885896, 0.07687593, 0.039788824, 0.0123709235, 0.04356337, 0.07264735, 0.043058086, 0.059198942, 0.013966292, 0.042457856, 0.065189384, 0.05052366, 0.016772065, 0.051403172, 0.02117101, 0.0503516, 0.049457032, 0.053072132, 0.052425217, 0.022200221, 0.023621641, 0.05864501, 0.021594327], "var": [1.0, 1.0, 1.0, 1.0, 1.0, 1.0, 1.0, 1.0, 1.0, 1.0, 1.0, 1.0, 1.0, 1.0, 1.0, 0.98, 0.98, 0.98, 0.98, 0.98, 0.96, 0.96, 0.96, 0.94, 0.92, 0.92, 0.92, 0.92, 0.92, 0.92, 0.92, 0.88, 0.88, 0.84, 0.82, 0.78, 0.74, 0.74, 0.74, 0.74, 0.74, 0.7, 0.66, 0.62, 0.58, 0.58, 0.54, 0.5, 0.46, 0.42], "best": [0.51111114, 0.56468254, 0.55432105, 0.55466515, 0.55787987, 0.55269396, 0.54477286, 0.55546224, 0.54790765, 0.5540378, 0.5462878, 0.5469655, 0.5462525, 0.55319035, 0.5530509, 0.5503148, 0.54818046, 0.5531225, 0.5547475, 0.5531855, 0.5538915, 0.5556533, 0.55824, 0.5601347, 0.56162596, 0.5634921, 0.5634333, 0.565703, 0.5662461, 0.56728673, 0.5708654, 0.5720457, 0.5751621, 0.5757436, 0.5766098, 0.57803994, 0.5792352, 0.5808126, 0.5822988, 0.5861366, 0.58769083, 0.58964145, 0.5905736, 0.59321666, 0.59576726, 0.59794784, 0.60176665, 0.6040073, 0.6067625, 0.60949683], "duration": [27557, 27302, 27405, 32025, 29108, 27156, 25475, 31946, 32084, 27332, 27316, 27316, 27136, 27861, 32030, 26999, 27567, 27533, 27530, 27393, 27503, 27444, 27473, 27635, 41369, 27490, 27514, 27563, 32088, 27609, 27479, 27495, 27387, 32066, 27457, 27475, 27441, 27438, 32037, 27517, 27533, 27468, 27537, 32117, 27478, 27482, 27949, 27533, 27497, 36753]}