{"avg": [0.43541667, 0.42885256, 0.43622512, 0.40078703, 0.43682402, 0.39065045, 0.45025516, 0.47959626, 0.42781708, 0.45951897, 0.45089027, 0.54732317, 0.47058845, 0.54131365, 0.49230653, 0.5888609, 0.554191, 0.534123, 0.5492221, 0.5783703, 0.5350942, 0.599093, 0.57965136, 0.60684365, 0.5845596], "std": [0.14882353, 0.15578632, 0.15381047, 0.14837775, 0.15034828, 0.14341831, 0.15182972, 0.14406902, 0.15148722, 0.14994363, 0.15474597, 0.11532731, 0.15430717, 0.12418006, 0.15256812, 0.07523597, 0.1224386, 0.13402137, 0.13043673, 0.10629368, 0.15113252, 0.08810395, 0.10708837, 0.0849362, 0.12087919], "var": [0.98, 0.96, 0.92, 0.9, 0.88, 0.84, 0.84, 0.84, 0.8, 0.8, 0.8, 0.78, 0.74, 0.72, 0.7, 0.7, 0.68, 0.64, 0.62, 0.58, 0.54, 0.54, 0.5, 0.48, 0.44], "best": [0.5666667, 0.6098215, 0.61498606, 0.61475265, 0.6036631, 0.6134147, 0.613071, 0.61303264, 0.6128092, 0.61313635, 0.61222816, 0.61672086, 0.61664194, 0.620696, 0.6220475, 0.62663144, 0.6288309, 0.62806565, 0.63172954, 0.63468283, 0.6398699, 0.64263046, 0.6450341, 0.64694256, 0.6505013], "duration": [1119, 1267, 1274, 1083, 1080, 1090, 1269, 1094, 1083, 1089, 1088, 1089, 1086, 1644, 1087, 1097, 1092, 1094, 1280, 1088, 1089, 1093, 1087, 1089, 1275]}