{"avg": [0.1740741, 0.19359411, 0.16767253, 0.19224209, 0.22335602, 0.19138959, 0.2109887, 0.19772826, 0.21444348, 0.19556674, 0.19671975, 0.23669936, 0.20349577, 0.19362618, 0.19971251, 0.24605888, 0.24295074, 0.24153367, 0.23230828, 0.24781524, 0.28305462, 0.24302556, 0.23158343, 0.24410544, 0.27069572, 0.2516362, 0.28123605, 0.29588684, 0.25719985, 0.2462887, 0.26123574, 0.2594969, 0.2582602, 0.286542, 0.29030418, 0.29633272, 0.30353758, 0.31283405, 0.32756817, 0.3194475, 0.29429, 0.303257, 0.29050934, 0.29666978, 0.30884773, 0.30965787, 0.3188157, 0.3244638, 0.28729397, 0.30813226], "std": [0.09154969, 0.096924946, 0.08603755, 0.07879184, 0.086136766, 0.08794301, 0.083389334, 0.082326785, 0.086343914, 0.08714804, 0.058240082, 0.06887735, 0.076569006, 0.07761791, 0.086776845, 0.060456645, 0.085634165, 0.06454172, 0.09305751, 0.06234783, 0.07052974, 0.057691917, 0.07540173, 0.06579903, 0.064548, 0.06907338, 0.08536574, 0.040609572, 0.07566651, 0.08965343, 0.10022838, 0.06282095, 0.05507001, 0.069275826, 0.07135856, 0.0719203, 0.08130665, 0.08122681, 0.07136459, 0.05333351, 0.07349516, 0.08324569, 0.081476234, 0.11089408, 0.06789167, 0.07795172, 0.06853102, 0.04377677, 0.07127841, 0.054189634], "var": [1.0, 0.98, 0.98, 0.97, 0.96, 0.94, 0.93, 0.92, 0.91, 0.91, 0.89, 0.89, 0.87, 0.85, 0.85, 0.83, 0.84, 0.82, 0.81, 0.81, 0.8, 0.8, 0.79, 0.77, 0.76, 0.76, 0.76, 0.75, 0.75, 0.75, 0.74, 0.74, 0.73, 0.72, 0.71, 0.69, 0.67, 0.67, 0.66, 0.65, 0.64, 0.64, 0.63, 0.63, 0.64, 0.62, 0.62, 0.62, 0.61, 0.62], "best": [0.3555556, 0.35714287, 0.31939486, 0.30634922, 0.4062771, 0.38182816, 0.3758977, 0.31486294, 0.4071084, 0.29970762, 0.29399833, 0.36177608, 0.31017318, 0.31779256, 0.3818176, 0.3834934, 0.46145552, 0.33440095, 0.38479817, 0.38524216, 0.38578087, 0.3769231, 0.30204022, 0.38542572, 0.38657296, 0.37788415, 0.40668938, 0.378733, 0.40746373, 0.4080541, 0.40853179, 0.38733214, 0.32378292, 0.40875164, 0.42102343, 0.41256392, 0.41408145, 0.43610728, 0.41588804, 0.39360234, 0.41855872, 0.41926253, 0.4759808, 0.42076725, 0.43695593, 0.47313195, 0.41500726, 0.42446017, 0.41633505, 0.42464286], "duration": [7575, 3866, 3050, 5180, 4773, 5392, 6101, 3534, 3818, 5688, 3610, 5256, 3652, 5405, 3528, 7546, 5678, 7513, 7583, 5502, 11101, 9325, 9001, 5543, 5623, 7399, 9379, 13131, 5477, 7957, 7386, 5701, 7358, 7503, 7680, 3265, 7443, 11125, 6373, 7737, 5706, 7568, 5567, 9923, 11085, 5906, 5955, 7413, 9562, 9389]}