{"avg": [0.38666672, 0.45442182, 0.4377163, 0.51541287, 0.52933145, 0.49258116, 0.5938133, 0.5563541, 0.57187617, 0.5996223, 0.62366414, 0.60649115, 0.58647084, 0.61383057, 0.63433856, 0.6129528, 0.6464806, 0.64674187, 0.6671388, 0.66502386, 0.6357667, 0.65393955, 0.68433106, 0.6978521, 0.70116276, 0.7110218, 0.7184316, 0.7164668, 0.7324808, 0.73878574, 0.7438887, 0.7491131, 0.752702, 0.75705105, 0.7625013, 0.7659174, 0.7696944, 0.773016, 0.77617234, 0.7791757, 0.7820367, 0.785174, 0.7879552, 0.79023397, 0.79313225, 0.7952073, 0.7973662, 0.799594, 0.8015776, 0.8039141], "std": [0.1469694, 0.15213682, 0.15050681, 0.1352145, 0.13423166, 0.15388982, 0.07850341, 0.12699234, 0.11225211, 0.08791124, 0.015876269, 0.08812179, 0.11339111, 0.08395519, 0.023893235, 0.09464413, 0.023013376, 0.02411679, 0.013057437, 0.020386793, 0.09760998, 0.09836321, 0.02077951, 0.008003249, 0.027063748, 0.015402688, 0.009355201, 0.032220215, 0.0058401143, 0.0044424324, 0.006010349, 0.005287086, 0.005743053, 0.005901227, 5.9604645e-08, 0.0, 5.9604645e-08, 0.0, 0.0, 5.9604645e-08, 5.9604645e-08, 0.0, 0.0, 1.1920929e-07, 0.0, 0.0, 5.9604645e-08, 5.9604645e-08, 5.9604645e-08, 5.9604645e-08], "var": [0.96, 0.96, 0.88, 0.8, 0.72, 0.72, 0.64, 0.6, 0.64, 0.64, 0.68, 0.64, 0.6, 0.6, 0.6, 0.52, 0.52, 0.48, 0.48, 0.48, 0.48, 0.44, 0.36, 0.32, 0.32, 0.28, 0.24, 0.16, 0.16, 0.16, 0.12, 0.12, 0.08, 0.04, 0.04, 0.04, 0.04, 0.04, 0.04, 0.04, 0.04, 0.04, 0.04, 0.04, 0.04, 0.04, 0.04, 0.04, 0.04, 0.04], "best": [0.5666667, 0.61428577, 0.61839086, 0.61541957, 0.6199355, 0.62568754, 0.62987536, 0.6364118, 0.641437, 0.6436757, 0.6489024, 0.6515461, 0.65520394, 0.658111, 0.6606962, 0.66418326, 0.66664517, 0.6717147, 0.6759389, 0.6837839, 0.6889413, 0.6916045, 0.69809216, 0.7026777, 0.7110436, 0.7177603, 0.7238229, 0.7303413, 0.73595184, 0.740364, 0.7454951, 0.7506394, 0.7548422, 0.7587545, 0.76250136, 0.7659174, 0.76969445, 0.773016, 0.77617234, 0.77917564, 0.78203666, 0.785174, 0.7879552, 0.7902341, 0.79313225, 0.7952073, 0.79736626, 0.79959404, 0.8015777, 0.8039142], "duration": [1360, 1179, 1370, 1553, 1183, 1202, 1420, 1408, 1594, 1215, 1214, 1382, 1198, 1191, 1201, 1209, 1186, 1228, 1606, 1587, 1399, 1198, 1179, 1473, 1109, 1108, 1319, 1350, 1148, 1135, 1335, 1154, 1333, 1141, 1149, 1144, 1140, 1150, 1150, 1357, 1394, 1373, 1214, 1597, 1201, 1205, 1426, 1398, 1393, 1209]}