{"avg": [0.39791673, 0.45384923, 0.38112792, 0.42426306, 0.5154802, 0.44673252, 0.44819704, 0.38881224, 0.527511, 0.4643714, 0.47061017, 0.5441599, 0.5143124, 0.5369857, 0.5237693, 0.5733503, 0.5177174, 0.5951874, 0.5378898, 0.5646357, 0.558012, 0.60230094, 0.5618986, 0.60949063, 0.5712981, 0.59344435, 0.5684366, 0.60695195, 0.60701674, 0.593581, 0.63058394, 0.5985555, 0.59393847, 0.624604, 0.66532165, 0.642787, 0.67486405, 0.64244276, 0.6863313, 0.6595073, 0.65055984, 0.6589275, 0.6897834, 0.6996291, 0.7027792, 0.6905247, 0.6793859, 0.7092023, 0.6635738, 0.7115164], "std": [0.14882353, 0.1521212, 0.1372662, 0.1509625, 0.13381863, 0.15538728, 0.15479894, 0.13809675, 0.13298391, 0.15343823, 0.1545142, 0.12486003, 0.14128815, 0.12932108, 0.13929625, 0.10496016, 0.14474045, 0.07743739, 0.13433985, 0.1233602, 0.13401233, 0.08318047, 0.13581498, 0.08739101, 0.13398245, 0.112739384, 0.13934274, 0.115012154, 0.10799234, 0.14081246, 0.09329622, 0.12382864, 0.14425644, 0.0997179, 0.025289966, 0.10195717, 0.014781989, 0.10086446, 0.004260388, 0.09792935, 0.09930072, 0.10259213, 0.020669138, 0.004049816, 0.00453816, 0.030018706, 0.10143456, 0.008645543, 0.11877555, 0.013568862], "var": [0.98, 0.96, 0.96, 0.96, 0.94, 0.92, 0.88, 0.86, 0.84, 0.84, 0.82, 0.82, 0.8, 0.78, 0.76, 0.76, 0.74, 0.74, 0.74, 0.74, 0.74, 0.74, 0.74, 0.7, 0.72, 0.72, 0.68, 0.64, 0.62, 0.62, 0.62, 0.6, 0.58, 0.56, 0.54, 0.54, 0.56, 0.54, 0.54, 0.5, 0.52, 0.5, 0.5, 0.46, 0.48, 0.46, 0.44, 0.44, 0.42, 0.42], "best": [0.5666667, 0.6098215, 0.6127497, 0.61428577, 0.61307514, 0.61106825, 0.612733, 0.60800874, 0.61371887, 0.6154595, 0.6177084, 0.6189382, 0.6224742, 0.62364775, 0.6252339, 0.6270234, 0.63184416, 0.63153905, 0.63484484, 0.6364056, 0.6395471, 0.64198256, 0.645012, 0.64741486, 0.6514114, 0.6537719, 0.65664524, 0.66017324, 0.6637804, 0.66716796, 0.67100275, 0.67444354, 0.6738096, 0.6784257, 0.6800639, 0.68298006, 0.68600166, 0.6894695, 0.69144267, 0.69570756, 0.69402, 0.70000005, 0.7020812, 0.70451313, 0.7074946, 0.71028656, 0.7123784, 0.7144829, 0.717823, 0.7201971], "duration": [1218, 1222, 1194, 1155, 1388, 1380, 1176, 1187, 1196, 1385, 1201, 1170, 1379, 1461, 1388, 1399, 1194, 1182, 1196, 1211, 1214, 1164, 1295, 1127, 1100, 1136, 1392, 1178, 1187, 1186, 1190, 1189, 1184, 1173, 1201, 1189, 1174, 1206, 1183, 1199, 1378, 1186, 1187, 1174, 1194, 1191, 1182, 1169, 1204, 1187]}