{"avg": [0.17013891, 0.20302287, 0.20564577, 0.23773487, 0.23317052, 0.23617314, 0.23900673, 0.24144866, 0.2738898, 0.24351458, 0.23047382, 0.23419172, 0.2558981, 0.27261907, 0.27671915, 0.29695374, 0.30176932, 0.33012882, 0.28371936, 0.322706, 0.3220144, 0.34153417, 0.36672556, 0.3446312, 0.36139518, 0.3846784, 0.36424154, 0.39235634, 0.38603035, 0.4172287, 0.42124104, 0.39651775, 0.38884506, 0.40235052, 0.4010014, 0.4181389, 0.45452866, 0.45028517, 0.42752445, 0.45977545, 0.48786533, 0.49009004, 0.47384882, 0.50157243, 0.49231678, 0.4785738, 0.48188326, 0.4944125, 0.50478625, 0.5065514], "std": [0.091769196, 0.12609026, 0.07389094, 0.10347218, 0.07916073, 0.093866356, 0.09480726, 0.09238429, 0.08846418, 0.09020552, 0.07193523, 0.10938203, 0.08568971, 0.088295706, 0.10517754, 0.0846639, 0.09495851, 0.08608884, 0.09198009, 0.08122721, 0.10949729, 0.09492572, 0.09837463, 0.095127024, 0.06599108, 0.087459296, 0.10973629, 0.10280956, 0.11691776, 0.093665615, 0.08954923, 0.12357853, 0.1066559, 0.10840267, 0.11602165, 0.10720458, 0.04739414, 0.07562545, 0.12009667, 0.09448725, 0.08622415, 0.06933943, 0.086996175, 0.056960616, 0.07161036, 0.067503646, 0.062469896, 0.08549586, 0.036449045, 0.039535023], "var": [0.96, 0.96, 0.94, 0.94, 0.9, 0.9, 0.88, 0.86, 0.86, 0.84, 0.84, 0.84, 0.84, 0.8, 0.76, 0.74, 0.74, 0.74, 0.76, 0.74, 0.76, 0.72, 0.7, 0.66, 0.64, 0.6, 0.56, 0.52, 0.52, 0.52, 0.48, 0.48, 0.46, 0.44, 0.4, 0.4, 0.42, 0.4, 0.4, 0.4, 0.4, 0.38, 0.4, 0.4, 0.4, 0.4, 0.36, 0.34, 0.32, 0.3], "best": [0.3777778, 0.41279763, 0.40851372, 0.40845484, 0.39865693, 0.4092262, 0.40510914, 0.41428572, 0.4167619, 0.40741116, 0.4189572, 0.41851225, 0.40804687, 0.4079832, 0.41993913, 0.4660926, 0.42314285, 0.47047022, 0.4272496, 0.4280618, 0.42872262, 0.49655685, 0.49892044, 0.5012069, 0.43884712, 0.5292948, 0.5323879, 0.61520857, 0.6175852, 0.62014127, 0.5414396, 0.6256684, 0.54632807, 0.54848653, 0.5500001, 0.5220859, 0.52380127, 0.526056, 0.63960385, 0.6412928, 0.6435324, 0.64662546, 0.5645345, 0.65061545, 0.65296286, 0.65463424, 0.5717356, 0.65786725, 0.5461006, 0.5817563], "duration": [5549, 7317, 4857, 11240, 12295, 3846, 7480, 2713, 9044, 3233, 3662, 3936, 9576, 5532, 7290, 5552, 5309, 9141, 5712, 5811, 3678, 5686, 4097, 6315, 5618, 7483, 7928, 4499, 8231, 5742, 3989, 6380, 7806, 5638, 3515, 5675, 3842, 7403, 5846, 7963, 4062, 3999, 3994, 3939, 3639, 3695, 3252, 3408, 3868, 3116]}