{"avg": [0.1513889, 0.19771825, 0.19250016, 0.1602241, 0.19582705, 0.23339504, 0.21046786, 0.24343821, 0.15180579, 0.19556417, 0.29071358, 0.2303144, 0.21846545, 0.29934442, 0.2890792, 0.23233701, 0.3048996, 0.29257175, 0.32170448, 0.35887223, 0.2619122, 0.27304944, 0.32082134, 0.34419364, 0.34553653, 0.2644381, 0.37911904, 0.29125568, 0.34193847, 0.40124702, 0.34747204, 0.41565067, 0.36516622, 0.45286956, 0.4109586, 0.4272671, 0.3988984, 0.43234748, 0.44454846, 0.4786684, 0.47103885, 0.46024963, 0.47956476, 0.46774805, 0.49148038, 0.49805138, 0.54686546, 0.52309537, 0.51436234, 0.5211257], "std": [0.09756883, 0.11713448, 0.11964504, 0.121354595, 0.14715144, 0.15206914, 0.19328958, 0.1478647, 0.0934851, 0.15802418, 0.14446841, 0.15173483, 0.096065536, 0.118160486, 0.12521057, 0.15025042, 0.12730063, 0.16302168, 0.11754824, 0.13461703, 0.12612012, 0.117772356, 0.16282122, 0.15750359, 0.13618404, 0.15959024, 0.13888884, 0.12779532, 0.13302293, 0.14075081, 0.14587191, 0.11038341, 0.1232765, 0.11813266, 0.16519648, 0.08797955, 0.13426217, 0.13247786, 0.12805583, 0.12493496, 0.107348524, 0.099179424, 0.110434785, 0.108625114, 0.078291655, 0.084845655, 0.07641303, 0.08639387, 0.10493243, 0.07790557], "var": [0.98, 0.96, 0.92, 0.92, 0.92, 0.9, 0.9, 0.9, 0.9, 0.88, 0.86, 0.84, 0.82, 0.82, 0.82, 0.82, 0.82, 0.8, 0.78, 0.76, 0.76, 0.78, 0.78, 0.76, 0.76, 0.76, 0.76, 0.76, 0.74, 0.72, 0.72, 0.72, 0.72, 0.74, 0.72, 0.68, 0.72, 0.68, 0.64, 0.6, 0.56, 0.54, 0.52, 0.54, 0.54, 0.5, 0.48, 0.46, 0.42, 0.42], "best": [0.3555556, 0.39275798, 0.40177408, 0.40597576, 0.52942616, 0.53346884, 0.53394884, 0.52790534, 0.3513016, 0.5334116, 0.5343254, 0.53560483, 0.38437766, 0.53480506, 0.5350299, 0.5373731, 0.5357953, 0.53711003, 0.53578645, 0.54022074, 0.53909504, 0.54300416, 0.5600686, 0.56121874, 0.56245244, 0.54384154, 0.55077404, 0.5325964, 0.55370617, 0.55226535, 0.5612177, 0.56216663, 0.5646589, 0.56376946, 0.56933707, 0.5610807, 0.56283236, 0.5731889, 0.570735, 0.5785844, 0.5804989, 0.57166696, 0.5802019, 0.5825749, 0.5843289, 0.5842188, 0.5882948, 0.5909582, 0.59576726, 0.5962594], "duration": [3788, 6130, 2228, 3800, 5770, 5754, 7632, 7587, 3768, 7650, 4059, 4002, 5781, 6179, 7713, 7501, 9564, 7703, 11591, 5946, 5821, 7625, 11543, 9686, 7723, 6513, 5980, 7681, 8149, 10010, 2118, 7806, 3984, 4124, 11556, 9599, 7840, 9632, 2588, 7872, 9755, 5936, 7827, 10114, 7848, 9718, 6002, 11901, 2743, 4126]}