{"avg": [0.13504276, 0.17264956, 0.17250872, 0.19562475, 0.22768688, 0.2364229, 0.2475793, 0.24783331, 0.24445476, 0.26454774, 0.27860326, 0.2698205, 0.2867244, 0.28042096, 0.28948575, 0.32018015, 0.32383528, 0.30121163, 0.32597706, 0.34027162, 0.3553886, 0.3165333, 0.34739646, 0.34341738, 0.3346963, 0.3563519, 0.36052465, 0.3725802, 0.35643736, 0.37049738, 0.3352394, 0.3528897, 0.36296943, 0.38135907, 0.38159466, 0.37527207, 0.39146045, 0.38310152, 0.40737092, 0.43822047, 0.44670475, 0.41492966, 0.42720002, 0.44013217, 0.40589312, 0.42395198, 0.45360428, 0.46696055, 0.4491159, 0.4313949], "std": [0.084714614, 0.1092497, 0.10700902, 0.1358804, 0.111996934, 0.09316989, 0.068984486, 0.100914806, 0.09926263, 0.102582596, 0.067589626, 0.10562408, 0.10901804, 0.098390006, 0.10401771, 0.072411306, 0.06203366, 0.069436446, 0.06808058, 0.05728646, 0.05762986, 0.077256046, 0.06940081, 0.06288425, 0.06956274, 0.052695956, 0.062117152, 0.061116997, 0.06991008, 0.06582058, 0.07677158, 0.07597003, 0.07620421, 0.07221323, 0.06896729, 0.079212435, 0.075085446, 0.07594394, 0.07193354, 0.03990303, 0.038704336, 0.06882142, 0.06980149, 0.059578255, 0.07698005, 0.07932938, 0.054454066, 0.04449604, 0.06553945, 0.07381424], "var": [1.0, 0.96, 0.96, 0.92, 0.88, 0.84, 0.76, 0.72, 0.72, 0.68, 0.64, 0.68, 0.6, 0.64, 0.56, 0.52, 0.48, 0.48, 0.48, 0.4, 0.44, 0.52, 0.48, 0.52, 0.48, 0.48, 0.48, 0.52, 0.48, 0.52, 0.48, 0.44, 0.4, 0.4, 0.32, 0.32, 0.28, 0.28, 0.2, 0.16, 0.16, 0.16, 0.12, 0.12, 0.12, 0.12, 0.08, 0.08, 0.08, 0.08], "best": [0.31111112, 0.35689867, 0.34041515, 0.39645913, 0.39523813, 0.37868485, 0.35097823, 0.35343915, 0.39365083, 0.3947261, 0.39512393, 0.36479926, 0.40216455, 0.37176555, 0.4078625, 0.40996093, 0.38102454, 0.40927964, 0.41059703, 0.41311806, 0.41131318, 0.4133905, 0.41519728, 0.41073322, 0.41981262, 0.4003451, 0.41940236, 0.42009026, 0.4072128, 0.42103177, 0.41992736, 0.42067188, 0.42289847, 0.4276225, 0.432168, 0.43684298, 0.44135207, 0.44543192, 0.45039463, 0.45375106, 0.45773882, 0.46251, 0.46629605, 0.46951333, 0.47255978, 0.47637945, 0.47929597, 0.48241648, 0.4850133, 0.48805678], "duration": [5881, 2522, 5922, 5874, 6584, 7679, 5978, 5989, 4336, 5830, 7730, 7780, 9957, 13362, 2559, 5863, 9609, 11583, 7745, 11497, 12188, 4233, 7727, 10553, 7886, 9652, 12041, 10121, 8286, 10123, 4269, 4324, 2573, 2484, 4094, 2380, 2249, 4595, 6812, 2646, 2211, 2524, 2428, 2389, 2938, 2742, 2303, 3022, 2311, 2253]}