{"avg": [0.40915036, 0.4446416, 0.42461738, 0.4370023, 0.43319997, 0.45766407, 0.42331257, 0.42678627, 0.45288754, 0.5392457, 0.4796823, 0.42044634, 0.49908084, 0.45439944, 0.5101878, 0.49733543, 0.4582687, 0.47425598, 0.51046795, 0.50495034, 0.50022036, 0.51093066, 0.4817405, 0.526524, 0.52672315, 0.5281137, 0.53455335, 0.54570866, 0.51913923, 0.5308633, 0.5338162, 0.5434731, 0.5428694, 0.555791, 0.5476406, 0.5248121, 0.54619503, 0.57148135, 0.55866206, 0.52465004, 0.5766471, 0.55690885, 0.55175644, 0.58374, 0.5803468, 0.565065, 0.5680587, 0.5935243, 0.59400636, 0.58580256], "std": [0.086925656, 0.1103157, 0.12493188, 0.12312156, 0.118914776, 0.10532381, 0.12743758, 0.12363203, 0.10454153, 0.0046376726, 0.08617206, 0.13400139, 0.0716917, 0.11512757, 0.06387559, 0.07732622, 0.108194694, 0.106195986, 0.06436875, 0.097519875, 0.079035416, 0.06922863, 0.10685566, 0.055083267, 0.058263488, 0.058514155, 0.041067492, 0.010172813, 0.0775668, 0.05924459, 0.05918747, 0.044681843, 0.04321378, 0.015114575, 0.055309247, 0.08594005, 0.061555207, 0.021512132, 0.058531344, 0.11360012, 0.023137126, 0.07082924, 0.06832443, 0.023684692, 0.05485432, 0.07152309, 0.059222702, 0.028318534, 0.031258944, 0.061002083], "var": [1.0, 0.97333336, 0.96, 0.94666666, 0.94666666, 0.92, 0.9066667, 0.8933333, 0.8933333, 0.8933333, 0.9066667, 0.9066667, 0.8933333, 0.88, 0.8666667, 0.8666667, 0.84, 0.82666665, 0.81333333, 0.7866667, 0.76, 0.73333335, 0.73333335, 0.70666665, 0.6933333, 0.6933333, 0.68, 0.6933333, 0.68, 0.6533333, 0.62666667, 0.64, 0.62666667, 0.61333334, 0.58666664, 0.6, 0.5733333, 0.5466667, 0.5466667, 0.53333336, 0.52, 0.52, 0.50666666, 0.48, 0.48, 0.46666667, 0.44, 0.42666668, 0.4, 0.38666666], "best": [0.51111114, 0.55452853, 0.5471656, 0.5503268, 0.5492764, 0.5389335, 0.5458241, 0.5453736, 0.54606557, 0.54794854, 0.54723126, 0.54707086, 0.5477239, 0.55010056, 0.5523875, 0.5527778, 0.5530572, 0.55403304, 0.55465955, 0.5554436, 0.55552775, 0.55707216, 0.5580953, 0.55951977, 0.56228125, 0.56496334, 0.5674079, 0.56698, 0.567822, 0.57080466, 0.57272476, 0.5750879, 0.57694006, 0.57844347, 0.5802209, 0.582862, 0.58529454, 0.5881195, 0.5919147, 0.5949873, 0.5970371, 0.600268, 0.60292387, 0.60467666, 0.6073774, 0.61074674, 0.61304665, 0.6144867, 0.6169674, 0.61939955], "duration": [26701, 26937, 26630, 26611, 33649, 27022, 26927, 26336, 31520, 27045, 26936, 26895, 27034, 26915, 26947, 27003, 26962, 26978, 26927, 26977, 27227, 27055, 26958, 27024, 31517, 26993, 27017, 27002, 27029, 27012, 26976, 27012, 27053, 27036, 27038, 26968, 28049, 27282, 27020, 26962, 31549, 27051, 26985, 27070, 31464, 26955, 26954, 26969, 27009, 26996]}