{"avg": [0.37666664, 0.40995374, 0.44022796, 0.46307033, 0.48466465, 0.53685933, 0.55137736, 0.5597151, 0.59052575, 0.58337784, 0.5854224, 0.6105217, 0.6023186, 0.6172388, 0.6200368, 0.623745, 0.62758, 0.6282093, 0.63561046, 0.6417297, 0.64991605, 0.6511154, 0.6559366, 0.66419166, 0.66818625, 0.67923194, 0.6854525, 0.69034994, 0.6958074, 0.7033588, 0.71395034, 0.71902835, 0.72488976, 0.7306268, 0.7351747, 0.73998713, 0.7443688, 0.7482172, 0.7524497, 0.75618356, 0.7599888, 0.7632332, 0.7663307, 0.7701759, 0.7728647, 0.77544427, 0.7777272, 0.7802088, 0.7823219, 0.78453565], "std": [0.14456834, 0.14522329, 0.15083648, 0.14849406, 0.14458185, 0.12201256, 0.11144094, 0.10633233, 0.05914947, 0.080535024, 0.08020458, 0.0058095474, 0.059224576, 0.007794678, 0.007395855, 0.008336189, 0.009122831, 0.011544417, 0.010565233, 0.009802761, 0.008555735, 0.01571906, 0.016862016, 0.0150519125, 0.018833548, 0.013122299, 0.011616075, 0.018889708, 0.018153932, 0.018997269, 1.7881393e-07, 0.0045661335, 0.0043394137, 2.3841858e-07, 5.9604645e-08, 0.0, 5.9604645e-08, 5.9604645e-08, 0.0, 1.7881393e-07, 0.0, 0.0, 0.0, 1.7881393e-07, 0.0, 2.3841858e-07, 5.9604645e-08, 1.1920929e-07, 0.0, 1.1920929e-07], "var": [0.98, 0.94, 0.9, 0.88, 0.82, 0.8, 0.74, 0.66, 0.64, 0.58, 0.58, 0.56, 0.54, 0.54, 0.5, 0.48, 0.44, 0.34, 0.34, 0.32, 0.3, 0.28, 0.26, 0.22, 0.2, 0.16, 0.14, 0.12, 0.08, 0.06, 0.06, 0.04, 0.02, 0.02, 0.02, 0.02, 0.02, 0.02, 0.02, 0.02, 0.02, 0.02, 0.02, 0.02, 0.02, 0.02, 0.02, 0.02, 0.02, 0.02], "best": [0.5666667, 0.6039683, 0.60590833, 0.60576135, 0.60581505, 0.6055617, 0.60741764, 0.6125757, 0.6121418, 0.6163955, 0.6146452, 0.6171299, 0.622964, 0.6243144, 0.6295062, 0.63298494, 0.6370056, 0.6413723, 0.6447736, 0.65013796, 0.65540737, 0.6615724, 0.6670464, 0.6721682, 0.67812705, 0.68384284, 0.6898668, 0.6963142, 0.7021476, 0.70847696, 0.71395016, 0.72028285, 0.72575766, 0.7306266, 0.7351748, 0.73998713, 0.74436885, 0.7482173, 0.7524497, 0.7561834, 0.7599888, 0.7632332, 0.7663307, 0.7701757, 0.7728647, 0.7754445, 0.77772725, 0.78020895, 0.7823219, 0.7845355], "duration": [3629, 3054, 2675, 2701, 2926, 3097, 2885, 3108, 2700, 2917, 2703, 3321, 3345, 2639, 3818, 2630, 3384, 3374, 2921, 2850, 2591, 3205, 3323, 2934, 2925, 2872, 2844, 2946, 3109, 3435, 3175, 3136, 2618, 2720, 2396, 2646, 2713, 3251, 2688, 2989, 2893, 2876, 3050, 3199, 2661, 2745, 2920, 2754, 2930, 2659]}