{"avg": [0.15555556, 0.20371695, 0.19134985, 0.20958927, 0.22244062, 0.19472076, 0.22809665, 0.20611833, 0.2025119, 0.22025749, 0.27197725, 0.24214008, 0.263194, 0.24181549, 0.23302448, 0.27870372, 0.27839586, 0.33532995, 0.28535834, 0.3313795, 0.32263273, 0.28321707, 0.3080119, 0.33577338, 0.3094478, 0.28593042, 0.35688612, 0.3403551, 0.31665054, 0.3501683, 0.36329153, 0.36961, 0.37604392, 0.36308575, 0.39056066, 0.3922239, 0.41004625, 0.4036919, 0.3994099, 0.37771136, 0.42497006, 0.40630248, 0.43673715, 0.41986883, 0.40958673, 0.43732575, 0.4504778, 0.42105052, 0.4504488, 0.4289985], "std": [0.07071068, 0.08694791, 0.08042583, 0.08429268, 0.08746531, 0.05237216, 0.07799046, 0.09303176, 0.085018076, 0.09611862, 0.0890553, 0.12227004, 0.08222102, 0.06683632, 0.087405235, 0.061908454, 0.10537137, 0.055937987, 0.10856906, 0.059683036, 0.07468766, 0.10212383, 0.094474874, 0.0779731, 0.108693704, 0.10330109, 0.08032862, 0.085145205, 0.089263365, 0.07141832, 0.05794581, 0.055128925, 0.050474726, 0.0747614, 0.05257291, 0.055397917, 0.029031554, 0.04614626, 0.059087977, 0.073475, 0.027140826, 0.0704295, 0.028800124, 0.039177213, 0.047805917, 0.04465011, 0.03160332, 0.073460884, 0.03467503, 0.04910777], "var": [0.98, 0.96, 0.94, 0.92, 0.92, 0.9, 0.88, 0.84, 0.82, 0.82, 0.78, 0.74, 0.7, 0.68, 0.64, 0.6, 0.56, 0.6, 0.58, 0.54, 0.56, 0.52, 0.48, 0.46, 0.46, 0.46, 0.44, 0.42, 0.38, 0.36, 0.36, 0.34, 0.32, 0.3, 0.28, 0.24, 0.22, 0.22, 0.22, 0.2, 0.2, 0.18, 0.16, 0.12, 0.12, 0.12, 0.12, 0.12, 0.12, 0.12], "best": [0.2777778, 0.3896826, 0.30926782, 0.40108076, 0.31685564, 0.3101117, 0.31527779, 0.3214286, 0.3222857, 0.3218845, 0.40746439, 0.40868843, 0.41024536, 0.33646128, 0.3391775, 0.34313965, 0.41137996, 0.41457435, 0.4167154, 0.4172174, 0.41984385, 0.36559564, 0.42075956, 0.42164785, 0.4233759, 0.42461127, 0.42539686, 0.42787936, 0.42926523, 0.42908418, 0.43081278, 0.43339923, 0.43622804, 0.43776667, 0.43970957, 0.4418972, 0.44431692, 0.44668052, 0.44916618, 0.45092946, 0.45211092, 0.45440188, 0.45703316, 0.4604319, 0.46246117, 0.46346462, 0.47769275, 0.470753, 0.47878596, 0.47950426], "duration": [3895, 7734, 5876, 6120, 7730, 1918, 9734, 5792, 5807, 5806, 11629, 7756, 11670, 11983, 9679, 9749, 7779, 13556, 11624, 15807, 9693, 14019, 9679, 9674, 10011, 5817, 9692, 13557, 13559, 11625, 11625, 11616, 11634, 9681, 13564, 9695, 13594, 13556, 11619, 11618, 11619, 7738, 7775, 11721, 11768, 7738, 7744, 9670, 11603, 13546]}