{"avg": [0.3416667, 0.41200402, 0.34088957, 0.36419758, 0.3803704, 0.32180247, 0.3195347, 0.45765162, 0.37229523, 0.40304345, 0.3542208, 0.4039322, 0.4160742, 0.43130705, 0.3960762, 0.37596348, 0.39112929, 0.40668076, 0.3465567, 0.43264323, 0.3809722, 0.4894951, 0.43409395, 0.43530658, 0.48815355, 0.46239522, 0.43090022, 0.47167078, 0.44991234, 0.41907033, 0.48424911, 0.5368821, 0.47272468, 0.45152187, 0.5234932, 0.405783, 0.46393272, 0.4623474, 0.46466506, 0.42422232, 0.43509576, 0.48887148, 0.5123394, 0.5379981, 0.5290448, 0.50232416, 0.46392858, 0.54584587, 0.50864637, 0.49066874], "std": [0.12990384, 0.15303509, 0.110832974, 0.118526734, 0.13910948, 0.08468636, 0.08044805, 0.14669454, 0.13040452, 0.14563039, 0.11700372, 0.14171562, 0.14500503, 0.14681232, 0.13759246, 0.1337874, 0.13395998, 0.1422927, 0.11400067, 0.14876547, 0.12893656, 0.14181845, 0.14362568, 0.14724265, 0.14300682, 0.15242422, 0.15052454, 0.14753696, 0.14773954, 0.14938335, 0.14274833, 0.12298298, 0.15133132, 0.15270713, 0.12906955, 0.1410162, 0.14896986, 0.15229736, 0.14949928, 0.14642577, 0.15222785, 0.14863823, 0.13701954, 0.12767251, 0.13027677, 0.1426285, 0.15210348, 0.12557636, 0.14240941, 0.14455701], "var": [0.98, 0.98, 0.98, 0.96, 0.96, 0.94, 0.94, 0.94, 0.94, 0.94, 0.92, 0.9, 0.9, 0.9, 0.9, 0.88, 0.86, 0.84, 0.84, 0.84, 0.86, 0.84, 0.84, 0.82, 0.82, 0.82, 0.82, 0.82, 0.8, 0.8, 0.8, 0.78, 0.78, 0.76, 0.74, 0.74, 0.74, 0.72, 0.7, 0.7, 0.7, 0.7, 0.72, 0.7, 0.68, 0.68, 0.68, 0.7, 0.68, 0.66], "best": [0.5666667, 0.6103175, 0.58948416, 0.5878307, 0.60052913, 0.58917755, 0.5857865, 0.60116, 0.6038862, 0.6063493, 0.59134203, 0.59464294, 0.59720105, 0.6002702, 0.594079, 0.5994774, 0.60068035, 0.6028315, 0.5935132, 0.60278356, 0.59910446, 0.6063839, 0.60595244, 0.60807043, 0.60741764, 0.60919, 0.6105708, 0.5942955, 0.6082352, 0.61020416, 0.6004396, 0.60989237, 0.610501, 0.61149246, 0.6128057, 0.6013214, 0.61265, 0.61316603, 0.61262196, 0.60047174, 0.6133028, 0.61354005, 0.6138699, 0.6148963, 0.61593294, 0.6178402, 0.6187055, 0.6193349, 0.6230553, 0.61187357], "duration": [798, 984, 768, 761, 745, 747, 770, 807, 777, 789, 792, 795, 783, 778, 781, 793, 794, 800, 797, 791, 774, 809, 815, 788, 794, 804, 808, 812, 796, 999, 797, 789, 784, 818, 784, 807, 802, 801, 819, 783, 781, 790, 800, 808, 802, 996, 983, 778, 792, 792]}