{"avg": [0.4766667, 0.45411262, 0.47076723, 0.46938434, 0.49365088, 0.5045698, 0.49466166, 0.40406704, 0.5036782, 0.47612175, 0.57161874, 0.51271194, 0.5083389, 0.46867082, 0.51626915, 0.46084365, 0.5460606, 0.55118626, 0.4822367, 0.5189082, 0.5437882, 0.5556459, 0.5791122, 0.5745276, 0.5521856, 0.48803568, 0.54624045, 0.5453732, 0.54531026, 0.5517857, 0.578454, 0.4784174, 0.5462382, 0.49087584, 0.5829611, 0.5834859, 0.5480365, 0.5796527, 0.57759285, 0.524022, 0.58484983, 0.52599335, 0.59026057, 0.55544597, 0.5545586, 0.61598873, 0.56350935, 0.6119583, 0.5929174, 0.55285275], "std": [0.13747728, 0.15226625, 0.15079926, 0.14867447, 0.14321126, 0.14083353, 0.14386533, 0.14826353, 0.13969094, 0.1488827, 0.08965654, 0.13718246, 0.14109136, 0.15307468, 0.13639745, 0.15106045, 0.11864527, 0.1152694, 0.15566498, 0.13842905, 0.1193768, 0.11110302, 0.0898409, 0.09401246, 0.115768105, 0.14795806, 0.11965492, 0.119024366, 0.1201444, 0.12177945, 0.08850514, 0.15257962, 0.12200734, 0.15181985, 0.09152176, 0.09419993, 0.12846817, 0.09244144, 0.09803799, 0.14224984, 0.09777694, 0.14364763, 0.09000479, 0.13236068, 0.11851563, 0.013058161, 0.12393339, 0.016614618, 0.096871376, 0.13324203], "var": [0.98, 0.98, 0.98, 0.98, 0.98, 0.98, 0.98, 0.98, 0.98, 0.98, 0.96, 0.94, 0.94, 0.94, 0.94, 0.92, 0.9, 0.88, 0.88, 0.86, 0.86, 0.86, 0.84, 0.82, 0.82, 0.82, 0.82, 0.8, 0.78, 0.76, 0.76, 0.76, 0.74, 0.74, 0.72, 0.72, 0.7, 0.7, 0.7, 0.68, 0.66, 0.64, 0.64, 0.64, 0.62, 0.6, 0.6, 0.58, 0.56, 0.54], "best": [0.5666667, 0.6119048, 0.61541957, 0.61933625, 0.6058202, 0.6101087, 0.6032694, 0.6064537, 0.5997811, 0.6061856, 0.61117053, 0.6090396, 0.6091178, 0.61137384, 0.611329, 0.60702676, 0.612381, 0.61236566, 0.61416554, 0.6161173, 0.6080888, 0.61573505, 0.6163434, 0.61831653, 0.6191559, 0.6211871, 0.615945, 0.6202781, 0.61983365, 0.6212054, 0.6224141, 0.61275864, 0.6214354, 0.6186029, 0.62152386, 0.6233531, 0.6249011, 0.61966777, 0.6259627, 0.6268581, 0.62768203, 0.6286563, 0.6295549, 0.630226, 0.63157487, 0.6315404, 0.6332487, 0.633315, 0.6344496, 0.63567024], "duration": [853, 827, 815, 833, 806, 817, 812, 800, 822, 820, 829, 887, 811, 1004, 802, 826, 1024, 808, 821, 866, 811, 3943, 809, 815, 817, 813, 817, 824, 827, 823, 815, 819, 824, 820, 842, 872, 836, 828, 827, 847, 839, 824, 840, 820, 816, 821, 834, 815, 837, 813]}