{"avg": [0.15982907, 0.22390291, 0.23348218, 0.22887796, 0.23292361, 0.2454571, 0.2362847, 0.21325824, 0.20978922, 0.23611945, 0.23891942, 0.25810573, 0.2904214, 0.25593987, 0.26531154, 0.27480167, 0.26608717, 0.26371038, 0.28472546, 0.2966241, 0.3174904, 0.3069094, 0.2980446, 0.3145739, 0.32015193, 0.31064942, 0.31598684, 0.31847093, 0.32246217, 0.3225684, 0.3360817, 0.35180262, 0.33664435, 0.3413909, 0.3552655, 0.35901263, 0.35192212, 0.34308636, 0.35939693, 0.35415843, 0.3648425, 0.36171314, 0.37342384, 0.37309977, 0.36630428, 0.391206, 0.38357338, 0.38443753, 0.37471068, 0.3927955], "std": [0.08787223, 0.07982235, 0.06586418, 0.078858346, 0.07664035, 0.07143894, 0.082913004, 0.07577361, 0.07984586, 0.07430689, 0.05726068, 0.049679324, 0.044797916, 0.056294084, 0.06766648, 0.060837463, 0.07326971, 0.064835414, 0.069126144, 0.06364456, 0.044278722, 0.057339408, 0.04776989, 0.037823506, 0.053783555, 0.061064836, 0.050096832, 0.05340972, 0.048721705, 0.053336207, 0.045074943, 0.029466398, 0.06208454, 0.035254903, 0.043517534, 0.038312208, 0.056992594, 0.044782426, 0.052087985, 0.053568594, 0.03987089, 0.043277346, 0.037315995, 0.06636217, 0.05357479, 0.054323073, 0.03960112, 0.040175807, 0.05779035, 0.04425892], "var": [0.98, 0.98, 0.98, 0.96, 0.94, 0.92, 0.92, 0.9, 0.88, 0.86, 0.84, 0.84, 0.86, 0.86, 0.84, 0.82, 0.8, 0.8, 0.76, 0.76, 0.76, 0.76, 0.78, 0.8, 0.8, 0.8, 0.78, 0.78, 0.78, 0.74, 0.74, 0.72, 0.68, 0.68, 0.7, 0.7, 0.7, 0.68, 0.7, 0.7, 0.7, 0.68, 0.72, 0.74, 0.74, 0.74, 0.74, 0.74, 0.72, 0.7], "best": [0.33333334, 0.31990233, 0.3150794, 0.42667356, 0.38767955, 0.39097953, 0.39515716, 0.34879535, 0.3763021, 0.3157398, 0.3215812, 0.37861273, 0.39277363, 0.32747728, 0.36894038, 0.392814, 0.3843936, 0.3708208, 0.3892522, 0.39230856, 0.3928293, 0.40617448, 0.39426348, 0.39186844, 0.39636284, 0.45360196, 0.40821412, 0.40954253, 0.39994258, 0.40174675, 0.41103077, 0.4023452, 0.45679328, 0.40544873, 0.4617175, 0.4082488, 0.44069397, 0.41302687, 0.44245502, 0.46760038, 0.41488984, 0.4710772, 0.43652952, 0.4770614, 0.43913445, 0.4743461, 0.44845003, 0.42624313, 0.44304058, 0.45071763], "duration": [3958, 3839, 10009, 7384, 6222, 3672, 3541, 5584, 3849, 5006, 5288, 7844, 9236, 3874, 10774, 3727, 5449, 3156, 5526, 7388, 6323, 5305, 4933, 5255, 3989, 7691, 14595, 3669, 5344, 9493, 5613, 7524, 5362, 5480, 5717, 7480, 5402, 7438, 7668, 5768, 4391, 5743, 5486, 5700, 5853, 7476, 5407, 3948, 4232, 3922]}