{"avg": [0.4051282, 0.3964663, 0.44503972, 0.4900134, 0.42985174, 0.42447641, 0.41962263, 0.43756244, 0.50972897, 0.45683643, 0.52934325, 0.5116378, 0.5107555, 0.5579388, 0.5078531, 0.5833305, 0.56909806, 0.5034719, 0.5290004, 0.55498785, 0.53734404, 0.6085417, 0.57872677, 0.5325996, 0.5763205, 0.5983269, 0.574851, 0.5454299, 0.53805107, 0.5747775, 0.53076017, 0.55598956, 0.6130768, 0.6118892, 0.58746487, 0.5944968, 0.5799075, 0.5993168, 0.62178123, 0.65233886, 0.648122, 0.6569609, 0.6401705, 0.67079014, 0.646506, 0.67214614, 0.67461467, 0.67538404, 0.6764469, 0.68419546], "std": [0.14955558, 0.14988421, 0.14940506, 0.14439707, 0.15048972, 0.14909889, 0.15247625, 0.14982867, 0.1366578, 0.15133935, 0.12881017, 0.13860238, 0.13674463, 0.10729605, 0.14399667, 0.07592373, 0.10038901, 0.14908932, 0.14131689, 0.12164273, 0.13625737, 0.01092049, 0.10709363, 0.13825974, 0.10532573, 0.07861389, 0.10939547, 0.13711818, 0.14703295, 0.11675294, 0.15107584, 0.13830756, 0.086780004, 0.08406451, 0.117728844, 0.11429519, 0.11999876, 0.1283513, 0.08785724, 0.015954424, 0.025365582, 0.01994014, 0.09062753, 0.009596619, 0.092346, 0.023365857, 0.02960664, 0.027652, 0.029114958, 0.030848054], "var": [0.96, 0.92, 0.88, 0.84, 0.8, 0.8, 0.8, 0.78, 0.74, 0.7, 0.66, 0.62, 0.58, 0.54, 0.52, 0.52, 0.54, 0.52, 0.54, 0.52, 0.52, 0.48, 0.5, 0.5, 0.52, 0.5, 0.5, 0.48, 0.46, 0.46, 0.44, 0.44, 0.42, 0.38, 0.38, 0.36, 0.38, 0.34, 0.3, 0.28, 0.26, 0.26, 0.26, 0.24, 0.22, 0.2, 0.2, 0.18, 0.14, 0.12], "best": [0.5666667, 0.6179488, 0.61349213, 0.61376816, 0.618443, 0.6076553, 0.6177945, 0.6200256, 0.6195351, 0.6194114, 0.6190776, 0.61982286, 0.6204586, 0.62018037, 0.6217533, 0.6225586, 0.6240001, 0.6262351, 0.6269504, 0.6295976, 0.632105, 0.63270724, 0.63271224, 0.6354571, 0.6351901, 0.63543636, 0.6368758, 0.6380393, 0.6389107, 0.64051306, 0.6416132, 0.64319384, 0.6455027, 0.64901966, 0.65156466, 0.6534392, 0.65595245, 0.6565999, 0.6604779, 0.6626191, 0.6665044, 0.670067, 0.67342436, 0.67709863, 0.68031424, 0.68393546, 0.687587, 0.6905091, 0.69394994, 0.69651973], "duration": [1203, 1191, 1182, 1395, 1195, 1164, 1180, 1175, 1168, 1152, 1139, 1159, 1392, 1217, 1184, 1170, 1350, 1109, 1483, 1135, 1158, 1320, 1139, 1167, 1166, 1192, 1174, 1142, 1151, 1143, 1160, 1201, 1193, 1179, 1178, 1159, 1168, 1148, 1188, 1191, 1390, 1171, 1373, 1140, 1134, 1200, 1175, 1363, 1183, 1166]}