{"avg": [0.16666667, 0.19975528, 0.20954943, 0.19199595, 0.24101287, 0.19693121, 0.18695341, 0.24892531, 0.21508099, 0.20648931, 0.23903255, 0.2658926, 0.2285171, 0.2507966, 0.2729702, 0.23347688, 0.26998627, 0.24583817, 0.23774849, 0.27080444, 0.26224893, 0.29204774, 0.29832396, 0.26903597, 0.29482472, 0.30963153, 0.33297852, 0.3168509, 0.32723057, 0.3268547, 0.31820127, 0.28034645, 0.34966826, 0.360089, 0.3471738, 0.3721048, 0.34975186, 0.38809988, 0.33246124, 0.39980924, 0.3999839, 0.35887745, 0.37048754, 0.4020369, 0.40489963, 0.4252102, 0.40126735, 0.43270308, 0.41362354, 0.4414336], "std": [0.09694405, 0.10079816, 0.08772079, 0.090801425, 0.112853445, 0.07729385, 0.10688149, 0.08833525, 0.06380905, 0.07032412, 0.083225444, 0.07342732, 0.08564417, 0.06951434, 0.078892864, 0.08197533, 0.072943784, 0.06398078, 0.09622081, 0.101639576, 0.099273995, 0.07396291, 0.07647573, 0.08077331, 0.087291375, 0.11300781, 0.08870188, 0.09660481, 0.08182108, 0.07093318, 0.099937, 0.124327295, 0.07104267, 0.06947529, 0.074878834, 0.07184938, 0.070785865, 0.05066666, 0.117007405, 0.057024878, 0.040484946, 0.0709597, 0.075437345, 0.06680642, 0.0735617, 0.028159535, 0.05848683, 0.031107375, 0.045714654, 0.0037793014], "var": [1.0, 0.98, 0.98, 0.94, 0.92, 0.92, 0.88, 0.84, 0.84, 0.8, 0.76, 0.76, 0.74, 0.74, 0.74, 0.7, 0.66, 0.64, 0.62, 0.62, 0.62, 0.62, 0.6, 0.56, 0.52, 0.5, 0.46, 0.46, 0.44, 0.46, 0.46, 0.42, 0.4, 0.4, 0.38, 0.38, 0.34, 0.32, 0.3, 0.3, 0.3, 0.26, 0.22, 0.22, 0.2, 0.2, 0.2, 0.2, 0.18, 0.18], "best": [0.3777778, 0.41279763, 0.40967745, 0.39199597, 0.40445957, 0.40482298, 0.45192015, 0.40370372, 0.40046084, 0.29982996, 0.40094027, 0.40415984, 0.44349885, 0.38942578, 0.40487015, 0.40536982, 0.40574846, 0.39566776, 0.39942586, 0.4000962, 0.40379727, 0.4042491, 0.40467837, 0.40570632, 0.4566633, 0.40663484, 0.45882055, 0.4117347, 0.41259283, 0.46130383, 0.41413212, 0.4147797, 0.41553128, 0.46655244, 0.4186433, 0.46800643, 0.42290127, 0.423793, 0.47354144, 0.42487645, 0.42783648, 0.4297095, 0.429537, 0.5371234, 0.4840783, 0.43475237, 0.48725474, 0.4875998, 0.4419937, 0.44395316], "duration": [5889, 5577, 7538, 11121, 9238, 5311, 8997, 9335, 8461, 7225, 11325, 13676, 7346, 7414, 9866, 9595, 13127, 14872, 3194, 12974, 9245, 11805, 9226, 7494, 7420, 5600, 7622, 14893, 9328, 12981, 11033, 9239, 9044, 13810, 7134, 7563, 9261, 11271, 7284, 5352, 11011, 10916, 7664, 10755, 5794, 5505, 5285, 5873, 5753, 3851]}