{"avg": [0.13504274, 0.15997934, 0.2521324, 0.23524532, 0.21581079, 0.24709855, 0.25529101, 0.31340158, 0.34592694, 0.40874425, 0.38103026, 0.36778456, 0.4091541, 0.40997094, 0.44586572, 0.4322389, 0.51330894, 0.55123794, 0.53078073, 0.6002115, 0.54548347, 0.55726886, 0.54638726, 0.616804, 0.6353527, 0.58141744, 0.6159947, 0.63986075, 0.65362006, 0.6802203, 0.6479936, 0.66832125, 0.63967526, 0.66395164, 0.6257893, 0.6358069, 0.7000481, 0.6825699, 0.6950645, 0.70058537, 0.71431255, 0.697182, 0.6941558, 0.6218246, 0.70878166, 0.7098367, 0.7211631, 0.7271958, 0.7038915, 0.7066527], "std": [0.12941878, 0.13709205, 0.17214482, 0.22005084, 0.16254875, 0.16414951, 0.1468907, 0.17082083, 0.16780539, 0.17802551, 0.19971794, 0.187269, 0.18239163, 0.15749635, 0.15726444, 0.16200584, 0.14359942, 0.12402234, 0.1247558, 0.046116013, 0.1540782, 0.11686126, 0.13029242, 0.057049274, 0.047286432, 0.1591998, 0.06907134, 0.057429064, 0.055513985, 0.0043692244, 0.06443013, 0.055441454, 0.088458106, 0.06668102, 0.07599746, 0.07412822, 0.033678427, 0.06188648, 0.05202411, 0.049399827, 0.033412505, 0.05950266, 0.06386014, 0.10005986, 0.056124657, 0.05668602, 0.04984411, 0.038743712, 0.064936936, 0.06598394], "var": [1.0, 1.0, 0.96, 0.96, 0.88, 0.92, 0.84, 0.76, 0.72, 0.76, 0.68, 0.64, 0.56, 0.56, 0.52, 0.44, 0.4, 0.36, 0.36, 0.36, 0.32, 0.28, 0.24, 0.24, 0.24, 0.16, 0.12, 0.12, 0.12, 0.12, 0.12, 0.12, 0.12, 0.12, 0.12, 0.12, 0.12, 0.12, 0.12, 0.12, 0.12, 0.12, 0.12, 0.12, 0.12, 0.08, 0.08, 0.08, 0.04, 0.04], "best": [0.51111114, 0.52210015, 0.53766793, 0.54384923, 0.5493931, 0.55476195, 0.558135, 0.5654971, 0.56763095, 0.5753188, 0.5782753, 0.5828615, 0.58549744, 0.5928618, 0.59936166, 0.60319084, 0.6087302, 0.61627877, 0.62235737, 0.6273633, 0.6334013, 0.63906527, 0.64650685, 0.6520572, 0.65838027, 0.663448, 0.6679159, 0.67259294, 0.6776463, 0.6834769, 0.68864477, 0.6932981, 0.69789374, 0.7014771, 0.7054397, 0.70888126, 0.7116684, 0.7145027, 0.7183209, 0.72092384, 0.7238579, 0.7268466, 0.72909963, 0.73128617, 0.73271334, 0.7351794, 0.73692524, 0.73877996, 0.7412319, 0.743254], "duration": [3938, 7696, 9638, 7868, 7724, 7709, 7765, 5763, 11616, 11713, 15819, 11647, 11582, 13522, 11622, 13867, 13566, 13546, 13555, 13562, 13557, 15803, 13669, 13622, 13704, 18085, 13587, 13597, 13568, 13588, 13562, 13658, 13592, 13574, 13578, 13608, 13561, 13545, 13554, 22815, 15785, 13521, 13546, 13535, 13923, 16735, 13565, 15880, 13542, 20341]}