{"avg": [0.16319445, 0.16840278, 0.17764668, 0.19327123, 0.21295354, 0.21414945, 0.20244093, 0.22120914, 0.2262449, 0.21680436, 0.20412655, 0.2348106, 0.21798268, 0.22462517, 0.25032026, 0.22465174, 0.25504628, 0.2814783, 0.29847503, 0.26962733, 0.27589318, 0.27279946, 0.31791192, 0.26914772, 0.30698332, 0.3012009, 0.32347623, 0.3600577, 0.31548637, 0.3559019, 0.33593354, 0.3430885, 0.39370012, 0.3686512, 0.37189806, 0.39767423, 0.40289393, 0.41584307, 0.40719575, 0.432492, 0.4209962, 0.4040998, 0.46422115, 0.4626521, 0.4783134, 0.478239, 0.46491814, 0.47785398, 0.47155634, 0.4892955], "std": [0.090328515, 0.07061215, 0.0709846, 0.07268772, 0.06953066, 0.08266862, 0.082338735, 0.06889785, 0.0765531, 0.08330186, 0.059705008, 0.065881796, 0.040826328, 0.07766246, 0.08835718, 0.04739058, 0.084675744, 0.08748196, 0.07331167, 0.078079395, 0.07045207, 0.0738752, 0.088021375, 0.07794058, 0.08550512, 0.10302931, 0.09459441, 0.11275957, 0.106661946, 0.100233115, 0.088981286, 0.09899948, 0.09047562, 0.102777176, 0.099893264, 0.086144656, 0.097094506, 0.0838615, 0.08147037, 0.10793063, 0.08188815, 0.106694356, 0.04692641, 0.07436896, 0.06895072, 0.07301824, 0.08596672, 0.069523245, 0.08384659, 0.070592165], "var": [1.0, 1.0, 0.96, 0.94, 0.92, 0.9, 0.86, 0.88, 0.86, 0.82, 0.82, 0.8, 0.8, 0.8, 0.76, 0.74, 0.72, 0.74, 0.7, 0.66, 0.64, 0.62, 0.6, 0.58, 0.56, 0.54, 0.52, 0.5, 0.46, 0.48, 0.46, 0.42, 0.42, 0.42, 0.4, 0.36, 0.36, 0.36, 0.34, 0.32, 0.3, 0.28, 0.26, 0.24, 0.24, 0.24, 0.24, 0.22, 0.22, 0.22], "best": [0.3777778, 0.32093257, 0.3216766, 0.32591444, 0.32500002, 0.40866584, 0.41362292, 0.41471595, 0.38147724, 0.41604313, 0.31269842, 0.41661, 0.3005577, 0.38337266, 0.41650945, 0.31624454, 0.41894647, 0.4211004, 0.4236238, 0.42619583, 0.42766443, 0.42438677, 0.4281494, 0.43177676, 0.43249574, 0.43409884, 0.4366597, 0.4400532, 0.4460282, 0.44843, 0.4513663, 0.45342517, 0.52195925, 0.52511764, 0.46212903, 0.4648649, 0.5307083, 0.5327425, 0.47421235, 0.53659356, 0.48121822, 0.5412032, 0.48712125, 0.54651564, 0.54897535, 0.5512651, 0.55379874, 0.5559303, 0.5587301, 0.56061393], "duration": [4293, 2709, 2323, 4083, 1978, 4364, 8052, 4416, 6103, 4149, 8060, 4688, 5375, 6207, 4644, 4200, 8013, 8019, 7993, 4224, 6093, 6121, 4197, 4152, 12639, 2308, 4247, 4260, 8358, 4202, 6174, 8038, 4150, 8034, 4326, 4242, 4218, 6087, 2318, 3942, 6416, 6117, 6910, 6105, 4171, 8055, 8050, 6494, 8113, 4112]}