{"avg": [0.384127, 0.4829252, 0.4641124, 0.47401217, 0.49490288, 0.5236718, 0.5090774, 0.4979207, 0.48327124, 0.52219605, 0.54947567, 0.559679, 0.5588586, 0.5514497, 0.57167226, 0.5761651, 0.5704244, 0.55416507, 0.57737863, 0.5883511, 0.5970962, 0.5688117, 0.6122595, 0.6467967, 0.6534602, 0.6258424, 0.6368741, 0.63409525, 0.6786459, 0.68337446, 0.6845605, 0.6939401, 0.69794464, 0.7009034, 0.7050137, 0.708965, 0.71262974, 0.71774864, 0.72105175, 0.72418696, 0.72675025, 0.7294064, 0.73194546, 0.7340079, 0.7365261, 0.7385949, 0.74107176, 0.7432813, 0.74524987, 0.7471437], "std": [0.12125988, 0.11148816, 0.114412144, 0.13562913, 0.08587979, 0.06921507, 0.10497601, 0.116348416, 0.115588725, 0.07617218, 0.054431316, 0.043165095, 0.048580885, 0.104812495, 0.060415797, 0.058188908, 0.11060459, 0.12945803, 0.106851414, 0.11508758, 0.1093397, 0.14120428, 0.11295571, 0.010717907, 0.010732071, 0.1304332, 0.12359157, 0.1331014, 0.0046228757, 0.0046351915, 0.0135628525, 0.0, 0.0, 0.0052351807, 0.0052199806, 0.005548499, 0.005506562, 0.0, 5.9604645e-08, 0.0, 1.1920929e-07, 0.0, 0.0, 1.1920929e-07, 0.0, 1.1920929e-07, 5.9604645e-08, 5.9604645e-08, 1.1920929e-07, 5.9604645e-08], "var": [0.92, 0.88, 0.8, 0.8, 0.76, 0.76, 0.8, 0.76, 0.72, 0.72, 0.64, 0.64, 0.56, 0.52, 0.52, 0.48, 0.44, 0.4, 0.32, 0.28, 0.28, 0.2, 0.2, 0.16, 0.16, 0.16, 0.16, 0.12, 0.12, 0.12, 0.08, 0.08, 0.08, 0.08, 0.08, 0.08, 0.04, 0.04, 0.04, 0.04, 0.04, 0.04, 0.04, 0.04, 0.04, 0.04, 0.04, 0.04, 0.04, 0.04], "best": [0.51111114, 0.5587302, 0.5661194, 0.55721045, 0.5579231, 0.5590609, 0.5638322, 0.60722226, 0.57011735, 0.57173383, 0.5731151, 0.5783203, 0.58404493, 0.58776, 0.595096, 0.60346997, 0.6107813, 0.61694205, 0.62351424, 0.62894225, 0.6353671, 0.6415936, 0.64492667, 0.65239054, 0.6589917, 0.6646461, 0.6699053, 0.6758091, 0.6800397, 0.68471265, 0.6894865, 0.6939401, 0.69794464, 0.7023554, 0.70640886, 0.7105039, 0.7141014, 0.71774864, 0.7210517, 0.72418696, 0.72675014, 0.7294064, 0.73194546, 0.734008, 0.7365261, 0.7385948, 0.7410718, 0.74328125, 0.74525, 0.7471436], "duration": [26935, 32060, 36617, 27388, 27191, 27289, 27307, 31965, 27422, 27422, 27569, 27554, 27492, 32362, 27522, 32222, 27659, 27543, 27561, 27668, 32479, 27586, 28287, 32030, 27453, 32019, 27388, 27444, 27485, 27502, 32127, 28261, 27557, 36633, 36525, 27437, 32053, 32043, 27524, 27481, 27477, 27385, 27433, 27356, 31765, 27360, 27330, 27309, 27477, 27502]}