{"avg": [0.15911117, 0.18543494, 0.18759684, 0.18787937, 0.19263412, 0.19477144, 0.20033017, 0.2022263, 0.2046246, 0.20717146, 0.21512577, 0.21688518, 0.22127944, 0.22315583, 0.22540025, 0.2309733, 0.23557185, 0.23806703, 0.23638941, 0.23864347, 0.24120037, 0.24574919, 0.2469606, 0.2495396, 0.25229764, 0.2514447, 0.25584823, 0.2569002, 0.2553425, 0.26143092, 0.25936922, 0.2623406, 0.26498064, 0.26687276, 0.2693592, 0.269243, 0.27352017, 0.27547082, 0.27577275, 0.27654946, 0.2772982, 0.28006613, 0.28388864, 0.28593785, 0.28810775, 0.29064175, 0.2967251, 0.2953986, 0.29926905, 0.30461234], "std": [0.06372937, 0.06712451, 0.06640726, 0.06653875, 0.061228912, 0.060189683, 0.060685437, 0.05957396, 0.06147004, 0.06191635, 0.056527253, 0.057580136, 0.057336353, 0.056111746, 0.054650575, 0.051611423, 0.05038358, 0.048121788, 0.04958942, 0.047419123, 0.048521765, 0.04583367, 0.045614127, 0.0455119, 0.042341582, 0.042327072, 0.043203384, 0.043003626, 0.042059995, 0.04254475, 0.04283717, 0.0432613, 0.04272472, 0.038269483, 0.0382495, 0.037844595, 0.0383951, 0.039563913, 0.039804194, 0.039663125, 0.040360797, 0.04044664, 0.04126386, 0.04073355, 0.041617125, 0.04119222, 0.040197775, 0.04155002, 0.038914535, 0.04063997], "var": [1.0, 0.98, 0.96, 0.96, 0.94, 0.94, 0.94, 0.94, 0.9, 0.88, 0.86, 0.84, 0.82, 0.8, 0.76, 0.72, 0.72, 0.7, 0.68, 0.7, 0.7, 0.7, 0.72, 0.68, 0.64, 0.64, 0.62, 0.6, 0.58, 0.6, 0.62, 0.64, 0.62, 0.64, 0.62, 0.64, 0.66, 0.68, 0.68, 0.68, 0.66, 0.64, 0.64, 0.62, 0.6, 0.58, 0.56, 0.54, 0.52, 0.48], "best": [0.2888889, 0.31269842, 0.31269842, 0.31222224, 0.31198415, 0.31174603, 0.31238097, 0.31274378, 0.3135516, 0.31402117, 0.31449208, 0.31483406, 0.31484127, 0.31572652, 0.3165533, 0.31739685, 0.31834325, 0.31951448, 0.32058203, 0.32148707, 0.32234922, 0.32331067, 0.32433623, 0.32529333, 0.326131, 0.32701588, 0.3277961, 0.32869488, 0.3295465, 0.3303722, 0.33114287, 0.3319099, 0.33280754, 0.33373737, 0.33459854, 0.33546486, 0.3362831, 0.33726728, 0.33802843, 0.3389011, 0.3397778, 0.34060007, 0.34149662, 0.34431157, 0.34531027, 0.34622225, 0.3470635, 0.34791964, 0.34884924, 0.40762234], "duration": [7549, 7549, 7532, 7550, 7515, 7552, 7520, 7494, 7486, 6229, 7503, 8127, 8134, 8109, 8136, 8785, 8760, 8789, 8760, 9395, 9431, 10088, 9409, 10037, 10045, 9352, 10062, 10324, 8735, 10020, 8771, 8787, 9395, 8157, 8758, 8438, 8951, 8724, 8708, 8739, 8735, 8773, 8744, 8121, 8103, 7484, 8179, 6787, 6818, 6830]}