{"avg": [0.3806666, 0.41950488, 0.4349286, 0.44377464, 0.45624775, 0.4684972, 0.48091114, 0.4934218, 0.5058548, 0.51858515, 0.5314276, 0.5441663, 0.55737066, 0.5705656, 0.58379936, 0.59687686, 0.60368097, 0.604371, 0.60498416, 0.6055328, 0.6060268, 0.60647345, 0.60687983, 0.6072506, 0.60759056, 0.6079033, 0.6081921, 0.6084593, 0.60870755, 0.60893863, 0.60915446, 0.6093561, 0.60954523, 0.609723, 0.6098902, 0.61004794, 0.61019695, 0.61033773, 0.6104712, 0.6105978, 0.6107182, 0.6108326, 0.6109416, 0.61104536, 0.6111446, 0.6112395, 0.61133015, 0.6114169, 0.61150014, 0.61157984], "std": [0.1456159, 0.14810278, 0.14864658, 0.15040393, 0.15031987, 0.14933194, 0.14756592, 0.14441864, 0.14014333, 0.13448247, 0.12759776, 0.11873964, 0.10770651, 0.09357502, 0.07414058, 0.04465656, 0.008905998, 0.009293489, 0.009642382, 0.009957749, 0.010243912, 0.010504564, 0.0107428655, 0.010961468, 0.011162685, 0.011348466, 0.011520479, 0.011680185, 0.011828841, 0.011967542, 0.012097245, 0.012218803, 0.012332934, 0.012440313, 0.012541498, 0.012637031, 0.012727338, 0.012812866, 0.012893974, 0.01297098, 0.013044199, 0.013113902, 0.013180333, 0.01324372, 0.013304257, 0.013362155, 0.0134175485, 0.013470623, 0.013521502, 0.013570339], "var": [1.0, 0.98, 0.96, 0.94, 0.94, 0.94, 0.92, 0.88, 0.88, 0.86, 0.86, 0.86, 0.82, 0.8, 0.78, 0.76, 0.76, 0.76, 0.76, 0.76, 0.76, 0.76, 0.76, 0.76, 0.76, 0.76, 0.76, 0.76, 0.76, 0.76, 0.76, 0.76, 0.76, 0.76, 0.76, 0.76, 0.76, 0.76, 0.76, 0.76, 0.76, 0.76, 0.76, 0.76, 0.76, 0.76, 0.76, 0.76, 0.76, 0.76], "best": [0.5666667, 0.5980953, 0.5992858, 0.60031754, 0.60095245, 0.60352385, 0.6057143, 0.6082994, 0.61017865, 0.6115345, 0.6129048, 0.6144589, 0.615754, 0.6172894, 0.61901367, 0.62066674, 0.62217265, 0.62347347, 0.6246297, 0.62566423, 0.6265953, 0.6274377, 0.6282035, 0.62890273, 0.6295437, 0.6301334, 0.6306777, 0.6311817, 0.63164973, 0.63208544, 0.6324921, 0.6328726, 0.63322926, 0.6335643, 0.6338796, 0.6341769, 0.6344577, 0.63472337, 0.634975, 0.63521373, 0.6354405, 0.6356563, 0.63586175, 0.6360576, 0.63624465, 0.63642335, 0.63659424, 0.6367579, 0.63691473, 0.6370652], "duration": [3562, 3554, 3560, 3566, 3569, 3495, 3307, 3247, 3544, 3632, 3587, 3681, 3572, 3622, 3529, 3555, 3616, 3551, 3776, 3538, 3613, 3575, 3542, 3521, 3665, 3592, 3591, 3296, 3325, 3566, 3492, 3594, 3529, 3611, 3588, 3566, 3384, 3624, 3531, 3597, 3439, 3587, 3473, 3581, 3592, 3497, 3506, 3570, 3279, 3245]}