{"avg": [0.43541667, 0.40161067, 0.4391823, 0.39590502, 0.40852273, 0.47036672, 0.38820213, 0.40764526, 0.4776254, 0.46033412, 0.5276312, 0.447303, 0.5162614, 0.50972366, 0.585004, 0.513975, 0.5342287, 0.5176546, 0.5501322, 0.555209, 0.59405696, 0.6111586, 0.5696929, 0.5915273, 0.5828548, 0.5977568, 0.5803653, 0.5551688, 0.5791994, 0.55644906, 0.56765234, 0.63126165, 0.60519063, 0.6157375, 0.6315429, 0.61986744, 0.6409043, 0.6022691, 0.6245539, 0.6257984, 0.6492305, 0.64637053, 0.6561484, 0.6518004, 0.6552016, 0.65543205, 0.6456985, 0.6721273, 0.6673592, 0.6687808], "std": [0.14882353, 0.14758614, 0.15198402, 0.14466874, 0.14631085, 0.15145707, 0.13745217, 0.14818957, 0.14922547, 0.15311079, 0.1323294, 0.15066351, 0.13721703, 0.1437672, 0.07824828, 0.13883637, 0.13374531, 0.13669504, 0.122759305, 0.11774456, 0.07448687, 0.0151164485, 0.10176155, 0.083662294, 0.09972586, 0.08069427, 0.10328817, 0.13245867, 0.105434, 0.13435213, 0.12631725, 0.01201189, 0.08726541, 0.0874322, 0.016542397, 0.08117721, 0.018395726, 0.113974325, 0.080885984, 0.0919026, 0.022553993, 0.01801801, 0.015853219, 0.022360962, 0.022913452, 0.023141412, 0.07964537, 0.0154661415, 0.024629133, 0.019721536], "var": [1.0, 0.96, 0.96, 0.94, 0.92, 0.9, 0.9, 0.88, 0.86, 0.84, 0.82, 0.8, 0.76, 0.76, 0.76, 0.76, 0.74, 0.74, 0.74, 0.7, 0.7, 0.68, 0.68, 0.7, 0.7, 0.7, 0.68, 0.68, 0.68, 0.68, 0.66, 0.62, 0.6, 0.6, 0.58, 0.58, 0.58, 0.54, 0.52, 0.5, 0.5, 0.48, 0.5, 0.5, 0.48, 0.46, 0.44, 0.46, 0.44, 0.42], "best": [0.5666667, 0.6083334, 0.60995674, 0.6068453, 0.6059885, 0.6067364, 0.602133, 0.6059852, 0.60666674, 0.6083334, 0.61216265, 0.6154964, 0.61255866, 0.6149759, 0.619731, 0.6209884, 0.6225024, 0.6246149, 0.6259408, 0.6277673, 0.6304822, 0.6327648, 0.6340253, 0.6327755, 0.63522065, 0.63720244, 0.64021295, 0.6419444, 0.64438057, 0.645449, 0.6466627, 0.6460479, 0.6489221, 0.6533461, 0.6525842, 0.6574352, 0.65995187, 0.66254723, 0.6647588, 0.6665217, 0.6694197, 0.6717045, 0.672038, 0.676073, 0.67746216, 0.67945564, 0.68104327, 0.6834317, 0.68639725, 0.68866014], "duration": [1104, 1075, 1121, 1074, 1076, 1089, 1078, 1081, 1086, 1447, 1279, 1093, 1090, 1098, 1097, 1091, 1098, 1094, 1093, 1090, 1093, 1098, 1096, 1097, 1286, 1101, 1127, 1130, 1278, 1100, 1092, 1086, 1280, 1090, 1094, 1271, 1287, 1096, 1103, 1096, 1101, 1096, 1093, 1104, 1094, 1096, 1268, 1202, 1090, 1093]}