{"avg": [0.1388889, 0.1509162, 0.142246, 0.22060516, 0.15152627, 0.24297644, 0.18436195, 0.19714549, 0.18946117, 0.20311974, 0.21762398, 0.21611273, 0.1920929, 0.24210064, 0.20451207, 0.18908292, 0.27866787, 0.26277962, 0.25857344, 0.30232686, 0.29378808, 0.27596876, 0.29759836, 0.31064817, 0.31175312, 0.31909227, 0.28439164, 0.33987322, 0.3670476, 0.32442746, 0.3068327, 0.36485496, 0.358383, 0.3559242, 0.3367542, 0.3603021, 0.39535367, 0.39282492, 0.3759839, 0.397018, 0.32718915, 0.4202591, 0.400004, 0.3944814, 0.41047505, 0.38776663, 0.41931984, 0.42790055, 0.40529028, 0.42183998], "std": [0.094444446, 0.15670252, 0.13485627, 0.1309375, 0.13488181, 0.122201316, 0.12871522, 0.12875538, 0.12544425, 0.13544889, 0.1620297, 0.14649834, 0.1349134, 0.09531933, 0.13437171, 0.14742601, 0.10963653, 0.124119334, 0.14199577, 0.09063264, 0.09535013, 0.11506949, 0.08900873, 0.11770916, 0.08058399, 0.1282857, 0.13758734, 0.12276308, 0.08924553, 0.10220546, 0.113686666, 0.08058711, 0.09774149, 0.11669727, 0.08953815, 0.08675283, 0.06621368, 0.07142522, 0.11506365, 0.070532806, 0.102579065, 0.040531024, 0.054149393, 0.07833196, 0.064830236, 0.06540019, 0.06363046, 0.06587657, 0.0722277, 0.066028565], "var": [0.98, 0.96, 0.94, 0.94, 0.94, 0.9, 0.88, 0.88, 0.88, 0.84, 0.86, 0.86, 0.86, 0.88, 0.84, 0.86, 0.84, 0.84, 0.86, 0.82, 0.82, 0.78, 0.74, 0.7, 0.68, 0.64, 0.62, 0.58, 0.54, 0.52, 0.5, 0.52, 0.5, 0.5, 0.52, 0.5, 0.48, 0.48, 0.48, 0.46, 0.44, 0.44, 0.44, 0.44, 0.44, 0.44, 0.4, 0.36, 0.34, 0.38], "best": [0.31111112, 0.37490082, 0.38730162, 0.38603178, 0.37395385, 0.38448867, 0.3876358, 0.39159164, 0.37955713, 0.37953398, 0.3984734, 0.40028447, 0.40115902, 0.34759536, 0.40460762, 0.4068852, 0.40682286, 0.40660176, 0.40649098, 0.410069, 0.41116187, 0.41326466, 0.4097999, 0.41435188, 0.41250798, 0.4177754, 0.42224538, 0.42531526, 0.42891032, 0.4316008, 0.43470347, 0.435439, 0.43751895, 0.44058308, 0.44190422, 0.44310337, 0.4453901, 0.44841275, 0.4509941, 0.45289454, 0.45551032, 0.45771208, 0.45244813, 0.4611686, 0.46534014, 0.46813107, 0.47043246, 0.47241533, 0.47454023, 0.47673127], "duration": [4046, 4227, 2725, 6092, 9741, 5876, 5834, 9696, 5846, 7799, 8634, 6079, 6034, 7745, 2249, 4007, 8101, 6001, 3962, 2278, 5897, 7778, 5820, 7781, 6241, 4594, 4076, 4106, 5801, 7837, 6006, 9750, 2280, 7758, 2405, 7964, 4255, 2368, 6267, 4451, 8253, 5951, 4181, 4083, 5959, 3965, 6304, 2038, 3938, 2270]}