{"avg": [0.5066667, 0.41944447, 0.45859146, 0.38680276, 0.47403002, 0.40214932, 0.48727408, 0.51197374, 0.4600941, 0.49410108, 0.43126214, 0.47910014, 0.48546153, 0.40967238, 0.50861, 0.48392954, 0.57104665, 0.5462911, 0.4898301, 0.54370886, 0.50524867, 0.5157502, 0.5685529, 0.47486004, 0.5007709, 0.49308622, 0.49020174, 0.52811337, 0.5115822, 0.5725033, 0.45159215, 0.556279, 0.52316207, 0.5491749, 0.47649798, 0.5504175, 0.5572688, 0.5854145, 0.50447667, 0.5751773, 0.556352, 0.5814895, 0.58038586, 0.53785753, 0.559709, 0.5870437, 0.5727723, 0.58784485, 0.5834603, 0.55770856], "std": [0.12000001, 0.15760165, 0.15450509, 0.1462491, 0.15077826, 0.14492005, 0.14889145, 0.13968426, 0.1512421, 0.13843043, 0.15537046, 0.15124047, 0.14678799, 0.14955206, 0.14280172, 0.1440858, 0.09181846, 0.12121493, 0.1491499, 0.11776627, 0.1420708, 0.13752696, 0.097969525, 0.15436685, 0.14716338, 0.15110877, 0.14752008, 0.13411996, 0.14306034, 0.099123366, 0.15620327, 0.11564236, 0.13732578, 0.12168604, 0.15367055, 0.11374289, 0.117348194, 0.08896023, 0.14820212, 0.09634731, 0.11353127, 0.092534095, 0.097808294, 0.13136896, 0.12601745, 0.09313263, 0.0907761, 0.08915945, 0.0933408, 0.1251812], "var": [1.0, 1.0, 0.98, 0.98, 0.98, 0.98, 0.96, 0.94, 0.92, 0.9, 0.9, 0.88, 0.86, 0.86, 0.86, 0.84, 0.82, 0.82, 0.8, 0.8, 0.78, 0.76, 0.74, 0.72, 0.72, 0.7, 0.7, 0.7, 0.68, 0.66, 0.66, 0.66, 0.66, 0.66, 0.64, 0.62, 0.62, 0.6, 0.58, 0.56, 0.54, 0.54, 0.54, 0.54, 0.56, 0.56, 0.56, 0.54, 0.56, 0.56], "best": [0.5666667, 0.6309524, 0.6251083, 0.6210885, 0.62275136, 0.59757733, 0.61323535, 0.6182038, 0.6206862, 0.6014653, 0.61079645, 0.6165355, 0.6134168, 0.61557275, 0.6151731, 0.60147595, 0.6162481, 0.61750996, 0.6200329, 0.6214064, 0.6101588, 0.61104363, 0.61428577, 0.6194212, 0.6141966, 0.62032443, 0.62158626, 0.62139666, 0.62181264, 0.6220239, 0.6234767, 0.620045, 0.6240538, 0.6215207, 0.62449896, 0.6160792, 0.6235217, 0.62488073, 0.62650156, 0.62447405, 0.6251083, 0.6263745, 0.62701154, 0.6186056, 0.62848276, 0.6300945, 0.6171146, 0.6306057, 0.6313636, 0.63243055], "duration": [795, 750, 936, 754, 749, 732, 747, 965, 790, 739, 735, 746, 750, 1003, 750, 778, 783, 785, 756, 744, 742, 751, 743, 760, 745, 761, 744, 742, 744, 751, 743, 760, 759, 753, 972, 750, 935, 748, 774, 941, 933, 757, 759, 751, 760, 745, 758, 937, 754, 757]}