{"avg": [0.39019614, 0.40597576, 0.3835035, 0.46606803, 0.33958137, 0.44080496, 0.4123579, 0.44190177, 0.44910058, 0.39091712, 0.4759984, 0.46751156, 0.49556798, 0.4315376, 0.42476237, 0.46175128, 0.47607777, 0.46960205, 0.48036695, 0.48112494, 0.46945947, 0.47472477, 0.5088073, 0.5055478, 0.43453518, 0.5260212, 0.5115373, 0.45226955, 0.54683757, 0.4713978, 0.45247695, 0.51152325, 0.54117787, 0.5464239, 0.561499, 0.56596756, 0.58490235, 0.5055567, 0.46215916, 0.5709181, 0.5074115, 0.54999894, 0.54597205, 0.5559333, 0.5758775, 0.58905566, 0.5535864, 0.5968168, 0.5552323, 0.55901814], "std": [0.14764592, 0.14799276, 0.14041226, 0.14795977, 0.11349469, 0.15014376, 0.14689705, 0.15185888, 0.15047264, 0.14352107, 0.14794783, 0.14839959, 0.14097682, 0.15108187, 0.15008965, 0.15036191, 0.14898118, 0.15056358, 0.14736325, 0.14713308, 0.15014648, 0.14760332, 0.13873973, 0.13790633, 0.15322463, 0.12980667, 0.13558589, 0.15227655, 0.11416658, 0.15080018, 0.15344232, 0.13886179, 0.12194193, 0.11536992, 0.09950088, 0.10234376, 0.080191545, 0.14252633, 0.1526063, 0.09819053, 0.14628214, 0.11698772, 0.12247986, 0.117084846, 0.10346808, 0.08251003, 0.12156312, 0.08068501, 0.12472698, 0.12567921], "var": [0.984, 0.968, 0.968, 0.968, 0.96, 0.952, 0.944, 0.936, 0.936, 0.936, 0.92, 0.912, 0.904, 0.896, 0.896, 0.88, 0.872, 0.864, 0.856, 0.848, 0.848, 0.856, 0.856, 0.848, 0.832, 0.816, 0.808, 0.808, 0.808, 0.792, 0.792, 0.792, 0.792, 0.792, 0.776, 0.768, 0.768, 0.76, 0.76, 0.744, 0.728, 0.72, 0.712, 0.712, 0.704, 0.704, 0.688, 0.672, 0.656, 0.64], "best": [0.5666667, 0.6086835, 0.5959184, 0.607283, 0.59677875, 0.60542643, 0.5921102, 0.6036815, 0.59523815, 0.60285723, 0.60308963, 0.6037891, 0.59551966, 0.59612966, 0.59794194, 0.6029434, 0.60449743, 0.6058532, 0.60718197, 0.60850024, 0.60595244, 0.59941316, 0.60838103, 0.6011184, 0.6044852, 0.60941315, 0.6113562, 0.609063, 0.6117171, 0.6129048, 0.6138713, 0.61526304, 0.61591893, 0.6164161, 0.6167153, 0.61731607, 0.618841, 0.6157435, 0.61877054, 0.6210122, 0.6230194, 0.6235996, 0.6242257, 0.62491447, 0.62597007, 0.6283004, 0.629907, 0.6307602, 0.6331072, 0.63406074], "duration": [1219, 1194, 1192, 1215, 1178, 1186, 1223, 1174, 1190, 1111, 1103, 1109, 1105, 1154, 1135, 1139, 1146, 1192, 1160, 1517, 1137, 1146, 1529, 1163, 1193, 1185, 1185, 1188, 1192, 1193, 1376, 1197, 1201, 1200, 1181, 1199, 1178, 1162, 1182, 1188, 1181, 1204, 1180, 1397, 1193, 1216, 1180, 1183, 1182, 1173]}