{"avg": [0.37380958, 0.4344445, 0.40554196, 0.40747362, 0.3824356, 0.44636506, 0.42559522, 0.48347276, 0.44854945, 0.47115827, 0.5088849, 0.53366584, 0.47403762, 0.53106564, 0.58062845, 0.51203334, 0.5370644, 0.527332, 0.49616185, 0.56333023, 0.5047768, 0.5682389, 0.58617294, 0.5888907, 0.6110452, 0.6138149, 0.59103006, 0.5705982, 0.61199075, 0.61755073, 0.61942095, 0.61958873, 0.62197214, 0.6232682, 0.6228701, 0.60392296, 0.62254703, 0.6248577, 0.6223974, 0.6314615, 0.63319737, 0.63096225, 0.63112646, 0.63311374, 0.6405422, 0.6408588, 0.6461862, 0.64502203, 0.64549637, 0.64828616], "std": [0.14374724, 0.15173483, 0.15122385, 0.1484226, 0.13467935, 0.15532628, 0.14944972, 0.14413902, 0.15238242, 0.15048282, 0.13686892, 0.1254591, 0.14942652, 0.12743156, 0.076464266, 0.14259121, 0.12858808, 0.1367418, 0.1483859, 0.10583502, 0.14836356, 0.10730769, 0.08028909, 0.07820293, 0.0072597363, 0.0046755807, 0.081421055, 0.114412844, 0.0064027123, 0.006557418, 0.010084365, 0.009527146, 0.009533935, 0.008441057, 0.008854339, 0.09025634, 0.015573438, 0.011891373, 0.012606602, 0.008725246, 0.011134622, 0.008380633, 0.012704573, 0.01457286, 0.01035332, 0.009635091, 0.0067105126, 0.016095484, 0.0114487875, 0.011256851], "var": [0.98, 0.98, 1.0, 1.0, 1.0, 1.0, 0.98, 0.98, 0.98, 0.96, 0.94, 0.92, 0.92, 0.92, 0.9, 0.9, 0.88, 0.86, 0.82, 0.82, 0.78, 0.78, 0.74, 0.76, 0.78, 0.8, 0.8, 0.8, 0.78, 0.8, 0.8, 0.78, 0.76, 0.78, 0.78, 0.8, 0.8, 0.8, 0.78, 0.76, 0.76, 0.78, 0.76, 0.74, 0.72, 0.74, 0.72, 0.72, 0.7, 0.66], "best": [0.5666667, 0.62448984, 0.6159278, 0.6121694, 0.6096019, 0.6095239, 0.59974945, 0.60506225, 0.6086615, 0.60995674, 0.6092262, 0.61119187, 0.6080529, 0.60707426, 0.61080915, 0.61221963, 0.612723, 0.61411136, 0.610908, 0.6154529, 0.616511, 0.6171911, 0.61889845, 0.61962014, 0.6217848, 0.6237493, 0.62592983, 0.62568754, 0.6252165, 0.62840474, 0.6298225, 0.63173956, 0.63297296, 0.63465464, 0.63649017, 0.63844097, 0.6390662, 0.63958085, 0.6412324, 0.64447844, 0.64681536, 0.6469314, 0.6498736, 0.64943653, 0.6526838, 0.6548526, 0.65659195, 0.6587003, 0.65888137, 0.6605152], "duration": [1335, 1291, 1316, 1353, 1305, 1480, 1281, 1483, 1291, 1780, 1306, 1254, 1458, 1498, 1321, 1421, 1160, 1334, 1335, 1165, 1292, 1248, 1261, 1291, 1271, 1300, 1364, 1281, 1464, 1327, 1332, 1277, 1265, 1244, 1386, 1286, 1266, 1268, 1315, 1952, 1274, 1224, 1578, 1525, 1430, 1322, 1317, 1250, 1439, 1362]}