{"avg": [0.39841273, 0.4395238, 0.42370695, 0.4411045, 0.4486176, 0.4666448, 0.479891, 0.50017637, 0.48621827, 0.4875485, 0.49574548, 0.51741993, 0.5332964, 0.4796123, 0.50022316, 0.52074087, 0.5373278, 0.51341516, 0.53955805, 0.55118227, 0.5557655, 0.5426641, 0.55124784, 0.5422515, 0.5654794, 0.53316855, 0.5707059, 0.5735964, 0.5650112, 0.5783814, 0.5783432, 0.58865184, 0.58639807, 0.5912417, 0.5868274, 0.59402716, 0.6005063, 0.60355675, 0.6089697, 0.60925984, 0.6167977, 0.6183384, 0.62481874, 0.619724, 0.6346399, 0.6340943, 0.6417671, 0.64465714, 0.64390767, 0.64089143], "std": [0.12750883, 0.13664013, 0.1260219, 0.12651004, 0.142134, 0.124842316, 0.11050459, 0.08536329, 0.107260026, 0.10913671, 0.08799328, 0.07112916, 0.05229568, 0.11377835, 0.08594107, 0.07626693, 0.045645267, 0.099050485, 0.058030445, 0.013449872, 0.01117126, 0.060680375, 0.045442253, 0.06759407, 0.01544139, 0.07962316, 0.01687953, 0.016548757, 0.04956237, 0.016955482, 0.019455004, 0.012428019, 0.023104088, 0.018661642, 0.038427666, 0.02115827, 0.015333784, 0.020579308, 0.016780544, 0.014789263, 0.013921392, 0.01605525, 0.016342692, 0.02143817, 0.0075674797, 0.010129023, 0.004798162, 0.007279722, 0.010189587, 0.021501055], "var": [1.0, 0.98, 0.98, 0.98, 0.96, 0.94, 0.92, 0.92, 0.9, 0.9, 0.88, 0.88, 0.88, 0.9, 0.9, 0.88, 0.88, 0.86, 0.84, 0.86, 0.86, 0.84, 0.84, 0.82, 0.82, 0.78, 0.74, 0.74, 0.72, 0.74, 0.72, 0.68, 0.68, 0.66, 0.64, 0.66, 0.62, 0.62, 0.6, 0.58, 0.58, 0.54, 0.52, 0.52, 0.52, 0.52, 0.5, 0.5, 0.52, 0.52], "best": [0.51111114, 0.5621315, 0.5464149, 0.54814816, 0.55209476, 0.55192745, 0.5569571, 0.5622575, 0.5554921, 0.56295174, 0.55994344, 0.56065696, 0.5622763, 0.5635154, 0.5654098, 0.565733, 0.5684958, 0.57041365, 0.57071877, 0.573751, 0.57331824, 0.5781067, 0.5824033, 0.5854178, 0.58841395, 0.5910944, 0.59217966, 0.59516764, 0.5978955, 0.5970212, 0.6031115, 0.6056745, 0.60877687, 0.6118611, 0.61513036, 0.61797816, 0.6200728, 0.62305206, 0.62627465, 0.6290972, 0.6314217, 0.63489896, 0.6377297, 0.6411663, 0.6436677, 0.6470665, 0.6501613, 0.65346307, 0.6565381, 0.65930647], "duration": [31745, 27382, 36000, 31806, 27419, 27440, 27319, 27342, 27447, 27471, 31882, 27496, 27424, 31969, 27428, 27517, 27839, 27700, 27658, 27768, 32408, 27822, 27709, 27675, 27753, 27723, 32416, 27727, 32429, 27740, 32394, 27641, 27764, 37062, 27702, 27869, 27789, 36907, 28539, 27774, 27577, 27469, 27471, 27267, 32143, 31995, 32029, 27614, 27437, 27577]}