{"avg": [0.38666672, 0.4343604, 0.39557073, 0.43950436, 0.44087598, 0.44796667, 0.40670642, 0.4083423, 0.43818283, 0.45915946, 0.44026095, 0.43150526, 0.45644638, 0.3967383, 0.4778717, 0.5110792, 0.459526, 0.4206294, 0.5022088, 0.5151989, 0.55782735, 0.46757707, 0.52533937, 0.5086733, 0.49105915, 0.48531526, 0.45870483, 0.5761923, 0.48712528, 0.5404258, 0.5940684, 0.5598703, 0.54052424, 0.5385334, 0.59335643, 0.5375169, 0.54140306, 0.5418604, 0.49341637, 0.5390242, 0.520249, 0.57867724, 0.5392149, 0.53917295, 0.51550883, 0.54764724, 0.55960363, 0.5402509, 0.5396208, 0.546591], "std": [0.1469694, 0.14608449, 0.14708759, 0.14765264, 0.14745061, 0.14975804, 0.14623716, 0.14584431, 0.15081988, 0.14915209, 0.14941877, 0.15003043, 0.1500374, 0.14446467, 0.14545397, 0.13363993, 0.14822018, 0.14931461, 0.13685893, 0.13064641, 0.09480722, 0.15055405, 0.12607816, 0.13618459, 0.14232907, 0.14490318, 0.15113762, 0.07145766, 0.14569125, 0.11719792, 0.0033411928, 0.09631253, 0.115949675, 0.11982669, 0.004682584, 0.11890735, 0.117320135, 0.116714716, 0.14492796, 0.1198495, 0.131737, 0.07275789, 0.11977187, 0.11994046, 0.13637787, 0.114747986, 0.10187365, 0.12009557, 0.12179445, 0.11581123], "var": [0.984, 0.968, 0.968, 0.968, 0.96, 0.944, 0.936, 0.928, 0.92, 0.912, 0.896, 0.896, 0.88, 0.872, 0.864, 0.848, 0.848, 0.84, 0.84, 0.824, 0.816, 0.808, 0.792, 0.784, 0.784, 0.768, 0.768, 0.76, 0.744, 0.736, 0.728, 0.728, 0.712, 0.704, 0.696, 0.68, 0.672, 0.664, 0.656, 0.664, 0.656, 0.648, 0.648, 0.64, 0.632, 0.632, 0.632, 0.632, 0.632, 0.632], "best": [0.5666667, 0.6095239, 0.61205363, 0.5904763, 0.5904763, 0.5944923, 0.5942858, 0.5951171, 0.5962536, 0.59841275, 0.5942138, 0.59335846, 0.59726256, 0.5948149, 0.5947069, 0.5968439, 0.5957091, 0.5937717, 0.59547234, 0.5963177, 0.59646344, 0.59695774, 0.59723383, 0.5983123, 0.59693307, 0.5952271, 0.5990328, 0.6002351, 0.6012226, 0.60214293, 0.59922636, 0.5995891, 0.5989889, 0.60384816, 0.6003833, 0.60105383, 0.60112685, 0.6012168, 0.60561776, 0.60218525, 0.6020856, 0.6030773, 0.6061945, 0.60312706, 0.6033651, 0.60341823, 0.60490716, 0.6073475, 0.60707605, 0.60590255], "duration": [1207, 1198, 1194, 1176, 1223, 1210, 1182, 1189, 1412, 1227, 1176, 1169, 1181, 1174, 1199, 1182, 1177, 1174, 1194, 1588, 1191, 1170, 1164, 1168, 1179, 1233, 1186, 1114, 1099, 1222, 1115, 1177, 1173, 1214, 1193, 1240, 1181, 1127, 1200, 1168, 1158, 1200, 1217, 1251, 1338, 1155, 1139, 1117, 1155, 1178]}