{"avg": [0.16023393, 0.15840586, 0.18182874, 0.16411565, 0.21670724, 0.18933411, 0.21713133, 0.19557229, 0.18407303, 0.22940858, 0.15946747, 0.18574679, 0.18209971, 0.23022069, 0.22082305, 0.24222152, 0.23305218, 0.20873336, 0.22216177, 0.2527926, 0.19756985, 0.24083738, 0.23062018, 0.21218418, 0.20729068, 0.20054363, 0.22560848, 0.2655489, 0.26071656, 0.2689602, 0.29399604, 0.31706455, 0.3031187, 0.3318271, 0.32355377, 0.28767872, 0.33524936, 0.3507956, 0.31737483, 0.32575265, 0.34720302, 0.3711863, 0.36665016, 0.35386324, 0.38518703, 0.3172436, 0.3336719, 0.34950307, 0.35495833, 0.37787703], "std": [0.08847241, 0.14970687, 0.102924414, 0.118383154, 0.11054897, 0.1608058, 0.13490427, 0.12911877, 0.14909935, 0.12875262, 0.13481088, 0.1267737, 0.12927434, 0.1417177, 0.082418084, 0.12177957, 0.11757309, 0.14340475, 0.12822448, 0.1687708, 0.15902577, 0.15881698, 0.12071481, 0.16626312, 0.1607296, 0.14392976, 0.15482022, 0.14748512, 0.12431311, 0.11123551, 0.117110066, 0.118088916, 0.14166379, 0.12748934, 0.119188786, 0.11681249, 0.12133273, 0.11328635, 0.11765308, 0.11336582, 0.07813457, 0.08256662, 0.11665799, 0.06532487, 0.07058065, 0.11474808, 0.124829106, 0.09368229, 0.117101625, 0.061325993], "var": [1.0, 1.0, 1.0, 1.0, 1.0, 1.0, 1.0, 1.0, 1.0, 1.0, 1.0, 1.0, 1.0, 1.0, 1.0, 0.98, 0.98, 0.98, 0.98, 0.98, 0.98, 0.98, 0.96, 0.96, 0.96, 0.94, 0.94, 0.92, 0.92, 0.92, 0.9, 0.9, 0.88, 0.88, 0.88, 0.86, 0.86, 0.86, 0.84, 0.84, 0.84, 0.8, 0.8, 0.76, 0.78, 0.78, 0.8, 0.8, 0.76, 0.76], "best": [0.31111112, 0.37685886, 0.38465613, 0.38028088, 0.37395388, 0.39010844, 0.39126986, 0.38667506, 0.39350203, 0.38987416, 0.3971488, 0.3981117, 0.38976613, 0.4009679, 0.3746032, 0.3998169, 0.39928544, 0.4026376, 0.40003958, 0.40724942, 0.40596247, 0.40964854, 0.4088697, 0.40743804, 0.4054422, 0.4067491, 0.40690947, 0.41336265, 0.4142136, 0.41006687, 0.4151803, 0.41724613, 0.41827452, 0.41501033, 0.41726416, 0.41919196, 0.42260152, 0.42349485, 0.42510024, 0.42620224, 0.42618418, 0.42869014, 0.42915857, 0.43049705, 0.4338216, 0.43361294, 0.4364881, 0.43577486, 0.43958735, 0.43279666], "duration": [6376, 4148, 2398, 7830, 10830, 5969, 4208, 8172, 4134, 2558, 2295, 2262, 4020, 2367, 2284, 5967, 4176, 6043, 5987, 4180, 6010, 2339, 4484, 2255, 4177, 4156, 7833, 5988, 4235, 4213, 4928, 2295, 4111, 7166, 4171, 2320, 5974, 6042, 2315, 6069, 4629, 2445, 2008, 5909, 6661, 6022, 3957, 2592, 6040, 4115]}