{"avg": [0.11955558, 0.10300953, 0.12612383, 0.1434127, 0.15761906, 0.13875872, 0.17598888, 0.17108709, 0.18443017, 0.19472595, 0.20931906, 0.20659684, 0.24119283, 0.22340585, 0.24537075, 0.2697594, 0.27903688, 0.28176823, 0.30518937, 0.3149945, 0.31478673, 0.30139735, 0.33607566, 0.36703166, 0.3714548, 0.38313743, 0.40534347, 0.4229811, 0.43522507, 0.47009504, 0.45738345, 0.48221415, 0.4835199, 0.49149272, 0.5107008, 0.5334777, 0.5254559, 0.5384528, 0.52647626, 0.5551136, 0.55266035, 0.57008207, 0.58147275, 0.57608485, 0.5993273, 0.58788586, 0.5945509, 0.6038022, 0.6098783, 0.6157296], "std": [0.11966125, 0.12409265, 0.12411708, 0.13303457, 0.12292691, 0.13128169, 0.13890792, 0.116138585, 0.14949639, 0.15456694, 0.167885, 0.16547935, 0.17894079, 0.18004122, 0.14435574, 0.18569954, 0.18124555, 0.1704848, 0.18817544, 0.18329605, 0.1871221, 0.18004198, 0.188364, 0.17832488, 0.17115773, 0.16334035, 0.16304477, 0.14725554, 0.14487226, 0.12569125, 0.122632414, 0.11592345, 0.12576108, 0.107757375, 0.10938348, 0.09775232, 0.09431771, 0.09403496, 0.09483223, 0.09741246, 0.09506826, 0.07860746, 0.06740961, 0.07306591, 0.061589524, 0.070162565, 0.06860254, 0.06440085, 0.062007897, 0.059188034], "var": [0.98, 0.98, 0.96, 0.94, 0.92, 0.92, 0.9, 0.86, 0.84, 0.8, 0.82, 0.84, 0.86, 0.84, 0.8, 0.8, 0.76, 0.74, 0.74, 0.72, 0.72, 0.7, 0.72, 0.7, 0.7, 0.68, 0.64, 0.6, 0.58, 0.54, 0.52, 0.5, 0.5, 0.48, 0.48, 0.46, 0.44, 0.42, 0.4, 0.36, 0.32, 0.3, 0.3, 0.3, 0.28, 0.28, 0.28, 0.26, 0.26, 0.26], "best": [0.51111114, 0.38222227, 0.53634924, 0.53634924, 0.5362302, 0.5359683, 0.53769845, 0.3920862, 0.5425397, 0.54433864, 0.5459683, 0.54730165, 0.5485318, 0.5503053, 0.55209756, 0.55415875, 0.5559623, 0.5575537, 0.55939156, 0.56071013, 0.5633016, 0.5646712, 0.5674098, 0.56947553, 0.5716865, 0.5740064, 0.57622105, 0.57899475, 0.58129823, 0.5849535, 0.5879048, 0.59091145, 0.5939088, 0.59678215, 0.59982264, 0.6028254, 0.6058598, 0.6089618, 0.6120134, 0.6150428, 0.6183969, 0.6217499, 0.6251361, 0.62860835, 0.6320311, 0.63543916, 0.6387923, 0.64201283, 0.6450893, 0.6480596], "duration": [9908, 10260, 9919, 11109, 11330, 9933, 9981, 11121, 11197, 11583, 11189, 12080, 13634, 13438, 15614, 15105, 14286, 15231, 15596, 15544, 13682, 14346, 14354, 15109, 14893, 16229, 16225, 15403, 16051, 15825, 15527, 14576, 14482, 15004, 15470, 15207, 15239, 15144, 14468, 13606, 13108, 12861, 11859, 11009, 10639, 9324, 9242, 9650, 9850, 9485]}