{"avg": [0.15866672, 0.18042544, 0.18082857, 0.18449207, 0.18714525, 0.19326347, 0.19737938, 0.19757237, 0.20195755, 0.20112701, 0.20694704, 0.20990911, 0.21225077, 0.21825619, 0.22082314, 0.2326724, 0.23526508, 0.23310253, 0.2318598, 0.23817293, 0.24261667, 0.24135512, 0.24118558, 0.24733572, 0.24796589, 0.24258323, 0.23920782, 0.24491043, 0.24922714, 0.24558137, 0.251794, 0.26009536, 0.25647834, 0.25306404, 0.25345618, 0.25723, 0.2560455, 0.25364828, 0.26008445, 0.26049006, 0.26115164, 0.26157093, 0.25992498, 0.26423126, 0.26377976, 0.26806772, 0.27233064, 0.27197385, 0.27391112, 0.2827125], "std": [0.078851014, 0.08104551, 0.081004255, 0.08672628, 0.089441784, 0.08498204, 0.08656432, 0.086443625, 0.09162131, 0.09232697, 0.096677825, 0.10177944, 0.0980112, 0.0958401, 0.09703133, 0.09167116, 0.093100525, 0.09174941, 0.08696692, 0.0893272, 0.09301525, 0.09457871, 0.08934847, 0.089386374, 0.0876288, 0.08981763, 0.08824858, 0.08640658, 0.09028326, 0.08902136, 0.091425665, 0.09312897, 0.094460845, 0.09308933, 0.0973037, 0.09892998, 0.09639938, 0.091810994, 0.09143765, 0.08924222, 0.09386423, 0.096981816, 0.094745286, 0.09386656, 0.09601742, 0.09893415, 0.101677544, 0.10206792, 0.10369809, 0.1040893], "var": [1.0, 1.0, 0.98, 0.98, 0.96, 0.94, 0.92, 0.9, 0.88, 0.9, 0.88, 0.9, 0.88, 0.86, 0.86, 0.86, 0.82, 0.82, 0.8, 0.78, 0.78, 0.76, 0.74, 0.74, 0.76, 0.74, 0.74, 0.74, 0.76, 0.78, 0.78, 0.78, 0.78, 0.74, 0.72, 0.68, 0.72, 0.7, 0.68, 0.68, 0.68, 0.7, 0.72, 0.7, 0.7, 0.7, 0.7, 0.72, 0.72, 0.72], "best": [0.3777778, 0.408254, 0.408254, 0.4087302, 0.41039687, 0.41206354, 0.41357148, 0.41458052, 0.4152778, 0.41597888, 0.4167302, 0.4177778, 0.41912702, 0.42026865, 0.42128122, 0.42206353, 0.42310518, 0.4239963, 0.4245503, 0.42502093, 0.42563495, 0.42623585, 0.42693365, 0.4276329, 0.4282937, 0.4289397, 0.4293529, 0.42968258, 0.43017578, 0.430832, 0.43158734, 0.4325858, 0.43352187, 0.4342136, 0.43466857, 0.4352336, 0.43585983, 0.4364136, 0.43676278, 0.43709406, 0.4372659, 0.4374526, 0.43755105, 0.4375674, 0.43764794, 0.43772492, 0.4379124, 0.43823373, 0.4385417, 0.43887597], "duration": [8149, 8158, 8306, 9235, 8091, 8923, 8413, 8185, 8140, 7301, 7438, 7180, 6819, 7429, 6794, 7425, 7119, 7445, 6851, 7444, 6819, 6496, 8097, 8127, 8138, 7466, 6823, 9042, 9114, 8815, 9208, 8766, 9131, 8057, 6175, 6790, 6144, 6153, 6152, 6168, 6197, 6779, 6823, 6777, 6812, 6152, 6239, 6164, 7130, 7066]}