{"avg": [0.4078432, 0.44187674, 0.4131653, 0.4233517, 0.49638614, 0.37942812, 0.45724568, 0.4586236, 0.4225254, 0.41413215, 0.39101452, 0.43250042, 0.44990873, 0.41399938, 0.41460422, 0.44105554, 0.44085965, 0.47460142, 0.45966116, 0.48063228, 0.5025681, 0.51879805, 0.49842858, 0.48690236, 0.5223921, 0.509917, 0.5104968, 0.45207092, 0.52866966, 0.4612873, 0.5616715, 0.538638, 0.47636196, 0.4956155, 0.5229349, 0.5382027, 0.53165984, 0.54892045, 0.54078954, 0.48981017, 0.53943026, 0.5813256, 0.520977, 0.5958315, 0.5815409, 0.5460866, 0.5650763, 0.5799044, 0.5616811, 0.5415782], "std": [0.1497403, 0.15233773, 0.14938095, 0.15043339, 0.14023717, 0.13813525, 0.14992523, 0.15083781, 0.1500831, 0.1493091, 0.14277098, 0.15042335, 0.15166302, 0.14892636, 0.1497654, 0.15011594, 0.15074317, 0.14761366, 0.15115486, 0.14813668, 0.13813132, 0.13136835, 0.1403918, 0.14555168, 0.13013439, 0.13650058, 0.1374798, 0.15242621, 0.12749127, 0.15243067, 0.09895154, 0.11942104, 0.14799458, 0.14467864, 0.13139012, 0.11951072, 0.12514172, 0.11103468, 0.1159976, 0.14570542, 0.12044217, 0.07264091, 0.13268448, 0.00650552, 0.06856546, 0.11776688, 0.10018769, 0.07489485, 0.10256081, 0.12026701], "var": [0.984, 0.984, 0.976, 0.968, 0.952, 0.944, 0.952, 0.944, 0.936, 0.928, 0.92, 0.912, 0.904, 0.896, 0.888, 0.872, 0.856, 0.84, 0.824, 0.824, 0.824, 0.816, 0.816, 0.824, 0.808, 0.792, 0.784, 0.776, 0.76, 0.744, 0.744, 0.736, 0.728, 0.728, 0.736, 0.736, 0.728, 0.736, 0.736, 0.744, 0.744, 0.736, 0.736, 0.72, 0.712, 0.712, 0.696, 0.704, 0.712, 0.72], "best": [0.5666667, 0.61288524, 0.60068035, 0.59963375, 0.6020409, 0.59905875, 0.59995383, 0.5981504, 0.60003483, 0.5973887, 0.59795135, 0.5986216, 0.5956522, 0.59440905, 0.6004545, 0.59776676, 0.59409946, 0.5985747, 0.6007021, 0.6018038, 0.5999037, 0.603552, 0.60001254, 0.59831303, 0.6040735, 0.6000662, 0.601799, 0.6040599, 0.60260195, 0.6070435, 0.6043689, 0.6049036, 0.60517454, 0.608042, 0.60702527, 0.60084367, 0.6076037, 0.60638654, 0.60089743, 0.60793656, 0.6081958, 0.60850155, 0.6024303, 0.60695976, 0.60754603, 0.6076191, 0.60965616, 0.6101655, 0.60911983, 0.61165285], "duration": [1107, 1083, 1079, 1086, 1096, 1081, 1082, 1077, 1086, 1077, 1088, 1082, 1082, 1268, 1083, 1081, 1095, 1094, 1086, 1090, 1275, 1097, 1099, 1090, 1096, 1110, 1091, 1094, 1084, 1089, 1106, 1087, 1089, 1091, 1096, 1096, 1266, 1326, 1084, 1082, 1098, 1091, 1104, 1121, 1269, 1092, 1095, 1171, 1101, 1092]}