{"avg": [0.13148148, 0.1796462, 0.18072896, 0.18649472, 0.19906466, 0.19385675, 0.19484128, 0.17753755, 0.18095908, 0.16988958, 0.19660221, 0.20553079, 0.2079977, 0.2259827, 0.18816113, 0.21429199, 0.1982226, 0.21748842, 0.22477306, 0.19489713, 0.24279356, 0.24918231, 0.246338, 0.23407204, 0.2287952, 0.25616902, 0.24154805, 0.2694718, 0.23899981, 0.24251516, 0.27411556, 0.27195302, 0.2598663, 0.270435, 0.2743512, 0.28888044, 0.28835902, 0.2739871, 0.26160094, 0.3096245, 0.2996963, 0.30228865, 0.28283808, 0.3095095, 0.32341805, 0.31796604, 0.297758, 0.34818032, 0.33847266, 0.3287724], "std": [0.07288396, 0.082213946, 0.0636508, 0.075704694, 0.094255276, 0.06640507, 0.08296415, 0.078034826, 0.0764454, 0.075472176, 0.048022266, 0.06507641, 0.05329289, 0.04906085, 0.097353846, 0.07050602, 0.076088995, 0.068240754, 0.055260647, 0.07210012, 0.046578206, 0.04321561, 0.06699455, 0.044383842, 0.078937925, 0.05218234, 0.08266861, 0.06262277, 0.07314788, 0.057333305, 0.06245235, 0.055585556, 0.0430692, 0.045327634, 0.046378646, 0.055226758, 0.07209427, 0.048071206, 0.050247062, 0.053428423, 0.057339422, 0.085377306, 0.09630088, 0.05838356, 0.048856393, 0.049201656, 0.09971198, 0.022287138, 0.054277346, 0.05964537], "var": [0.98, 0.94, 0.9, 0.9, 0.9, 0.9, 0.88, 0.86, 0.82, 0.8, 0.76, 0.72, 0.7, 0.68, 0.66, 0.66, 0.64, 0.64, 0.62, 0.58, 0.58, 0.56, 0.52, 0.48, 0.44, 0.4, 0.4, 0.38, 0.38, 0.36, 0.34, 0.34, 0.34, 0.34, 0.34, 0.34, 0.32, 0.3, 0.3, 0.28, 0.28, 0.28, 0.26, 0.24, 0.24, 0.24, 0.22, 0.22, 0.22, 0.2], "best": [0.24444446, 0.29444447, 0.23090573, 0.29712301, 0.3260771, 0.3015873, 0.3043442, 0.2979837, 0.29667425, 0.23084696, 0.2907738, 0.29766417, 0.30022323, 0.30112723, 0.30233806, 0.30350417, 0.3046228, 0.30005372, 0.30613047, 0.29929453, 0.30715814, 0.30880234, 0.35389924, 0.31194216, 0.31292218, 0.3137661, 0.3159662, 0.36222222, 0.32002747, 0.32163745, 0.37865147, 0.32510707, 0.3281405, 0.32892084, 0.33022013, 0.3557335, 0.36297393, 0.33760273, 0.3381267, 0.39443675, 0.39721346, 0.34396827, 0.3579651, 0.4054262, 0.3520717, 0.41191143, 0.41344655, 0.35957915, 0.419639, 0.36701018], "duration": [5687, 8045, 7460, 3519, 5653, 5678, 7319, 5333, 6060, 5236, 7230, 11454, 5325, 7486, 5331, 5666, 3442, 7182, 4623, 6812, 5825, 9252, 9298, 5124, 8789, 3951, 2755, 9060, 3152, 6027, 10375, 6182, 2750, 2678, 3616, 7401, 4031, 7301, 5597, 6400, 5459, 5808, 5882, 3865, 3113, 5620, 3773, 3676, 3625, 3479]}