{"avg": [0.40915036, 0.45350143, 0.4420966, 0.4932586, 0.46264067, 0.4723059, 0.50348043, 0.51736957, 0.50070614, 0.49106562, 0.4920707, 0.5117639, 0.5065077, 0.5363149, 0.5000021, 0.5383155, 0.5017985, 0.5310094, 0.51750106, 0.53249377, 0.54048884, 0.5416358, 0.51635253, 0.54370725, 0.54752624, 0.51799023, 0.5656908, 0.5508625, 0.55526084, 0.57622945, 0.57636964, 0.5765421, 0.57272905, 0.58511394, 0.58137524, 0.5757741, 0.5949844, 0.59238917, 0.58394736, 0.6033119, 0.60665643, 0.59255123, 0.62212837, 0.59972435, 0.6312358, 0.6166838, 0.6222029, 0.6330029, 0.6369149, 0.6512838], "std": [0.10590657, 0.107597284, 0.123703636, 0.07157232, 0.12666509, 0.109413646, 0.1002806, 0.08934274, 0.100539304, 0.10633142, 0.12906803, 0.09820486, 0.10216431, 0.041461926, 0.10596556, 0.042121176, 0.08109545, 0.088718586, 0.07339699, 0.060282085, 0.05549802, 0.05758355, 0.107509926, 0.056520183, 0.05519117, 0.10704621, 0.010971434, 0.060861465, 0.060274042, 0.01549094, 0.018845078, 0.016187536, 0.06348841, 0.020471754, 0.026154842, 0.06915723, 0.020636072, 0.029189114, 0.06728088, 0.026743388, 0.025484452, 0.07016804, 0.018707464, 0.0750078, 0.019858317, 0.03874434, 0.02963163, 0.023699028, 0.02503675, 0.001782102], "var": [0.96, 0.92, 0.9, 0.86, 0.84, 0.84, 0.82, 0.84, 0.8, 0.78, 0.8, 0.78, 0.74, 0.7, 0.68, 0.66, 0.66, 0.66, 0.62, 0.58, 0.54, 0.52, 0.52, 0.5, 0.5, 0.48, 0.48, 0.48, 0.46, 0.44, 0.44, 0.44, 0.4, 0.38, 0.36, 0.4, 0.36, 0.36, 0.34, 0.34, 0.32, 0.3, 0.28, 0.26, 0.26, 0.22, 0.18, 0.16, 0.14, 0.14], "best": [0.51111114, 0.5587302, 0.5602183, 0.5549207, 0.55730873, 0.544674, 0.55151516, 0.5492485, 0.55184776, 0.55314726, 0.5537573, 0.5558232, 0.5577116, 0.5581409, 0.55796564, 0.55996174, 0.5626664, 0.5623514, 0.5665533, 0.5710372, 0.56742257, 0.5742425, 0.5756875, 0.5709351, 0.5730671, 0.576526, 0.57918876, 0.5850341, 0.5868737, 0.58752435, 0.59272915, 0.5965395, 0.59865177, 0.60319936, 0.6059434, 0.6085336, 0.61208904, 0.6164888, 0.6190343, 0.62198883, 0.62487197, 0.6275133, 0.6307386, 0.6349984, 0.63785374, 0.6413533, 0.6436221, 0.6454882, 0.6486311, 0.651744], "duration": [31210, 26957, 31449, 31611, 31495, 27014, 27036, 27021, 27030, 27035, 27045, 26993, 26991, 31569, 31490, 30918, 26988, 27072, 27022, 36128, 27067, 26998, 26989, 27083, 27016, 26972, 27021, 27038, 31547, 26997, 26985, 27008, 26978, 27021, 31516, 27064, 36067, 27048, 27005, 27048, 27010, 31498, 31529, 27023, 27039, 26994, 27022, 26987, 27005, 27028]}