{"avg": [0.34166673, 0.40937504, 0.42636555, 0.3704167, 0.44447455, 0.4050557, 0.41698557, 0.5266258, 0.48504472, 0.48941568, 0.5358564, 0.5277876, 0.52803004, 0.59094024, 0.5306914, 0.5879433, 0.5286483, 0.5716105, 0.5422473, 0.5764423, 0.59515715, 0.55648434, 0.5784076, 0.5862131, 0.6049843, 0.6281305, 0.6098406, 0.6250312, 0.6120088, 0.6114355, 0.63870335, 0.6384277, 0.63973755, 0.6318313, 0.65359175, 0.64654016, 0.6557292, 0.65826833, 0.6580786, 0.660358, 0.6583691, 0.6646044, 0.65866816, 0.6654965, 0.6737393, 0.67818224, 0.6769227, 0.6851163, 0.68516606, 0.6857491], "std": [0.12990384, 0.14833291, 0.14907181, 0.13186693, 0.15074642, 0.14657661, 0.14729725, 0.12741636, 0.1463207, 0.147857, 0.12541781, 0.13395673, 0.1342596, 0.07448712, 0.13276026, 0.0781613, 0.14066982, 0.10798749, 0.13678081, 0.10819554, 0.086638615, 0.12390746, 0.10884114, 0.10745426, 0.084901564, 0.013775227, 0.08588798, 0.018281652, 0.08460228, 0.07594932, 0.018384283, 0.018342774, 0.019995509, 0.023249177, 0.009839586, 0.023528252, 0.010269098, 0.014612619, 0.021211209, 0.02476968, 0.024329696, 0.011693244, 0.026027344, 0.019137153, 0.013636117, 0.013185016, 0.013207393, 0.007945453, 0.013521079, 0.013946964], "var": [0.96, 0.96, 0.94, 0.92, 0.92, 0.9, 0.86, 0.86, 0.82, 0.8, 0.76, 0.74, 0.72, 0.74, 0.74, 0.74, 0.72, 0.68, 0.64, 0.66, 0.64, 0.64, 0.62, 0.64, 0.66, 0.64, 0.64, 0.64, 0.6, 0.6, 0.62, 0.62, 0.6, 0.58, 0.56, 0.54, 0.52, 0.52, 0.54, 0.54, 0.54, 0.52, 0.48, 0.44, 0.44, 0.44, 0.42, 0.4, 0.38, 0.38], "best": [0.5666667, 0.61726195, 0.602381, 0.6071429, 0.60057724, 0.6014653, 0.600608, 0.6039898, 0.60777533, 0.6075067, 0.6085594, 0.6115172, 0.6154256, 0.6172036, 0.6183983, 0.61971074, 0.62241125, 0.62364906, 0.6267815, 0.62933594, 0.6315193, 0.63433206, 0.63616294, 0.63862294, 0.6392321, 0.6427114, 0.64577955, 0.648147, 0.65013504, 0.6522453, 0.65371716, 0.65726846, 0.6595706, 0.66158855, 0.6624738, 0.666114, 0.6678572, 0.6704859, 0.67318094, 0.67502123, 0.67736405, 0.6792108, 0.6814895, 0.6828782, 0.68513525, 0.68747926, 0.68946004, 0.6921788, 0.6948622, 0.69737303], "duration": [1205, 1227, 1200, 1389, 1229, 1192, 1228, 1389, 1091, 1094, 1100, 1095, 1381, 1454, 1195, 1382, 1181, 1171, 1178, 1206, 1192, 1182, 1190, 1192, 1197, 1208, 1154, 1144, 1327, 1330, 1409, 1411, 1200, 1173, 1210, 1195, 1164, 1205, 1196, 1251, 1192, 1221, 1181, 1634, 1192, 1172, 1202, 1229, 1188, 1202]}