{"avg": [0.14509805, 0.17152779, 0.2101395, 0.20502645, 0.18853933, 0.21080858, 0.16842906, 0.16871911, 0.21732849, 0.18643957, 0.25842333, 0.22227848, 0.18897378, 0.21966286, 0.23300833, 0.19967508, 0.21236946, 0.25208858, 0.21877958, 0.23335297, 0.22516091, 0.17072724, 0.21460941, 0.21959202, 0.2667803, 0.2685484, 0.22479627, 0.272925, 0.19208707, 0.24904507, 0.2836821, 0.25550154, 0.27899435, 0.26697725, 0.3206587, 0.29306862, 0.28773645, 0.28201127, 0.28442466, 0.3024799, 0.2909122, 0.2643176, 0.2939706, 0.28998762, 0.2824372, 0.26937878, 0.29655495, 0.3270824, 0.2681798, 0.30748454], "std": [0.080256544, 0.07285508, 0.060914073, 0.103190996, 0.07087995, 0.10371529, 0.089095704, 0.06546329, 0.10075693, 0.07072549, 0.07796477, 0.077320695, 0.088393256, 0.082116164, 0.08180172, 0.091642104, 0.07458644, 0.09226638, 0.101158865, 0.08259922, 0.06844815, 0.079349704, 0.099823505, 0.075829506, 0.079277165, 0.07092242, 0.08512159, 0.100065514, 0.11385823, 0.08328078, 0.084220655, 0.07594943, 0.08347488, 0.0907789, 0.087865576, 0.08773778, 0.099993706, 0.100925535, 0.09196507, 0.09673704, 0.11914515, 0.13746956, 0.088481136, 0.09109195, 0.09795107, 0.1048062, 0.08953824, 0.084318556, 0.09600648, 0.06639847], "var": [0.99, 0.99, 0.97, 0.97, 0.96, 0.95, 0.95, 0.93, 0.94, 0.93, 0.91, 0.89, 0.89, 0.87, 0.85, 0.85, 0.84, 0.84, 0.84, 0.82, 0.8, 0.8, 0.79, 0.77, 0.75, 0.76, 0.75, 0.75, 0.74, 0.72, 0.7, 0.7, 0.69, 0.68, 0.68, 0.66, 0.68, 0.66, 0.65, 0.63, 0.62, 0.6, 0.59, 0.59, 0.59, 0.58, 0.57, 0.57, 0.57, 0.57], "best": [0.3555556, 0.2945845, 0.31024534, 0.39077383, 0.3208617, 0.3971469, 0.3947421, 0.29116452, 0.40122384, 0.31462893, 0.4040554, 0.39291418, 0.31577682, 0.39354008, 0.40679887, 0.39079368, 0.39345464, 0.40835425, 0.4099721, 0.39235213, 0.41065764, 0.3175807, 0.4105239, 0.3940548, 0.3949058, 0.3973483, 0.39848816, 0.41144314, 0.41229162, 0.41266942, 0.4125584, 0.41374058, 0.4145664, 0.40296245, 0.41563413, 0.40593576, 0.40760976, 0.40911755, 0.41850463, 0.4187632, 0.41438118, 0.4195125, 0.41797245, 0.42012754, 0.4213071, 0.42131817, 0.42119104, 0.42243627, 0.42328757, 0.4222925], "duration": [7957, 3947, 3962, 7974, 2178, 4087, 5902, 3806, 3996, 2131, 5945, 5968, 2048, 5937, 6260, 6436, 4016, 7834, 5948, 3951, 4390, 4328, 5933, 7880, 13914, 11735, 5876, 7821, 3900, 6051, 7891, 5998, 9732, 11686, 7991, 11675, 13593, 10249, 11668, 9866, 11724, 11621, 7828, 10054, 9707, 9727, 7955, 10402, 7807, 11984]}