{"avg": [0.16666667, 0.16882716, 0.22209774, 0.25233003, 0.23499624, 0.232814, 0.22978155, 0.24984744, 0.25407013, 0.2686815, 0.3002118, 0.2642196, 0.3060568, 0.28668302, 0.29398897, 0.2987672, 0.31276035, 0.31234145, 0.27584654, 0.30926406, 0.35151955, 0.33749348, 0.3904006, 0.3488707, 0.35620412, 0.4002417, 0.38419074, 0.41642556, 0.35288277, 0.407451, 0.41663346, 0.39666185, 0.43546277, 0.4294908, 0.4466141, 0.4329704, 0.41478944, 0.45629737, 0.44496584, 0.45799974, 0.46865606, 0.43887508, 0.44850078, 0.4378395, 0.45747676, 0.471053, 0.49146435, 0.45710346, 0.4849483, 0.48178354], "std": [0.09370627, 0.08592177, 0.11055133, 0.114700794, 0.10118871, 0.11444256, 0.12449059, 0.083746195, 0.09721205, 0.088514715, 0.10413245, 0.11597009, 0.043085635, 0.09616284, 0.09083942, 0.089794874, 0.099846125, 0.08932343, 0.11309391, 0.110827036, 0.07812688, 0.09454694, 0.06916637, 0.10626033, 0.079254255, 0.06006805, 0.07167496, 0.08259686, 0.106748536, 0.070256025, 0.06931899, 0.09775692, 0.057473145, 0.07004926, 0.078475334, 0.09967354, 0.10768823, 0.039935682, 0.063573085, 0.09240009, 0.049284298, 0.080211915, 0.07446518, 0.10518574, 0.08073949, 0.083276175, 0.051676665, 0.11262844, 0.048863728, 0.09721486], "var": [0.96, 0.96, 0.94, 0.92, 0.88, 0.88, 0.84, 0.82, 0.82, 0.82, 0.82, 0.8, 0.78, 0.76, 0.78, 0.76, 0.72, 0.74, 0.74, 0.74, 0.74, 0.72, 0.74, 0.74, 0.7, 0.66, 0.68, 0.68, 0.64, 0.62, 0.62, 0.6, 0.58, 0.56, 0.58, 0.56, 0.54, 0.5, 0.5, 0.48, 0.44, 0.44, 0.48, 0.5, 0.5, 0.5, 0.5, 0.48, 0.46, 0.48], "best": [0.3777778, 0.29861113, 0.40438846, 0.40408164, 0.40612248, 0.40847957, 0.45021808, 0.40759534, 0.40621802, 0.41083506, 0.41688037, 0.42093024, 0.40338346, 0.42187208, 0.42391777, 0.4259887, 0.46287724, 0.4284475, 0.4317903, 0.43196607, 0.43340775, 0.49201614, 0.494059, 0.48608398, 0.44434446, 0.44656882, 0.5017977, 0.49857885, 0.45838138, 0.48586583, 0.48648474, 0.46830207, 0.48730162, 0.48818547, 0.53242886, 0.5363629, 0.53877676, 0.48559344, 0.5298366, 0.5358551, 0.54471403, 0.49792898, 0.5002349, 0.5033716, 0.5558145, 0.55799997, 0.5667405, 0.6245072, 0.5618923, 0.57330227], "duration": [5696, 9386, 3928, 12532, 11927, 3169, 5352, 11167, 5276, 5368, 5588, 4056, 4974, 4931, 10432, 8345, 3649, 3387, 7329, 5945, 4725, 5716, 5332, 3515, 6204, 3031, 5671, 7887, 4912, 5646, 5025, 3490, 5327, 9093, 3335, 9156, 3635, 3958, 5565, 3659, 5680, 5275, 3558, 3223, 4785, 5434, 5346, 3320, 5607, 3909]}