{"avg": [0.34166673, 0.4091865, 0.4164905, 0.39318788, 0.4535237, 0.46519724, 0.4555251, 0.45373273, 0.50827134, 0.46311414, 0.5468869, 0.48445588, 0.5461584, 0.5573326, 0.58169377, 0.5280062, 0.5324986, 0.5902097, 0.5917101, 0.59317046, 0.5937047, 0.57798177, 0.58090657, 0.5990044, 0.60496676, 0.60834324, 0.6128346, 0.61902833, 0.63671166, 0.650253, 0.64266205, 0.6339316, 0.62132555, 0.63240516, 0.65519536, 0.66369355, 0.6740369, 0.6877391, 0.6845074, 0.68105733, 0.67826027, 0.68847084, 0.6893314, 0.69881743, 0.7141562, 0.70618695, 0.7156396, 0.7103334, 0.72734964, 0.71638757], "std": [0.12990384, 0.14931187, 0.14797153, 0.14203072, 0.15235773, 0.14951822, 0.15149944, 0.1511178, 0.13687888, 0.15155563, 0.115560465, 0.14771539, 0.11751889, 0.108386055, 0.07489416, 0.13650833, 0.13336101, 0.071251445, 0.07572165, 0.08094205, 0.07895847, 0.10652867, 0.10474534, 0.086092584, 0.08275781, 0.07733483, 0.08705754, 0.083260365, 0.019668108, 0.017979478, 0.024409864, 0.09014802, 0.09026806, 0.09399341, 0.02692205, 0.02412637, 0.01876578, 1.1920929e-07, 0.023583261, 0.034469932, 0.03876647, 0.032753598, 0.032815307, 0.032015726, 1.1920929e-07, 0.031460617, 0.021345804, 0.036709085, 0.0, 0.037609912], "var": [0.98, 0.98, 0.94, 0.94, 0.9, 0.9, 0.88, 0.86, 0.82, 0.78, 0.78, 0.74, 0.72, 0.7, 0.66, 0.62, 0.58, 0.54, 0.52, 0.48, 0.44, 0.4, 0.36, 0.32, 0.3, 0.26, 0.26, 0.24, 0.22, 0.22, 0.22, 0.2, 0.16, 0.14, 0.12, 0.12, 0.12, 0.12, 0.1, 0.1, 0.14, 0.14, 0.12, 0.1, 0.1, 0.1, 0.1, 0.1, 0.1, 0.1], "best": [0.5666667, 0.61726195, 0.60199696, 0.6003969, 0.60219204, 0.6068453, 0.602381, 0.6072958, 0.60502654, 0.6071429, 0.6067511, 0.6100681, 0.6100474, 0.61211085, 0.6137495, 0.6158864, 0.6191602, 0.62122655, 0.6244192, 0.62782454, 0.6316422, 0.6347747, 0.6363466, 0.6389296, 0.64186776, 0.64611095, 0.64897966, 0.6527094, 0.6571113, 0.6600184, 0.6645338, 0.667292, 0.67168957, 0.6736063, 0.67666495, 0.6794734, 0.6824144, 0.68773896, 0.6937033, 0.6979647, 0.7012749, 0.70406604, 0.7074861, 0.7106742, 0.7141563, 0.7180606, 0.721151, 0.72460854, 0.72734964, 0.73047256], "duration": [1216, 1210, 1188, 1180, 1149, 1176, 1168, 1203, 1147, 1153, 1174, 1190, 1383, 1198, 1188, 1173, 1332, 1109, 1307, 1125, 1238, 1191, 1385, 1197, 1160, 1369, 1181, 1179, 1395, 1206, 1197, 1190, 1215, 1202, 1404, 1200, 1381, 1200, 1196, 1413, 1190, 1192, 1235, 1209, 1177, 1404, 1190, 1210, 1199, 1204]}