{"avg": [0.17481484, 0.17559525, 0.16288128, 0.19937171, 0.23753494, 0.16833754, 0.22951259, 0.23924568, 0.20427796, 0.221161, 0.2820154, 0.19494186, 0.27096635, 0.26875055, 0.27947474, 0.32194084, 0.2985913, 0.34072715, 0.30486298, 0.315826, 0.32107225, 0.36435062, 0.3426016, 0.34611505, 0.35619748, 0.34451804, 0.36090901, 0.3660653, 0.4028039, 0.37748182, 0.42258778, 0.4192757, 0.42986807, 0.39101842, 0.44908062, 0.37905017, 0.4390611, 0.41709504, 0.42975187, 0.46081206, 0.41343918, 0.481798, 0.42787012, 0.46242103, 0.47118083, 0.4702232, 0.48328006, 0.49594048, 0.5036933, 0.5008403], "std": [0.11471681, 0.10449081, 0.12069273, 0.14160043, 0.10861049, 0.12331392, 0.077873155, 0.1282517, 0.14196229, 0.12160742, 0.13348411, 0.15474588, 0.14172803, 0.115980834, 0.1140619, 0.09268255, 0.11589405, 0.08416668, 0.13751101, 0.12102279, 0.11948693, 0.06969866, 0.110156916, 0.10896448, 0.11262867, 0.095778614, 0.11633155, 0.0909625, 0.057922173, 0.094722085, 0.033690773, 0.06122171, 0.03360045, 0.1196233, 0.020898929, 0.109283976, 0.05571649, 0.12626418, 0.06398629, 0.033589214, 0.0919686, 0.0068589267, 0.10012583, 0.057421226, 0.06101351, 0.059161823, 0.05785352, 0.023418536, 0.011819507, 0.027021123], "var": [0.98, 0.98, 0.96, 0.96, 0.96, 0.94, 0.92, 0.94, 0.9, 0.9, 0.88, 0.88, 0.88, 0.84, 0.82, 0.78, 0.74, 0.72, 0.68, 0.68, 0.66, 0.64, 0.6, 0.58, 0.56, 0.54, 0.52, 0.48, 0.46, 0.42, 0.4, 0.42, 0.4, 0.4, 0.38, 0.34, 0.34, 0.32, 0.3, 0.28, 0.26, 0.26, 0.22, 0.22, 0.22, 0.2, 0.18, 0.16, 0.16, 0.16], "best": [0.3555556, 0.40000004, 0.37706098, 0.39417994, 0.40005207, 0.38093153, 0.3867106, 0.38176793, 0.39717388, 0.3983785, 0.3932798, 0.40035695, 0.40186644, 0.4034176, 0.40407312, 0.40443885, 0.40476194, 0.40896362, 0.40923685, 0.41213432, 0.41488296, 0.41879964, 0.42155015, 0.4231637, 0.42549607, 0.4293403, 0.43139997, 0.43559003, 0.43875146, 0.44246832, 0.44574627, 0.44936118, 0.45299298, 0.45668805, 0.46027258, 0.46486098, 0.4674731, 0.4707523, 0.4743207, 0.47747135, 0.48112112, 0.48422438, 0.48899117, 0.49169174, 0.49533603, 0.49868602, 0.50161403, 0.50506634, 0.5081922, 0.51104], "duration": [2047, 6070, 3829, 2022, 3813, 4519, 3788, 3878, 2285, 3791, 9512, 1927, 5748, 3874, 1995, 3847, 3904, 5771, 3811, 1981, 3847, 5734, 7620, 4502, 1921, 3857, 3809, 6109, 2261, 4133, 3850, 1964, 5755, 4168, 1924, 4258, 2246, 2296, 4187, 3830, 3836, 2244, 5743, 1928, 1927, 1924, 1917, 1932, 1948, 1927]}