{"avg": [0.38750002, 0.39001516, 0.46191585, 0.4593789, 0.42750612, 0.4556281, 0.4485541, 0.45260647, 0.45029694, 0.4770809, 0.5066222, 0.49296096, 0.5043356, 0.49217844, 0.5274889, 0.5179395, 0.5422224, 0.52860075, 0.5399371, 0.5540114, 0.51680446, 0.5436898, 0.54941833, 0.5436798, 0.55874056, 0.5557537, 0.5796802, 0.57150674, 0.5661447, 0.57031447, 0.58406174, 0.5926321, 0.59152406, 0.58669895, 0.58807075, 0.5784015, 0.6048569, 0.60044926, 0.59855074, 0.60580784, 0.61674094, 0.61284375, 0.6239852, 0.61052674, 0.62325317, 0.63227916, 0.63163245, 0.64208484, 0.6255109, 0.63158107], "std": [0.105692536, 0.11439852, 0.11620367, 0.116634265, 0.13587336, 0.09578921, 0.13045588, 0.11122481, 0.10793695, 0.11502348, 0.07986053, 0.09199978, 0.10147736, 0.09026586, 0.06283533, 0.07434422, 0.055937063, 0.066224135, 0.056756087, 0.06285126, 0.08721276, 0.07691617, 0.05882321, 0.0785978, 0.06137428, 0.05087067, 0.024210827, 0.06308356, 0.0556848, 0.051818892, 0.05245754, 0.024163473, 0.026860602, 0.06784255, 0.06770547, 0.07323946, 0.02735665, 0.029876225, 0.03701435, 0.02705562, 0.02361395, 0.029792698, 0.020723294, 0.0292483, 0.030997425, 0.03272356, 0.027106432, 0.02379131, 0.034255937, 0.034833327], "var": [0.98, 0.96, 0.94, 0.94, 0.9, 0.9, 0.88, 0.86, 0.88, 0.86, 0.84, 0.82, 0.82, 0.82, 0.8, 0.8, 0.8, 0.78, 0.76, 0.74, 0.74, 0.7, 0.68, 0.68, 0.66, 0.66, 0.7, 0.72, 0.68, 0.66, 0.66, 0.66, 0.64, 0.64, 0.66, 0.66, 0.62, 0.58, 0.56, 0.56, 0.58, 0.56, 0.56, 0.56, 0.54, 0.54, 0.52, 0.52, 0.52, 0.54], "best": [0.51111114, 0.55128974, 0.5630592, 0.5716702, 0.5513141, 0.5675824, 0.57038164, 0.5760462, 0.57913834, 0.58134925, 0.5836013, 0.5864157, 0.5872256, 0.5867414, 0.5864897, 0.58395815, 0.5896541, 0.59199214, 0.5924533, 0.5951259, 0.59897053, 0.5991628, 0.60254246, 0.60390216, 0.60742575, 0.6099328, 0.61113447, 0.6141169, 0.61749643, 0.6194549, 0.6215833, 0.62550354, 0.6282803, 0.63070506, 0.6336926, 0.636508, 0.63791364, 0.6404912, 0.6423024, 0.64386964, 0.6459056, 0.64873457, 0.6511398, 0.6534072, 0.65486026, 0.6567931, 0.65979785, 0.66225684, 0.66475946, 0.6658576], "duration": [25164, 31223, 27448, 27579, 25401, 25245, 27191, 25586, 27000, 27504, 27347, 27291, 27425, 27310, 31950, 27371, 27387, 27410, 27348, 27342, 27324, 27327, 36590, 27292, 27449, 27380, 27383, 27411, 27434, 27445, 32039, 27482, 32001, 31938, 27350, 27462, 32080, 27384, 27392, 27396, 27407, 32056, 32050, 27438, 27463, 31988, 27453, 27485, 27443, 27442]}