{"avg": [0.4729167, 0.4792064, 0.46455458, 0.4355758, 0.40466872, 0.4798838, 0.46785718, 0.52310413, 0.5404318, 0.52134925, 0.55952394, 0.51963365, 0.565156, 0.55434525, 0.5688215, 0.5092043, 0.529946, 0.5728185, 0.5485445, 0.56252086, 0.57732075, 0.5713538, 0.61841094, 0.59719324, 0.58593994, 0.6030475, 0.6053436, 0.6096685, 0.6343139, 0.60763276, 0.61201024, 0.6165701, 0.6254604, 0.6386421, 0.6123121, 0.6469847, 0.65440756, 0.62927073, 0.6558616, 0.6615461, 0.63719314, 0.66376376, 0.636821, 0.671057, 0.67278355, 0.67895114, 0.68274224, 0.6850284, 0.6848488, 0.6926621], "std": [0.13905373, 0.15350837, 0.15416889, 0.15788247, 0.15072067, 0.15009236, 0.15262035, 0.12957963, 0.12222539, 0.13775301, 0.10769095, 0.13766068, 0.10414973, 0.11768228, 0.099387035, 0.14615113, 0.13335589, 0.102612786, 0.12746307, 0.116442084, 0.10324602, 0.112766854, 0.017255317, 0.08146444, 0.10780089, 0.08258205, 0.08481945, 0.07994522, 0.01348161, 0.085881196, 0.08298527, 0.084378555, 0.08498311, 0.020456253, 0.086971216, 0.018613199, 0.014016399, 0.09017538, 0.022621624, 0.016191602, 0.08878631, 0.01574731, 0.0955402, 0.022874275, 0.019942837, 0.012803587, 0.013391754, 0.020057414, 0.025780011, 0.012488013], "var": [0.98, 0.94, 0.94, 0.9, 0.86, 0.82, 0.78, 0.74, 0.72, 0.72, 0.7, 0.66, 0.66, 0.62, 0.58, 0.58, 0.54, 0.52, 0.5, 0.48, 0.46, 0.46, 0.44, 0.42, 0.38, 0.34, 0.3, 0.3, 0.3, 0.26, 0.26, 0.22, 0.22, 0.22, 0.2, 0.2, 0.2, 0.2, 0.18, 0.18, 0.16, 0.16, 0.14, 0.12, 0.12, 0.12, 0.12, 0.12, 0.1, 0.1], "best": [0.5666667, 0.62470245, 0.6196621, 0.6178319, 0.62119824, 0.62274444, 0.62087137, 0.6063493, 0.61600006, 0.6188776, 0.6207374, 0.62287974, 0.62282616, 0.6238096, 0.6260813, 0.6256333, 0.62532645, 0.62587607, 0.628048, 0.62951744, 0.63123876, 0.6336623, 0.63627934, 0.63932127, 0.63988876, 0.64312965, 0.64528954, 0.6477955, 0.6485418, 0.6495136, 0.64960325, 0.65144014, 0.6539063, 0.65744054, 0.6591037, 0.6606696, 0.6628555, 0.6655245, 0.66747475, 0.6705559, 0.6738842, 0.6762488, 0.6789268, 0.6807714, 0.6840405, 0.6868513, 0.6898679, 0.6930748, 0.69645995, 0.6993373], "duration": [1310, 1092, 1094, 1078, 1083, 1088, 1083, 1088, 1266, 1089, 1096, 1265, 1108, 1107, 1106, 1098, 1089, 1105, 1090, 1352, 1091, 1666, 1091, 1101, 1098, 1102, 1103, 1097, 1102, 1117, 1088, 1083, 1090, 1123, 1081, 1088, 1090, 1096, 1130, 1129, 1095, 1271, 1094, 1128, 1090, 1101, 1088, 1094, 1343, 1083]}