{"avg": [0.43541673, 0.41047624, 0.40336025, 0.4432941, 0.4400038, 0.46097803, 0.46946782, 0.39820933, 0.43290117, 0.48691532, 0.4428052, 0.46812293, 0.39848772, 0.47335547, 0.524455, 0.46943045, 0.4271064, 0.48298934, 0.48874855, 0.5005528, 0.5383758, 0.52196467, 0.5453327, 0.5638361, 0.5043354, 0.54297864, 0.5425554, 0.51993877, 0.56516457, 0.48012173, 0.5336716, 0.60906005, 0.6060598, 0.5905789, 0.53537256, 0.5712778, 0.61223716, 0.5923083, 0.59481263, 0.57409716, 0.597339, 0.57141346, 0.55417, 0.5569109, 0.57883424, 0.5731021, 0.6032665, 0.53835136, 0.5405354, 0.6311158], "std": [0.14882351, 0.14830135, 0.14316228, 0.15137683, 0.15188684, 0.15049538, 0.1512982, 0.14479159, 0.15286554, 0.1454381, 0.15220898, 0.14970052, 0.14486164, 0.1496942, 0.12957825, 0.14995095, 0.15081717, 0.14839697, 0.14426576, 0.14133993, 0.11989577, 0.13456969, 0.118652865, 0.1008886, 0.14452696, 0.12593175, 0.12666616, 0.13815358, 0.10402402, 0.15339337, 0.13172053, 0.012910214, 0.013966203, 0.076011464, 0.13093086, 0.10179886, 0.016093919, 0.08048679, 0.07742669, 0.10399022, 0.07470168, 0.10399792, 0.12474652, 0.12408775, 0.10429764, 0.10615037, 0.08045823, 0.15566613, 0.14080416, 0.019681547], "var": [1.0, 1.0, 1.0, 0.98, 0.96, 0.95, 0.93, 0.92, 0.91, 0.9, 0.88, 0.88, 0.86, 0.86, 0.87, 0.87, 0.85, 0.85, 0.84, 0.82, 0.8, 0.78, 0.77, 0.78, 0.77, 0.76, 0.75, 0.75, 0.74, 0.74, 0.74, 0.72, 0.71, 0.7, 0.69, 0.67, 0.67, 0.67, 0.66, 0.66, 0.64, 0.63, 0.64, 0.62, 0.61, 0.59, 0.59, 0.57, 0.56, 0.55], "best": [0.5666667, 0.61428577, 0.59892476, 0.6026343, 0.59727895, 0.600422, 0.60375947, 0.6028062, 0.60284245, 0.60499024, 0.60508335, 0.5998159, 0.5996153, 0.59988934, 0.6034162, 0.6022364, 0.60445535, 0.60491395, 0.60573673, 0.6063493, 0.6069487, 0.6076301, 0.60995674, 0.6114662, 0.61338615, 0.61428577, 0.6171785, 0.6193917, 0.62031543, 0.62180716, 0.62191826, 0.6237355, 0.6255616, 0.62884086, 0.62996215, 0.6302541, 0.6309921, 0.63322514, 0.63523215, 0.6371781, 0.63809526, 0.639975, 0.64057475, 0.64154404, 0.6418854, 0.642775, 0.6434826, 0.6460419, 0.6474056, 0.64788043], "duration": [1116, 1077, 1079, 1075, 1248, 1156, 1082, 1076, 1172, 1085, 1086, 1089, 1087, 1090, 1091, 1093, 1084, 1083, 1086, 1083, 1088, 1091, 1086, 1088, 1089, 1085, 1090, 1312, 1093, 1297, 1092, 1084, 1094, 1083, 1084, 1084, 1090, 1092, 1094, 1087, 1121, 1090, 1090, 1085, 1094, 1494, 1138, 1079, 1088, 1097]}