{"avg": [0.18271606, 0.23289764, 0.14184342, 0.12432128, 0.16268547, 0.13527079, 0.11914562, 0.14612892, 0.20963326, 0.19367477, 0.18095128, 0.15300293, 0.19798413, 0.23982753, 0.21372649, 0.2054622, 0.22357781, 0.23861793, 0.12811989, 0.14942239, 0.2530568, 0.19556195, 0.23679367, 0.2062284, 0.2590252, 0.17653465, 0.29903597, 0.19256952, 0.26347607, 0.19423102, 0.23235944, 0.307328, 0.23555332, 0.24956143, 0.30763322, 0.25308004, 0.27959347, 0.32496864, 0.21823193, 0.23849282, 0.31940505, 0.32944423, 0.34276453, 0.30830815, 0.3187412, 0.24277183, 0.26932842, 0.30525905, 0.30751222, 0.34339485], "std": [0.13749784, 0.11884886, 0.11906401, 0.11511344, 0.12918179, 0.1349702, 0.08882249, 0.1009075, 0.15781228, 0.14490616, 0.13868868, 0.14211325, 0.13786915, 0.14199913, 0.18600573, 0.13611661, 0.14769702, 0.14735757, 0.13564791, 0.12541719, 0.120986275, 0.1651832, 0.16726728, 0.109346665, 0.16400853, 0.16687474, 0.15692055, 0.13760777, 0.15444688, 0.13250557, 0.14745298, 0.1623296, 0.17203087, 0.19262746, 0.19103417, 0.108487815, 0.18571867, 0.16585828, 0.1577001, 0.15897721, 0.14920062, 0.17548381, 0.14890717, 0.1447195, 0.19430062, 0.16058777, 0.1350629, 0.15291864, 0.12831181, 0.17329794], "var": [0.984, 0.976, 0.96, 0.952, 0.952, 0.944, 0.936, 0.928, 0.92, 0.912, 0.92, 0.912, 0.912, 0.904, 0.912, 0.912, 0.896, 0.888, 0.888, 0.88, 0.872, 0.856, 0.84, 0.824, 0.824, 0.824, 0.808, 0.808, 0.8, 0.8, 0.792, 0.776, 0.776, 0.768, 0.76, 0.752, 0.744, 0.736, 0.736, 0.736, 0.736, 0.736, 0.728, 0.72, 0.712, 0.712, 0.696, 0.68, 0.672, 0.672], "best": [0.51111114, 0.38333338, 0.38888893, 0.34178877, 0.38074538, 0.53912234, 0.23064594, 0.37553138, 0.53229463, 0.53476405, 0.54041517, 0.5417051, 0.5349207, 0.5354643, 0.5425558, 0.5425771, 0.5392257, 0.5325978, 0.38842055, 0.37818202, 0.54285717, 0.5436575, 0.5449524, 0.38527182, 0.54489964, 0.546546, 0.54669166, 0.38558748, 0.5481703, 0.5493507, 0.5494114, 0.54944086, 0.55095387, 0.5523443, 0.5533021, 0.39658308, 0.554232, 0.5551889, 0.5561949, 0.55182004, 0.556108, 0.5572975, 0.55826336, 0.559153, 0.55974877, 0.55643004, 0.5606131, 0.5612302, 0.5617282, 0.56192], "duration": [5866, 3985, 3927, 2038, 2364, 3830, 1985, 2050, 5884, 3909, 3988, 5845, 3907, 6244, 5841, 7985, 3962, 4108, 2232, 2195, 4382, 6141, 4014, 3891, 10088, 4359, 7870, 2157, 5799, 3846, 5786, 9696, 5806, 7779, 9815, 2113, 5898, 5835, 3982, 5826, 9694, 11558, 11998, 7876, 9746, 6167, 3986, 5935, 4116, 9696]}