{"avg": [0.14285716, 0.18880579, 0.20765921, 0.18916976, 0.18896928, 0.21986036, 0.22107366, 0.19883306, 0.1972339, 0.2054053, 0.22265102, 0.2001478, 0.21607392, 0.22543634, 0.23632498, 0.22152047, 0.24328521, 0.22806989, 0.21437767, 0.25422615, 0.2437754, 0.25104046, 0.23113924, 0.260267, 0.24051104, 0.27059716, 0.26756576, 0.28664178, 0.25360158, 0.2833395, 0.29371113, 0.2884148, 0.3028899, 0.30306393, 0.2999921, 0.2934028, 0.311356, 0.3229931, 0.31831232, 0.32356262, 0.31366014, 0.32052085, 0.34240913, 0.32822394, 0.34578738, 0.350198, 0.35292315, 0.36091107, 0.3612795, 0.3569041], "std": [0.068346195, 0.07154402, 0.07448003, 0.05358383, 0.058032367, 0.060013395, 0.037237335, 0.08269812, 0.05414657, 0.058360714, 0.05646539, 0.045916244, 0.031445567, 0.045725536, 0.04467609, 0.04587633, 0.060431357, 0.056433704, 0.04958377, 0.046166983, 0.048395596, 0.05590432, 0.040480815, 0.041609548, 0.07853271, 0.06378196, 0.060385548, 0.050037995, 0.053929567, 0.045166682, 0.047565937, 0.07175738, 0.043613125, 0.0596553, 0.06642925, 0.058586296, 0.047712322, 0.048367474, 0.04368096, 0.058279067, 0.05274722, 0.048367202, 0.033639453, 0.0441927, 0.0452677, 0.052003972, 0.047065374, 0.035610568, 0.050135843, 0.044364896], "var": [1.0, 0.98, 0.96, 0.96, 0.96, 0.96, 0.96, 0.94, 0.94, 0.92, 0.88, 0.86, 0.84, 0.84, 0.84, 0.82, 0.78, 0.78, 0.78, 0.78, 0.78, 0.76, 0.74, 0.76, 0.74, 0.72, 0.72, 0.7, 0.7, 0.72, 0.7, 0.72, 0.72, 0.68, 0.64, 0.64, 0.62, 0.62, 0.62, 0.6, 0.58, 0.6, 0.56, 0.56, 0.56, 0.54, 0.54, 0.52, 0.5, 0.48], "best": [0.1888889, 0.3134921, 0.32129174, 0.27774173, 0.32785988, 0.3250751, 0.3116805, 0.32640013, 0.31944445, 0.32781833, 0.30962688, 0.23848034, 0.24336614, 0.32527658, 0.32875863, 0.33045113, 0.3351362, 0.3095844, 0.31167036, 0.33706537, 0.33391654, 0.3391212, 0.31165257, 0.3343132, 0.34106448, 0.34225935, 0.34448415, 0.34646675, 0.3491879, 0.35138223, 0.35413116, 0.35184628, 0.35697153, 0.35838825, 0.3590452, 0.36058104, 0.36181092, 0.3636533, 0.3654282, 0.43280426, 0.36694407, 0.36933056, 0.37064713, 0.3724916, 0.439249, 0.44514716, 0.4463386, 0.4481641, 0.45019183, 0.45144436], "duration": [2339, 2022, 5843, 3955, 2071, 6171, 6180, 1971, 2308, 3920, 9734, 3922, 2188, 3913, 6986, 4031, 6186, 12309, 2353, 5849, 1965, 7769, 3911, 4241, 4258, 3905, 3920, 3924, 9726, 9730, 7790, 2295, 7780, 10481, 8141, 3956, 9717, 8663, 7783, 11664, 5847, 5853, 5844, 4247, 11695, 6198, 1965, 3915, 5843, 3913]}