{"avg": [0.3266667, 0.3978525, 0.4605283, 0.45802465, 0.46001536, 0.39688802, 0.44394845, 0.45160154, 0.40465596, 0.46460518, 0.46125627, 0.46447635, 0.5199021, 0.55561227, 0.5570151, 0.5437591, 0.53857267, 0.4952052, 0.5152872, 0.54164237, 0.53601706, 0.47432777, 0.5354713, 0.58314174, 0.58227396, 0.543657, 0.554404, 0.58706725, 0.58699554, 0.57486284, 0.55295825, 0.5850582, 0.5523345, 0.6102838, 0.5629258, 0.6160833, 0.5563338, 0.597186, 0.6026058, 0.5948401, 0.6188625, 0.58414423, 0.60220176, 0.62556267, 0.62235975, 0.6007701, 0.60986257, 0.6260407, 0.6303401, 0.63240016], "std": [0.12000001, 0.14113808, 0.14762305, 0.1493684, 0.14836186, 0.1448564, 0.15092953, 0.15077324, 0.14433937, 0.14788824, 0.14885512, 0.1507613, 0.13092019, 0.09982591, 0.10627355, 0.11598167, 0.123887464, 0.1455794, 0.13688979, 0.12213936, 0.12391558, 0.15328287, 0.12363983, 0.073033944, 0.07436683, 0.11992442, 0.112781994, 0.07272673, 0.073460065, 0.095693424, 0.11848641, 0.07788195, 0.12374724, 0.011470714, 0.11614665, 0.009358554, 0.11952742, 0.07789509, 0.0713145, 0.0756351, 0.013397229, 0.100985765, 0.077526234, 0.012817664, 0.014522721, 0.08041132, 0.08403687, 0.014947075, 0.011966545, 0.01432861], "var": [1.0, 0.9866667, 0.9866667, 0.9866667, 0.9866667, 0.96, 0.96, 0.96, 0.94666666, 0.94666666, 0.92, 0.92, 0.92, 0.9066667, 0.8933333, 0.8666667, 0.85333335, 0.88, 0.85333335, 0.84, 0.84, 0.84, 0.81333333, 0.82666665, 0.81333333, 0.8, 0.8, 0.7866667, 0.7733333, 0.76, 0.76, 0.73333335, 0.70666665, 0.68, 0.6666667, 0.6533333, 0.6533333, 0.64, 0.62666667, 0.61333334, 0.6, 0.61333334, 0.6, 0.58666664, 0.58666664, 0.5733333, 0.56, 0.5466667, 0.53333336, 0.53333336], "best": [0.5666667, 0.60793656, 0.61056554, 0.5994048, 0.5969697, 0.59976774, 0.60202026, 0.6028986, 0.6022006, 0.602381, 0.60282195, 0.6041199, 0.60324013, 0.6017007, 0.6074379, 0.60875326, 0.61004066, 0.60556436, 0.6068402, 0.6116403, 0.608814, 0.60877496, 0.614084, 0.6144148, 0.6157045, 0.6099729, 0.61701334, 0.6181453, 0.6212824, 0.6229117, 0.6254646, 0.6240622, 0.6242367, 0.6276209, 0.6268329, 0.6305591, 0.62019795, 0.6324264, 0.63337904, 0.6337327, 0.6364744, 0.6363394, 0.6388479, 0.64030546, 0.6417961, 0.64311963, 0.6432018, 0.64447725, 0.64635205, 0.6477661], "duration": [1201, 1184, 1186, 1376, 1176, 1179, 1182, 1213, 1195, 1163, 1183, 1182, 1170, 1161, 1185, 1188, 1205, 1191, 1172, 1182, 1173, 1130, 1096, 1100, 1114, 1205, 1388, 1187, 1205, 1395, 1228, 1182, 1194, 1173, 1432, 1184, 1187, 1398, 1208, 2176, 1353, 1153, 1180, 1195, 1357, 1180, 1168, 1191, 1188, 1376]}