{"avg": [0.102777794, 0.06819446, 0.18003644, 0.12984088, 0.08911155, 0.13031964, 0.106833406, 0.113539554, 0.12442506, 0.13639657, 0.121988244, 0.12602995, 0.13806437, 0.13333091, 0.14363822, 0.18546492, 0.16252713, 0.16108868, 0.17798315, 0.2071076, 0.20912619, 0.20881169, 0.29691538, 0.27066475, 0.29145652, 0.26207078, 0.23040219, 0.25397146, 0.30939215, 0.3313487, 0.31754872, 0.33319852, 0.3037958, 0.273009, 0.3809608, 0.35949773, 0.34689766, 0.2939083, 0.34424135, 0.391361, 0.41495278, 0.35720482, 0.39287618, 0.39284977, 0.41539615, 0.404256, 0.3956268, 0.4540135, 0.36894882, 0.40691313], "std": [0.11597015, 0.09778817, 0.17411901, 0.11271978, 0.11666829, 0.12590155, 0.14676224, 0.093132235, 0.10432383, 0.118057095, 0.19532552, 0.11334515, 0.14961794, 0.14252062, 0.14072728, 0.16489045, 0.17266124, 0.1453073, 0.14538848, 0.16551764, 0.16266146, 0.17092536, 0.17751537, 0.139103, 0.16641517, 0.16302861, 0.15031385, 0.17751652, 0.18590623, 0.16564092, 0.16125305, 0.099561565, 0.17674313, 0.15912466, 0.14358748, 0.12605235, 0.16903256, 0.17170218, 0.13153872, 0.18726772, 0.12455856, 0.16593327, 0.16778708, 0.16890691, 0.18717493, 0.15257102, 0.1309463, 0.11424829, 0.15603092, 0.18290262], "var": [0.98, 0.98, 0.98, 0.96, 0.92, 0.92, 0.9, 0.9, 0.9, 0.88, 0.88, 0.86, 0.86, 0.84, 0.82, 0.8, 0.84, 0.86, 0.86, 0.86, 0.84, 0.84, 0.84, 0.84, 0.82, 0.84, 0.82, 0.84, 0.82, 0.8, 0.82, 0.8, 0.78, 0.78, 0.78, 0.78, 0.78, 0.76, 0.74, 0.72, 0.72, 0.7, 0.7, 0.7, 0.72, 0.72, 0.7, 0.68, 0.7, 0.72], "best": [0.3555556, 0.24166669, 0.5295443, 0.395886, 0.39584863, 0.3782037, 0.5373502, 0.21953604, 0.3417749, 0.3788825, 0.53773046, 0.38220602, 0.38921303, 0.53724355, 0.38302812, 0.53783405, 0.5394201, 0.38815093, 0.5402487, 0.5384011, 0.5395023, 0.54055226, 0.5431262, 0.5452167, 0.5468254, 0.54776835, 0.47012472, 0.5471251, 0.55047834, 0.55204326, 0.5526678, 0.5397962, 0.55463934, 0.5555526, 0.5578612, 0.5588566, 0.56111526, 0.55455446, 0.5635469, 0.564301, 0.56612194, 0.558549, 0.5673558, 0.56837237, 0.56935763, 0.5708186, 0.57140034, 0.5743152, 0.57400715, 0.5761495], "duration": [5048, 2499, 7400, 3289, 2480, 4759, 6952, 5158, 4654, 6959, 4588, 5333, 5360, 2923, 6963, 8947, 5335, 8804, 3268, 8896, 12767, 9710, 8981, 7201, 14563, 8884, 10760, 10793, 5063, 7174, 7268, 10917, 7220, 7483, 10623, 7451, 7399, 9161, 9143, 3110, 12685, 6979, 7087, 10747, 10992, 13206, 7404, 10929, 7415, 7428]}