{"avg": [0.38333336, 0.3769997, 0.3938776, 0.43049455, 0.41276747, 0.40224952, 0.3907615, 0.41476429, 0.34615058, 0.43288457, 0.4490555, 0.42395648, 0.44966343, 0.36013076, 0.4401649, 0.38416788, 0.43244338, 0.46760818, 0.465482, 0.47542804, 0.4759493, 0.45766097, 0.4407361, 0.5087745, 0.45707232, 0.40836722, 0.48594895, 0.55795604, 0.5036473, 0.4414256, 0.4792327, 0.46223617, 0.48828247, 0.49265417, 0.5353225, 0.50477463, 0.50464743, 0.5367968, 0.46974143, 0.5415638, 0.55813545, 0.4686609, 0.522952, 0.52908784, 0.49414954, 0.56140333, 0.5604592, 0.54524946, 0.50722164, 0.56329566], "std": [0.14624941, 0.13620727, 0.14386374, 0.1490901, 0.14592674, 0.14542279, 0.14112054, 0.1461101, 0.11647106, 0.15006055, 0.15146011, 0.15062039, 0.14905082, 0.12757128, 0.14954597, 0.13874993, 0.14966024, 0.14866711, 0.14855765, 0.14723109, 0.14777279, 0.14988847, 0.15030366, 0.13516796, 0.15022014, 0.1472258, 0.14586867, 0.09700599, 0.13693531, 0.15165168, 0.14647353, 0.15004511, 0.14427982, 0.14275199, 0.114952356, 0.1365528, 0.13946405, 0.11876254, 0.15051854, 0.11672076, 0.100019164, 0.14898469, 0.12905909, 0.12698935, 0.14327888, 0.09888354, 0.097017884, 0.11721169, 0.14175066, 0.09758457], "var": [0.99333334, 0.9866667, 0.9866667, 0.9866667, 0.97333336, 0.96666664, 0.96666664, 0.96, 0.94666666, 0.93333334, 0.9266667, 0.91333336, 0.91333336, 0.9, 0.88666666, 0.88, 0.88, 0.88666666, 0.88, 0.88, 0.88666666, 0.88, 0.88, 0.8666667, 0.8666667, 0.86, 0.8466667, 0.84, 0.84, 0.82666665, 0.82, 0.81333333, 0.81333333, 0.8, 0.8066667, 0.81333333, 0.8, 0.7866667, 0.78, 0.76666665, 0.76, 0.75333333, 0.76, 0.75333333, 0.75333333, 0.75333333, 0.74666667, 0.74, 0.7266667, 0.72], "best": [0.5666667, 0.59841275, 0.5965987, 0.5978023, 0.58944106, 0.59601337, 0.5944445, 0.593254, 0.59012866, 0.59841275, 0.5997509, 0.5975309, 0.5959973, 0.593801, 0.5961547, 0.5960785, 0.5975049, 0.59874344, 0.59953165, 0.5999409, 0.6011905, 0.60258055, 0.59746796, 0.60219973, 0.5980468, 0.6021041, 0.6031782, 0.60418475, 0.59862816, 0.6006049, 0.60335374, 0.60188687, 0.6029043, 0.6016832, 0.601377, 0.60327834, 0.60191566, 0.6021357, 0.6051962, 0.6041022, 0.6062444, 0.6046868, 0.6052822, 0.6053287, 0.6065294, 0.6071771, 0.607483, 0.6085489, 0.6090756, 0.6096094], "duration": [1151, 1138, 1138, 1129, 1355, 1212, 1139, 1150, 1148, 1349, 1181, 1178, 1221, 1205, 1186, 1205, 1177, 1195, 1182, 1205, 1199, 1383, 1182, 1210, 1198, 1159, 1191, 1188, 1186, 1184, 1178, 1196, 1199, 1193, 1208, 1179, 1199, 1178, 1103, 1107, 1110, 1131, 1181, 1179, 1208, 1203, 1202, 1188, 1204, 1180]}