{"avg": [0.4, 0.4388692, 0.4576768, 0.4268534, 0.4609786, 0.48958638, 0.49088615, 0.50170785, 0.46160352, 0.44638973, 0.43550834, 0.3921324, 0.523969, 0.47831297, 0.5010113, 0.48221764, 0.52819514, 0.4890799, 0.49560878, 0.45789534, 0.51255614, 0.46692312, 0.52815205, 0.525584, 0.513724, 0.4592863, 0.49385095, 0.5109619, 0.5496407, 0.49647245, 0.5500313, 0.51749986, 0.55007476, 0.5136781, 0.534443, 0.5156821, 0.53686744, 0.5527017, 0.5061527, 0.51661944, 0.5404593, 0.5249264, 0.5388194, 0.55582833, 0.4963879, 0.5378218, 0.53516954, 0.49491408, 0.5416181, 0.53099287], "std": [0.1141012, 0.12040917, 0.08519468, 0.11578023, 0.10931555, 0.11313637, 0.1058374, 0.07227644, 0.119078465, 0.12102789, 0.1430782, 0.12370259, 0.046288498, 0.08221269, 0.069723114, 0.11909092, 0.046661504, 0.0890921, 0.111548945, 0.11840945, 0.10476109, 0.12259745, 0.052075874, 0.053100258, 0.06682667, 0.11745243, 0.08525057, 0.07593934, 0.004719407, 0.11216543, 0.005334461, 0.06402127, 0.007036075, 0.11266805, 0.055072952, 0.06867858, 0.048262276, 0.009798407, 0.11061199, 0.06857595, 0.05085388, 0.068727605, 0.05467258, 0.009258447, 0.12678042, 0.05088902, 0.052446354, 0.114971824, 0.054513514, 0.0685091], "var": [1.0, 1.0, 1.0, 0.98, 0.96, 0.96, 0.94, 0.92, 0.9, 0.9, 0.9, 0.88, 0.86, 0.86, 0.86, 0.86, 0.86, 0.86, 0.86, 0.84, 0.84, 0.82, 0.82, 0.82, 0.8, 0.8, 0.78, 0.78, 0.76, 0.76, 0.76, 0.74, 0.74, 0.74, 0.74, 0.72, 0.72, 0.72, 0.72, 0.72, 0.74, 0.72, 0.72, 0.7, 0.7, 0.68, 0.68, 0.68, 0.66, 0.66], "best": [0.51111114, 0.5760462, 0.5587302, 0.5483135, 0.54433376, 0.54726636, 0.5514042, 0.5560177, 0.5561138, 0.55242765, 0.55401117, 0.5390529, 0.54530376, 0.54814816, 0.54690224, 0.5490353, 0.54980165, 0.5512181, 0.5495448, 0.5515186, 0.5519587, 0.55405146, 0.55432844, 0.5519825, 0.555847, 0.55147994, 0.5556246, 0.5539017, 0.55503005, 0.55570555, 0.555885, 0.5574999, 0.55795985, 0.5589343, 0.5589947, 0.5606659, 0.5616828, 0.562871, 0.5654396, 0.5587878, 0.5657098, 0.5665753, 0.5673444, 0.57092273, 0.56894886, 0.5692565, 0.5700961, 0.5704429, 0.570963, 0.56950665], "duration": [18081, 17926, 17690, 17726, 22563, 18042, 22501, 18079, 18006, 16081, 18044, 17960, 18045, 18014, 17999, 18051, 18027, 18025, 18073, 18002, 18061, 17990, 18038, 18013, 18004, 17989, 17992, 18013, 18037, 18021, 18054, 17985, 18021, 18041, 18005, 18015, 17990, 18005, 17989, 17967, 18057, 18011, 18049, 18059, 18018, 18030, 17982, 18050, 18066, 18021]}