{"avg": [0.13600002, 0.16560002, 0.15149364, 0.16016829, 0.15454207, 0.16561714, 0.15505078, 0.15148708, 0.15990199, 0.15853548, 0.15885304, 0.17443609, 0.15865082, 0.1795048, 0.1717118, 0.19055872, 0.21531191, 0.21345736, 0.21147777, 0.20995475, 0.21322082, 0.21543041, 0.20547609, 0.19869928, 0.20584089, 0.20622656, 0.21812427, 0.21737961, 0.21339387, 0.22385256, 0.21128663, 0.22746077, 0.2142637, 0.2325498, 0.22958113, 0.22715676, 0.2567743, 0.26118594, 0.26338977, 0.2665109, 0.27783197, 0.29589587, 0.27059278, 0.2761354, 0.28279084, 0.28569677, 0.29330513, 0.29424128, 0.30237818, 0.2939409], "std": [0.10773906, 0.12631448, 0.12481662, 0.12146654, 0.11102932, 0.12032016, 0.11641988, 0.117114894, 0.11372587, 0.12335578, 0.13808747, 0.124382295, 0.12307068, 0.123192236, 0.11697068, 0.10197767, 0.11036905, 0.12588422, 0.11445188, 0.10771435, 0.10934426, 0.1162877, 0.11727082, 0.11896437, 0.12237374, 0.12239756, 0.10416462, 0.111143924, 0.12538579, 0.106552936, 0.11497009, 0.095754, 0.11376545, 0.10284796, 0.09665647, 0.10405547, 0.09733198, 0.09726526, 0.11013907, 0.11747683, 0.116874054, 0.11998529, 0.08447596, 0.103684954, 0.121291384, 0.08931712, 0.095781535, 0.10446266, 0.10954984, 0.1059408], "var": [1.0, 0.96, 0.96, 0.94, 0.92, 0.88, 0.86, 0.88, 0.86, 0.84, 0.82, 0.78, 0.78, 0.76, 0.72, 0.68, 0.66, 0.66, 0.66, 0.64, 0.64, 0.62, 0.6, 0.62, 0.62, 0.58, 0.58, 0.56, 0.56, 0.56, 0.56, 0.58, 0.58, 0.56, 0.54, 0.54, 0.56, 0.56, 0.54, 0.52, 0.56, 0.54, 0.52, 0.54, 0.5, 0.5, 0.52, 0.5, 0.5, 0.54], "best": [0.3555556, 0.5392064, 0.38388893, 0.38380957, 0.38365084, 0.5387302, 0.38341275, 0.38351476, 0.5377183, 0.53751326, 0.537254, 0.53769124, 0.5379365, 0.53810745, 0.38501137, 0.38511115, 0.5386409, 0.53915036, 0.53957677, 0.53998333, 0.54034925, 0.5406803, 0.5410029, 0.5412354, 0.5414286, 0.54158735, 0.5418254, 0.54202825, 0.5422166, 0.5424248, 0.54261905, 0.54280084, 0.54295635, 0.5430592, 0.38795054, 0.54317915, 0.5432143, 0.5435307, 0.5496951, 0.55025643, 0.5509326, 0.553585, 0.5523923, 0.55312663, 0.55552673, 0.556, 0.5565045, 0.5569166, 0.5477977, 0.5563298], "duration": [7281, 7847, 7828, 7823, 7195, 6632, 6682, 6590, 7313, 7183, 7882, 7207, 7233, 7929, 7900, 8066, 8530, 8509, 8556, 8663, 8581, 8684, 8215, 8273, 8274, 7344, 7721, 8329, 8265, 7754, 8186, 8665, 8407, 8349, 8275, 8701, 8997, 8115, 9620, 9769, 10108, 10610, 9978, 8817, 9435, 8830, 9418, 10382, 10577, 10591]}