{"avg": [0.36400014, 0.3981239, 0.41561592, 0.42612377, 0.43353963, 0.44835812, 0.46001273, 0.46697825, 0.4789148, 0.48650265, 0.49855807, 0.50677866, 0.5148285, 0.52512723, 0.53255916, 0.54151106, 0.54967177, 0.5504478, 0.5511376, 0.5517547, 0.55231017, 0.5528127, 0.5532696, 0.55368686, 0.5540689, 0.5544208, 0.5547457, 0.5550462, 0.5553253, 0.5555854, 0.5558279, 0.55605495, 0.55715644, 0.55646753, 0.5566557, 0.556833, 0.5570005, 0.557159, 0.55730903, 0.5574516, 0.55758685, 0.5577156, 0.5578382, 0.557955, 0.5580665, 0.558173, 0.55827516, 0.55837274, 0.5584663, 0.55855614], "std": [0.13055551, 0.13467911, 0.122249, 0.11994154, 0.12125818, 0.111566745, 0.10540069, 0.1057277, 0.09718788, 0.09534339, 0.08286097, 0.07874722, 0.073061034, 0.06449061, 0.055054918, 0.03890758, 0.010337914, 0.010734133, 0.011094788, 0.011423585, 0.0117240185, 0.011999261, 0.012252088, 0.012484989, 0.0127001, 0.012899305, 0.013084232, 0.013256341, 0.013416856, 0.013566913, 0.013707469, 0.013839385, 0.015659293, 0.014080238, 0.014190452, 0.01429462, 0.014393197, 0.014486618, 0.014575286, 0.014659539, 0.014739706, 0.0148160895, 0.014888908, 0.01495843, 0.015024873, 0.015088444, 0.015149313, 0.015207645, 0.015263597, 0.015317302], "var": [0.98, 0.96, 0.94, 0.94, 0.92, 0.9, 0.88, 0.86, 0.82, 0.78, 0.76, 0.74, 0.72, 0.7, 0.68, 0.66, 0.66, 0.66, 0.66, 0.66, 0.66, 0.66, 0.66, 0.66, 0.66, 0.66, 0.66, 0.66, 0.66, 0.66, 0.66, 0.66, 0.66, 0.66, 0.66, 0.66, 0.66, 0.66, 0.66, 0.66, 0.66, 0.66, 0.66, 0.66, 0.66, 0.66, 0.66, 0.66, 0.66, 0.66], "best": [0.51111114, 0.54539686, 0.54539686, 0.54698414, 0.5481349, 0.5489207, 0.5496032, 0.54988664, 0.55015874, 0.551799, 0.5539207, 0.5560462, 0.55837303, 0.58991456, 0.5625057, 0.56428576, 0.565873, 0.5672736, 0.568545, 0.5696826, 0.57070637, 0.5716327, 0.5724748, 0.5732436, 0.57394844, 0.5745969, 0.5751954, 0.5757496, 0.5762642, 0.5767433, 0.5771905, 0.5776088, 0.6071925, 0.57836944, 0.57871616, 0.5790431, 0.5793519, 0.57964396, 0.57992065, 0.58018315, 0.5804326, 0.5806698, 0.5808957, 0.58111113, 0.58131677, 0.5815133, 0.5817012, 0.58188117, 0.5820536, 0.582219], "duration": [60785, 62247, 64995, 66350, 66688, 68118, 69044, 69249, 71591, 72036, 73703, 74246, 74123, 74370, 76269, 76192, 76662, 76730, 76733, 76783, 76750, 76842, 76852, 76689, 76629, 76708, 76824, 76690, 77291, 76806, 76845, 76710, 76738, 76823, 76730, 76746, 76829, 76743, 76807, 76866, 76759, 76744, 76792, 76806, 76809, 76726, 76763, 76742, 76645, 76732]}