{"avg": [0.39999998, 0.43140936, 0.44533733, 0.50159234, 0.36174104, 0.47206348, 0.44496492, 0.43066475, 0.43534327, 0.40120763, 0.5372372, 0.43340805, 0.50808775, 0.46054152, 0.42227116, 0.54647887, 0.53972507, 0.50915813, 0.51492494, 0.49200422, 0.51937896, 0.4485651, 0.50097346, 0.5444832, 0.57493794, 0.5576094, 0.5202227, 0.5147871, 0.52684885, 0.5146558, 0.5765183, 0.5167584, 0.6155236, 0.5811125, 0.5578864, 0.61364627, 0.58574283, 0.5262616, 0.5015873, 0.5558422, 0.6227401, 0.5631062, 0.5458902, 0.61889404, 0.5300308, 0.49882996, 0.6276198, 0.49539217, 0.5559562, 0.5313436], "std": [0.14907122, 0.14167152, 0.1519459, 0.14130285, 0.12593311, 0.14876433, 0.14973067, 0.15116122, 0.15017004, 0.14526556, 0.122084886, 0.1496447, 0.14230968, 0.14918509, 0.15173797, 0.11070041, 0.11875845, 0.13970603, 0.13586786, 0.15093136, 0.1367118, 0.15486085, 0.14553446, 0.11707109, 0.09237045, 0.111264504, 0.14149724, 0.13528019, 0.13700835, 0.14139569, 0.09473548, 0.14130461, 0.01089551, 0.086360045, 0.120992646, 0.015731417, 0.08576039, 0.14272662, 0.14692152, 0.12301209, 0.012670144, 0.12729448, 0.13678397, 0.013834945, 0.14787488, 0.15550707, 0.017454201, 0.16741727, 0.118968874, 0.15484865], "var": [0.98, 0.96, 0.94, 0.94, 0.92, 0.92, 0.9, 0.88, 0.86, 0.86, 0.84, 0.84, 0.82, 0.8, 0.78, 0.78, 0.76, 0.78, 0.78, 0.76, 0.76, 0.76, 0.74, 0.72, 0.72, 0.7, 0.72, 0.7, 0.68, 0.66, 0.66, 0.64, 0.64, 0.62, 0.6, 0.6, 0.62, 0.62, 0.6, 0.58, 0.58, 0.56, 0.54, 0.54, 0.56, 0.54, 0.54, 0.52, 0.52, 0.5], "best": [0.5666667, 0.60105824, 0.6119048, 0.6008929, 0.6086168, 0.60074705, 0.60608906, 0.60906726, 0.61060095, 0.5977444, 0.611815, 0.6132595, 0.6139108, 0.60107756, 0.6164058, 0.60569626, 0.60700285, 0.61244416, 0.60680634, 0.6118105, 0.6147329, 0.6152424, 0.6153033, 0.61922187, 0.62058556, 0.62168723, 0.622364, 0.6098675, 0.62138134, 0.62330914, 0.6242799, 0.6258341, 0.6264349, 0.6297079, 0.6303768, 0.631573, 0.6337158, 0.6342762, 0.61573756, 0.6343715, 0.63435614, 0.63745326, 0.63903517, 0.64009225, 0.64084065, 0.6409739, 0.64067185, 0.64374423, 0.6444598, 0.64418197], "duration": [753, 736, 729, 742, 769, 748, 757, 751, 766, 754, 753, 788, 787, 794, 802, 830, 795, 793, 803, 788, 781, 775, 818, 785, 795, 1012, 787, 790, 801, 801, 785, 786, 793, 813, 1034, 809, 987, 788, 794, 855, 797, 784, 808, 815, 766, 764, 756, 783, 809, 787]}