{"avg": [0.19861114, 0.18882278, 0.18116085, 0.16455027, 0.2184428, 0.22088274, 0.21024227, 0.19164021, 0.26605555, 0.21488689, 0.20041719, 0.18942322, 0.21482798, 0.28060228, 0.2593201, 0.24468288, 0.2582941, 0.33721736, 0.24653149, 0.28299016, 0.23508835, 0.25060493, 0.26011446, 0.32167727, 0.28919932, 0.3296859, 0.28104556, 0.33939257, 0.34214517, 0.42211685, 0.32288885, 0.3624934, 0.42775473, 0.33841652, 0.44989517, 0.35454813, 0.4190758, 0.35535946, 0.3813728, 0.46044004, 0.4374789, 0.3923054, 0.41638383, 0.4393659, 0.4652259, 0.38828874, 0.44783396, 0.450876, 0.44443974, 0.4737861], "std": [0.14042898, 0.14873765, 0.13220629, 0.108135134, 0.15799776, 0.15639271, 0.15894473, 0.13199791, 0.1794298, 0.13066234, 0.12141523, 0.110476606, 0.1511823, 0.15496127, 0.16549507, 0.15384936, 0.153374, 0.15701596, 0.12831783, 0.18931246, 0.18069224, 0.14089252, 0.14436167, 0.18529898, 0.16854866, 0.15038419, 0.16936445, 0.16812518, 0.15361702, 0.14637578, 0.1947834, 0.17794585, 0.16190055, 0.16378284, 0.1646368, 0.15687442, 0.14646323, 0.19081171, 0.16989237, 0.1287463, 0.12426329, 0.1582411, 0.14882657, 0.12785262, 0.1321937, 0.16311865, 0.15542518, 0.13192447, 0.1527145, 0.13837886], "var": [1.0, 1.0, 0.9866667, 0.97333336, 0.96, 0.96, 0.94666666, 0.92, 0.92, 0.9066667, 0.9066667, 0.8933333, 0.8666667, 0.85333335, 0.84, 0.84, 0.81333333, 0.81333333, 0.81333333, 0.81333333, 0.81333333, 0.7866667, 0.7733333, 0.74666667, 0.74666667, 0.74666667, 0.72, 0.6933333, 0.68, 0.6933333, 0.6666667, 0.6666667, 0.6666667, 0.68, 0.6666667, 0.68, 0.68, 0.6533333, 0.62666667, 0.61333334, 0.61333334, 0.61333334, 0.6, 0.61333334, 0.61333334, 0.61333334, 0.6, 0.6, 0.5733333, 0.56], "best": [0.51111114, 0.5468254, 0.53031236, 0.38941804, 0.5418331, 0.54163617, 0.53567255, 0.5437951, 0.5457778, 0.5475853, 0.5390415, 0.38577002, 0.5459978, 0.546592, 0.54898995, 0.5497891, 0.5396448, 0.55118304, 0.55296844, 0.55398434, 0.5557635, 0.55749613, 0.5562457, 0.55734897, 0.5590443, 0.5596343, 0.56024003, 0.55783594, 0.5610413, 0.5614675, 0.5623091, 0.562419, 0.5621117, 0.5575644, 0.5644219, 0.566131, 0.5672688, 0.566906, 0.5678817, 0.5683521, 0.570341, 0.5718344, 0.57315594, 0.5741364, 0.5738908, 0.57489717, 0.5768905, 0.5775091, 0.5788109, 0.57999086], "duration": [5895, 6219, 5943, 2396, 7717, 7750, 5859, 5906, 9692, 5937, 5864, 2092, 5868, 9645, 5905, 7796, 7740, 9739, 5913, 7756, 9691, 5804, 5837, 9691, 9718, 9697, 5862, 11935, 11629, 15777, 11583, 9672, 13546, 11548, 13546, 13475, 13538, 11624, 11706, 11673, 13517, 11595, 11628, 13520, 11618, 13469, 11624, 13509, 13521, 13548]}