{"avg": [0.16319445, 0.22200397, 0.15605298, 0.17037041, 0.20886853, 0.19291697, 0.24111493, 0.24861947, 0.21165839, 0.23484959, 0.25333464, 0.21181223, 0.28629532, 0.22974627, 0.29062712, 0.25254175, 0.2505985, 0.2573463, 0.28095135, 0.25107095, 0.26473457, 0.27205172, 0.2810311, 0.28980815, 0.26733884, 0.32485157, 0.27431685, 0.3024851, 0.32814544, 0.27272636, 0.33274487, 0.3302478, 0.32656127, 0.35423738, 0.33944505, 0.37308174, 0.36021826, 0.35667697, 0.39128938, 0.38707793, 0.40684307, 0.41518703, 0.402188, 0.40872404, 0.4093981, 0.43724585, 0.42840558, 0.45256206, 0.4197508, 0.4637608], "std": [0.090328515, 0.088395424, 0.07399352, 0.0773749, 0.052836362, 0.103569634, 0.08130361, 0.07563279, 0.08015828, 0.0869519, 0.08926325, 0.078768946, 0.07997724, 0.087915674, 0.08680572, 0.08779353, 0.0887029, 0.07317691, 0.08223889, 0.09965714, 0.06421056, 0.08009601, 0.07840542, 0.07771461, 0.09586926, 0.0823032, 0.08019417, 0.10086751, 0.0976188, 0.09425888, 0.089291506, 0.078392945, 0.08555217, 0.091550484, 0.09568112, 0.10251305, 0.06584458, 0.097298294, 0.07821499, 0.086310215, 0.07453982, 0.09052965, 0.07522161, 0.064005494, 0.083563164, 0.087328926, 0.075508855, 0.08325507, 0.09422848, 0.068373546], "var": [1.0, 1.0, 1.0, 1.0, 1.0, 1.0, 0.96, 0.96, 0.96, 0.96, 0.96, 0.96, 0.96, 0.96, 0.96, 0.96, 0.96, 0.96, 0.96, 0.96, 0.96, 0.96, 0.96, 0.96, 0.96, 0.92, 0.92, 0.88, 0.88, 0.86, 0.82, 0.82, 0.82, 0.82, 0.82, 0.82, 0.82, 0.78, 0.8, 0.78, 0.78, 0.76, 0.74, 0.7, 0.66, 0.66, 0.62, 0.62, 0.6, 0.58], "best": [0.3777778, 0.4164683, 0.3184844, 0.32433864, 0.31651872, 0.4165906, 0.42218658, 0.42653066, 0.42851943, 0.42781234, 0.4292371, 0.32205516, 0.43312228, 0.38415095, 0.43366873, 0.43579403, 0.43915564, 0.38567826, 0.439919, 0.44321406, 0.34444445, 0.43489188, 0.44366452, 0.44475845, 0.44794995, 0.4465407, 0.43053225, 0.50863445, 0.45039958, 0.44863078, 0.5115839, 0.45508587, 0.51489115, 0.5160828, 0.51795596, 0.5269412, 0.4640296, 0.4655831, 0.5240427, 0.52617246, 0.5206927, 0.5306952, 0.5331424, 0.5347222, 0.5366173, 0.5456773, 0.53975916, 0.54105043, 0.55145764, 0.5450583], "duration": [3967, 2009, 2005, 3987, 3992, 2062, 5885, 9715, 3912, 4247, 4299, 2059, 3937, 7795, 5969, 3909, 10682, 5895, 2045, 3889, 2036, 2026, 5937, 5934, 4233, 1970, 2071, 5874, 5889, 6197, 8153, 4028, 10012, 5841, 5915, 5834, 4040, 4309, 4291, 5843, 5892, 14478, 5990, 8166, 4007, 7878, 6299, 9708, 9839, 5837]}