{"avg": [0.1388889, 0.17859624, 0.1603729, 0.14428248, 0.1900348, 0.16802688, 0.1933141, 0.20015529, 0.20391534, 0.18599209, 0.21897827, 0.15949047, 0.22728972, 0.2356174, 0.22262423, 0.21921849, 0.2525539, 0.2811194, 0.2624489, 0.29440928, 0.23869152, 0.22742724, 0.27581313, 0.25182477, 0.28218028, 0.23856862, 0.23765886, 0.25124785, 0.26140237, 0.24160576, 0.3046753, 0.30213526, 0.303419, 0.31594095, 0.3134186, 0.2773881, 0.33790928, 0.36207187, 0.34665322, 0.32104298, 0.33389646, 0.36180115, 0.45624503, 0.35610133, 0.37487358, 0.39410284, 0.38274786, 0.35562447, 0.4081881, 0.38638252], "std": [0.11317527, 0.107709736, 0.13666832, 0.10549588, 0.14457564, 0.13157997, 0.15934582, 0.11418143, 0.054520138, 0.10959373, 0.12820165, 0.11978931, 0.17330019, 0.101600714, 0.12485536, 0.102222525, 0.1634635, 0.12545538, 0.15310155, 0.1430899, 0.1630692, 0.1312898, 0.13891214, 0.10328396, 0.14003403, 0.16448769, 0.11544038, 0.10628958, 0.1642264, 0.15223107, 0.16002524, 0.103032425, 0.1397776, 0.132635, 0.15497524, 0.12604512, 0.13293622, 0.14517662, 0.11887998, 0.14789218, 0.14198548, 0.10383539, 0.11854377, 0.17435573, 0.14031874, 0.14597256, 0.12267019, 0.12062149, 0.13076822, 0.16974209], "var": [0.98, 0.98, 0.98, 0.97, 0.97, 0.96, 0.96, 0.95, 0.94, 0.94, 0.93, 0.93, 0.93, 0.93, 0.92, 0.91, 0.9, 0.88, 0.86, 0.85, 0.85, 0.83, 0.81, 0.81, 0.8, 0.78, 0.76, 0.75, 0.74, 0.72, 0.71, 0.69, 0.68, 0.66, 0.67, 0.66, 0.65, 0.65, 0.65, 0.63, 0.64, 0.64, 0.63, 0.63, 0.62, 0.62, 0.6, 0.59, 0.57, 0.57], "best": [0.3555556, 0.36894846, 0.37936512, 0.34123746, 0.5266234, 0.53176516, 0.53588265, 0.3828848, 0.34550267, 0.38206354, 0.5352075, 0.37910348, 0.5381511, 0.3801403, 0.5369821, 0.38242498, 0.5406927, 0.5405129, 0.5417348, 0.5426036, 0.5452695, 0.38459495, 0.5425292, 0.3860067, 0.544349, 0.54396373, 0.54506177, 0.38620573, 0.54539484, 0.5448495, 0.5464907, 0.5449068, 0.5469371, 0.54706395, 0.5481902, 0.5468867, 0.54907125, 0.54973376, 0.55159867, 0.55242014, 0.5532686, 0.54846144, 0.554321, 0.55547136, 0.5567786, 0.5579344, 0.55935186, 0.55621594, 0.5603036, 0.5612334], "duration": [5953, 3898, 3912, 3847, 3968, 2033, 7767, 4191, 3821, 3865, 3878, 7466, 5937, 8092, 3955, 3854, 3982, 9558, 7699, 12754, 5822, 5837, 2098, 8362, 3996, 4093, 4029, 5778, 4046, 8100, 2136, 3919, 5833, 4078, 3975, 7751, 2225, 2167, 5922, 4008, 5938, 9626, 8249, 4173, 4089, 4166, 4404, 4055, 7883, 4530]}