{"avg": [0.15555556, 0.20371695, 0.19134985, 0.21445037, 0.22244062, 0.19990595, 0.22809665, 0.20611833, 0.2025119, 0.22025749, 0.27197725, 0.23727897, 0.26776916, 0.24181549, 0.2374008, 0.2751906, 0.26833832, 0.2756261, 0.3156245, 0.2850804, 0.31392694, 0.34243822, 0.2875346, 0.31647956, 0.2899131, 0.33522156, 0.32316813, 0.3001821, 0.3803298, 0.34481895, 0.3683925, 0.35342148, 0.3630644, 0.36037043, 0.37408295, 0.38329023, 0.34120184, 0.3872843, 0.39655012, 0.38058767, 0.3771908, 0.40606183, 0.3905414, 0.368331, 0.42405513, 0.40517464, 0.39908943, 0.40265143, 0.43736216, 0.41392136, 0.41284886, 0.43230098, 0.40846235, 0.43925372, 0.44959617, 0.42859638, 0.42100742, 0.43298778, 0.45512435, 0.48194078, 0.4588903, 0.42321637, 0.47288364, 0.45226258, 0.43536198, 0.47718608, 0.45573783, 0.490146, 0.49008167, 0.4726315, 0.47159702, 0.48872584, 0.5024865, 0.48899162, 0.51510996, 0.51442724, 0.513405, 0.5106686, 0.5208937, 0.49406832, 0.5150073, 0.5081666, 0.5070806, 0.5520191, 0.5313081, 0.56374466, 0.5475617, 0.53100455, 0.5471303, 0.55234367, 0.5687673, 0.55506283, 0.5539641, 0.5788344, 0.5749644, 0.55736774, 0.56459624, 0.554545, 0.5554093, 0.573586], "std": [0.07071068, 0.08694791, 0.08042583, 0.08770331, 0.08746531, 0.059731398, 0.07799046, 0.09303176, 0.085018076, 0.09611862, 0.0890553, 0.12027022, 0.0817298, 0.06683632, 0.09041749, 0.063465975, 0.108733974, 0.07592441, 0.074925974, 0.07990602, 0.06888389, 0.04324432, 0.10297928, 0.07285545, 0.07252167, 0.07177867, 0.075284846, 0.08765369, 0.03173711, 0.07060828, 0.04600385, 0.06455305, 0.08603616, 0.06982866, 0.055684276, 0.057215776, 0.102706365, 0.04829837, 0.021352006, 0.051339146, 0.040417884, 0.066193365, 0.049425714, 0.09013858, 0.04032914, 0.05483012, 0.048210125, 0.055955425, 0.039954714, 0.04262027, 0.051855773, 0.05171517, 0.056477766, 0.046169527, 0.038801957, 0.04314503, 0.059565946, 0.06854584, 0.04068814, 0.0500245, 0.041320138, 0.08073888, 0.041794, 0.06651601, 0.06708731, 0.050452895, 0.071166344, 0.03352046, 0.064457126, 0.043541964, 0.058710825, 0.04698244, 0.048230167, 0.05937815, 0.047456082, 0.04445817, 0.04437802, 0.045408294, 0.048941057, 0.053463347, 0.057445846, 0.047442812, 0.06648998, 0.03067319, 0.03930798, 0.020657795, 0.03768968, 0.04640722, 0.049236998, 0.048927624, 0.019973466, 0.051744834, 0.037998457, 0.008268829, 0.017473428, 0.048697125, 0.035616264, 0.040657964, 0.05378222, 0.034659717], "var": [0.98, 0.96, 0.94, 0.92, 0.92, 0.9, 0.88, 0.84, 0.82, 0.82, 0.78, 0.74, 0.7, 0.7, 0.66, 0.64, 0.6, 0.62, 0.58, 0.56, 0.58, 0.58, 0.54, 0.56, 0.54, 0.52, 0.52, 0.5, 0.5, 0.48, 0.48, 0.46, 0.44, 0.42, 0.44, 0.44, 0.4, 0.42, 0.4, 0.4, 0.44, 0.44, 0.42, 0.4, 0.42, 0.42, 0.42, 0.42, 0.44, 0.44, 0.46, 0.46, 0.46, 0.46, 0.44, 0.44, 0.42, 0.42, 0.42, 0.44, 0.44, 0.44, 0.44, 0.44, 0.4, 0.4, 0.4, 0.38, 0.4, 0.42, 0.42, 0.4, 0.4, 0.4, 0.38, 0.34, 0.34, 0.38, 0.36, 0.36, 0.36, 0.36, 0.34, 0.34, 0.34, 0.34, 0.32, 0.32, 0.3, 0.28, 0.28, 0.26, 0.3, 0.3, 0.3, 0.3, 0.3, 0.28, 0.26, 0.26], "best": [0.2777778, 0.3896826, 0.30926782, 0.40108076, 0.31685564, 0.31575546, 0.31527779, 0.3214286, 0.3222857, 0.3218845, 0.40746439, 0.40868843, 0.41024536, 0.33646128, 0.3391775, 0.34223166, 0.41166797, 0.34429473, 0.41451985, 0.41789082, 0.41904256, 0.41995263, 0.3622529, 0.4402961, 0.36808, 0.4150794, 0.41991597, 0.3987461, 0.44597703, 0.42455217, 0.4251425, 0.42657265, 0.42774495, 0.4282815, 0.42956463, 0.45100936, 0.42442715, 0.45352995, 0.43428576, 0.434596, 0.43467918, 0.5265412, 0.5273454, 0.43758422, 0.528717, 0.5299391, 0.44053933, 0.53259593, 0.5334226, 0.46335292, 0.5356338, 0.536478, 0.53762805, 0.5384427, 0.53969383, 0.46808955, 0.47291613, 0.54220617, 0.54064965, 0.5473628, 0.5423903, 0.54267335, 0.55002797, 0.5440638, 0.55134344, 0.5522274, 0.5538248, 0.5543252, 0.56274325, 0.54856086, 0.55915976, 0.56020975, 0.56702745, 0.5605101, 0.56919754, 0.5624538, 0.5694796, 0.5728615, 0.5769275, 0.57539296, 0.5762984, 0.57169044, 0.57850635, 0.5819645, 0.5746939, 0.58203804, 0.5854354, 0.5815184, 0.5876846, 0.58880687, 0.5898392, 0.59082246, 0.58392143, 0.5916475, 0.58853805, 0.5950733, 0.59609526, 0.59456486, 0.5981328, 0.5990591], "duration": [3918, 8500, 6107, 9997, 7737, 3855, 10147, 5800, 5807, 5788, 11625, 5798, 9743, 10078, 13573, 9780, 9668, 9715, 11649, 7738, 9690, 13570, 9685, 13880, 11618, 16561, 7733, 9675, 17542, 11946, 13875, 16130, 11621, 13569, 11641, 11623, 13553, 11644, 13657, 11620, 11613, 9690, 9687, 13565, 13709, 13560, 11617, 11613, 11942, 11622, 11624, 11625, 13572, 11637, 9689, 9994, 11631, 9677, 13875, 13559, 13567, 11640, 11628, 13555, 11621, 13563, 7743, 13565, 11621, 11628, 11620, 11630, 15830, 13559, 13608, 13564, 15826, 9697, 20382, 13558, 13579, 11650, 13570, 13579, 13562, 14931, 13563, 11619, 15830, 13589, 13580, 13579, 13571, 13815, 13573, 13577, 13610, 13666, 13570, 13582]}