{"avg": [0.36400014, 0.38687947, 0.38001114, 0.3761206, 0.37724996, 0.37062988, 0.3718826, 0.36521912, 0.36363178, 0.36083287, 0.35702163, 0.35333017, 0.35671985, 0.34585255, 0.34922978, 0.34205207, 0.33514822, 0.3350521, 0.33921108, 0.33596104, 0.33317837, 0.33462003, 0.33474204, 0.3309789, 0.3202774, 0.3164797, 0.31236947, 0.31440702, 0.3176032, 0.31673825, 0.30962446, 0.30273598, 0.299939, 0.2965369, 0.28714755, 0.2878227, 0.2892005, 0.28613293, 0.2889051, 0.29299882, 0.29031238, 0.2924915, 0.29084197, 0.29287207, 0.2930044, 0.28622565, 0.28335536, 0.28004634, 0.28006393, 0.2805157], "std": [0.13055551, 0.13032214, 0.13152854, 0.1339833, 0.1336658, 0.12978524, 0.12970752, 0.1302372, 0.13019964, 0.13273709, 0.13004144, 0.1274987, 0.12999967, 0.13159855, 0.1300589, 0.1336591, 0.1276269, 0.12741767, 0.13070607, 0.12744024, 0.124394566, 0.12474707, 0.12499728, 0.12174234, 0.11554418, 0.11648341, 0.11713264, 0.12024328, 0.1189632, 0.11317655, 0.114945695, 0.116300225, 0.11202824, 0.10702734, 0.10292445, 0.10320066, 0.10389236, 0.10416863, 0.104187444, 0.104324065, 0.10494827, 0.10361969, 0.10486438, 0.105183385, 0.10539927, 0.09994855, 0.1002662, 0.10001618, 0.10008394, 0.09990114], "var": [0.98, 0.98, 1.0, 0.96, 0.96, 0.94, 0.92, 0.92, 0.94, 0.96, 0.96, 0.96, 0.94, 0.94, 0.96, 0.94, 0.9, 0.86, 0.86, 0.86, 0.86, 0.84, 0.86, 0.86, 0.82, 0.82, 0.78, 0.8, 0.78, 0.8, 0.8, 0.82, 0.82, 0.8, 0.78, 0.76, 0.74, 0.72, 0.72, 0.7, 0.7, 0.68, 0.7, 0.68, 0.68, 0.72, 0.7, 0.7, 0.7, 0.72], "best": [0.51111114, 0.54539686, 0.5444445, 0.5444445, 0.5443254, 0.544254, 0.54452384, 0.5447846, 0.5450397, 0.5451852, 0.5449207, 0.54505056, 0.5451191, 0.5453602, 0.5454989, 0.5455873, 0.5456945, 0.54587305, 0.54597884, 0.5462991, 0.54639685, 0.54643995, 0.546544, 0.5466184, 0.5466667, 0.5466921, 0.54671556, 0.5467196, 0.54663837, 0.5465791, 0.54650795, 0.5464107, 0.54627484, 0.5461761, 0.54609716, 0.5460499, 0.5460318, 0.5460275, 0.5460109, 0.54601955, 0.546004, 0.54596597, 0.5459184, 0.54588413, 0.5458514, 0.5345397, 0.5344859, 0.53444445, 0.53439486, 0.5343376], "duration": [60706, 60310, 59236, 59206, 58688, 58143, 57502, 57576, 58790, 58271, 58333, 58217, 59164, 57978, 58564, 58291, 56628, 57304, 55736, 55653, 55418, 55674, 56026, 56172, 55239, 55393, 54823, 56051, 56765, 57066, 56086, 54818, 54515, 54139, 52936, 52931, 51068, 50887, 52333, 52261, 51575, 52866, 51267, 50635, 50709, 49316, 49469, 49735, 49065, 49082]}