{"avg": [0.08095238, 0.13934949, 0.16925928, 0.23693122, 0.18149802, 0.2539251, 0.18562244, 0.18316664, 0.23530327, 0.19008794, 0.24377842, 0.20141722, 0.23214607, 0.2401171, 0.34047076, 0.24194066, 0.291893, 0.28531212, 0.26046902, 0.25336385, 0.2540371, 0.2948757, 0.34564796, 0.27344078, 0.37179938, 0.33537123, 0.36780873, 0.2828361, 0.35084328, 0.30441132, 0.34410757, 0.39210844, 0.3104405, 0.38449907, 0.35425824, 0.34312323, 0.42557198, 0.41815242, 0.4053394, 0.4552115, 0.49936658, 0.4261559, 0.44691813, 0.47603983, 0.46000025, 0.47853458, 0.5234392, 0.5148484, 0.48837477, 0.527819], "std": [0.08169594, 0.11699307, 0.10146756, 0.12080934, 0.12130361, 0.104059264, 0.09762896, 0.11274182, 0.15429841, 0.121820815, 0.10863547, 0.14536512, 0.11605563, 0.13757716, 0.12163646, 0.14259486, 0.13948573, 0.08838485, 0.10737678, 0.12780246, 0.18651329, 0.12878619, 0.12159245, 0.14452542, 0.15139104, 0.10176157, 0.10245105, 0.11719089, 0.14048594, 0.15231879, 0.1117031, 0.12568308, 0.14842017, 0.13390757, 0.17231093, 0.13515453, 0.12224819, 0.1492939, 0.14603354, 0.11649384, 0.10275407, 0.13757771, 0.14085165, 0.13584471, 0.13675004, 0.12201244, 0.10655362, 0.1282497, 0.15947546, 0.11922036], "var": [1.0, 0.96, 0.94, 0.9, 0.88, 0.86, 0.82, 0.78, 0.8, 0.78, 0.74, 0.72, 0.72, 0.7, 0.7, 0.7, 0.7, 0.72, 0.7, 0.68, 0.64, 0.66, 0.68, 0.68, 0.68, 0.66, 0.66, 0.7, 0.68, 0.68, 0.66, 0.68, 0.64, 0.68, 0.72, 0.68, 0.64, 0.6, 0.56, 0.58, 0.56, 0.56, 0.58, 0.56, 0.54, 0.54, 0.54, 0.52, 0.52, 0.52], "best": [0.20000002, 0.33662134, 0.36746037, 0.3804233, 0.3777778, 0.5333542, 0.38355142, 0.38565442, 0.53728193, 0.38399, 0.38870218, 0.5415817, 0.5381912, 0.53951335, 0.5476116, 0.5431019, 0.5509577, 0.40225536, 0.40430018, 0.4063656, 0.556326, 0.5583616, 0.5529733, 0.5601587, 0.55621374, 0.5531498, 0.5592672, 0.41929626, 0.5580087, 0.5625912, 0.5571672, 0.56545347, 0.5711462, 0.5725718, 0.5733822, 0.5692776, 0.57660896, 0.5795477, 0.5834018, 0.58442044, 0.58718455, 0.59041286, 0.58897275, 0.5955989, 0.59857684, 0.59659183, 0.60406244, 0.60697234, 0.6093093, 0.6117032], "duration": [4145, 6058, 5817, 7705, 4037, 7766, 2146, 7631, 4004, 3840, 7764, 9643, 3901, 5800, 9721, 2107, 8088, 6376, 5841, 2049, 3989, 5821, 4023, 10016, 7731, 5838, 6026, 5951, 2109, 4144, 5817, 11932, 2543, 6069, 2233, 4078, 4160, 4314, 7820, 4181, 4289, 2342, 2357, 2787, 2423, 2342, 4261, 2313, 2473, 2466]}