{"avg": [0.354902, 0.3734205, 0.42185375, 0.4510848, 0.42297357, 0.46738032, 0.43177748, 0.4255022, 0.46062678, 0.40520832, 0.462043, 0.5008913, 0.49416673, 0.4668352, 0.4609458, 0.45308682, 0.46337017, 0.4883189, 0.4556691, 0.5012281, 0.50864506, 0.50452924, 0.50545317, 0.53440195, 0.54629296, 0.5125784, 0.4995932, 0.5451412, 0.503446, 0.5869417, 0.5329356, 0.5957691, 0.59326845, 0.5495901, 0.5482396, 0.5777829, 0.57144034, 0.5641434, 0.5864523, 0.5713785, 0.5830817, 0.58257324, 0.584323, 0.6085699, 0.60646814, 0.6158507, 0.5580573, 0.6196265, 0.6012024, 0.5953177], "std": [0.13669355, 0.13613144, 0.1460222, 0.14652763, 0.14881055, 0.14907843, 0.14884602, 0.14859663, 0.14926547, 0.1466258, 0.1489667, 0.14101104, 0.1440777, 0.1492384, 0.15276766, 0.15287907, 0.1530044, 0.14547306, 0.15326017, 0.14072497, 0.14166516, 0.14238805, 0.14221662, 0.12877318, 0.11571116, 0.1403599, 0.14851521, 0.12945516, 0.14944787, 0.07733386, 0.13326845, 0.07660629, 0.0770134, 0.12767376, 0.1240242, 0.108474635, 0.10983203, 0.12396894, 0.10450982, 0.12397428, 0.10958711, 0.113699436, 0.10796776, 0.07949704, 0.07807863, 0.0817997, 0.14904378, 0.08288552, 0.124138266, 0.116439074], "var": [1.0, 0.97333336, 0.96, 0.94666666, 0.94666666, 0.94666666, 0.96, 0.93333334, 0.92, 0.9066667, 0.8933333, 0.88, 0.8666667, 0.85333335, 0.82666665, 0.82666665, 0.82666665, 0.82666665, 0.82666665, 0.82666665, 0.81333333, 0.8, 0.8, 0.7866667, 0.7733333, 0.7733333, 0.76, 0.74666667, 0.73333335, 0.72, 0.6933333, 0.72, 0.70666665, 0.6933333, 0.6933333, 0.6666667, 0.6666667, 0.6533333, 0.6533333, 0.64, 0.61333334, 0.58666664, 0.56, 0.5466667, 0.53333336, 0.53333336, 0.5466667, 0.52, 0.53333336, 0.52], "best": [0.5666667, 0.6058824, 0.59115654, 0.5937442, 0.5953782, 0.59841275, 0.5958982, 0.5971348, 0.59817934, 0.5997181, 0.59897965, 0.6028986, 0.60452384, 0.6071866, 0.6080255, 0.6096191, 0.611343, 0.6104428, 0.61050147, 0.61173207, 0.6118548, 0.6163092, 0.61764103, 0.6188003, 0.6209619, 0.61802727, 0.6225129, 0.6232407, 0.62585914, 0.6273933, 0.6264762, 0.6278715, 0.6335474, 0.635373, 0.63666505, 0.63486344, 0.6392101, 0.64058113, 0.6428572, 0.6451024, 0.64726925, 0.64914596, 0.65071636, 0.65191483, 0.6537081, 0.6551112, 0.6574347, 0.6592323, 0.661667, 0.66380143], "duration": [1215, 1175, 1172, 1199, 1188, 1177, 1394, 1166, 1180, 1178, 1172, 1170, 1368, 1182, 1183, 1195, 1196, 1172, 1182, 1187, 1480, 1354, 1133, 1140, 1149, 1146, 1176, 1231, 1171, 1191, 1177, 1380, 1211, 1216, 1206, 1195, 1192, 1185, 1371, 1155, 1286, 1116, 1145, 1147, 1641, 1179, 1366, 1403, 1154, 1191]}