{"avg": [0.35238105, 0.50096375, 0.46955484, 0.457047, 0.5313508, 0.54861027, 0.58461535, 0.56112933, 0.6452001, 0.5988168, 0.62801397, 0.6617565, 0.6817704, 0.6795825, 0.692974, 0.6763144, 0.73538965, 0.7364742, 0.72006524, 0.74034625, 0.75122774, 0.7670635, 0.76150674, 0.7568742, 0.7807346, 0.7849441, 0.78918123, 0.7928247, 0.79705524, 0.8009644, 0.8043546, 0.80730087, 0.8102775, 0.8128751, 0.81532675, 0.8183318, 0.82065105, 0.8229942, 0.82534534, 0.82715255, 0.8288745, 0.83039314, 0.83184844, 0.83335775, 0.8349101, 0.8362884, 0.83760923, 0.83887666, 0.8400014, 0.8410857], "std": [0.13552621, 0.14057869, 0.15801929, 0.15899846, 0.14525813, 0.13927038, 0.12391532, 0.14798588, 0.03215033, 0.12171006, 0.099241205, 0.043747555, 0.03609709, 0.10492717, 0.046588935, 0.11131122, 0.0, 0.031250864, 0.05752107, 0.042840198, 0.03637358, 5.9604645e-08, 0.037472285, 0.05107426, 5.9604645e-08, 5.9604645e-08, 0.0, 5.9604645e-08, 0.0, 5.9604645e-08, 1.1920929e-07, 5.9604645e-08, 5.9604645e-08, 1.1920929e-07, 5.9604645e-08, 1.1920929e-07, 0.0, 5.9604645e-08, 5.9604645e-08, 1.1920929e-07, 0.0, 5.9604645e-08, 0.0, 0.0, 0.0, 1.1920929e-07, 0.0, 1.1920929e-07, 1.1920929e-07, 1.1920929e-07], "var": [0.96, 0.88, 0.84, 0.76, 0.72, 0.68, 0.68, 0.6, 0.6, 0.56, 0.48, 0.4, 0.32, 0.28, 0.28, 0.2, 0.2, 0.2, 0.12, 0.12, 0.12, 0.12, 0.12, 0.04, 0.04, 0.04, 0.04, 0.04, 0.04, 0.04, 0.04, 0.04, 0.04, 0.04, 0.04, 0.04, 0.04, 0.04, 0.04, 0.04, 0.04, 0.04, 0.04, 0.04, 0.04, 0.04, 0.04, 0.04, 0.04, 0.04], "best": [0.5666667, 0.6176871, 0.6362638, 0.6454213, 0.6484277, 0.65455186, 0.66072905, 0.67102337, 0.67503345, 0.68473047, 0.6885155, 0.6937041, 0.7019282, 0.7131152, 0.724081, 0.7297504, 0.73538965, 0.7458967, 0.75232315, 0.75650436, 0.76273, 0.76706356, 0.772805, 0.77684474, 0.78073466, 0.78494406, 0.78918123, 0.7928246, 0.79705524, 0.8009645, 0.8043545, 0.8073009, 0.81027746, 0.8128752, 0.8153268, 0.8183319, 0.82065105, 0.8229941, 0.8253454, 0.82715267, 0.8288745, 0.8303932, 0.83184844, 0.83335775, 0.8349101, 0.8362883, 0.83760923, 0.83887655, 0.8400015, 0.8410858], "duration": [1186, 1351, 1187, 1155, 1385, 1187, 1190, 1214, 1414, 1372, 1221, 1179, 1633, 1419, 1385, 1410, 1410, 1406, 1226, 1194, 1193, 1204, 1219, 1200, 1211, 1417, 1221, 1398, 1202, 1419, 1168, 1165, 1238, 1337, 1535, 1142, 1194, 1293, 1114, 1108, 1159, 1186, 1187, 1198, 1368, 1188, 1579, 1189, 1217, 1366]}