{"avg": [0.18253969, 0.15327287, 0.20367144, 0.16531324, 0.19880389, 0.12038549, 0.23565188, 0.17791356, 0.27228037, 0.2521179, 0.23480974, 0.20438363, 0.19742595, 0.270312, 0.24047193, 0.20872164, 0.23253968, 0.2885923, 0.30474317, 0.28620088, 0.29287565, 0.2926277, 0.2607083, 0.31034586, 0.30720744, 0.31846166, 0.24702552, 0.3215045, 0.35099515, 0.31221816, 0.32617742, 0.32282275, 0.350146, 0.3849725, 0.36264196, 0.35208353, 0.36918783, 0.38742283, 0.37880936, 0.33719814, 0.40900305, 0.3907314, 0.37276477, 0.36526826, 0.36035588, 0.39768103, 0.35515696, 0.4191239, 0.40070888, 0.41174006], "std": [0.10762095, 0.10718146, 0.115415625, 0.12956807, 0.13304587, 0.11637435, 0.122412845, 0.10691572, 0.10913461, 0.13192171, 0.106540285, 0.12211906, 0.10935575, 0.13212152, 0.12983403, 0.09102437, 0.1089147, 0.119102016, 0.14795248, 0.12057599, 0.13082856, 0.1383231, 0.08193115, 0.083086744, 0.127368, 0.09067576, 0.1381311, 0.08294837, 0.08567112, 0.13334198, 0.11217036, 0.11651144, 0.08230032, 0.07884284, 0.08251742, 0.08641361, 0.09268918, 0.08156125, 0.082743555, 0.09955557, 0.08727132, 0.081593625, 0.111861825, 0.08252368, 0.07935604, 0.09083307, 0.14542054, 0.06717653, 0.090704456, 0.10172292], "var": [1.0, 1.0, 0.98, 0.98, 0.98, 0.98, 0.96, 0.94, 0.92, 0.9, 0.9, 0.88, 0.88, 0.9, 0.88, 0.88, 0.88, 0.88, 0.86, 0.84, 0.84, 0.84, 0.82, 0.84, 0.82, 0.84, 0.82, 0.8, 0.78, 0.78, 0.78, 0.78, 0.8, 0.8, 0.78, 0.76, 0.76, 0.76, 0.78, 0.78, 0.8, 0.8, 0.82, 0.84, 0.82, 0.84, 0.84, 0.84, 0.82, 0.84], "best": [0.3555556, 0.3997733, 0.39496446, 0.3912699, 0.38798583, 0.39015877, 0.39060107, 0.38745138, 0.38841668, 0.3905696, 0.39662302, 0.3947122, 0.39597946, 0.39746523, 0.4001423, 0.39706424, 0.4006945, 0.40148735, 0.54527646, 0.4064214, 0.54726046, 0.4079517, 0.40100357, 0.40981916, 0.5503503, 0.41431546, 0.41221005, 0.41122788, 0.5167004, 0.55245316, 0.41591483, 0.42168754, 0.42029995, 0.55248195, 0.55326045, 0.42770022, 0.5539509, 0.5565734, 0.5561981, 0.55578876, 0.55880773, 0.55785954, 0.55814046, 0.44153643, 0.4394508, 0.561094, 0.5618577, 0.56057435, 0.5746247, 0.5607882], "duration": [3563, 2779, 8698, 5388, 7262, 2651, 3450, 6897, 2625, 2940, 7092, 4414, 5219, 7088, 6866, 10690, 4848, 7619, 9440, 6844, 7117, 4521, 8923, 5042, 10848, 6527, 7429, 6924, 6787, 11221, 4845, 3050, 2586, 8831, 7017, 7374, 9061, 9545, 6951, 5163, 7420, 5055, 6925, 2983, 3069, 5023, 7017, 5465, 5133, 7104]}