{"avg": [0.16711114, 0.18730791, 0.20538731, 0.20621592, 0.20683332, 0.21037015, 0.21408892, 0.20319094, 0.21765122, 0.21185188, 0.20829618, 0.21836534, 0.22613415, 0.23106785, 0.2208812, 0.22542284, 0.234024, 0.23424019, 0.23821695, 0.23214272, 0.23264347, 0.22552519, 0.25160867, 0.23585843, 0.23977345, 0.25908726, 0.25240362, 0.25215626, 0.2517633, 0.25015277, 0.24680382, 0.24946313, 0.27625188, 0.26604962, 0.27687398, 0.28165066, 0.27372676, 0.2924235, 0.2977661, 0.29826644, 0.3045216, 0.30579048, 0.30972603, 0.3269257, 0.31336161, 0.31618223, 0.32642925, 0.3560399, 0.3651683, 0.36609623], "std": [0.10566569, 0.117234915, 0.106617, 0.10087052, 0.105189644, 0.109333925, 0.10543666, 0.11561677, 0.10518138, 0.101078816, 0.10384951, 0.10531707, 0.115448676, 0.10389551, 0.11386469, 0.10750878, 0.0975011, 0.098798774, 0.098263346, 0.10120299, 0.102706924, 0.120190166, 0.11226218, 0.1191332, 0.11364574, 0.09970395, 0.11119223, 0.10862118, 0.1188876, 0.10072664, 0.11401848, 0.11321496, 0.101661526, 0.12248548, 0.122407004, 0.10670477, 0.1049787, 0.11503982, 0.114996865, 0.119222514, 0.12504584, 0.12977235, 0.12061133, 0.11879754, 0.11797186, 0.1207492, 0.12193044, 0.097218275, 0.108598836, 0.0992302], "var": [0.96, 0.92, 0.88, 0.9, 0.88, 0.88, 0.88, 0.9, 0.9, 0.9, 0.88, 0.84, 0.82, 0.8, 0.8, 0.8, 0.82, 0.78, 0.78, 0.8, 0.78, 0.76, 0.76, 0.76, 0.72, 0.72, 0.7, 0.68, 0.66, 0.68, 0.66, 0.66, 0.68, 0.68, 0.64, 0.62, 0.62, 0.6, 0.62, 0.62, 0.64, 0.62, 0.62, 0.64, 0.62, 0.62, 0.58, 0.56, 0.6, 0.6], "best": [0.51111114, 0.54539686, 0.54515874, 0.5449207, 0.5449207, 0.54539686, 0.5457143, 0.54594105, 0.5462302, 0.546455, 0.5466826, 0.54686874, 0.5470635, 0.54730165, 0.5476758, 0.54803175, 0.5484028, 0.5487022, 0.54894185, 0.54918134, 0.5494683, 0.54970527, 0.5499423, 0.550283, 0.5505953, 0.55092067, 0.5512394, 0.55158734, 0.5519615, 0.5523098, 0.5526191, 0.55295444, 0.5533135, 0.5614286, 0.5620355, 0.5625805, 0.5630688, 0.5635693, 0.56406856, 0.564591, 0.56514686, 0.5656524, 0.5661452, 0.56663716, 0.5671501, 0.56768256, 0.56820226, 0.5686998, 0.5691865, 0.56977975], "duration": [7813, 7457, 7909, 7261, 7869, 7232, 7148, 7783, 9575, 9558, 9510, 8483, 10215, 10272, 9583, 9584, 9522, 8375, 9627, 9611, 9655, 9105, 9065, 9062, 8432, 9170, 9197, 9127, 8452, 8537, 9114, 9166, 9197, 9402, 8729, 10047, 9430, 10049, 10147, 10751, 10786, 12092, 10219, 11460, 11485, 10652, 10229, 11549, 10203, 10383]}