{"avg": [0.1537037, 0.19437097, 0.19675191, 0.17967373, 0.18918239, 0.20204781, 0.21877836, 0.1956872, 0.18595402, 0.22979869, 0.21700948, 0.24236526, 0.22212143, 0.22063887, 0.22869301, 0.2356666, 0.23879248, 0.25728428, 0.21077086, 0.23475325, 0.25502735, 0.23384792, 0.25487345, 0.2501189, 0.20628518, 0.25015056, 0.27418432, 0.25146297, 0.25347617, 0.26050818, 0.271728, 0.25959527, 0.27193412, 0.24122372, 0.27277797, 0.3009898, 0.28580463, 0.26849595, 0.27467203, 0.28892887, 0.30086607, 0.31568512, 0.2943517, 0.30193993, 0.28780156, 0.30699548, 0.30905688, 0.31107262, 0.30996948, 0.31099463], "std": [0.08640432, 0.06972537, 0.098376825, 0.087461665, 0.078352585, 0.06969008, 0.06927114, 0.0831717, 0.048166677, 0.06918287, 0.061791297, 0.08085855, 0.06547867, 0.08071483, 0.07951752, 0.088814266, 0.081123106, 0.061384942, 0.09723439, 0.07696628, 0.081697136, 0.07290368, 0.08005473, 0.08052199, 0.07972478, 0.068500035, 0.05618754, 0.08471292, 0.089373164, 0.07285699, 0.083021894, 0.08011381, 0.043167315, 0.06814265, 0.087131016, 0.0628429, 0.07337021, 0.0645237, 0.06531052, 0.07883188, 0.09614771, 0.06563061, 0.063660555, 0.07711129, 0.06531527, 0.051195756, 0.06459995, 0.062292557, 0.09417518, 0.05685364], "var": [1.0, 1.0, 0.98, 0.96, 0.94, 0.94, 0.93, 0.92, 0.92, 0.91, 0.9, 0.88, 0.86, 0.86, 0.86, 0.85, 0.85, 0.83, 0.82, 0.8, 0.79, 0.78, 0.78, 0.79, 0.77, 0.76, 0.76, 0.75, 0.74, 0.73, 0.71, 0.71, 0.7, 0.71, 0.7, 0.69, 0.68, 0.66, 0.66, 0.66, 0.66, 0.64, 0.63, 0.61, 0.61, 0.61, 0.6, 0.62, 0.61, 0.61], "best": [0.2777778, 0.3214286, 0.35317463, 0.36860672, 0.37771168, 0.357684, 0.38027215, 0.3090647, 0.2730849, 0.38224652, 0.3088889, 0.38395342, 0.35362813, 0.35860485, 0.38648847, 0.38769844, 0.38825056, 0.38936025, 0.3616598, 0.39032042, 0.39057368, 0.31648934, 0.36398178, 0.4467951, 0.3139869, 0.36154792, 0.39110902, 0.39132142, 0.44734952, 0.3925712, 0.3942752, 0.4500314, 0.31879273, 0.39429364, 0.394595, 0.3973218, 0.4122726, 0.39851052, 0.40068763, 0.45459557, 0.45556715, 0.4013745, 0.4038397, 0.45911944, 0.40447623, 0.40547478, 0.40615845, 0.4068995, 0.4608628, 0.40766755], "duration": [7570, 7395, 3780, 3585, 5491, 5496, 9310, 3835, 4435, 7503, 11622, 12806, 5471, 5567, 9207, 7405, 7601, 9289, 3595, 5401, 7354, 5588, 3514, 7342, 5036, 3283, 7928, 7528, 9347, 5595, 15588, 9367, 3626, 5219, 10900, 11120, 6225, 7412, 8081, 7334, 13105, 11399, 13119, 11098, 9217, 9146, 13617, 9034, 11182, 11110]}