{"avg": [0.3777778, 0.39412698, 0.41946533, 0.3692476, 0.41878897, 0.39153734, 0.40820277, 0.46295905, 0.44018444, 0.4273407, 0.46130955, 0.39959785, 0.41252828, 0.41691038, 0.44930092, 0.41661808, 0.4555379, 0.4427097, 0.4829553, 0.4496237, 0.4724557, 0.4406124, 0.495309, 0.45390338, 0.4525358, 0.48326957, 0.44078246, 0.5146027, 0.4698384, 0.48444596, 0.44684103, 0.50668687, 0.4904159, 0.46965456, 0.49572572, 0.5157714, 0.4711848, 0.49276072, 0.4764055, 0.49201843, 0.51240945, 0.49805734, 0.4988605, 0.4810533, 0.5092217, 0.50979066, 0.4956258, 0.5216493, 0.524167, 0.523664], "std": [0.12570786, 0.11933519, 0.14648108, 0.13617584, 0.12169455, 0.1370614, 0.14339717, 0.10651338, 0.107012935, 0.10633083, 0.08440623, 0.14209428, 0.15143979, 0.118880406, 0.11210971, 0.14563738, 0.08632093, 0.10174804, 0.08552066, 0.10853772, 0.08715505, 0.1084017, 0.07396043, 0.1526776, 0.113028094, 0.095558785, 0.10467696, 0.06609136, 0.10633413, 0.076152585, 0.094101705, 0.07252938, 0.0721054, 0.08404772, 0.09890247, 0.059927505, 0.110561274, 0.07709551, 0.10896519, 0.07853467, 0.060745005, 0.09858813, 0.11510952, 0.10192721, 0.073485814, 0.07296455, 0.10327503, 0.059552614, 0.060069997, 0.052934732], "var": [0.99333334, 0.99333334, 0.9866667, 0.9866667, 0.98, 0.97333336, 0.98, 0.98, 0.96666664, 0.96666664, 0.9533333, 0.9533333, 0.9533333, 0.9533333, 0.9533333, 0.9533333, 0.94, 0.9266667, 0.92, 0.91333336, 0.9066667, 0.9066667, 0.91333336, 0.9066667, 0.9, 0.88666666, 0.87333333, 0.8666667, 0.86, 0.8466667, 0.84, 0.84, 0.82666665, 0.82666665, 0.82666665, 0.82, 0.82, 0.81333333, 0.8, 0.8, 0.8, 0.79333335, 0.7866667, 0.78, 0.78, 0.78, 0.78, 0.76666665, 0.76666665, 0.7733333], "best": [0.51111114, 0.5415344, 0.54619884, 0.53662133, 0.5384599, 0.53963023, 0.54038155, 0.5435446, 0.5407077, 0.540984, 0.5389111, 0.54163617, 0.54255766, 0.5410283, 0.5433411, 0.54252523, 0.5378015, 0.5431253, 0.54339135, 0.5420129, 0.5426501, 0.54537845, 0.543676, 0.5462816, 0.5473758, 0.54542327, 0.54421216, 0.5478617, 0.5486795, 0.5468254, 0.54465467, 0.5485261, 0.54438454, 0.5453503, 0.5456955, 0.5469826, 0.5454687, 0.54818547, 0.5465536, 0.54814816, 0.5470144, 0.5469761, 0.5491998, 0.54674554, 0.5481378, 0.54986656, 0.550485, 0.5503544, 0.54983747, 0.54991394], "duration": [27325, 31799, 26991, 24753, 26930, 25532, 25499, 27301, 26993, 26743, 27198, 25396, 27159, 26911, 26962, 27222, 27249, 27473, 27329, 27274, 27322, 27162, 27459, 27368, 36318, 27365, 31776, 27402, 27263, 25518, 27044, 27428, 27307, 27385, 27409, 27499, 27349, 27384, 27369, 27410, 27431, 27317, 27398, 27258, 27779, 27268, 27381, 27406, 27436, 27436]}