{"avg": [0.4729167, 0.4792064, 0.47718382, 0.45902216, 0.4395101, 0.51424396, 0.4746471, 0.4970657, 0.5440403, 0.50550276, 0.5229257, 0.54668903, 0.5665228, 0.58383346, 0.53559077, 0.5332732, 0.5710742, 0.5714757, 0.5403937, 0.61021143, 0.6138403, 0.61513233, 0.57123643, 0.59296376, 0.5767142], "std": [0.13905373, 0.15350837, 0.15072422, 0.15405701, 0.15474007, 0.13780469, 0.15087092, 0.14663772, 0.119552754, 0.14421184, 0.13993967, 0.12164744, 0.10558069, 0.08223317, 0.13658065, 0.13688369, 0.10388981, 0.10196073, 0.13443363, 0.011341029, 0.009451423, 0.010079122, 0.117586285, 0.08390375, 0.107389174], "var": [0.98, 0.98, 0.96, 0.96, 0.92, 0.92, 0.9, 0.86, 0.86, 0.86, 0.82, 0.78, 0.74, 0.76, 0.76, 0.74, 0.72, 0.7, 0.68, 0.66, 0.64, 0.64, 0.64, 0.66, 0.64], "best": [0.5666667, 0.62470245, 0.6227343, 0.60962737, 0.6138822, 0.6155389, 0.61504567, 0.6164701, 0.61526966, 0.6181092, 0.6208217, 0.62264746, 0.62334377, 0.62476194, 0.6256922, 0.6275481, 0.627794, 0.62391865, 0.6288787, 0.6291166, 0.6305885, 0.6311689, 0.63305736, 0.6352435, 0.6359308], "duration": [1294, 1077, 1092, 1083, 1084, 1086, 1081, 1079, 1089, 1095, 1095, 1090, 1100, 1093, 1093, 1083, 1093, 1278, 1090, 1094, 1285, 1098, 1094, 1096, 1282]}