{"avg": [0.1640523, 0.17039633, 0.19311726, 0.16380243, 0.23263182, 0.19642396, 0.20687312, 0.18367182, 0.20503637, 0.20106554, 0.20251554, 0.20841472, 0.18585224, 0.2320059, 0.21605143, 0.24553855, 0.18091981, 0.24003527, 0.23782308, 0.22074316, 0.22437067, 0.26129788, 0.21575461, 0.22112715, 0.24715677, 0.24963543, 0.23082285, 0.2434973, 0.2206461, 0.21488693, 0.22248717, 0.28601894, 0.27606657, 0.2790785, 0.25828397, 0.28003463, 0.2552081, 0.24827707, 0.29242378, 0.27832115, 0.31093583, 0.29837728, 0.27386892, 0.2829487, 0.2278067, 0.25664255, 0.3096236, 0.31624722, 0.29626644, 0.27176216], "std": [0.059106074, 0.08585926, 0.0700024, 0.0759725, 0.09584001, 0.09165449, 0.078151874, 0.08522991, 0.093361035, 0.08152173, 0.08534888, 0.08059453, 0.08923988, 0.06748672, 0.088195406, 0.061255846, 0.092829436, 0.06726626, 0.094388165, 0.093680196, 0.10150819, 0.066010915, 0.0771533, 0.09409472, 0.07903699, 0.0899373, 0.09060694, 0.07866005, 0.10034894, 0.10014411, 0.093649335, 0.08006783, 0.07386777, 0.0676007, 0.0822312, 0.053265475, 0.09369462, 0.07470096, 0.07365772, 0.09101473, 0.06468286, 0.06659089, 0.07250921, 0.08010812, 0.066493936, 0.06104701, 0.07308239, 0.06886808, 0.07959333, 0.09892314], "var": [0.984, 0.984, 0.976, 0.96, 0.944, 0.944, 0.928, 0.928, 0.912, 0.904, 0.904, 0.904, 0.896, 0.888, 0.88, 0.872, 0.856, 0.848, 0.848, 0.832, 0.832, 0.84, 0.824, 0.808, 0.816, 0.808, 0.816, 0.808, 0.8, 0.792, 0.776, 0.776, 0.784, 0.768, 0.76, 0.744, 0.736, 0.728, 0.712, 0.728, 0.736, 0.72, 0.712, 0.696, 0.696, 0.688, 0.672, 0.664, 0.648, 0.64], "best": [0.2777778, 0.2904762, 0.30294785, 0.30811968, 0.37324268, 0.3110373, 0.31619984, 0.37857148, 0.3061059, 0.31721133, 0.31171805, 0.3090994, 0.31227258, 0.40040225, 0.3778645, 0.31386122, 0.3122671, 0.313897, 0.3823413, 0.3836941, 0.40268835, 0.31612295, 0.31294972, 0.3209774, 0.38452095, 0.31677902, 0.4024434, 0.4049887, 0.37956312, 0.31666508, 0.31755263, 0.40672448, 0.40453106, 0.4097758, 0.40375185, 0.32287988, 0.4071647, 0.32063493, 0.41195837, 0.41311842, 0.41378668, 0.41487873, 0.40518683, 0.41591176, 0.32259387, 0.3248034, 0.4171679, 0.41763803, 0.41826272, 0.41295227], "duration": [4036, 2130, 5923, 2040, 7994, 4007, 7860, 3978, 6047, 4473, 6038, 5951, 5925, 5987, 4524, 6011, 4087, 5911, 4014, 6010, 6036, 11706, 5992, 6122, 10111, 8371, 5897, 2445, 5955, 3993, 4016, 6075, 5895, 5999, 3975, 6004, 4034, 4043, 5121, 5878, 3992, 4087, 2127, 5952, 4024, 5872, 4048, 4493, 4015, 2128]}