{"avg": [0.38222218, 0.4178889, 0.42547625, 0.44006026, 0.45150483, 0.45291173, 0.461208, 0.46733162, 0.47849855, 0.4846011, 0.4885686, 0.49678966, 0.5035714, 0.5109597, 0.51743436, 0.52393526, 0.52745795, 0.5308718, 0.53409797, 0.54048187, 0.54117477, 0.54478323, 0.54575187, 0.5468483, 0.5480007, 0.5490887, 0.54977673, 0.5509143, 0.5519754, 0.55300176, 0.5540222, 0.5550788, 0.5566566, 0.5577716, 0.5592281, 0.5607865, 0.56205326, 0.5636462, 0.565442, 0.5673139, 0.56902456, 0.5710187, 0.5726601, 0.5748601, 0.5764455, 0.57848847, 0.5805792, 0.5823766, 0.5846106, 0.5870651], "std": [0.12460306, 0.11468436, 0.11075344, 0.10087282, 0.09460722, 0.093685254, 0.0920607, 0.08491491, 0.080456644, 0.07764165, 0.07532131, 0.069933034, 0.06630493, 0.060105883, 0.05466639, 0.048017193, 0.04395986, 0.039659366, 0.03511837, 0.020521333, 0.020691516, 0.0053520454, 0.005162796, 0.0046772966, 0.0045489236, 0.0043482366, 0.004579503, 0.004680239, 0.004822972, 0.005039313, 0.0051479847, 0.0051851384, 0.0053370264, 0.0054584574, 0.005584537, 0.005681777, 0.0059428154, 0.006121096, 0.0061594304, 0.0063913953, 0.00645956, 0.006796869, 0.006954902, 0.0071518947, 0.007588184, 0.0076175947, 0.007384753, 0.0076040174, 0.007881275, 0.008237434], "var": [1.0, 0.98, 0.96, 0.96, 0.96, 0.94, 0.92, 0.88, 0.88, 0.86, 0.86, 0.86, 0.84, 0.82, 0.82, 0.82, 0.8, 0.78, 0.76, 0.76, 0.72, 0.7, 0.68, 0.64, 0.6, 0.58, 0.54, 0.5, 0.46, 0.48, 0.46, 0.44, 0.44, 0.48, 0.5, 0.52, 0.5, 0.52, 0.5, 0.54, 0.54, 0.54, 0.54, 0.54, 0.52, 0.52, 0.48, 0.44, 0.4, 0.38], "best": [0.51111114, 0.54206353, 0.54206353, 0.54206353, 0.54218256, 0.5428254, 0.5438889, 0.5447166, 0.54527783, 0.5455556, 0.54611117, 0.5465657, 0.5475, 0.548254, 0.54913837, 0.550127, 0.5509623, 0.55195147, 0.55280423, 0.5535673, 0.5545397, 0.5554422, 0.55630594, 0.557136, 0.5579167, 0.55880636, 0.55964595, 0.5604939, 0.5616043, 0.56278604, 0.5640318, 0.5651818, 0.5662748, 0.56764793, 0.5694725, 0.57092065, 0.5725794, 0.5743029, 0.57611114, 0.5780709, 0.58012307, 0.5821564, 0.5843424, 0.5865375, 0.5888709, 0.5911429, 0.5934196, 0.5957008, 0.5979663, 0.60023654], "duration": [64911, 65525, 64379, 66646, 67631, 67531, 68423, 68283, 68880, 68670, 69782, 70241, 71722, 71889, 73778, 73745, 73931, 73863, 75496, 77605, 77555, 77420, 77819, 77785, 77872, 77800, 77735, 79205, 77928, 77645, 77826, 77780, 77715, 77802, 77698, 77767, 77830, 77773, 77640, 77827, 77739, 77726, 77888, 77785, 77769, 77898, 77760, 77664, 77734, 77871]}