{"avg": [0.13148148, 0.2091837, 0.18289621, 0.17573531, 0.19495322, 0.19742686, 0.19577713, 0.21964537, 0.20991732, 0.20702007, 0.19189665, 0.18170291, 0.18653962, 0.21353139, 0.25970772, 0.22830309, 0.24705884, 0.23135215, 0.24635662, 0.22105928, 0.2457052, 0.23684557, 0.24387996, 0.2539416, 0.26113102, 0.254018, 0.27613673, 0.26491246, 0.26158014, 0.2603184, 0.26968643, 0.28180388, 0.26426086, 0.28306124, 0.27938747, 0.2948754, 0.29062074, 0.25907534, 0.2866274, 0.31117305, 0.31103122, 0.29179978, 0.30605474, 0.3122592, 0.31889632, 0.3160641, 0.30344865, 0.33182946, 0.3386954, 0.3365725], "std": [0.07288396, 0.0931859, 0.064428814, 0.062808074, 0.08432786, 0.073181026, 0.06861733, 0.06959607, 0.06546137, 0.046559803, 0.08874744, 0.0890076, 0.08860192, 0.054070685, 0.06538688, 0.07005669, 0.053271573, 0.0651553, 0.07369773, 0.07276374, 0.078247085, 0.053510137, 0.05844299, 0.074296884, 0.055793136, 0.08893214, 0.06510623, 0.045200527, 0.05350267, 0.05601103, 0.06066286, 0.048335906, 0.059075296, 0.04341935, 0.07298237, 0.048802227, 0.04732207, 0.08183943, 0.08294759, 0.039777596, 0.060470145, 0.08459301, 0.046044044, 0.051248726, 0.04460365, 0.07022794, 0.06674291, 0.047436014, 0.029724501, 0.027318738], "var": [0.98, 0.94, 0.92, 0.88, 0.86, 0.84, 0.82, 0.8, 0.8, 0.8, 0.76, 0.72, 0.7, 0.7, 0.7, 0.68, 0.7, 0.7, 0.72, 0.72, 0.7, 0.7, 0.66, 0.64, 0.62, 0.6, 0.62, 0.64, 0.64, 0.62, 0.58, 0.58, 0.6, 0.6, 0.62, 0.6, 0.58, 0.58, 0.58, 0.56, 0.56, 0.54, 0.54, 0.54, 0.52, 0.5, 0.5, 0.48, 0.46, 0.46], "best": [0.24444446, 0.31851852, 0.29345238, 0.26011905, 0.35079366, 0.3012897, 0.30233136, 0.30501932, 0.30687833, 0.3031302, 0.30952382, 0.3105331, 0.3035208, 0.30401495, 0.36557764, 0.31439245, 0.31428573, 0.36516756, 0.33467004, 0.31090683, 0.35566005, 0.31587303, 0.31647664, 0.31852993, 0.31968993, 0.3775764, 0.37861142, 0.37231, 0.37988946, 0.32503766, 0.32683834, 0.32852966, 0.32726425, 0.33147395, 0.37659538, 0.3718475, 0.3362043, 0.33714074, 0.33791363, 0.34028262, 0.3915883, 0.34553498, 0.34757656, 0.3815061, 0.35066065, 0.40800267, 0.3541425, 0.41162336, 0.3581543, 0.359785], "duration": [6323, 5749, 5419, 5395, 13539, 7070, 7802, 11297, 9358, 7396, 3099, 5089, 7304, 10140, 5486, 7627, 9406, 9213, 7956, 7253, 7410, 6067, 4974, 7238, 5126, 5228, 11791, 5200, 7326, 3115, 5089, 5392, 7572, 9218, 9104, 5981, 9746, 7060, 2964, 12344, 5330, 7047, 5033, 7302, 4705, 8107, 2836, 5082, 2949, 5044]}