{"avg": [0.14074074, 0.1813823, 0.17837976, 0.1809894, 0.19422479, 0.17123479, 0.20216422, 0.19013669, 0.19935517, 0.18753085, 0.1968209, 0.21660757, 0.20534311, 0.22439305, 0.23261446, 0.2133451, 0.22118175, 0.25573385, 0.24252088, 0.22657864, 0.23024574, 0.24842839, 0.24952772, 0.27551788, 0.24807404, 0.28365847, 0.26678556, 0.29008695, 0.26652265, 0.26796716, 0.27253273, 0.2578213, 0.28751612, 0.28113368, 0.28038436, 0.2978433, 0.27930224, 0.29145393, 0.28671077, 0.27782306, 0.29445875, 0.30226383, 0.2984047, 0.3318179, 0.31030554, 0.33619618, 0.3202281, 0.32729706, 0.32847545, 0.32792568], "std": [0.07133838, 0.066408895, 0.08834068, 0.09651653, 0.08606441, 0.0828115, 0.052099656, 0.089319654, 0.076805815, 0.06368937, 0.08649661, 0.048666257, 0.06448115, 0.07435004, 0.07783729, 0.046083454, 0.03670617, 0.04666974, 0.059077155, 0.047336068, 0.04665257, 0.048113033, 0.030449918, 0.04093094, 0.058651157, 0.047937978, 0.047820076, 0.040568236, 0.04027125, 0.06146196, 0.04529772, 0.060685236, 0.047449853, 0.068571016, 0.039027516, 0.051331386, 0.047539875, 0.0366241, 0.060790572, 0.05564441, 0.052199915, 0.046411123, 0.056515004, 0.05885991, 0.057369594, 0.044316653, 0.06303394, 0.033881422, 0.03760331, 0.049300924], "var": [0.98, 0.96, 0.92, 0.9, 0.9, 0.9, 0.9, 0.9, 0.88, 0.86, 0.84, 0.84, 0.82, 0.8, 0.76, 0.74, 0.74, 0.74, 0.74, 0.74, 0.72, 0.74, 0.74, 0.74, 0.72, 0.74, 0.72, 0.72, 0.74, 0.76, 0.78, 0.76, 0.76, 0.76, 0.78, 0.76, 0.74, 0.74, 0.74, 0.72, 0.7, 0.72, 0.68, 0.66, 0.64, 0.68, 0.7, 0.72, 0.72, 0.7], "best": [0.24444446, 0.284127, 0.2994865, 0.29002696, 0.30328798, 0.30546328, 0.284127, 0.2980159, 0.35064936, 0.24583872, 0.2972319, 0.298058, 0.29398116, 0.299124, 0.40902734, 0.3005683, 0.3013238, 0.30708843, 0.35835353, 0.3080598, 0.30810747, 0.30891868, 0.31001428, 0.32076365, 0.36780757, 0.40688497, 0.370633, 0.36107227, 0.31633422, 0.37232274, 0.3616723, 0.3734336, 0.40720057, 0.41242227, 0.32190067, 0.41381618, 0.38536936, 0.32498702, 0.37839994, 0.32816356, 0.41850162, 0.4195652, 0.41305655, 0.46975625, 0.4153116, 0.4160431, 0.41716024, 0.41854754, 0.4193805, 0.42803192], "duration": [6574, 3807, 6144, 5659, 6221, 5661, 3619, 5393, 9214, 7565, 7309, 5298, 11238, 7238, 9298, 5478, 4403, 7994, 11253, 5475, 5433, 7242, 5407, 9347, 6802, 7417, 5654, 7388, 14867, 7388, 11733, 5347, 5267, 7426, 11299, 7856, 11248, 11075, 7550, 7497, 7354, 7325, 4094, 5694, 3729, 7413, 4970, 7262, 7209, 11110]}