{"avg": [0.30196086, 0.38692808, 0.399162, 0.3913321, 0.3961962, 0.43999174, 0.38930908, 0.3953315, 0.43302053, 0.41471493, 0.4511552, 0.38656396, 0.44261783, 0.43391323, 0.4695879, 0.44117802, 0.48078233, 0.4422861, 0.44089168, 0.49865174, 0.52250695, 0.48803547, 0.46517283, 0.48856393, 0.50470537, 0.4440607, 0.44119796, 0.46897116, 0.4546821, 0.50693184, 0.48656768, 0.4523836, 0.5273345, 0.5258097, 0.46422794, 0.5340266, 0.5796743, 0.5448775, 0.562945, 0.5014446, 0.47500762, 0.51558846, 0.58213615, 0.5656869, 0.50424254, 0.53742844, 0.55015874, 0.58060205, 0.55129296, 0.5821432], "std": [0.09665693, 0.14045312, 0.14396839, 0.14004716, 0.14142479, 0.15006559, 0.14166477, 0.14364173, 0.14990638, 0.14839363, 0.15059814, 0.14010045, 0.15114117, 0.15177248, 0.14938681, 0.15066542, 0.14708757, 0.15030722, 0.15124062, 0.14038388, 0.12908758, 0.14554606, 0.15003683, 0.14531787, 0.13829155, 0.15244924, 0.15191671, 0.14900482, 0.15179686, 0.1404355, 0.14469956, 0.15163094, 0.12609313, 0.13188942, 0.15169798, 0.12597756, 0.0737273, 0.11584574, 0.09878968, 0.14376238, 0.15046108, 0.13968064, 0.07330756, 0.097146206, 0.14253451, 0.12614897, 0.115762606, 0.07602199, 0.11364397, 0.07338081], "var": [1.0, 1.0, 1.0, 0.992, 0.984, 0.976, 0.968, 0.96, 0.96, 0.96, 0.952, 0.952, 0.944, 0.936, 0.936, 0.928, 0.92, 0.904, 0.896, 0.904, 0.888, 0.88, 0.864, 0.864, 0.856, 0.848, 0.848, 0.848, 0.84, 0.84, 0.84, 0.84, 0.84, 0.832, 0.824, 0.808, 0.792, 0.776, 0.76, 0.76, 0.76, 0.768, 0.776, 0.776, 0.76, 0.744, 0.728, 0.72, 0.712, 0.696], "best": [0.5666667, 0.5890757, 0.59494054, 0.5937442, 0.5915114, 0.59656703, 0.59584504, 0.59265876, 0.59569, 0.59597075, 0.5981834, 0.5949089, 0.59897965, 0.6005013, 0.6031099, 0.5947474, 0.6051871, 0.60133535, 0.606044, 0.60194814, 0.6063034, 0.6068084, 0.60733086, 0.6073637, 0.6086196, 0.60829216, 0.6018242, 0.6037321, 0.6032665, 0.60729975, 0.6016456, 0.6067646, 0.60747075, 0.60751885, 0.60966176, 0.6086789, 0.6093095, 0.6106342, 0.6129792, 0.6138612, 0.6102602, 0.61281437, 0.6149381, 0.61479574, 0.6157486, 0.6164198, 0.6163691, 0.61641055, 0.61417156, 0.6185894], "duration": [1217, 1211, 1387, 1207, 1190, 1214, 1417, 1181, 1401, 1171, 1191, 1567, 1204, 1191, 1180, 1192, 1181, 1221, 1254, 1182, 1171, 1179, 1381, 1195, 1222, 1183, 1198, 1236, 1160, 1197, 1213, 1188, 1176, 1204, 1195, 1400, 1214, 1153, 1101, 1287, 1313, 1165, 1387, 1187, 1191, 1374, 1242, 1232, 1192, 1184]}