{"avg": [0.1697778, 0.18368572, 0.19584286, 0.19371429, 0.20451353, 0.21741839, 0.22830322, 0.22855465, 0.2567246, 0.24246459, 0.2564423, 0.28915098, 0.26816508, 0.2883668, 0.27286446, 0.27603683, 0.2787709, 0.28431523, 0.32560265, 0.3197445, 0.30987048, 0.29682955, 0.32182956, 0.34293747, 0.30954963, 0.3378586, 0.35541, 0.3846942, 0.390549, 0.39218917, 0.39832538, 0.41002536, 0.426436, 0.45038876, 0.44673207, 0.46582797, 0.47655103, 0.46764836, 0.48652297, 0.48427388, 0.48830566, 0.5073262, 0.5023756, 0.50716937, 0.5197776, 0.5259253, 0.5533381, 0.5784944, 0.5726858, 0.5934568], "std": [0.11407256, 0.1074217, 0.13661404, 0.12697741, 0.1346496, 0.13092065, 0.13712947, 0.1387298, 0.13631622, 0.12871955, 0.126394, 0.11889285, 0.12716642, 0.123167455, 0.12487148, 0.10271495, 0.11863381, 0.12117482, 0.10438538, 0.116865605, 0.12436405, 0.13924018, 0.12128576, 0.121648364, 0.14538625, 0.13304694, 0.1269039, 0.12801121, 0.13063781, 0.12384378, 0.12888762, 0.15567762, 0.14430274, 0.12891793, 0.14041479, 0.14031982, 0.12515874, 0.12622245, 0.10694409, 0.1253202, 0.15061182, 0.13835166, 0.16000608, 0.12922063, 0.12922043, 0.12601148, 0.13790378, 0.10075198, 0.114465594, 0.07815872], "var": [1.0, 0.98, 0.98, 0.96, 0.94, 0.9, 0.88, 0.84, 0.82, 0.82, 0.8, 0.78, 0.76, 0.72, 0.74, 0.72, 0.7, 0.7, 0.7, 0.7, 0.68, 0.68, 0.64, 0.62, 0.58, 0.56, 0.54, 0.52, 0.5, 0.48, 0.44, 0.4, 0.38, 0.36, 0.36, 0.36, 0.32, 0.32, 0.3, 0.28, 0.28, 0.28, 0.28, 0.24, 0.22, 0.22, 0.18, 0.14, 0.1, 0.06], "best": [0.3555556, 0.3893651, 0.3900794, 0.39063495, 0.39234132, 0.39317465, 0.39476195, 0.3960318, 0.5081548, 0.39862436, 0.4005556, 0.40213567, 0.403254, 0.40431017, 0.40514743, 0.40587306, 0.40650797, 0.40740433, 0.40857145, 0.55782795, 0.5589683, 0.56, 0.56130594, 0.5624983, 0.5640278, 0.5659112, 0.5680708, 0.5749383, 0.57289684, 0.578763, 0.58082545, 0.58295447, 0.5851141, 0.5879943, 0.59137726, 0.5948663, 0.5983201, 0.601819, 0.6054219, 0.6089622, 0.61248016, 0.61604726, 0.61947846, 0.6228055, 0.6261544, 0.62957674, 0.6330987, 0.63673425, 0.6403671, 0.64404607], "duration": [11663, 11918, 12203, 12716, 14075, 14265, 14553, 14875, 14839, 14079, 13541, 14547, 15886, 16572, 15288, 16297, 18687, 15137, 18992, 18171, 18803, 19914, 21340, 19696, 20387, 21335, 21108, 24404, 24409, 25069, 26453, 24959, 29014, 29813, 28649, 28190, 30742, 31174, 33449, 30956, 33189, 31754, 34876, 36439, 35603, 35740, 37454, 37984, 36706, 38600]}