{"avg": [0.14509806, 0.14481276, 0.11088436, 0.116916575, 0.16355433, 0.11738188, 0.19118385, 0.14011382, 0.1791241, 0.15263158, 0.1004902, 0.19619367, 0.12392568, 0.15430464, 0.13878188, 0.21128409, 0.21707755, 0.18649782, 0.2178359, 0.1810885, 0.10694319, 0.199673, 0.24112219, 0.21760675, 0.15614146, 0.23378982, 0.2540219, 0.26294085, 0.16193494, 0.25390476, 0.21474716, 0.23147924, 0.28098315, 0.2549937, 0.21618201, 0.28167877, 0.25294515, 0.21947998, 0.25044248, 0.23381011, 0.3011275, 0.28158367, 0.30043092, 0.27826566, 0.25900242, 0.29606977, 0.31863353, 0.2623554, 0.3413202, 0.2698223], "std": [0.12688495, 0.100476384, 0.119965576, 0.10783427, 0.13548894, 0.11347271, 0.13826817, 0.12310287, 0.14768219, 0.122311935, 0.12016411, 0.13537048, 0.13942422, 0.11310604, 0.11247933, 0.13259153, 0.1258124, 0.14270861, 0.111239746, 0.11693714, 0.11100502, 0.116091646, 0.08703238, 0.13267605, 0.12713222, 0.14392819, 0.12679566, 0.12623626, 0.12153814, 0.14523649, 0.14207946, 0.1180289, 0.11001646, 0.114331216, 0.13974841, 0.11315996, 0.12831487, 0.14548281, 0.124200016, 0.1360508, 0.11410181, 0.09207404, 0.10853742, 0.108069934, 0.15285154, 0.103352726, 0.08263821, 0.118481204, 0.098066986, 0.13476253], "var": [0.984, 0.968, 0.968, 0.968, 0.96, 0.952, 0.944, 0.936, 0.936, 0.944, 0.928, 0.92, 0.912, 0.904, 0.904, 0.888, 0.888, 0.88, 0.872, 0.864, 0.864, 0.864, 0.864, 0.864, 0.864, 0.856, 0.848, 0.84, 0.84, 0.84, 0.84, 0.84, 0.824, 0.816, 0.808, 0.808, 0.816, 0.816, 0.808, 0.792, 0.784, 0.792, 0.784, 0.776, 0.768, 0.76, 0.76, 0.752, 0.744, 0.736], "best": [0.3555556, 0.37516344, 0.3335601, 0.3756303, 0.37901497, 0.37936512, 0.38146597, 0.37975866, 0.381972, 0.37513578, 0.33492064, 0.3825313, 0.37843597, 0.3787187, 0.38026172, 0.379921, 0.38119662, 0.3809197, 0.3809112, 0.38127577, 0.38186407, 0.3818122, 0.38238856, 0.382191, 0.38340062, 0.3828454, 0.38339522, 0.38508758, 0.38311154, 0.38350797, 0.3843485, 0.38423422, 0.38417032, 0.3848434, 0.38570613, 0.38679814, 0.38775256, 0.38647413, 0.3871673, 0.38896745, 0.3900012, 0.39108306, 0.38698152, 0.3872585, 0.38934875, 0.38920885, 0.3889973, 0.39280218, 0.3929458, 0.39371878], "duration": [4012, 1899, 4007, 1911, 2041, 2039, 6229, 3900, 3914, 2112, 3939, 5782, 3820, 3931, 5690, 2023, 4008, 5971, 3928, 8390, 2013, 2047, 2438, 2125, 2100, 4050, 7707, 4048, 2040, 3941, 7725, 3926, 5906, 5771, 5914, 3970, 9900, 5867, 5882, 2073, 2110, 3996, 7745, 8141, 4041, 4574, 2201, 2025, 2174, 8186]}