{"avg": [0.16944447, 0.20871158, 0.1977293, 0.203288, 0.20698164, 0.22626376, 0.20727728, 0.21893033, 0.20874308, 0.2212408, 0.23942822, 0.23649758, 0.23106372, 0.22070497, 0.23857787, 0.2434362, 0.23800188, 0.25482014, 0.24398299, 0.2491268, 0.24723467, 0.26953492, 0.27657172, 0.28126636, 0.26008168, 0.2653043, 0.2561866, 0.26070112, 0.26206866, 0.25639388, 0.2886661, 0.28353608, 0.28373906, 0.274099, 0.29083997, 0.27512455, 0.3013173, 0.2833162, 0.2891405, 0.27903646, 0.28270912, 0.28439003, 0.30820203, 0.31396163, 0.3113298, 0.3112829, 0.33551598, 0.33035845, 0.32626572, 0.35583833], "std": [0.047385342, 0.047194917, 0.04731473, 0.06279961, 0.07138491, 0.0672039, 0.043047015, 0.053597514, 0.0633889, 0.049400594, 0.054281726, 0.054009084, 0.05373354, 0.047776815, 0.08979226, 0.048838973, 0.061285976, 0.050862823, 0.04710297, 0.056131065, 0.04798811, 0.04556146, 0.046645995, 0.044536233, 0.06267441, 0.05672767, 0.043348357, 0.04561399, 0.068028584, 0.060011435, 0.06613442, 0.05052518, 0.05180439, 0.06016124, 0.049995303, 0.048406202, 0.06501461, 0.052758675, 0.06425726, 0.067450814, 0.0648711, 0.0802769, 0.05080103, 0.06732714, 0.05716189, 0.05517585, 0.04341792, 0.066189274, 0.0652808, 0.032549903], "var": [1.0, 1.0, 1.0, 1.0, 1.0, 1.0, 1.0, 1.0, 1.0, 1.0, 1.0, 1.0, 1.0, 1.0, 0.98, 0.96, 0.96, 0.96, 0.96, 0.96, 0.96, 0.92, 0.88, 0.84, 0.84, 0.84, 0.84, 0.84, 0.84, 0.84, 0.8, 0.76, 0.76, 0.76, 0.74, 0.7, 0.68, 0.68, 0.64, 0.64, 0.6, 0.6, 0.6, 0.56, 0.56, 0.58, 0.6, 0.6, 0.56, 0.56], "best": [0.26666668, 0.30833334, 0.29122025, 0.30666667, 0.30498514, 0.3127595, 0.29943678, 0.31231982, 0.30922386, 0.31244132, 0.32938027, 0.3328665, 0.31681865, 0.31872085, 0.3342557, 0.3206883, 0.32717088, 0.3193815, 0.3244898, 0.3363508, 0.32555607, 0.32750535, 0.33176872, 0.329248, 0.33172107, 0.3380111, 0.33676928, 0.33620825, 0.33961123, 0.3385601, 0.3409464, 0.3415312, 0.34417626, 0.34513813, 0.34669313, 0.3486725, 0.3499791, 0.35202157, 0.35314542, 0.3558751, 0.3570596, 0.35872525, 0.3604212, 0.3622575, 0.36469576, 0.3665185, 0.36839232, 0.37074098, 0.3730201, 0.3756208], "duration": [6144, 3849, 4241, 5803, 7803, 7775, 5855, 14803, 5852, 8032, 5809, 7730, 6119, 6762, 9680, 7742, 11617, 7754, 9693, 5923, 6124, 11673, 13593, 9684, 11608, 7784, 7746, 9672, 11616, 11612, 13561, 13548, 13556, 9756, 13552, 9670, 13552, 11617, 11624, 11656, 11624, 11647, 11625, 11629, 15892, 13563, 13579, 13569, 13569, 13753]}