{"avg": [0.4018519, 0.32833338, 0.33166188, 0.41100502, 0.3971958, 0.41825393, 0.4769637, 0.3612256, 0.42706224, 0.3608291, 0.4488276, 0.42384976, 0.41088438, 0.45476472, 0.43562526, 0.46111593, 0.45264554, 0.46815252, 0.48029467, 0.48807427, 0.48270038, 0.43807462, 0.47400236, 0.46245453, 0.4747456, 0.46803352, 0.49464956, 0.48977163, 0.51407135, 0.45892256, 0.49863097, 0.51799345, 0.4953008, 0.5332913, 0.5246567, 0.49820122, 0.5411543, 0.43122774, 0.4924587, 0.5210903, 0.54041404, 0.5165424, 0.5149543, 0.535238, 0.5216901, 0.5374339, 0.54626477, 0.5305066, 0.53503406, 0.50491947], "std": [0.09360557, 0.16664477, 0.121565215, 0.15525252, 0.13225462, 0.13463376, 0.07889181, 0.09436736, 0.114068136, 0.15457629, 0.08823052, 0.117279924, 0.10595734, 0.11493059, 0.13311487, 0.112535045, 0.09463413, 0.08463325, 0.089319974, 0.08038692, 0.08883745, 0.10823478, 0.12051846, 0.08658632, 0.09370456, 0.09431546, 0.08329177, 0.08474465, 0.08440958, 0.12774593, 0.088797376, 0.066486485, 0.112720594, 0.06189766, 0.07848548, 0.0860449, 0.051231626, 0.09444637, 0.08958058, 0.08725888, 0.064645484, 0.08447075, 0.08081418, 0.103079885, 0.08400225, 0.108564064, 0.054899547, 0.0713527, 0.1077094, 0.11961682], "var": [0.98, 0.98, 0.96, 0.96, 0.94, 0.94, 0.94, 0.94, 0.94, 0.92, 0.9, 0.9, 0.9, 0.88, 0.88, 0.86, 0.84, 0.86, 0.84, 0.86, 0.86, 0.86, 0.84, 0.84, 0.84, 0.82, 0.82, 0.8, 0.8, 0.8, 0.8, 0.8, 0.8, 0.78, 0.76, 0.74, 0.72, 0.7, 0.72, 0.74, 0.72, 0.72, 0.7, 0.72, 0.7, 0.7, 0.7, 0.68, 0.66, 0.64], "best": [0.51111114, 0.53888893, 0.5522367, 0.55452853, 0.54709, 0.5522367, 0.54984605, 0.5468254, 0.54987085, 0.55175567, 0.5411977, 0.5493625, 0.53760594, 0.54934055, 0.5525459, 0.5533447, 0.5558201, 0.5445698, 0.5561921, 0.55850124, 0.55808085, 0.5529582, 0.55912375, 0.551833, 0.5591828, 0.5609106, 0.5625028, 0.5626984, 0.5633987, 0.56538177, 0.56720227, 0.5614856, 0.56769294, 0.56607145, 0.56899846, 0.5680795, 0.5708779, 0.57290953, 0.57406515, 0.5751835, 0.57690203, 0.5787494, 0.57988846, 0.5810167, 0.5829843, 0.5842713, 0.58690715, 0.587974, 0.588413, 0.58929825], "duration": [17840, 17741, 17093, 18046, 16094, 17765, 18071, 13926, 22254, 15828, 22570, 17765, 16124, 16214, 22593, 18054, 17716, 18040, 18077, 18039, 18020, 17990, 18107, 17704, 18052, 18041, 18231, 18039, 18079, 18061, 18094, 18125, 16191, 18120, 18132, 18063, 18076, 15836, 18071, 18085, 18131, 18118, 18079, 22684, 22584, 18121, 18097, 18048, 18079, 18089]}