{"avg": [0.16177782, 0.19236189, 0.19756985, 0.20339045, 0.20789923, 0.21377653, 0.22080481, 0.22529522, 0.22759129, 0.23449947, 0.24340475, 0.24747536, 0.2568413, 0.26563936, 0.27175653, 0.28094342, 0.28306732, 0.29878643, 0.30658045, 0.3150891, 0.3268612, 0.3347981, 0.34732902, 0.35702688, 0.3688992, 0.3790212, 0.3886536, 0.39873236, 0.4024696, 0.40594918, 0.40919676, 0.41458267, 0.4189483, 0.42204717, 0.42496344, 0.42771336, 0.43031043, 0.4327671, 0.4350944, 0.4418819, 0.4473492, 0.45366848, 0.4562224, 0.4586577, 0.46098223, 0.46320373, 0.46532837, 0.4673625, 0.46931237, 0.4711823], "std": [0.06309547, 0.07069317, 0.07311356, 0.0756436, 0.07665816, 0.0809746, 0.082316734, 0.08499485, 0.09065067, 0.09422428, 0.09525314, 0.09688648, 0.0978407, 0.09531587, 0.09728769, 0.09128927, 0.09352751, 0.09155047, 0.08970994, 0.08938961, 0.08743178, 0.084221944, 0.07223298, 0.0652389, 0.052060176, 0.04318659, 0.03831866, 0.02894126, 0.029155813, 0.029400058, 0.029665729, 0.027809491, 0.026749715, 0.02695645, 0.027194662, 0.027457012, 0.02773748, 0.028031152, 0.028334007, 0.027080594, 0.022244627, 0.014763546, 0.014127693, 0.013548961, 0.0130249355, 0.012553402, 0.012132159, 0.011759111, 0.011432099, 0.011148966], "var": [0.96, 0.94, 0.94, 0.92, 0.88, 0.84, 0.8, 0.78, 0.74, 0.7, 0.66, 0.62, 0.58, 0.58, 0.56, 0.52, 0.5, 0.46, 0.42, 0.38, 0.36, 0.32, 0.28, 0.24, 0.2, 0.16, 0.12, 0.12, 0.12, 0.12, 0.12, 0.1, 0.1, 0.1, 0.1, 0.1, 0.1, 0.1, 0.12, 0.12, 0.1, 0.1, 0.1, 0.1, 0.1, 0.1, 0.1, 0.1, 0.1, 0.1], "best": [0.2777778, 0.3073016, 0.30992064, 0.3119048, 0.31420636, 0.3155873, 0.318254, 0.32049888, 0.42039686, 0.42328045, 0.42587304, 0.428254, 0.43047622, 0.4325031, 0.43430844, 0.43600005, 0.43756947, 0.44214755, 0.4447884, 0.447452, 0.4500397, 0.45269844, 0.45535356, 0.45800555, 0.46063495, 0.46318734, 0.4656899, 0.4682364, 0.47083905, 0.47326222, 0.47552386, 0.47763956, 0.47947425, 0.4811256, 0.48267978, 0.48414516, 0.48552915, 0.4868383, 0.4880786, 0.5192552, 0.52153975, 0.52387536, 0.52620184, 0.5284201, 0.53053755, 0.5325609, 0.53449625, 0.53634924, 0.53812504, 0.53982836], "duration": [7309, 7310, 8624, 9308, 9302, 9958, 10578, 11188, 10090, 10195, 10876, 10187, 10591, 9851, 10262, 9316, 7306, 8628, 8567, 8570, 8674, 8034, 7336, 6650, 6677, 6745, 6054, 5466, 5434, 5417, 5626, 5375, 5384, 5347, 5388, 5395, 5405, 5395, 5423, 5439, 5637, 5417, 5421, 5429, 5427, 5449, 5486, 5597, 5412, 5370]}