{"avg": [0.16944447, 0.20030473, 0.20322753, 0.19234568, 0.18617217, 0.22817871, 0.2172686, 0.21425335, 0.2357168, 0.22811949, 0.24084611, 0.229854, 0.22217712, 0.22753546, 0.2652953, 0.24835135, 0.24713686, 0.2604091, 0.24895182, 0.26210222, 0.24776326, 0.2511856, 0.2720326, 0.26603281, 0.28780726, 0.28343537, 0.2751289, 0.29139337, 0.29404002, 0.28579116, 0.3188796, 0.31886095, 0.3130853, 0.34907946, 0.2933477, 0.3304732, 0.31159142, 0.33845067, 0.35630718, 0.3203165, 0.3697325, 0.35371396, 0.36377028, 0.37272826, 0.3757843, 0.38361797, 0.3977768, 0.37815765, 0.41956457, 0.42439842], "std": [0.047385342, 0.040626004, 0.04445151, 0.05622155, 0.079584844, 0.035272416, 0.06319964, 0.07160451, 0.05747854, 0.05104929, 0.03365153, 0.04863899, 0.052614793, 0.07589956, 0.042996228, 0.051297143, 0.046241708, 0.040587664, 0.04017059, 0.0440412, 0.050238885, 0.05096134, 0.052485496, 0.040660895, 0.039026897, 0.041717418, 0.04143531, 0.040561948, 0.07383279, 0.06058231, 0.06143084, 0.06215654, 0.06810213, 0.080597825, 0.06317075, 0.07626128, 0.045953415, 0.07052708, 0.07358205, 0.05689253, 0.08114289, 0.077147014, 0.063164495, 0.05338779, 0.089207806, 0.08085754, 0.08573704, 0.07397017, 0.07113714, 0.08947068], "var": [0.98, 0.98, 0.98, 0.96, 0.94, 0.94, 0.9, 0.9, 0.88, 0.86, 0.86, 0.84, 0.84, 0.82, 0.8, 0.76, 0.78, 0.74, 0.7, 0.7, 0.68, 0.66, 0.64, 0.62, 0.6, 0.62, 0.62, 0.64, 0.64, 0.64, 0.64, 0.66, 0.68, 0.7, 0.66, 0.68, 0.7, 0.7, 0.74, 0.74, 0.74, 0.74, 0.72, 0.72, 0.7, 0.68, 0.66, 0.62, 0.64, 0.64], "best": [0.26666668, 0.24692462, 0.29285717, 0.30052912, 0.23015875, 0.30256578, 0.30345997, 0.30476192, 0.30959052, 0.30934745, 0.31120574, 0.31456137, 0.31537864, 0.3178211, 0.31998044, 0.32017544, 0.32129848, 0.3218254, 0.31523, 0.32613322, 0.32259572, 0.32643527, 0.40707284, 0.3196451, 0.3257788, 0.32416955, 0.3265166, 0.32909045, 0.49637964, 0.41139495, 0.4978441, 0.4988634, 0.4245482, 0.50197953, 0.40952381, 0.50501597, 0.40472287, 0.5070279, 0.5085051, 0.43181008, 0.51126087, 0.5125088, 0.4287067, 0.430075, 0.51557326, 0.5172605, 0.51806784, 0.5196458, 0.5214317, 0.52513844], "duration": [4246, 2044, 3966, 1991, 1952, 8084, 3935, 4013, 6997, 3966, 2446, 3990, 2007, 2141, 5944, 5925, 2002, 4051, 9734, 5859, 4652, 10109, 8204, 4055, 7780, 8078, 7837, 6290, 5943, 6677, 5905, 4271, 2069, 10869, 9747, 4073, 2502, 6375, 4118, 6155, 4070, 4488, 2059, 2186, 2181, 2069, 2179, 2164, 2181, 2249]}