{"avg": [0.4431373, 0.437479, 0.47856155, 0.45570654, 0.54836315, 0.45450696, 0.48380324, 0.4366367, 0.4527683, 0.5097233, 0.5274193, 0.53343767, 0.46946314, 0.50955874, 0.5317969, 0.5223949, 0.53383994, 0.5398626, 0.55084044, 0.55616486, 0.58191377, 0.6050643, 0.58565754, 0.58421713, 0.5875609, 0.57050735, 0.6104534, 0.610912, 0.59304804, 0.6148552, 0.5791312, 0.59422785, 0.6074226, 0.6294044, 0.63000536, 0.60825163, 0.63551056, 0.631742, 0.6400125, 0.64344966, 0.64608854, 0.64528406, 0.647539, 0.6508016, 0.6586095, 0.6630331, 0.658828, 0.65896976, 0.66540146, 0.6725683], "std": [0.14764592, 0.1505754, 0.14997457, 0.15155028, 0.104868315, 0.15138622, 0.14478001, 0.15325277, 0.15212227, 0.13483812, 0.12721986, 0.12330075, 0.15035805, 0.1384463, 0.1309836, 0.12910718, 0.12784, 0.12262843, 0.113987245, 0.11053027, 0.077362314, 0.0076334383, 0.07546484, 0.08328607, 0.07357412, 0.107371636, 0.008700637, 0.011424025, 0.08256045, 0.012152702, 0.10214122, 0.07964425, 0.0749527, 0.007885189, 0.011416113, 0.0794473, 0.010532101, 0.014082667, 0.011230008, 0.010341324, 0.011436038, 0.016983615, 0.01565469, 0.015414676, 0.0142887505, 0.010605138, 0.018310413, 0.025045868, 0.020018239, 0.01863518], "var": [0.98, 0.94, 0.9, 0.88, 0.84, 0.8, 0.76, 0.74, 0.74, 0.76, 0.76, 0.74, 0.72, 0.68, 0.66, 0.62, 0.62, 0.6, 0.58, 0.58, 0.56, 0.56, 0.52, 0.5, 0.46, 0.42, 0.38, 0.34, 0.32, 0.32, 0.28, 0.24, 0.22, 0.22, 0.2, 0.18, 0.18, 0.16, 0.14, 0.14, 0.14, 0.12, 0.12, 0.12, 0.12, 0.12, 0.12, 0.12, 0.12, 0.12], "best": [0.5666667, 0.6170869, 0.618006, 0.61175287, 0.60424113, 0.60818076, 0.608772, 0.60506225, 0.60944945, 0.60574716, 0.6063493, 0.6083334, 0.608772, 0.6080201, 0.6104931, 0.6133892, 0.6124472, 0.60740936, 0.611595, 0.6134382, 0.61339843, 0.6149944, 0.61543894, 0.6167511, 0.61754394, 0.6196834, 0.6223764, 0.62389797, 0.6241306, 0.62644935, 0.6278196, 0.6301749, 0.6309712, 0.63479096, 0.6391038, 0.64205647, 0.64379966, 0.64704895, 0.6483607, 0.6512342, 0.6540177, 0.6567666, 0.6600029, 0.66200805, 0.6646921, 0.6685715, 0.6716993, 0.6740461, 0.6765497, 0.6792153], "duration": [1470, 1456, 1264, 1231, 1218, 1457, 1269, 1228, 1447, 1263, 1255, 1146, 1391, 1456, 1235, 1452, 1280, 1315, 1234, 1232, 1232, 1237, 1277, 1269, 1430, 1205, 1437, 1264, 1240, 1232, 1228, 1220, 1238, 1697, 1450, 1466, 1234, 1248, 1719, 1231, 1204, 1252, 1257, 1231, 1233, 1234, 1254, 1248, 1243, 1249]}