{"avg": [0.16177782, 0.18745396, 0.18768732, 0.18265082, 0.18481825, 0.18165974, 0.18326986, 0.18038368, 0.18497305, 0.18689421, 0.19324575, 0.19411835, 0.19593573, 0.1996596, 0.19815059, 0.2007994, 0.19994184, 0.2020975, 0.20048517, 0.20004778, 0.20200144, 0.20470068, 0.2049893, 0.20495284, 0.20707028, 0.20910808, 0.20982134, 0.20694678, 0.20884782, 0.21117033, 0.2135181, 0.21771438, 0.21647932, 0.2207795, 0.22131465, 0.22370653, 0.22617728, 0.22531198, 0.22510856, 0.22614992, 0.22861889, 0.22926071, 0.23154673, 0.23235984, 0.23418283, 0.23409775, 0.23620093, 0.24246034, 0.24084702, 0.24720034], "std": [0.06309547, 0.067564465, 0.06742963, 0.066599086, 0.0656717, 0.061730724, 0.063429564, 0.0617866, 0.056378074, 0.05633811, 0.05259658, 0.052208994, 0.05156367, 0.053145126, 0.054026347, 0.05289968, 0.050995037, 0.053225763, 0.054084558, 0.052365813, 0.051652767, 0.050556526, 0.053877804, 0.053728197, 0.05232594, 0.051411137, 0.051691942, 0.05117715, 0.05328101, 0.052413203, 0.050963998, 0.052264255, 0.05076479, 0.05149106, 0.051091418, 0.05314034, 0.054672357, 0.052317657, 0.052343585, 0.052108154, 0.054349095, 0.05447369, 0.055940833, 0.052858744, 0.05400776, 0.05458812, 0.05635469, 0.057413716, 0.056227602, 0.059677627], "var": [0.98, 0.96, 0.94, 0.94, 0.92, 0.88, 0.88, 0.86, 0.86, 0.84, 0.84, 0.82, 0.78, 0.78, 0.74, 0.74, 0.72, 0.76, 0.74, 0.76, 0.78, 0.8, 0.78, 0.76, 0.78, 0.8, 0.78, 0.78, 0.78, 0.78, 0.8, 0.8, 0.8, 0.78, 0.8, 0.76, 0.78, 0.8, 0.8, 0.78, 0.76, 0.74, 0.7, 0.7, 0.72, 0.72, 0.72, 0.74, 0.76, 0.78], "best": [0.2777778, 0.3073016, 0.30849206, 0.30904764, 0.30884922, 0.30863494, 0.3084127, 0.30818596, 0.3080754, 0.30788362, 0.3158889, 0.31603175, 0.3161508, 0.31647134, 0.31674606, 0.31682542, 0.31680557, 0.31678808, 0.31679896, 0.31683376, 0.3168889, 0.31700683, 0.31713566, 0.31752244, 0.31783733, 0.318127, 0.31843102, 0.31873018, 0.31897393, 0.31926656, 0.31957144, 0.32889915, 0.32954863, 0.33025974, 0.33098507, 0.33164173, 0.33227515, 0.3328743, 0.33351713, 0.3340171, 0.33468255, 0.33533877, 0.33596373, 0.33645996, 0.33691198, 0.33733335, 0.33762252, 0.33790952, 0.33820438, 0.42043087], "duration": [7376, 6702, 6724, 6050, 6019, 5406, 6028, 5401, 5417, 5375, 5691, 5627, 5408, 5400, 5385, 5391, 5357, 5376, 5428, 5390, 5387, 5330, 5408, 5401, 5393, 5414, 5422, 5431, 5420, 5403, 5413, 5498, 5354, 5341, 5401, 5401, 5405, 5347, 5317, 5354, 5324, 5358, 5383, 5354, 5390, 5395, 5391, 5411, 5399, 5407]}