{"avg": [0.39377782, 0.4349619, 0.4446191, 0.45736194, 0.46581346, 0.47428256, 0.4828048, 0.48710564, 0.49570763, 0.50008357, 0.5048207, 0.50876504, 0.51563257, 0.52241915, 0.52290267, 0.5296604, 0.53654855, 0.54176754, 0.5467192, 0.54769915, 0.5488422, 0.55038965, 0.5514085, 0.5525008, 0.5533581, 0.5544117, 0.5563869, 0.5564783, 0.5578465, 0.5592173, 0.5599712, 0.560887, 0.5618784, 0.56367916, 0.56533355, 0.56737417, 0.5696294, 0.57090884, 0.57261133, 0.57446474, 0.5764297, 0.5780308, 0.57984763, 0.5818538, 0.5837784, 0.585344, 0.5879033, 0.5900266, 0.5915607, 0.5940559], "std": [0.115900345, 0.10788382, 0.099484466, 0.09048777, 0.088378556, 0.08551652, 0.081997976, 0.079889186, 0.074775554, 0.07186564, 0.06832722, 0.06583623, 0.060737148, 0.054769706, 0.054709475, 0.047086634, 0.03719428, 0.023545032, 0.007667512, 0.007596884, 0.0077797016, 0.008245676, 0.008408186, 0.008438691, 0.008718089, 0.009004045, 0.009912674, 0.009175908, 0.009140535, 0.0091142515, 0.009514644, 0.009725334, 0.009750499, 0.009697695, 0.009813863, 0.0101551, 0.010397052, 0.010640395, 0.01105188, 0.011069478, 0.0110371085, 0.011021158, 0.010842346, 0.011082524, 0.011264522, 0.0114378445, 0.011506804, 0.011615043, 0.012110703, 0.011809831], "var": [0.96, 0.94, 0.94, 0.92, 0.9, 0.9, 0.86, 0.86, 0.84, 0.82, 0.82, 0.82, 0.8, 0.8, 0.78, 0.76, 0.74, 0.74, 0.74, 0.72, 0.7, 0.68, 0.7, 0.7, 0.68, 0.68, 0.68, 0.64, 0.62, 0.62, 0.62, 0.6, 0.58, 0.56, 0.58, 0.54, 0.5, 0.5, 0.48, 0.44, 0.42, 0.4, 0.4, 0.4, 0.42, 0.42, 0.4, 0.42, 0.4, 0.38], "best": [0.51111114, 0.54206353, 0.5444445, 0.5455556, 0.5463492, 0.546635, 0.5467461, 0.54784584, 0.54890877, 0.5507937, 0.55239683, 0.5540981, 0.5555159, 0.55675215, 0.5580159, 0.55920637, 0.5603671, 0.56139123, 0.5621693, 0.56284046, 0.5634921, 0.5643765, 0.56574315, 0.5670739, 0.5684921, 0.56979686, 0.5864347, 0.5722575, 0.5735261, 0.5747729, 0.57604766, 0.57724017, 0.5783582, 0.5794661, 0.580789, 0.5821996, 0.583836, 0.58571863, 0.58758986, 0.5895361, 0.59139687, 0.5932598, 0.59509075, 0.59698045, 0.5989575, 0.60094184, 0.60277784, 0.6047079, 0.6065675, 0.60839003], "duration": [61030, 62843, 64542, 67282, 67511, 67233, 68573, 68461, 68101, 67199, 69225, 68581, 70574, 71054, 70433, 72481, 74365, 75893, 76568, 76567, 76544, 76500, 76837, 76357, 76335, 76267, 76374, 76325, 76317, 76317, 76231, 76279, 76340, 76258, 76274, 76254, 76379, 76356, 76252, 76203, 76318, 76267, 76281, 76284, 76282, 76233, 76282, 76262, 76367, 76356]}