{"avg": [0.30196086, 0.45430437, 0.46259573, 0.4455783, 0.40823418, 0.41833636, 0.4359297, 0.48317108, 0.4653912, 0.4593665, 0.5027362, 0.47693914, 0.4913583, 0.5380256, 0.542547, 0.52667177, 0.54814255, 0.568963, 0.5368999, 0.5886946, 0.54226416, 0.55083215, 0.59100056, 0.5700299, 0.59699243, 0.5552706, 0.59659374, 0.5988971, 0.5800699, 0.58293235, 0.5547801, 0.5341525, 0.60746825, 0.6359463, 0.5703249, 0.59912807, 0.63666, 0.6543295, 0.6173715, 0.65169734, 0.6226792, 0.636579, 0.6325414, 0.65683085, 0.66198695, 0.64947176, 0.6578661, 0.6716534, 0.67068475, 0.6599323], "std": [0.09665693, 0.14138083, 0.14874381, 0.1503954, 0.1447994, 0.14533344, 0.14985596, 0.14571635, 0.15276861, 0.15209053, 0.14057542, 0.14922798, 0.14758879, 0.12047551, 0.122002274, 0.13156402, 0.11930808, 0.10078195, 0.12834957, 0.07732733, 0.12954664, 0.122657746, 0.081886396, 0.1019219, 0.07780806, 0.12460488, 0.08102252, 0.07888634, 0.103705645, 0.104107134, 0.13849787, 0.1475001, 0.0819384, 0.01942509, 0.12544267, 0.11579546, 0.023925802, 0.011855338, 0.106189676, 0.025289237, 0.09462593, 0.08057782, 0.075101405, 0.025089072, 0.027382042, 0.08512026, 0.08088121, 0.019912833, 0.026625501, 0.07903246], "var": [1.0, 1.0, 1.0, 1.0, 1.0, 0.98, 0.96, 0.96, 0.94, 0.92, 0.9, 0.88, 0.88, 0.86, 0.84, 0.84, 0.82, 0.82, 0.8, 0.78, 0.78, 0.78, 0.74, 0.74, 0.7, 0.7, 0.7, 0.68, 0.68, 0.68, 0.66, 0.64, 0.62, 0.62, 0.6, 0.56, 0.58, 0.58, 0.58, 0.58, 0.58, 0.56, 0.52, 0.5, 0.48, 0.48, 0.5, 0.5, 0.48, 0.46], "best": [0.5666667, 0.60168076, 0.60014886, 0.6065218, 0.6035715, 0.5954888, 0.60122895, 0.6041126, 0.60445964, 0.6074112, 0.60491556, 0.60885555, 0.6073202, 0.60731715, 0.6114719, 0.61357653, 0.61476004, 0.61508536, 0.6199666, 0.62251526, 0.62133765, 0.6220078, 0.6279984, 0.6311427, 0.63162464, 0.63526225, 0.6371684, 0.6388796, 0.6417666, 0.6442043, 0.6459307, 0.6492682, 0.64705336, 0.65375465, 0.652737, 0.6595672, 0.662918, 0.6652357, 0.66941303, 0.67308867, 0.6764782, 0.67803746, 0.6809741, 0.6830023, 0.68537027, 0.6875043, 0.69025105, 0.69352126, 0.69608146, 0.6985038], "duration": [1421, 1192, 1205, 1316, 1184, 1181, 1191, 1187, 1203, 1174, 1169, 1364, 1377, 1185, 1180, 1191, 1192, 1196, 1201, 1189, 1393, 1181, 1201, 1194, 1192, 1392, 1198, 1191, 1635, 1143, 1150, 1414, 1201, 1192, 1176, 1190, 1181, 1194, 1305, 1292, 1119, 1114, 1705, 1366, 1203, 1209, 1192, 1195, 1417, 1182]}