{"avg": [0.43030307, 0.408961, 0.37621108, 0.3467803, 0.40414783, 0.3734969, 0.41941395, 0.4685426, 0.3949349, 0.4688944, 0.42900693, 0.4792975, 0.43038177, 0.4055157, 0.444831, 0.459576, 0.4341038, 0.47941747, 0.38825643, 0.46949217, 0.5116961, 0.41340667, 0.396884, 0.4733343, 0.43144655, 0.4655874, 0.39622208, 0.42103723, 0.43411142, 0.46494874, 0.52848196, 0.5158264, 0.5162739, 0.43718404, 0.5484361, 0.53816694, 0.4637289, 0.4939705, 0.57656825, 0.5691127, 0.5775061, 0.60820687, 0.6056864, 0.5141513, 0.60978323, 0.5518097, 0.5833997, 0.5927008, 0.6161898, 0.58898056], "std": [0.1493789, 0.15122634, 0.13769229, 0.11938488, 0.14473902, 0.13173918, 0.14868249, 0.14909261, 0.14077464, 0.1499853, 0.14907897, 0.14906617, 0.15339898, 0.14279063, 0.15072648, 0.15114753, 0.15114953, 0.14935307, 0.14115104, 0.151086, 0.13841455, 0.15242448, 0.1454042, 0.15275228, 0.15119237, 0.15300357, 0.14508663, 0.14995342, 0.15114948, 0.15360646, 0.13478795, 0.13516858, 0.13638957, 0.15530658, 0.123192064, 0.12945573, 0.1554919, 0.14696844, 0.08699383, 0.09893369, 0.09227763, 0.011276765, 0.011680089, 0.14625256, 0.013381007, 0.11822528, 0.09417964, 0.08647343, 0.017874913, 0.10144107], "var": [0.98, 0.98, 0.96, 0.96, 0.94, 0.94, 0.94, 0.94, 0.92, 0.92, 0.9, 0.9, 0.88, 0.88, 0.88, 0.88, 0.88, 0.88, 0.88, 0.88, 0.86, 0.86, 0.84, 0.84, 0.84, 0.84, 0.82, 0.8, 0.8, 0.78, 0.76, 0.76, 0.74, 0.72, 0.7, 0.68, 0.66, 0.66, 0.64, 0.62, 0.64, 0.64, 0.64, 0.64, 0.64, 0.62, 0.6, 0.6, 0.6, 0.6], "best": [0.5666667, 0.6207793, 0.6188209, 0.61726195, 0.5982282, 0.591799, 0.60622716, 0.60779226, 0.59716433, 0.605092, 0.5993258, 0.6078455, 0.6117605, 0.5969697, 0.60114413, 0.6085485, 0.60877055, 0.6108663, 0.61103904, 0.61211085, 0.6119048, 0.6123525, 0.60521084, 0.6124036, 0.6000001, 0.6118703, 0.6059315, 0.607888, 0.6054156, 0.61158186, 0.6126888, 0.61253506, 0.6158459, 0.6159958, 0.6172859, 0.6195561, 0.6204048, 0.6207096, 0.6215721, 0.6223152, 0.62280476, 0.62366045, 0.6247515, 0.6253695, 0.6263412, 0.62808055, 0.6287347, 0.62968916, 0.6320971, 0.63491774], "duration": [750, 724, 728, 719, 722, 723, 722, 762, 719, 722, 721, 722, 727, 723, 728, 722, 723, 726, 719, 722, 900, 722, 726, 725, 730, 725, 721, 723, 732, 725, 723, 716, 724, 726, 909, 726, 733, 723, 724, 721, 812, 727, 728, 722, 768, 724, 726, 909, 913, 727]}