{"avg": [0.4466667, 0.4640212, 0.4862915, 0.45368257, 0.46869102, 0.43622074, 0.4965689, 0.46281752, 0.45477563, 0.5218538, 0.5052166, 0.4981645, 0.5163862, 0.5605214, 0.4969213, 0.5822515, 0.5261992, 0.5670772, 0.5290205, 0.53577805, 0.60962063, 0.5729914, 0.58731884, 0.59201396, 0.5833802, 0.6188553, 0.577324, 0.5757581, 0.58621824, 0.60187787, 0.6016321, 0.6042372, 0.60903895, 0.62837315, 0.63927495, 0.6120571, 0.6177048, 0.63119537, 0.64603424, 0.6527886, 0.65190685, 0.6336714, 0.65118587, 0.6720247, 0.6488503, 0.6723402, 0.65073836, 0.65343547, 0.66575605, 0.6874438], "std": [0.14696941, 0.15238924, 0.14528301, 0.15134636, 0.15076214, 0.15318286, 0.14423388, 0.15244767, 0.15084863, 0.13346118, 0.14190945, 0.1444926, 0.14116174, 0.1114153, 0.15009698, 0.0770754, 0.13904019, 0.104169905, 0.13515109, 0.13405655, 0.010586622, 0.10541752, 0.08523763, 0.079305366, 0.09713669, 0.010882327, 0.107304886, 0.10894451, 0.109092884, 0.0789386, 0.087082855, 0.0847015, 0.08837947, 0.020996518, 0.016673924, 0.087609164, 0.08927762, 0.082506225, 0.02341299, 0.022015234, 0.029189708, 0.082959004, 0.026457012, 0.015007886, 0.08999313, 0.025691455, 0.074929275, 0.09472702, 0.078883566, 0.019801158], "var": [0.98, 0.96, 0.96, 0.96, 0.94, 0.92, 0.88, 0.88, 0.86, 0.84, 0.82, 0.82, 0.8, 0.8, 0.8, 0.82, 0.84, 0.84, 0.82, 0.8, 0.8, 0.78, 0.76, 0.76, 0.74, 0.74, 0.7, 0.7, 0.7, 0.68, 0.66, 0.68, 0.66, 0.66, 0.66, 0.66, 0.62, 0.62, 0.64, 0.62, 0.58, 0.56, 0.58, 0.56, 0.54, 0.54, 0.54, 0.54, 0.52, 0.48], "best": [0.5666667, 0.61746037, 0.6121213, 0.6028572, 0.60769236, 0.6080499, 0.61091876, 0.61428577, 0.6030917, 0.60699713, 0.61282504, 0.6144188, 0.61269027, 0.6154305, 0.61707425, 0.6199642, 0.6197226, 0.620039, 0.62163746, 0.6215631, 0.6196017, 0.62370884, 0.62711686, 0.6274471, 0.6293567, 0.63346565, 0.6361882, 0.63765025, 0.6362142, 0.6415189, 0.6440477, 0.6438776, 0.6474776, 0.65089464, 0.6529986, 0.6568464, 0.6594008, 0.6622355, 0.66671485, 0.66993225, 0.6735821, 0.6768181, 0.67940336, 0.68111396, 0.6853375, 0.6885568, 0.6916994, 0.6941949, 0.69674194, 0.69974166], "duration": [1867, 1547, 1307, 1323, 1555, 1363, 1307, 1746, 1353, 1369, 1301, 1303, 1337, 1318, 1497, 1304, 1342, 1306, 1325, 1399, 1349, 1320, 1358, 1379, 2026, 1312, 1764, 1345, 1366, 1583, 1308, 1332, 1345, 1335, 1500, 1367, 1359, 1831, 1288, 1283, 1343, 1762, 1391, 1363, 1322, 1307, 1312, 1364, 1432, 1533]}