{"avg": [0.14970762, 0.19490632, 0.23907535, 0.26972243, 0.30297112, 0.3419579, 0.3681778, 0.38218492, 0.4184432, 0.42084375, 0.43557754, 0.45700878, 0.47424698, 0.48624188, 0.50227326, 0.51453674, 0.52577686, 0.54389256, 0.5474477, 0.55831534, 0.56121624, 0.5627948, 0.5722256, 0.57364744, 0.5782096, 0.5900415, 0.5943144, 0.5976448, 0.5937341, 0.6043078, 0.59886277, 0.60556746, 0.61197287, 0.6102828, 0.6125432, 0.61457646, 0.6120158, 0.61825246, 0.6196996, 0.62545335, 0.6270083, 0.6244693, 0.6299356, 0.63121355, 0.62888396, 0.6338572, 0.62774146, 0.62928194, 0.63366914, 0.63440275], "std": [0.1186544, 0.112388864, 0.12455978, 0.10742103, 0.101537526, 0.09671135, 0.071948886, 0.083064325, 0.013867402, 0.050083455, 0.07698082, 0.032253098, 0.03690835, 0.041072294, 0.03507329, 0.034407064, 0.0330466, 2.3841858e-07, 0.02556332, 1.7881393e-07, 0.024587411, 0.03473507, 0.024286108, 0.033126954, 0.03350805, 3.5762787e-07, 2.9802322e-07, 0.0, 0.03312695, 1.1920929e-07, 0.034735076, 0.024587408, 1.7881393e-07, 0.023995595, 0.023995608, 0.024286112, 0.0351749, 0.024286104, 0.025225233, 2.3841858e-07, 1.7881393e-07, 0.024900196, 1.7881393e-07, 2.9802322e-07, 0.023444543, 2.9802322e-07, 0.03312694, 0.032402053, 0.024286112, 0.02522523], "var": [0.88, 0.76, 0.64, 0.6, 0.58, 0.6, 0.64, 0.48, 0.4, 0.26, 0.22, 0.18, 0.12, 0.1, 0.06, 0.04, 0.02, 0.02, 0.02, 0.02, 0.02, 0.02, 0.02, 0.02, 0.02, 0.02, 0.02, 0.02, 0.02, 0.02, 0.02, 0.02, 0.02, 0.02, 0.02, 0.02, 0.02, 0.02, 0.02, 0.02, 0.02, 0.02, 0.02, 0.02, 0.02, 0.02, 0.02, 0.02, 0.02, 0.02], "best": [0.3555556, 0.39001673, 0.39143297, 0.39685354, 0.4050794, 0.41073322, 0.41574937, 0.42372137, 0.4339286, 0.4448073, 0.46042657, 0.47515184, 0.4875126, 0.5004891, 0.5132295, 0.52414304, 0.53438914, 0.5438928, 0.55176866, 0.5583155, 0.56520504, 0.57098186, 0.5761142, 0.58105505, 0.5857974, 0.59004116, 0.5943141, 0.5976448, 0.6011417, 0.6043079, 0.6070499, 0.60955584, 0.61197305, 0.6140771, 0.6163374, 0.6184652, 0.62042415, 0.62214154, 0.6239039, 0.6254531, 0.62700814, 0.6285628, 0.62993544, 0.63121325, 0.63250154, 0.6338569, 0.6351486, 0.63635296, 0.6375582, 0.6386068], "duration": [9343, 7680, 8739, 7804, 8443, 8624, 9269, 8429, 8323, 9295, 8035, 8659, 8357, 8987, 8691, 9002, 8310, 8941, 7752, 13568, 8272, 8002, 8647, 10219, 9241, 9641, 8366, 11236, 7392, 8010, 7013, 7398, 7359, 9579, 8432, 7973, 8311, 8728, 8992, 7009, 8706, 7669, 8312, 9279, 11260, 9285, 8304, 13124, 9259, 8016]}