{"avg": [0.37619048, 0.3410498, 0.38381293, 0.41796732, 0.3620807, 0.419903, 0.4402877, 0.45343918, 0.46478626, 0.48070905, 0.46795443, 0.4764688, 0.51483136, 0.5259384, 0.46035194, 0.5097592, 0.5395321, 0.52969074, 0.52256346, 0.5383958, 0.5140103, 0.56734556, 0.5463202, 0.5530699, 0.5366264, 0.5329485, 0.56027925, 0.5545693, 0.5659427, 0.56458014, 0.5634137, 0.5747203, 0.57241887, 0.5856584, 0.58627987, 0.6013886, 0.58062226, 0.6028761, 0.6039023, 0.60307443, 0.602205, 0.61907214, 0.63079816, 0.63306457, 0.63419074, 0.6372927, 0.6350733, 0.6448769, 0.6446117, 0.6348108], "std": [0.11921682, 0.14997967, 0.12532008, 0.08303001, 0.12339204, 0.09674318, 0.10073985, 0.105359465, 0.11322651, 0.104578264, 0.13172758, 0.092799924, 0.09109127, 0.0557625, 0.11764904, 0.075766206, 0.0424456, 0.055203114, 0.07317904, 0.057635766, 0.084844336, 0.009618163, 0.06454828, 0.05156062, 0.06879105, 0.076767355, 0.05313968, 0.06987824, 0.05574591, 0.054293033, 0.07244414, 0.053929046, 0.0550331, 0.060109183, 0.056716472, 0.023525985, 0.08278712, 0.024772624, 0.05845167, 0.053575307, 0.059549194, 0.024510197, 0.01655384, 0.019501593, 0.027189163, 0.021824988, 0.067510515, 0.021744082, 0.028319161, 0.07365116], "var": [1.0, 1.0, 0.98, 0.96, 0.96, 0.96, 0.96, 0.94, 0.94, 0.94, 0.94, 0.9, 0.9, 0.88, 0.86, 0.86, 0.82, 0.8, 0.78, 0.74, 0.7, 0.68, 0.7, 0.68, 0.66, 0.64, 0.62, 0.58, 0.56, 0.54, 0.52, 0.52, 0.5, 0.5, 0.46, 0.44, 0.42, 0.4, 0.4, 0.4, 0.4, 0.36, 0.36, 0.4, 0.38, 0.34, 0.32, 0.3, 0.26, 0.22], "best": [0.51111114, 0.53832203, 0.53799284, 0.542167, 0.5433952, 0.5415344, 0.5475096, 0.5473923, 0.5463415, 0.5510833, 0.5525807, 0.555267, 0.55660194, 0.55897313, 0.5615379, 0.56334525, 0.56174284, 0.5670957, 0.5695527, 0.56998265, 0.5737556, 0.5776313, 0.5827498, 0.5875417, 0.59030646, 0.5925205, 0.59461784, 0.59679186, 0.60043716, 0.60280645, 0.60498726, 0.6083008, 0.6106954, 0.612439, 0.6162736, 0.61996084, 0.62309164, 0.6261837, 0.62884265, 0.6329462, 0.63607347, 0.63852525, 0.64121705, 0.64475393, 0.64816195, 0.65162086, 0.6545923, 0.65801686, 0.6610358, 0.6637197], "duration": [23654, 24368, 27035, 24726, 26951, 23589, 25426, 31889, 27385, 27518, 27445, 27331, 27463, 27391, 27207, 32167, 27611, 27526, 31836, 27385, 27358, 27391, 32001, 32055, 41071, 27462, 27525, 31988, 27415, 27512, 31995, 27489, 27375, 27425, 31974, 27397, 27410, 27455, 31927, 32322, 27332, 27405, 27362, 27405, 27377, 27474, 27469, 27421, 32029, 27476]}