{"avg": [0.13333334, 0.18352528, 0.15814058, 0.23115082, 0.1737037, 0.23902853, 0.18725155, 0.22896409, 0.20313117, 0.19301066, 0.2037518, 0.28115684, 0.28717384, 0.27487493, 0.2896367, 0.31970122, 0.31380364, 0.2700212, 0.29754087, 0.25815412, 0.32239264, 0.29122627, 0.3512434, 0.36888185, 0.28109843, 0.37437302, 0.42820364, 0.42457646, 0.43251565, 0.39454818, 0.38925803, 0.40961438, 0.4487917, 0.41638437, 0.4591302, 0.49730784, 0.43845418, 0.46456298, 0.5297175, 0.534742, 0.52371067, 0.49315906, 0.4984612, 0.5347122, 0.5520381, 0.5569252, 0.56164527, 0.6132312, 0.52434456, 0.5672493, 0.58907205, 0.6254974, 0.6346264, 0.59208566, 0.6402293, 0.61642087, 0.61043924, 0.6109051, 0.6350347, 0.65720874, 0.6609021, 0.6285223, 0.5937094, 0.65412587, 0.6309062, 0.6544098, 0.6755313, 0.6463467, 0.6428174, 0.6665689, 0.6846895, 0.6851427, 0.67988545, 0.69135356, 0.69373316], "std": [0.063314416, 0.08474317, 0.093961276, 0.10580797, 0.16950369, 0.12451345, 0.08951075, 0.13135499, 0.15037328, 0.15631947, 0.08538503, 0.10597423, 0.103819735, 0.08547119, 0.13980104, 0.14574078, 0.13558038, 0.15028742, 0.13860798, 0.10656853, 0.120145865, 0.10838402, 0.15287131, 0.14870341, 0.12167646, 0.1503068, 0.09195515, 0.09769795, 0.1494554, 0.14908881, 0.14205837, 0.13183355, 0.15319754, 0.15913716, 0.123383075, 0.13542879, 0.15518291, 0.12849808, 0.120532654, 0.08803973, 0.1120744, 0.12388777, 0.15507789, 0.11010672, 0.112762116, 0.10597933, 0.088112906, 0.0082732, 0.1476552, 0.114920445, 0.10610606, 0.011374459, 0.0038206065, 0.124062784, 0.004497502, 0.112739444, 0.11468268, 0.11817658, 0.056659233, 0.002015287, 0.0, 0.07005545, 0.13506766, 0.051519245, 0.07721389, 0.05586086, 1.1920929e-07, 0.069716446, 0.079567395, 0.055404127, 0.0, 0.0069361357, 0.03660129, 1.1920929e-07, 5.9604645e-08], "var": [1.0, 0.98, 0.94, 0.92, 0.94, 0.94, 0.94, 0.92, 0.88, 0.88, 0.88, 0.84, 0.84, 0.86, 0.84, 0.8, 0.8, 0.78, 0.78, 0.76, 0.8, 0.78, 0.76, 0.74, 0.74, 0.7, 0.72, 0.7, 0.7, 0.68, 0.66, 0.64, 0.64, 0.64, 0.66, 0.64, 0.64, 0.6, 0.58, 0.54, 0.5, 0.46, 0.44, 0.44, 0.4, 0.38, 0.36, 0.34, 0.3, 0.3, 0.28, 0.24, 0.24, 0.2, 0.2, 0.2, 0.2, 0.18, 0.18, 0.18, 0.18, 0.16, 0.14, 0.14, 0.14, 0.1, 0.1, 0.1, 0.08, 0.06, 0.06, 0.06, 0.06, 0.06, 0.06], "best": [0.20000002, 0.37236232, 0.38548756, 0.38984132, 0.53961045, 0.54285717, 0.39041078, 0.54599, 0.54728687, 0.54796696, 0.33681956, 0.54874116, 0.5508768, 0.38879693, 0.5528579, 0.55476195, 0.556692, 0.5582088, 0.5531855, 0.5588838, 0.5590223, 0.55406576, 0.5577965, 0.5618107, 0.56221145, 0.56462306, 0.56590176, 0.5680997, 0.569674, 0.5731602, 0.57307565, 0.5767692, 0.57920545, 0.58176136, 0.58432317, 0.58678985, 0.5896995, 0.5917829, 0.59341717, 0.5968096, 0.599541, 0.6020989, 0.6042948, 0.6070295, 0.60943043, 0.61271214, 0.61610013, 0.61946076, 0.6237522, 0.626003, 0.6296704, 0.63297397, 0.6359272, 0.6396074, 0.6425034, 0.6458831, 0.6491517, 0.6524936, 0.6554416, 0.657729, 0.6609021, 0.6638032, 0.6664164, 0.6683755, 0.6711388, 0.6733826, 0.6755312, 0.67796046, 0.6804508, 0.68255746, 0.6846895, 0.68699646, 0.6890359, 0.69135344, 0.6937331], "duration": [2259, 3825, 3766, 3816, 5744, 3784, 2236, 5819, 8066, 5897, 5751, 5760, 11481, 13354, 9550, 8096, 9668, 8001, 6221, 5733, 7719, 7719, 6009, 5978, 2423, 9637, 7868, 5994, 2282, 4524, 4072, 4033, 2263, 7775, 4076, 4099, 4070, 2274, 2301, 7895, 7852, 2284, 2271, 2328, 4168, 3056, 5985, 2329, 2255, 3077, 2326, 2353, 2328, 2308, 2364, 2323, 2311, 2706, 2323, 2289, 2704, 2307, 2312, 2323, 2318, 2300, 2314, 2715, 2327, 2298, 2730, 2301, 2347, 2738, 2725]}