{"avg": [0.37466675, 0.4116985, 0.41594604, 0.4163079, 0.420746, 0.42126223, 0.41851115, 0.41470158, 0.41485524, 0.4123757, 0.41570544, 0.426122, 0.4324063, 0.43599713, 0.43944722, 0.4395975, 0.4388587, 0.44325966, 0.44313338, 0.4350974, 0.4320473, 0.4261569, 0.429445, 0.43011975, 0.43014964, 0.43768486, 0.44552636, 0.44431043, 0.45065835, 0.44575143, 0.44296792, 0.4472385, 0.44747078, 0.4444621, 0.4446016, 0.4404012, 0.4396881, 0.43770963, 0.44492912, 0.4493712, 0.45359206, 0.4537629, 0.45822057, 0.45768508, 0.45882323, 0.4549881, 0.4585322, 0.45578653, 0.4600939, 0.45577118], "std": [0.1286596, 0.11822976, 0.119406804, 0.11960168, 0.11517629, 0.11527733, 0.114292055, 0.11362729, 0.10819068, 0.10733933, 0.108479746, 0.105614066, 0.10178189, 0.10293143, 0.10373317, 0.10381441, 0.1046315, 0.104650296, 0.10462135, 0.10420769, 0.10343046, 0.10604594, 0.10709449, 0.107576124, 0.10762406, 0.103313655, 0.10446576, 0.09929221, 0.095593415, 0.09617265, 0.101712815, 0.10159239, 0.101623915, 0.10078466, 0.10072689, 0.10011141, 0.100787334, 0.099025235, 0.09999088, 0.10005875, 0.09973002, 0.09975668, 0.09288505, 0.093993835, 0.09293216, 0.09353356, 0.09449966, 0.09378418, 0.09346077, 0.09309749], "var": [0.98, 0.96, 0.94, 0.92, 0.92, 0.9, 0.9, 0.86, 0.84, 0.8, 0.8, 0.8, 0.8, 0.8, 0.82, 0.82, 0.8, 0.78, 0.8, 0.78, 0.78, 0.82, 0.8, 0.82, 0.82, 0.82, 0.82, 0.8, 0.78, 0.76, 0.74, 0.74, 0.72, 0.7, 0.7, 0.7, 0.68, 0.7, 0.68, 0.66, 0.68, 0.68, 0.68, 0.68, 0.68, 0.68, 0.66, 0.68, 0.7, 0.7], "best": [0.51111114, 0.5425397, 0.5423016, 0.5430159, 0.5462302, 0.54882544, 0.5507937, 0.5526077, 0.5538492, 0.55486774, 0.556254, 0.5569553, 0.5575397, 0.5578511, 0.5585261, 0.5591429, 0.55962306, 0.5600187, 0.56039685, 0.56055975, 0.5604921, 0.56047624, 0.56048346, 0.5605521, 0.5608532, 0.56111115, 0.56160563, 0.5623457, 0.56287986, 0.5633443, 0.56365085, 0.56390685, 0.56420636, 0.5645455, 0.56471056, 0.56485265, 0.5648281, 0.564792, 0.5647327, 0.5647253, 0.56476593, 0.5648161, 0.564898, 0.5650314, 0.5651371, 0.5652593, 0.56539685, 0.5657211, 0.56598216, 0.56632006], "duration": [59356, 60861, 60812, 61153, 61841, 61992, 60970, 60288, 60776, 59835, 61158, 62068, 63682, 64413, 64684, 65080, 65051, 65151, 64399, 65076, 63851, 62905, 63206, 63258, 62734, 64922, 65221, 65724, 67116, 68172, 67133, 67338, 66882, 66272, 66929, 66506, 67369, 66222, 66597, 66597, 66853, 66918, 66865, 67754, 66925, 66467, 67881, 67225, 66666, 67119]}