{"avg": [0.3725491, 0.4168892, 0.4301494, 0.41460586, 0.48961443, 0.45575714, 0.39550728, 0.43034634, 0.4314776, 0.46228272, 0.42376992, 0.44930732, 0.458721, 0.44210562, 0.45821556, 0.44118538, 0.4777027, 0.48776215, 0.42584342, 0.48658797, 0.49252367, 0.5213888, 0.49135765, 0.48754063, 0.5033592, 0.48172897, 0.5236518, 0.44235858, 0.5225415, 0.59660083, 0.51196057, 0.54397964, 0.48920333, 0.4233527, 0.52680945, 0.52913123, 0.55869424, 0.46078897, 0.52409184, 0.47719628, 0.5157173, 0.54067534, 0.5222429, 0.53158075, 0.55962336, 0.5451745, 0.5661232, 0.54209745, 0.56633615, 0.53321236], "std": [0.14336541, 0.14918889, 0.15117352, 0.1477265, 0.1424746, 0.14848119, 0.14560159, 0.15106237, 0.15102558, 0.14923523, 0.15045081, 0.15122905, 0.15069146, 0.15093791, 0.15015411, 0.15174039, 0.14596006, 0.14570414, 0.14990334, 0.14630611, 0.14286256, 0.13006404, 0.14132354, 0.1440943, 0.13825035, 0.14667873, 0.13012145, 0.15322016, 0.12950842, 0.00590362, 0.13821566, 0.11433611, 0.14755908, 0.15118611, 0.1268106, 0.12847707, 0.10167959, 0.15138672, 0.13136785, 0.14812334, 0.13517587, 0.11922301, 0.13415438, 0.12776607, 0.1017741, 0.11884875, 0.097390264, 0.12083336, 0.09724832, 0.12833582], "var": [0.992, 0.992, 0.984, 0.968, 0.968, 0.952, 0.936, 0.92, 0.904, 0.912, 0.896, 0.88, 0.872, 0.864, 0.848, 0.832, 0.824, 0.816, 0.808, 0.808, 0.816, 0.8, 0.792, 0.792, 0.8, 0.784, 0.776, 0.776, 0.76, 0.768, 0.768, 0.76, 0.744, 0.752, 0.752, 0.736, 0.728, 0.728, 0.728, 0.728, 0.712, 0.696, 0.688, 0.68, 0.68, 0.68, 0.664, 0.648, 0.64, 0.624], "best": [0.5666667, 0.61288524, 0.6037816, 0.60213804, 0.5969697, 0.5930273, 0.6033147, 0.59527814, 0.60255605, 0.5962341, 0.59503853, 0.59562427, 0.60073084, 0.6025975, 0.59907967, 0.5965216, 0.59844196, 0.60254633, 0.5975109, 0.600784, 0.5984818, 0.6024794, 0.59511286, 0.60180837, 0.5989674, 0.60208, 0.60256577, 0.60060036, 0.60115117, 0.60378295, 0.60295665, 0.60351586, 0.60481364, 0.6040101, 0.60498136, 0.604825, 0.6060558, 0.60174656, 0.60573035, 0.6049536, 0.6065105, 0.6069129, 0.60767204, 0.6065218, 0.6081597, 0.608689, 0.60935444, 0.61002666, 0.6109507, 0.6112209], "duration": [1457, 1147, 1162, 1143, 1131, 1295, 1276, 1290, 1284, 1242, 1453, 1308, 1217, 1334, 1355, 1279, 1253, 1553, 1543, 1276, 1317, 1361, 1255, 1573, 1554, 1296, 1362, 1304, 1514, 1299, 1248, 1234, 1287, 1343, 1483, 1243, 1268, 1338, 1217, 1292, 1323, 1294, 1259, 1251, 1310, 1233, 1470, 1316, 1319, 1528]}