{"avg": [0.15944448, 0.22339068, 0.24759017, 0.2728724, 0.29194108, 0.33982345, 0.3987922, 0.43940946, 0.49818394, 0.5037471, 0.54504895, 0.55716544, 0.56193596, 0.5852965, 0.62259454, 0.62331146, 0.6392575, 0.63909703, 0.64516807, 0.65896547, 0.6832924, 0.6681359, 0.69304353, 0.7034339, 0.6882583, 0.70855594, 0.70935273, 0.7189396, 0.71607584, 0.72383785, 0.7256039, 0.7375482, 0.7117574, 0.7362397, 0.7263547, 0.72818136, 0.7462328, 0.74137366, 0.75121766, 0.7535508, 0.75111216, 0.7613361, 0.76332146, 0.75290304, 0.76308775, 0.76791304, 0.75532234, 0.77018, 0.7535281, 0.7774789], "std": [0.124314174, 0.14196156, 0.13593931, 0.13517249, 0.16053337, 0.1571242, 0.13227203, 0.123416275, 0.08375111, 0.105181895, 0.062463365, 0.06182071, 0.07867391, 0.06387562, 0.027209828, 0.049193367, 0.04649789, 0.06430806, 0.06053701, 0.057337694, 0.03470927, 0.062154535, 0.0418993, 0.034311276, 0.060302004, 0.042937957, 0.04830264, 0.04050923, 0.060745258, 0.045662314, 0.048302647, 0.034311272, 0.066133566, 0.046156473, 0.059695944, 0.06030199, 0.04299328, 0.05200502, 0.041946605, 0.0414508, 0.04773876, 0.034311257, 0.033902552, 0.052005064, 0.04050922, 0.03473505, 0.054433092, 0.035631776, 0.05853155, 0.024587417], "var": [0.88, 0.84, 0.78, 0.82, 0.76, 0.66, 0.56, 0.44, 0.46, 0.4, 0.36, 0.32, 0.24, 0.18, 0.1, 0.08, 0.08, 0.08, 0.04, 0.04, 0.04, 0.04, 0.04, 0.04, 0.04, 0.02, 0.02, 0.02, 0.02, 0.02, 0.02, 0.02, 0.02, 0.02, 0.02, 0.02, 0.02, 0.02, 0.02, 0.02, 0.02, 0.02, 0.02, 0.02, 0.02, 0.02, 0.02, 0.02, 0.02, 0.02], "best": [0.51111114, 0.5349207, 0.5368004, 0.5403037, 0.54519147, 0.5477319, 0.55352813, 0.55625534, 0.562963, 0.57250035, 0.581809, 0.59118253, 0.6031746, 0.61604244, 0.63140965, 0.6447491, 0.65555054, 0.6666171, 0.67566514, 0.6841905, 0.69172466, 0.6987302, 0.70560145, 0.7114114, 0.7169133, 0.7218534, 0.72616947, 0.7303214, 0.7345945, 0.7386523, 0.74242103, 0.7455253, 0.7485993, 0.7514161, 0.75427526, 0.75683653, 0.7591959, 0.76131684, 0.76349854, 0.7655169, 0.7674862, 0.76931286, 0.7710995, 0.77284586, 0.77447027, 0.7761003, 0.77754474, 0.7788222, 0.78008616, 0.7814677], "duration": [19629, 19500, 23133, 17178, 37993, 42322, 50156, 45536, 45680, 57283, 50258, 56614, 65228, 67566, 51774, 56303, 58560, 56377, 56296, 63049, 60834, 54029, 58562, 72065, 69776, 56342, 63052, 49532, 65327, 60806, 50132, 63055, 58554, 60810, 63097, 56692, 49550, 56308, 56348, 53543, 49565, 51808, 60839, 60974, 60800, 60842, 51812, 51827, 67514, 58557]}