{"avg": [0.37619048, 0.386182, 0.3893122, 0.40952381, 0.42784324, 0.39711958, 0.42475837, 0.43784964, 0.45415023, 0.5150734, 0.49338594, 0.48525387, 0.5063114, 0.54744464, 0.48785064, 0.4999514, 0.5438434, 0.51111335, 0.50995797, 0.54201967, 0.48327705, 0.55159485, 0.5371232, 0.48485437, 0.55896544, 0.574135, 0.54222333, 0.58773625, 0.54463965, 0.5820274, 0.57285446, 0.6071309, 0.5685434, 0.57746756, 0.58348554, 0.618299, 0.58454114, 0.62498945, 0.5962973, 0.617014, 0.6341175, 0.6475583, 0.6356248, 0.6205113, 0.6408167, 0.63716155, 0.6558148, 0.6651188, 0.65904826, 0.6635024], "std": [0.11921682, 0.12195755, 0.10826858, 0.11001312, 0.10526479, 0.14965269, 0.1417654, 0.10518479, 0.11433489, 0.06362552, 0.07850647, 0.0837427, 0.07182535, 0.008485825, 0.12316275, 0.07923847, 0.041975208, 0.10721499, 0.10327455, 0.0926374, 0.08622711, 0.049194872, 0.06854875, 0.12205752, 0.043414652, 0.01834779, 0.07987622, 0.01662137, 0.091112845, 0.050704356, 0.06820336, 0.014265155, 0.089085035, 0.08137018, 0.07494657, 0.024449361, 0.088498905, 0.025740549, 0.089925274, 0.06853275, 0.02740694, 0.010220794, 0.060395867, 0.095004834, 0.03878418, 0.06963393, 0.03090473, 0.011323387, 0.029550847, 0.03262513], "var": [1.0, 0.96, 0.96, 0.94, 0.92, 0.9, 0.9, 0.88, 0.88, 0.88, 0.86, 0.84, 0.82, 0.8, 0.82, 0.8, 0.78, 0.76, 0.74, 0.7, 0.7, 0.68, 0.7, 0.68, 0.68, 0.66, 0.62, 0.62, 0.6, 0.6, 0.6, 0.6, 0.62, 0.62, 0.6, 0.6, 0.58, 0.56, 0.6, 0.6, 0.58, 0.58, 0.58, 0.54, 0.54, 0.52, 0.5, 0.52, 0.52, 0.5], "best": [0.51111114, 0.53832203, 0.5460318, 0.54814816, 0.5502556, 0.5529387, 0.55440116, 0.5564186, 0.5565293, 0.55729806, 0.5517655, 0.55829465, 0.5600678, 0.5617827, 0.5598694, 0.5633657, 0.56636906, 0.57114446, 0.57401747, 0.57598585, 0.57468176, 0.58306885, 0.5863637, 0.59004414, 0.59205043, 0.59579515, 0.5990186, 0.6032057, 0.6082585, 0.6111762, 0.616344, 0.6205541, 0.6247967, 0.6276676, 0.6313168, 0.6345696, 0.6389836, 0.6419574, 0.6458664, 0.64918226, 0.65318894, 0.65677387, 0.66031003, 0.6639553, 0.6672115, 0.6695771, 0.6727141, 0.6756133, 0.67874044, 0.6812644], "duration": [23720, 25391, 26929, 26483, 27307, 25375, 25524, 27281, 27230, 27477, 31948, 27377, 27378, 27425, 31991, 27399, 27428, 27392, 29868, 27374, 27317, 27362, 31953, 27013, 31975, 27328, 27582, 27747, 28017, 27847, 29835, 27629, 27619, 27561, 27672, 32351, 27618, 27676, 27704, 32331, 27680, 27569, 27521, 27373, 32492, 32067, 27652, 32445, 36968, 32222]}