Hyperparameter,InfinityPool,LogicErrorPool,MemoryPool,MultiThreadedPool
BitWise Inversion,0.5967542202,0.42379788522,0.64975507524,0.4993597438222222
RandomInversion,0.57896742416,0.40390645722,0.6298222972,0.4741314757
SingleBitInversion,0.59424793414,0.41415225242,0.64453802004,0.48053962314
