{"avg": [0.122962974, 0.11596639, 0.13780639, 0.13019472, 0.12573738, 0.12797521, 0.13085538, 0.15274191, 0.096223295, 0.13210785, 0.132156, 0.2156284, 0.17210034, 0.1015381, 0.19305518, 0.16479385, 0.18170851, 0.1898211, 0.119260915, 0.19314463, 0.17040561, 0.21732855, 0.21531579, 0.22922051, 0.2607435, 0.23226891, 0.18962829, 0.29589152, 0.18741369, 0.2118276, 0.23120573, 0.21335359, 0.21854347, 0.19763683, 0.19354497, 0.24953617, 0.24051629, 0.24844459, 0.1916108, 0.26483735, 0.23980048, 0.24779998, 0.25318822, 0.24129248, 0.24353658, 0.22870767, 0.24292949, 0.26771244, 0.29455212, 0.31250206], "std": [0.11866658, 0.098547354, 0.100565776, 0.14013296, 0.12774843, 0.13188103, 0.14633292, 0.12598665, 0.11150651, 0.13285898, 0.13148186, 0.15499206, 0.143002, 0.10316, 0.12603767, 0.15094426, 0.14580713, 0.113490775, 0.12744007, 0.16630563, 0.12930986, 0.16755587, 0.14480162, 0.15767258, 0.13491267, 0.13528451, 0.16953415, 0.12717988, 0.14170869, 0.13737036, 0.13469939, 0.12611319, 0.15892734, 0.100127354, 0.15963356, 0.12658428, 0.12276527, 0.12554458, 0.13258556, 0.12353507, 0.13065156, 0.14984637, 0.17184664, 0.1112041, 0.13728477, 0.17182538, 0.17799228, 0.11879514, 0.12528537, 0.124422126], "var": [0.984, 0.968, 0.968, 0.952, 0.944, 0.928, 0.928, 0.92, 0.912, 0.904, 0.904, 0.888, 0.88, 0.888, 0.88, 0.872, 0.864, 0.856, 0.864, 0.856, 0.84, 0.832, 0.832, 0.84, 0.824, 0.816, 0.808, 0.808, 0.808, 0.8, 0.784, 0.784, 0.776, 0.784, 0.776, 0.776, 0.76, 0.76, 0.768, 0.768, 0.76, 0.744, 0.736, 0.72, 0.704, 0.696, 0.688, 0.68, 0.672, 0.664], "best": [0.3555556, 0.24285716, 0.38010916, 0.5417234, 0.3857617, 0.38166, 0.53968257, 0.38219, 0.37743935, 0.37360725, 0.3776745, 0.53748083, 0.53912234, 0.33556414, 0.3835492, 0.38342565, 0.5306782, 0.38092506, 0.38099912, 0.53381497, 0.54006296, 0.53913414, 0.38528568, 0.5412536, 0.54169005, 0.38713396, 0.5380309, 0.53089213, 0.5383504, 0.45049605, 0.5312221, 0.53895617, 0.5428282, 0.38564408, 0.54351175, 0.3861337, 0.386539, 0.49043855, 0.45151782, 0.4944267, 0.53127104, 0.5385497, 0.5392857, 0.3895738, 0.54029596, 0.5425682, 0.5404338, 0.5428473, 0.54318583, 0.53276134], "duration": [6957, 4718, 4833, 5130, 4994, 7129, 8935, 4954, 2705, 4616, 3440, 6967, 5077, 6954, 12120, 5326, 5149, 6990, 3098, 4951, 6964, 7388, 4927, 6987, 8881, 4946, 3314, 9007, 3126, 9323, 9103, 8973, 7077, 6845, 6890, 8872, 5301, 7769, 8925, 7073, 7212, 3579, 5325, 7005, 3317, 7128, 3434, 7771, 8904, 5183]}