{"avg": [0.13333334, 0.19208944, 0.18260016, 0.23108138, 0.16177079, 0.22175719, 0.21087137, 0.20335563, 0.2451936, 0.22224526, 0.25272447, 0.22262844, 0.29827994, 0.29197693, 0.26586312, 0.24633624, 0.24198289, 0.3288897, 0.3539726, 0.32000786, 0.3427284, 0.33278087, 0.30036777, 0.3432117, 0.30296353, 0.3609735, 0.3353311, 0.37339985, 0.30761802, 0.3656694, 0.37001425, 0.38192406, 0.3672603, 0.4090349, 0.3745841, 0.46306625, 0.45648316, 0.3692919, 0.4458341, 0.46460202, 0.42975518, 0.48227265, 0.51335496, 0.46040586, 0.43934965, 0.5359995, 0.515871, 0.53746134, 0.5498621, 0.5093428], "std": [0.08757195, 0.09728639, 0.09329342, 0.08084889, 0.15049013, 0.07369572, 0.12046714, 0.10750976, 0.119305365, 0.13297741, 0.12106554, 0.11979897, 0.10643785, 0.13184153, 0.13765329, 0.1705511, 0.0710573, 0.09892446, 0.12584151, 0.15124016, 0.1320939, 0.105606146, 0.15281078, 0.09910364, 0.12504669, 0.15454096, 0.13851827, 0.13592616, 0.12904416, 0.10519347, 0.12512977, 0.10974838, 0.06571588, 0.13924263, 0.15874274, 0.07354972, 0.11424641, 0.1283728, 0.12882179, 0.12149109, 0.13436046, 0.118881226, 0.08883267, 0.12677036, 0.16558085, 0.09931855, 0.118747555, 0.12565236, 0.10145824, 0.1503395], "var": [0.98, 0.96, 0.92, 0.92, 0.88, 0.86, 0.84, 0.82, 0.8, 0.76, 0.74, 0.7, 0.7, 0.66, 0.62, 0.6, 0.56, 0.54, 0.54, 0.56, 0.54, 0.5, 0.5, 0.5, 0.48, 0.46, 0.46, 0.44, 0.44, 0.44, 0.42, 0.4, 0.4, 0.4, 0.4, 0.4, 0.38, 0.36, 0.36, 0.38, 0.34, 0.32, 0.3, 0.3, 0.28, 0.26, 0.26, 0.26, 0.26, 0.24], "best": [0.3555556, 0.39477128, 0.38548756, 0.38984132, 0.5406927, 0.390377, 0.39375004, 0.39377615, 0.5421189, 0.39518377, 0.39864644, 0.5451834, 0.54639363, 0.54849327, 0.40434384, 0.55076045, 0.39930087, 0.5513287, 0.55218256, 0.553692, 0.55649567, 0.5587302, 0.55914915, 0.5603444, 0.5605418, 0.56138945, 0.56340915, 0.56401485, 0.566157, 0.5666667, 0.5675824, 0.5688777, 0.4300379, 0.5694259, 0.57154024, 0.5730335, 0.5751046, 0.57814604, 0.5789112, 0.5809895, 0.5835867, 0.5853742, 0.58807683, 0.59157217, 0.5936861, 0.5959778, 0.5993246, 0.6021553, 0.60599434, 0.60950696], "duration": [2250, 3769, 3767, 3803, 5770, 5723, 3808, 2249, 6250, 2039, 7647, 6132, 3935, 3878, 9571, 2059, 9572, 7731, 4055, 4312, 4021, 2093, 2011, 5813, 5843, 6112, 3958, 4722, 5833, 6233, 2174, 2390, 3885, 2162, 2178, 2342, 2268, 7742, 2176, 2242, 2228, 4111, 4120, 4032, 2303, 2289, 2281, 2280, 2701, 4134]}