{"avg": [0.39022225, 0.421727, 0.42283493, 0.42864454, 0.43378732, 0.41527116, 0.41990006, 0.41849488, 0.41200042, 0.40562543, 0.40189973, 0.4048029, 0.413123, 0.40926868, 0.40639454, 0.40868196, 0.40926608, 0.41277957, 0.413999, 0.41298577, 0.41517615, 0.42037332, 0.4272041, 0.42211533, 0.43041, 0.43175864, 0.43473843, 0.43522438, 0.4313872, 0.43003064, 0.43450317, 0.43637154, 0.4360891, 0.43457806, 0.44295242, 0.4354412, 0.43629766, 0.4344219, 0.43781787, 0.44701347, 0.4488576, 0.4495321, 0.4487494, 0.44777825, 0.44740877, 0.45161316, 0.44976303, 0.4446256, 0.45000836, 0.4440667], "std": [0.12665963, 0.13032694, 0.12147811, 0.12178177, 0.12238376, 0.12034936, 0.109546155, 0.111297496, 0.10516734, 0.10822157, 0.11585045, 0.10476324, 0.10384204, 0.105267905, 0.105223, 0.09351748, 0.09782512, 0.0969631, 0.09555424, 0.10271742, 0.09915533, 0.105614774, 0.106039576, 0.09775679, 0.091189876, 0.08807761, 0.09766481, 0.09152283, 0.08771646, 0.09535434, 0.08618276, 0.08905835, 0.08873178, 0.08769983, 0.084981315, 0.08386871, 0.08833165, 0.084414065, 0.08548914, 0.086998194, 0.0862999, 0.09238144, 0.08359286, 0.08127178, 0.08814024, 0.08672563, 0.08917645, 0.08893081, 0.091919795, 0.084949076], "var": [0.98, 0.96, 0.96, 0.94, 0.92, 0.92, 0.9, 0.9, 0.86, 0.88, 0.88, 0.9, 0.9, 0.9, 0.88, 0.86, 0.86, 0.82, 0.82, 0.84, 0.8, 0.82, 0.8, 0.8, 0.8, 0.78, 0.74, 0.7, 0.68, 0.68, 0.64, 0.66, 0.66, 0.68, 0.64, 0.64, 0.62, 0.58, 0.56, 0.6, 0.62, 0.62, 0.6, 0.58, 0.58, 0.62, 0.64, 0.66, 0.62, 0.64], "best": [0.6, 0.6238096, 0.5886508, 0.62968254, 0.6269048, 0.58850795, 0.5878572, 0.5878005, 0.57996035, 0.5878307, 0.6274286, 0.5884993, 0.6321429, 0.62417585, 0.62707484, 0.5858095, 0.5885913, 0.586508, 0.5874339, 0.63516295, 0.5874127, 0.63229024, 0.6282035, 0.59170467, 0.59279764, 0.59313655, 0.6242308, 0.6373369, 0.5968651, 0.63100165, 0.59747624, 0.6244086, 0.6427679, 0.5997836, 0.64205885, 0.6005896, 0.5984656, 0.5988117, 0.6281203, 0.64380956, 0.5998294, 0.6242625, 0.5938549, 0.6005168, 0.5988132, 0.5951006, 0.6032678, 0.58995277, 0.64376986, 0.60098803], "duration": [70073, 70552, 69182, 70505, 70344, 70008, 69717, 70980, 69144, 69015, 67654, 67766, 68719, 68113, 66265, 68500, 69106, 68035, 68243, 68259, 66505, 67603, 68170, 68822, 68693, 69991, 69222, 69266, 69294, 70241, 70706, 69956, 70946, 70402, 70664, 69519, 69463, 69208, 69999, 70057, 70752, 70796, 70127, 69002, 69034, 71316, 71777, 71545, 71107, 70598]}