{"avg": [0.4051282, 0.3964663, 0.44503972, 0.47187918, 0.43022963, 0.42511687, 0.43488145, 0.47682542, 0.46372572, 0.4788567, 0.48394772, 0.47015637, 0.41352817, 0.5305337, 0.52720517, 0.5387727, 0.5396297, 0.5482354, 0.52688575, 0.5769306, 0.56620353, 0.59290123, 0.5990334, 0.5561299, 0.6186268, 0.6014769, 0.6065708, 0.56898975, 0.632071, 0.59204113, 0.6143564, 0.63741636, 0.6153128, 0.64280915, 0.6275253, 0.647291, 0.65104306, 0.6557445, 0.6010667, 0.6440079, 0.66313374, 0.6423583, 0.66492176, 0.6476977, 0.670864, 0.6789002, 0.6784831, 0.68387127, 0.6848363, 0.68656355], "std": [0.14955558, 0.14988421, 0.14940506, 0.14705004, 0.15116885, 0.14984517, 0.14884791, 0.14618562, 0.15059301, 0.14676034, 0.15053475, 0.14948054, 0.1449759, 0.1277652, 0.13121924, 0.12328882, 0.12387812, 0.12391952, 0.14108478, 0.10012843, 0.10722459, 0.07223039, 0.07393389, 0.12372725, 0.012620936, 0.07996618, 0.080749325, 0.13376011, 0.01577269, 0.10915411, 0.08596189, 0.018482009, 0.081284486, 0.017173087, 0.091170125, 0.01897788, 0.02073061, 0.015307557, 0.12033073, 0.085471354, 0.017635094, 0.09057403, 0.023624463, 0.09295709, 0.015064512, 0.013185736, 0.009847593, 0.00753965, 0.01789277, 0.02270876], "var": [0.98, 0.94, 0.9, 0.88, 0.84, 0.84, 0.82, 0.8, 0.78, 0.8, 0.8, 0.78, 0.74, 0.76, 0.76, 0.74, 0.74, 0.74, 0.7, 0.7, 0.66, 0.64, 0.62, 0.62, 0.6, 0.6, 0.56, 0.54, 0.54, 0.56, 0.54, 0.52, 0.52, 0.52, 0.5, 0.46, 0.44, 0.44, 0.44, 0.4, 0.4, 0.38, 0.36, 0.34, 0.34, 0.34, 0.34, 0.32, 0.3, 0.3], "best": [0.5666667, 0.6179488, 0.61349213, 0.61376816, 0.6139078, 0.6115733, 0.59899753, 0.6127977, 0.6069742, 0.6117883, 0.61323094, 0.6135896, 0.6149224, 0.6169834, 0.61850655, 0.61680794, 0.62066674, 0.62157077, 0.6260229, 0.6248766, 0.6298072, 0.63126177, 0.6330864, 0.632942, 0.6354152, 0.63720024, 0.6402181, 0.6432761, 0.64622664, 0.6461854, 0.6514108, 0.65350425, 0.6559291, 0.65777785, 0.6611141, 0.6637429, 0.6666418, 0.6692339, 0.67161816, 0.6731365, 0.6767951, 0.6793603, 0.6810451, 0.6831309, 0.68537325, 0.68744594, 0.69074225, 0.6923759, 0.6951883, 0.6981526], "duration": [1200, 1166, 1166, 1404, 1184, 1194, 1188, 1211, 1168, 1157, 1115, 1112, 1100, 1360, 1183, 1192, 1415, 1202, 1365, 1184, 1585, 1182, 2486, 1193, 1179, 1191, 1219, 1211, 1200, 1194, 1185, 1141, 1178, 1326, 1143, 1142, 1142, 1150, 1148, 1394, 1190, 1178, 1185, 1586, 1206, 1411, 1195, 1195, 1394, 1203]}