{"avg": [0.0920635, 0.15895693, 0.16097108, 0.12513116, 0.18485238, 0.16459161, 0.1619281, 0.15835446, 0.15470846, 0.13740402, 0.21384007, 0.18921843, 0.24135491, 0.24824762, 0.26217982, 0.28357786, 0.30631423, 0.23155715, 0.29827136, 0.25069016, 0.23491405, 0.3107905, 0.2890431, 0.30103356, 0.33558288, 0.2904381, 0.3207015, 0.29045942, 0.30425638, 0.32773873, 0.32191837, 0.33168763, 0.29980907, 0.3657711, 0.355298, 0.3717419, 0.370045, 0.4144973, 0.39230964, 0.47019792, 0.427038, 0.4516472, 0.43194446, 0.41928235, 0.415804, 0.44248208, 0.4569424, 0.4656618, 0.4468279, 0.48822072], "std": [0.11992272, 0.1258631, 0.13453543, 0.14459847, 0.10488062, 0.11023572, 0.120244354, 0.10930982, 0.15638259, 0.14066863, 0.14416003, 0.13577358, 0.13929935, 0.14025316, 0.1421776, 0.11214244, 0.15616786, 0.13893536, 0.14639322, 0.111275814, 0.15752377, 0.11451046, 0.13389681, 0.14919636, 0.101635754, 0.11298218, 0.13296591, 0.18451846, 0.14016153, 0.14388824, 0.12593819, 0.18849233, 0.15215228, 0.12752226, 0.11599643, 0.111264184, 0.13342805, 0.10776901, 0.09281394, 0.10463974, 0.1380359, 0.10402871, 0.08192225, 0.14259364, 0.11623049, 0.12415434, 0.11226956, 0.117533036, 0.10930411, 0.11362337], "var": [0.96, 0.92, 0.92, 0.9, 0.86, 0.82, 0.78, 0.78, 0.8, 0.78, 0.76, 0.76, 0.72, 0.74, 0.72, 0.7, 0.7, 0.68, 0.7, 0.68, 0.66, 0.64, 0.64, 0.64, 0.64, 0.68, 0.66, 0.66, 0.64, 0.62, 0.6, 0.6, 0.58, 0.58, 0.62, 0.66, 0.62, 0.62, 0.62, 0.6, 0.6, 0.58, 0.58, 0.58, 0.58, 0.62, 0.58, 0.56, 0.58, 0.56], "best": [0.3555556, 0.3963719, 0.37698418, 0.3940561, 0.37744498, 0.34771827, 0.37134233, 0.35130334, 0.5356887, 0.39034113, 0.5340049, 0.3928711, 0.53731424, 0.5386373, 0.53974694, 0.53900516, 0.55228764, 0.54686934, 0.55010235, 0.40757507, 0.5569445, 0.41085055, 0.55009073, 0.5540987, 0.5519006, 0.5391188, 0.55332947, 0.5566622, 0.56568825, 0.55420005, 0.5546093, 0.55542743, 0.55633, 0.55747217, 0.5594079, 0.5717291, 0.5730584, 0.56224376, 0.55403304, 0.57550687, 0.56569695, 0.5784038, 0.56896025, 0.5693556, 0.5698367, 0.5709916, 0.58273953, 0.57317203, 0.5747723, 0.57612824], "duration": [5705, 3852, 5790, 5783, 3933, 5683, 3892, 7567, 5837, 3983, 7639, 7628, 5838, 5786, 13430, 11524, 11513, 6089, 7777, 5827, 7735, 13346, 7715, 11505, 11482, 7709, 5867, 7786, 7726, 14144, 9698, 9689, 7752, 9673, 5871, 9652, 9773, 11582, 5845, 13506, 13507, 13508, 11543, 7861, 11539, 13497, 11575, 15747, 13511, 13522]}