{"avg": [0.37466663, 0.41325724, 0.42555723, 0.4381715, 0.45063573, 0.46321717, 0.47552383, 0.48818508, 0.5011478, 0.51397264, 0.5267363, 0.53960186, 0.5525754, 0.5651201, 0.57850415, 0.5914945, 0.604663, 0.6053312, 0.60592484, 0.6064562, 0.60693437, 0.60736704, 0.60776025, 0.60811937, 0.6084485, 0.6087513, 0.6090309, 0.60928965, 0.60953, 0.6097538, 0.60996246, 0.61015785, 0.61034113, 0.6105131, 0.6106751, 0.61082786, 0.61097217, 0.6111083, 0.6112377, 0.6113602, 0.6114768, 0.6115875, 0.611693, 0.61179364, 0.61188966, 0.61198145, 0.6120692, 0.61215323, 0.6122337, 0.612311], "std": [0.14400001, 0.14727205, 0.14970559, 0.15103997, 0.15134083, 0.15062238, 0.14884274, 0.14634347, 0.14262365, 0.13760586, 0.13125558, 0.12343621, 0.11337064, 0.101133235, 0.08505609, 0.06198363, 0.008430984, 0.008748256, 0.009033378, 0.009290742, 0.009524046, 0.009736381, 0.009930391, 0.010108297, 0.010271989, 0.010423068, 0.010562929, 0.010692746, 0.010813573, 0.010926292, 0.011031691, 0.011130442, 0.011223166, 0.011310392, 0.011392592, 0.011470176, 0.011543538, 0.011613, 0.011678863, 0.011741405, 0.011800869, 0.011857471, 0.011911417, 0.011962884, 0.012012046, 0.012059059, 0.012104047, 0.012147134, 0.012188454, 0.0122281015], "var": [1.0, 1.0, 0.98, 0.98, 0.96, 0.94, 0.9, 0.86, 0.84, 0.84, 0.82, 0.78, 0.74, 0.7, 0.7, 0.68, 0.68, 0.68, 0.68, 0.68, 0.68, 0.68, 0.68, 0.68, 0.68, 0.68, 0.68, 0.68, 0.68, 0.68, 0.68, 0.68, 0.68, 0.68, 0.68, 0.68, 0.68, 0.68, 0.68, 0.68, 0.68, 0.68, 0.68, 0.68, 0.68, 0.68, 0.68, 0.68, 0.68, 0.68], "best": [0.5666667, 0.60095245, 0.60023814, 0.60158736, 0.6038096, 0.60542864, 0.60730165, 0.60850346, 0.6098215, 0.6113757, 0.6129048, 0.61419916, 0.61555564, 0.6168499, 0.6178912, 0.61939687, 0.62068456, 0.6219048, 0.6229895, 0.62395996, 0.6248572, 0.6257597, 0.6265801, 0.62732923, 0.62801594, 0.6286477, 0.62923086, 0.62977076, 0.63027215, 0.630739, 0.6311747, 0.63158226, 0.6319643, 0.63232327, 0.6326611, 0.63297963, 0.6332805, 0.63356507, 0.63383466, 0.6340904, 0.6343334, 0.6345645, 0.63478464, 0.6349945, 0.63519484, 0.6353863, 0.63556945, 0.63574475, 0.6359128, 0.6360739], "duration": [3308, 3246, 3167, 3150, 3166, 3151, 3178, 3155, 3208, 3255, 3427, 3277, 3253, 3267, 3297, 3262, 3256, 3236, 3283, 3255, 3248, 3261, 3252, 3251, 3262, 3300, 3279, 3253, 3233, 3265, 3255, 3245, 3279, 3285, 3275, 3292, 3133, 3149, 3222, 3254, 3163, 3200, 3285, 3242, 3209, 3245, 3253, 3271, 3250, 3262]}