{"avg": [0.1851852, 0.16160716, 0.15619561, 0.21170637, 0.20966779, 0.20096192, 0.21636473, 0.25906017, 0.22203103, 0.22957674, 0.26997784, 0.2615613, 0.25085208, 0.26388243, 0.21298914, 0.2741236, 0.2614626, 0.23794757, 0.33793935, 0.33737835, 0.3624543, 0.33741444, 0.34471005, 0.35516205, 0.37543705, 0.36241987, 0.36829963, 0.40275103, 0.32674128, 0.3996396, 0.38849446, 0.41411787, 0.40011856, 0.36853313, 0.395665, 0.42330423, 0.41896233, 0.39658132, 0.42025888, 0.43020028, 0.4390538, 0.43716154, 0.45697618, 0.43811122, 0.43843243, 0.44253585, 0.4666331, 0.47454962, 0.4838607, 0.48761535], "std": [0.105070375, 0.11205555, 0.13653608, 0.13188101, 0.13527945, 0.11818239, 0.11798659, 0.11359508, 0.095134534, 0.10326672, 0.09362476, 0.09998155, 0.111471616, 0.12597562, 0.15244599, 0.12600383, 0.15420581, 0.14010085, 0.10201798, 0.07874, 0.07164873, 0.09133809, 0.091738366, 0.07076346, 0.06892542, 0.072343804, 0.071403936, 0.020800637, 0.12423763, 0.045189366, 0.07056129, 0.027890977, 0.061599318, 0.09082032, 0.08484784, 0.0376168, 0.055066925, 0.1287672, 0.072088264, 0.053163383, 0.046805456, 0.056892492, 0.031893265, 0.071588166, 0.0625589, 0.072654195, 0.044567667, 0.029837959, 0.008930518, 0.012414022], "var": [0.98, 0.98, 0.98, 0.98, 0.98, 0.96, 0.94, 0.94, 0.94, 0.92, 0.9, 0.9, 0.88, 0.84, 0.8, 0.8, 0.76, 0.76, 0.74, 0.76, 0.76, 0.74, 0.7, 0.7, 0.68, 0.68, 0.64, 0.66, 0.62, 0.62, 0.58, 0.56, 0.56, 0.52, 0.52, 0.5, 0.46, 0.44, 0.44, 0.42, 0.42, 0.4, 0.36, 0.32, 0.28, 0.24, 0.24, 0.22, 0.24, 0.22], "best": [0.3555556, 0.40000004, 0.38090122, 0.39047623, 0.3981005, 0.39816213, 0.39886868, 0.39030463, 0.38646957, 0.39501137, 0.39825913, 0.39645195, 0.40110424, 0.39918625, 0.39907718, 0.4011132, 0.40222228, 0.40182182, 0.40453517, 0.4080009, 0.4095849, 0.41526145, 0.41740483, 0.41735333, 0.42076194, 0.42319906, 0.4212957, 0.4272104, 0.4290641, 0.43062687, 0.43326867, 0.43633968, 0.44022763, 0.4436462, 0.44551772, 0.44873282, 0.4526252, 0.45606166, 0.45917562, 0.46328974, 0.46634668, 0.4701553, 0.4737308, 0.47765025, 0.48034796, 0.4831042, 0.48606092, 0.48993707, 0.49286458, 0.4959572], "duration": [1994, 6073, 3772, 1985, 3793, 4485, 7955, 5751, 2290, 3794, 7637, 5716, 7626, 7612, 3906, 4185, 7651, 3835, 2006, 7959, 1967, 5767, 5779, 7950, 1957, 7635, 7612, 3835, 5743, 3826, 1937, 3847, 1946, 5769, 5755, 6094, 1986, 3823, 4156, 3816, 3807, 2368, 8249, 3848, 1918, 1941, 2601, 1959, 1928, 2250]}