{"avg": [0.13148148, 0.17860672, 0.1746224, 0.16936651, 0.2038454, 0.18643063, 0.19986063, 0.2252436, 0.20988607, 0.19315377, 0.22093286, 0.21658364, 0.23709169, 0.24254471, 0.24525495, 0.22450146, 0.24408059, 0.24112438, 0.24127956, 0.2686064, 0.26103392, 0.27283105, 0.2860033, 0.27751973, 0.28705323, 0.28834248, 0.30038628, 0.31975135, 0.27604437, 0.30687007, 0.314763, 0.31746444, 0.29571623, 0.32037976, 0.31328952, 0.3470428, 0.3403832, 0.33587566, 0.34467208, 0.36035165, 0.355289, 0.3638881, 0.33713666, 0.36737984, 0.3755049, 0.34944052, 0.37366644, 0.3852704, 0.37874988, 0.3855951], "std": [0.06851852, 0.07889123, 0.07385614, 0.0794819, 0.046659965, 0.08175878, 0.074699275, 0.051803086, 0.059803117, 0.096607685, 0.057387162, 0.048962202, 0.07401296, 0.043552425, 0.04824293, 0.0654774, 0.04934239, 0.051142342, 0.049394563, 0.04327575, 0.045250315, 0.04614841, 0.04527826, 0.043695547, 0.061311323, 0.044757128, 0.043845374, 0.042675238, 0.052228026, 0.043370474, 0.03663046, 0.03558186, 0.045694236, 0.035694845, 0.04955526, 0.011107407, 0.044367522, 0.042545535, 0.043731634, 0.0270711, 0.023447566, 0.03310747, 0.059667554, 0.016116489, 0.012072742, 0.048948616, 0.032950044, 0.016767958, 0.036471866, 0.038901147], "var": [0.98, 0.96, 0.96, 0.92, 0.92, 0.88, 0.86, 0.84, 0.8, 0.76, 0.74, 0.7, 0.7, 0.7, 0.68, 0.66, 0.62, 0.6, 0.56, 0.58, 0.56, 0.54, 0.54, 0.54, 0.54, 0.58, 0.54, 0.56, 0.54, 0.5, 0.5, 0.48, 0.48, 0.46, 0.44, 0.42, 0.42, 0.4, 0.4, 0.42, 0.38, 0.38, 0.34, 0.34, 0.32, 0.28, 0.28, 0.26, 0.24, 0.24], "best": [0.1888889, 0.26296297, 0.2936508, 0.29910716, 0.3015873, 0.28893012, 0.30568358, 0.3052338, 0.31073016, 0.31164768, 0.31402287, 0.29892027, 0.31246802, 0.3188818, 0.32078853, 0.32288527, 0.32050318, 0.32903934, 0.33051085, 0.3209375, 0.3577839, 0.3332851, 0.357971, 0.33792818, 0.3899836, 0.34340507, 0.3460356, 0.3967699, 0.34974262, 0.3449103, 0.35335803, 0.3554491, 0.35170025, 0.3575694, 0.35491532, 0.3578174, 0.4163085, 0.36428708, 0.36697346, 0.4218189, 0.37427104, 0.37687892, 0.38085562, 0.38345248, 0.38578835, 0.3887982, 0.39134625, 0.39456093, 0.3978386, 0.4006126], "duration": [5768, 5244, 5287, 2697, 4884, 9825, 7796, 6771, 7949, 4837, 9326, 2994, 4844, 2990, 3766, 4613, 7145, 3424, 2617, 6592, 4131, 5447, 5220, 2574, 3293, 3738, 2461, 7896, 2765, 2857, 5488, 5020, 9002, 5305, 3273, 2637, 5394, 2646, 2543, 5671, 4668, 2853, 2586, 2549, 2628, 2668, 3023, 2841, 2570, 3325]}