{"avg": [0.16944447, 0.19609997, 0.18481594, 0.20542859, 0.1977954, 0.19232409, 0.21942843, 0.19843794, 0.22271755, 0.21991654, 0.22809759, 0.2323903, 0.20666447, 0.24263914, 0.24502993, 0.24945872, 0.2555284, 0.24111481, 0.24563631, 0.2509585, 0.24312815, 0.25587457, 0.26084137, 0.26631272, 0.2729917, 0.2693227, 0.27269992, 0.2970004, 0.28142726, 0.28982753, 0.28170055, 0.26982826, 0.29469892, 0.29714718, 0.30790028, 0.3104808, 0.32131565, 0.30794045, 0.31640273, 0.31767, 0.3093335, 0.31948346, 0.34449223, 0.34691554, 0.35599336, 0.33621594, 0.33427516, 0.35124287, 0.36100793, 0.35096094], "std": [0.047385342, 0.053795498, 0.068502076, 0.05565211, 0.076985, 0.083808966, 0.072507665, 0.048569523, 0.06732963, 0.04754556, 0.027658427, 0.050833978, 0.04865097, 0.041319057, 0.051182624, 0.03740631, 0.043107253, 0.055410296, 0.05972801, 0.04364549, 0.051803943, 0.04102254, 0.039026324, 0.05062366, 0.0477093, 0.06602938, 0.04582841, 0.043793324, 0.06416717, 0.05084469, 0.050137956, 0.059946295, 0.046804707, 0.048972663, 0.04294319, 0.048550833, 0.039964426, 0.049205802, 0.049508754, 0.051462658, 0.049061872, 0.04818207, 0.025844332, 0.031124419, 0.025819898, 0.047801796, 0.045592595, 0.03640569, 0.027884042, 0.0425155], "var": [1.0, 1.0, 1.0, 1.0, 1.0, 1.0, 0.98, 0.96, 0.96, 0.94, 0.94, 0.94, 0.94, 0.94, 0.9, 0.9, 0.88, 0.84, 0.82, 0.82, 0.82, 0.82, 0.8, 0.8, 0.8, 0.8, 0.82, 0.82, 0.84, 0.86, 0.82, 0.82, 0.82, 0.82, 0.8, 0.8, 0.8, 0.8, 0.76, 0.74, 0.72, 0.7, 0.7, 0.66, 0.7, 0.72, 0.72, 0.7, 0.68, 0.68], "best": [0.26666668, 0.30833334, 0.29935518, 0.3025397, 0.32478634, 0.3270415, 0.31890333, 0.30394682, 0.3187004, 0.32276958, 0.33177564, 0.32216844, 0.3005588, 0.32210886, 0.3345861, 0.32270706, 0.33547276, 0.32779557, 0.33976611, 0.33761907, 0.32996097, 0.339258, 0.34070557, 0.345082, 0.3387226, 0.34759483, 0.34216854, 0.35236216, 0.35399732, 0.35545093, 0.35217875, 0.3542062, 0.3591837, 0.35995048, 0.36138758, 0.36326656, 0.3576579, 0.3588807, 0.36833414, 0.36937845, 0.3647436, 0.36582342, 0.3690185, 0.36910433, 0.37184268, 0.38088945, 0.37263387, 0.37845808, 0.3854286, 0.38288367], "duration": [4863, 4233, 2261, 1992, 3930, 2702, 7732, 1969, 3928, 1926, 1984, 8087, 3878, 1994, 5670, 7814, 3897, 2563, 3964, 3870, 3934, 4242, 5823, 4427, 5902, 3916, 1956, 2026, 1923, 2247, 1905, 3878, 3897, 2288, 1949, 1906, 1932, 2082, 2265, 3877, 1946, 3443, 2253, 2594, 1934, 1975, 1970, 1940, 2035, 1952]}