{"avg": [0.14285716, 0.18880579, 0.1950876, 0.20363677, 0.17745005, 0.19551022, 0.20194079, 0.21590053, 0.22003193, 0.20500845, 0.23191026, 0.21815188, 0.22580807, 0.22069103, 0.23466761, 0.22059834, 0.22255686, 0.22496726, 0.23805365, 0.25364745, 0.24744269, 0.22000705, 0.2601994, 0.26427808, 0.26898637, 0.28039768, 0.24740961, 0.25516012, 0.25395697, 0.29861316, 0.25911582, 0.2834262, 0.3115756, 0.30332097, 0.3121322, 0.31232995, 0.31751552, 0.3002406, 0.32109776, 0.31005475, 0.314256, 0.34128267, 0.32926604, 0.3328751, 0.3518174, 0.36307812, 0.34701407, 0.33579025, 0.38057497, 0.36426306], "std": [0.068346195, 0.07154402, 0.05010762, 0.06906952, 0.050292067, 0.040060826, 0.056715034, 0.058567055, 0.008553912, 0.056602165, 0.043331597, 0.051181138, 0.04901225, 0.05315491, 0.045436434, 0.052492667, 0.034674328, 0.048621453, 0.027262239, 0.06151524, 0.061917856, 0.041310277, 0.04853038, 0.06055043, 0.04798884, 0.06889486, 0.033913173, 0.05889789, 0.07908521, 0.06477464, 0.052328806, 0.056614336, 0.056632195, 0.06771676, 0.06764074, 0.075323366, 0.07676655, 0.07169764, 0.06671094, 0.07181343, 0.06907368, 0.078226365, 0.07367659, 0.06632095, 0.07648838, 0.06096254, 0.06954985, 0.079224154, 0.065521635, 0.076981336], "var": [1.0, 0.98, 0.94, 0.92, 0.88, 0.84, 0.84, 0.8, 0.76, 0.72, 0.7, 0.68, 0.7, 0.68, 0.66, 0.64, 0.6, 0.58, 0.58, 0.54, 0.52, 0.5, 0.5, 0.46, 0.48, 0.52, 0.5, 0.48, 0.48, 0.48, 0.48, 0.48, 0.48, 0.5, 0.52, 0.52, 0.54, 0.54, 0.54, 0.54, 0.58, 0.56, 0.54, 0.52, 0.56, 0.56, 0.54, 0.54, 0.52, 0.5], "best": [0.1888889, 0.3134921, 0.27690205, 0.30166474, 0.23609024, 0.23174605, 0.31195146, 0.30836943, 0.23461163, 0.31119862, 0.3143952, 0.31483138, 0.31127256, 0.31145185, 0.31239936, 0.31349206, 0.29436144, 0.2953893, 0.31255573, 0.3829112, 0.38372347, 0.30082157, 0.38544413, 0.3864529, 0.38741156, 0.38839632, 0.31552166, 0.39118212, 0.39036715, 0.39279893, 0.3162637, 0.39354843, 0.39426464, 0.39780912, 0.39978653, 0.4020862, 0.40348274, 0.4051837, 0.4040503, 0.40309393, 0.40608686, 0.408935, 0.40883642, 0.4097782, 0.49457735, 0.41472924, 0.41598463, 0.4171665, 0.49994552, 0.50196546], "duration": [2341, 2009, 3901, 4002, 1964, 2001, 3901, 3911, 3922, 5884, 3942, 10065, 9719, 3917, 7776, 4245, 3900, 9732, 3942, 3924, 10052, 4259, 5854, 7790, 9725, 9726, 3904, 5895, 9716, 11668, 7780, 7788, 11676, 9731, 10134, 15864, 11651, 11660, 15841, 13582, 11645, 13601, 13589, 11661, 15863, 13640, 11656, 13591, 13593, 13581]}