{"avg": [0.38750002, 0.40614417, 0.40963584, 0.4215444, 0.40039727, 0.41980475, 0.42833853, 0.4330854, 0.44434366, 0.49033803, 0.51849115, 0.5105312, 0.46172178, 0.50518996, 0.5036241, 0.46723977, 0.50834453, 0.48874396, 0.51527727, 0.5040848, 0.5100887, 0.52891773, 0.49257517, 0.52963126, 0.5448844, 0.5515098, 0.5184205, 0.5177438, 0.5176973, 0.5437443, 0.5632467, 0.56804454, 0.54248726, 0.57177126, 0.5397311, 0.5652582, 0.5854869, 0.5766547, 0.5840917, 0.59021485, 0.58813155, 0.5957126, 0.60405976, 0.599848, 0.6022448, 0.60704356, 0.59897405, 0.6161833, 0.61958325, 0.62048775, 0.62461936, 0.6235902, 0.6247339, 0.6350982, 0.6300461, 0.64378667, 0.6449463, 0.64940923, 0.64599884, 0.64953375, 0.6586801, 0.649733, 0.6596923, 0.6576413, 0.6572758, 0.66054994, 0.6722488, 0.6720327, 0.6728252, 0.66093975, 0.6725049, 0.670814, 0.6748879, 0.6830826, 0.68680143], "std": [0.105692536, 0.12570147, 0.12322262, 0.10874564, 0.13275489, 0.12108677, 0.107601255, 0.10478462, 0.10588337, 0.07439498, 0.055308986, 0.0675139, 0.08886908, 0.071939096, 0.07503916, 0.08508674, 0.068820834, 0.08938141, 0.07518328, 0.1029038, 0.07640593, 0.08815759, 0.11292244, 0.06718097, 0.04653548, 0.04490773, 0.08462513, 0.1093339, 0.10369689, 0.06732138, 0.015083422, 0.013419992, 0.10166383, 0.013757995, 0.10079397, 0.040319588, 0.012227945, 0.040254194, 0.01941604, 0.019168483, 0.01759805, 0.017268391, 0.01953344, 0.019725285, 0.022549337, 0.019819276, 0.029738752, 0.011495658, 0.019781316, 0.01320608, 0.015426611, 0.022487668, 0.024113484, 0.00915061, 0.027160369, 0.0034109878, 0.0042950534, 0.004590677, 0.023728648, 0.025514321, 0.0037147256, 0.027446643, 0.011111322, 0.032087065, 0.031208016, 0.030291706, 0.004113152, 0.0074944077, 0.008303066, 0.043069042, 0.029985646, 0.037779994, 0.035232496, 0.008102816, 0.004646545], "var": [1.0, 0.98, 0.96, 0.94, 0.92, 0.92, 0.9, 0.88, 0.86, 0.82, 0.82, 0.8, 0.78, 0.76, 0.76, 0.8, 0.78, 0.76, 0.72, 0.7, 0.66, 0.64, 0.6, 0.6, 0.62, 0.62, 0.6, 0.58, 0.6, 0.58, 0.6, 0.58, 0.54, 0.52, 0.5, 0.52, 0.52, 0.5, 0.48, 0.48, 0.48, 0.48, 0.46, 0.44, 0.44, 0.4, 0.36, 0.36, 0.36, 0.32, 0.32, 0.3, 0.28, 0.26, 0.24, 0.24, 0.24, 0.24, 0.22, 0.22, 0.22, 0.2, 0.2, 0.2, 0.18, 0.18, 0.18, 0.18, 0.18, 0.18, 0.18, 0.18, 0.18, 0.18, 0.18], "best": [0.51111114, 0.55128974, 0.55028164, 0.53846675, 0.54545933, 0.5487051, 0.54993105, 0.54726636, 0.5456734, 0.5490363, 0.5477412, 0.5511224, 0.55113685, 0.55218256, 0.553501, 0.55481344, 0.55621374, 0.5895692, 0.5629572, 0.5622244, 0.565873, 0.5645, 0.57066965, 0.57199454, 0.5731429, 0.57495004, 0.57483834, 0.57913834, 0.5769696, 0.58222365, 0.5852361, 0.58704686, 0.5888478, 0.5904301, 0.59256476, 0.59431416, 0.5963264, 0.5996464, 0.60242766, 0.6047854, 0.6077207, 0.6104479, 0.6556721, 0.6160507, 0.6188077, 0.6211498, 0.62383384, 0.6255138, 0.62856936, 0.63012767, 0.634127, 0.6370596, 0.6396474, 0.6419488, 0.6446527, 0.6468614, 0.6498145, 0.6528522, 0.6556652, 0.65844375, 0.66137904, 0.663852, 0.66592145, 0.66820633, 0.6702714, 0.67223537, 0.6741393, 0.67632055, 0.67841834, 0.68002564, 0.6817282, 0.68404126, 0.6855685, 0.6872564, 0.6890944], "duration": [25099, 26704, 30951, 26590, 31909, 25432, 26953, 25338, 27442, 27480, 27619, 27676, 36163, 27595, 27442, 23682, 27546, 27414, 27550, 27508, 27647, 27500, 27502, 27414, 28309, 33302, 27301, 27372, 27680, 27607, 27608, 27847, 27637, 27872, 27636, 28030, 27759, 27666, 27819, 27385, 27412, 27716, 27809, 32354, 28123, 32417, 27856, 27507, 27816, 29515, 27380, 28920, 27793, 32459, 28447, 29360, 36567, 27367, 32059, 36667, 27857, 32462, 27846, 27904, 27965, 27990, 28992, 27476, 27456, 31941, 32491, 27527, 27517, 27409, 27417]}