{"avg": [0.30555558, 0.38611114, 0.4645844, 0.423499, 0.45541155, 0.43123785, 0.43948194, 0.3531454, 0.4333104, 0.45326883, 0.46591464, 0.47754806, 0.48523366, 0.46282333, 0.48977277, 0.46797138, 0.4978125, 0.4523533, 0.49247628, 0.5033875, 0.5393808, 0.5033483, 0.51002175, 0.537193, 0.5455567, 0.5279718, 0.50965357, 0.5669994, 0.54160994, 0.52844876, 0.5590436, 0.5436489, 0.546512, 0.5800398, 0.58227444, 0.5855288, 0.5999288, 0.6084476, 0.6120904, 0.5952879, 0.61276096, 0.60993975, 0.6218702, 0.6191421, 0.6218761, 0.626493, 0.6380916, 0.6408806, 0.6423047, 0.6572835, 0.65062344, 0.6531822, 0.66089994, 0.66225344, 0.6602604, 0.6539407, 0.66637874, 0.66907376, 0.66060764, 0.6789461, 0.6872406, 0.6875654, 0.68999994, 0.6846003, 0.6967777, 0.69680506, 0.69338, 0.7002496, 0.6934274, 0.69669294, 0.7082375, 0.71008307, 0.70295, 0.7049045, 0.71480566], "std": [0.13528663, 0.1447321, 0.08864175, 0.1358271, 0.09576505, 0.1209534, 0.11382368, 0.15499572, 0.14123759, 0.09202161, 0.10944182, 0.09036682, 0.08846475, 0.14289449, 0.08560446, 0.143247, 0.10629747, 0.120827705, 0.09324109, 0.08818779, 0.044046834, 0.11224732, 0.081685744, 0.07044599, 0.06420804, 0.07321814, 0.11182942, 0.01940358, 0.065533035, 0.10642936, 0.061515655, 0.09696936, 0.1067219, 0.022683742, 0.025934603, 0.027740847, 0.023653805, 0.023024201, 0.019713502, 0.031912908, 0.028789634, 0.03439428, 0.029151984, 0.031822737, 0.03638373, 0.035188455, 0.025332652, 0.026687033, 0.032721885, 0.0065784315, 0.023026621, 0.027148413, 0.027030418, 0.02278816, 0.03669, 0.045369063, 0.02718635, 0.029038355, 0.03935464, 0.022325883, 0.0, 0.008062492, 0.007935062, 0.028861977, 1.1920929e-07, 0.008346937, 0.029067792, 0.009443981, 0.03179983, 0.029923901, 1.1920929e-07, 0.0, 0.032195166, 0.0314262, 0.0], "var": [0.98, 0.98, 0.96, 0.96, 0.92, 0.92, 0.92, 0.92, 0.92, 0.92, 0.92, 0.9, 0.88, 0.86, 0.86, 0.82, 0.8, 0.78, 0.76, 0.72, 0.72, 0.7, 0.66, 0.66, 0.64, 0.6, 0.6, 0.58, 0.54, 0.5, 0.48, 0.46, 0.42, 0.38, 0.34, 0.32, 0.3, 0.3, 0.3, 0.26, 0.22, 0.24, 0.24, 0.2, 0.18, 0.18, 0.14, 0.14, 0.14, 0.14, 0.14, 0.14, 0.12, 0.12, 0.12, 0.08, 0.08, 0.08, 0.08, 0.08, 0.08, 0.08, 0.08, 0.08, 0.08, 0.08, 0.08, 0.08, 0.06, 0.04, 0.04, 0.04, 0.04, 0.02, 0.02], "best": [0.51111114, 0.5602183, 0.5510497, 0.5545894, 0.5510627, 0.55215126, 0.5556907, 0.55851567, 0.549948, 0.5573599, 0.55673325, 0.55900866, 0.5535099, 0.55908203, 0.56370854, 0.5676842, 0.5705405, 0.5720954, 0.5728488, 0.57418275, 0.57580113, 0.57549036, 0.5777088, 0.5803511, 0.5840039, 0.588232, 0.5896182, 0.5906079, 0.5936834, 0.59555066, 0.5967133, 0.5998288, 0.60128134, 0.6050111, 0.6080914, 0.6110331, 0.6135514, 0.6198848, 0.6242362, 0.6286102, 0.6304616, 0.6333482, 0.6364187, 0.6401206, 0.6428941, 0.6457044, 0.6489749, 0.65293586, 0.65602356, 0.6591079, 0.6623305, 0.66496193, 0.66787916, 0.6709423, 0.67397845, 0.67619973, 0.678023, 0.6805065, 0.682624, 0.6840681, 0.6872406, 0.68972015, 0.6920487, 0.694459, 0.6967778, 0.69896007, 0.70114857, 0.70297587, 0.70464504, 0.7064997, 0.7082374, 0.71008307, 0.7118794, 0.71330345, 0.71480566], "duration": [30437, 26542, 27419, 27404, 27300, 27088, 31728, 26516, 27416, 27260, 27410, 27320, 26938, 31826, 27340, 27285, 27266, 27306, 27290, 27269, 27295, 27320, 27319, 27296, 27222, 27322, 27407, 32022, 27423, 27504, 27473, 27443, 31899, 27240, 27274, 27273, 40984, 27359, 32940, 28156, 31851, 27379, 27469, 27689, 27451, 27390, 36521, 27471, 36423, 27255, 27407, 27359, 27407, 27443, 27899, 27490, 27513, 28171, 27251, 31960, 28167, 32755, 27313, 31894, 27921, 31961, 27413, 27421, 27412, 27372, 27407, 27364, 27410, 30440, 27255]}