{"avg": [0.30196086, 0.47290385, 0.4611525, 0.39390478, 0.43389696, 0.4720822, 0.42808586, 0.43735456, 0.52311754, 0.5076614, 0.50791687, 0.5059914, 0.54231197, 0.50509393, 0.55498344, 0.56908315, 0.5437364, 0.55791914, 0.5520521, 0.5270617, 0.59780174, 0.60182804, 0.528073, 0.5769642, 0.6319825, 0.5746083, 0.5957001, 0.6102466, 0.6146025, 0.61554456, 0.6305898, 0.6335015, 0.65797186, 0.61579245, 0.66685015, 0.67593706, 0.64731485, 0.6786465, 0.6736027, 0.67327404, 0.7018209, 0.71165454, 0.6981819, 0.70578957, 0.7172526, 0.72149515, 0.7214478, 0.7284645, 0.7336178, 0.7395974], "std": [0.09665693, 0.13900495, 0.14618339, 0.14247881, 0.15029377, 0.14960758, 0.15269789, 0.15218748, 0.13120915, 0.14158104, 0.1425715, 0.14179295, 0.12752843, 0.14134191, 0.113664344, 0.10608158, 0.12553278, 0.11987707, 0.12996112, 0.14905381, 0.0798283, 0.0814078, 0.15374938, 0.11774494, 0.015465198, 0.13207349, 0.115274236, 0.08839736, 0.099784724, 0.09927276, 0.09055273, 0.088085905, 0.028443433, 0.13748468, 0.02801325, 0.02860616, 0.10147111, 0.024413975, 0.09614668, 0.100228965, 0.020366864, 1.1920929e-07, 0.03921607, 0.025662774, 0.018032467, 0.017953012, 0.029554607, 0.01698162, 0.01048655, 5.9604645e-08], "var": [0.96, 0.92, 0.88, 0.84, 0.82, 0.8, 0.76, 0.72, 0.7, 0.7, 0.7, 0.66, 0.64, 0.64, 0.62, 0.58, 0.56, 0.54, 0.5, 0.48, 0.48, 0.46, 0.46, 0.46, 0.44, 0.4, 0.38, 0.34, 0.32, 0.3, 0.28, 0.28, 0.28, 0.24, 0.22, 0.2, 0.16, 0.16, 0.16, 0.14, 0.12, 0.12, 0.1, 0.1, 0.1, 0.08, 0.08, 0.06, 0.06, 0.06], "best": [0.5666667, 0.60168076, 0.59642863, 0.60047626, 0.6036631, 0.60085475, 0.6095239, 0.61707425, 0.6152306, 0.6159625, 0.61551464, 0.61669505, 0.61700314, 0.6193109, 0.6182725, 0.6193204, 0.6231041, 0.62554455, 0.62822515, 0.63226604, 0.63662654, 0.64000595, 0.6440477, 0.6452982, 0.64663076, 0.6502769, 0.65394866, 0.6575397, 0.6604304, 0.66349566, 0.6663369, 0.670273, 0.6742184, 0.6789249, 0.68241, 0.68659294, 0.6908959, 0.69392884, 0.6976394, 0.7027831, 0.7069125, 0.7116544, 0.71626925, 0.71918315, 0.72176075, 0.7257266, 0.72997946, 0.7325832, 0.7363255, 0.73959744], "duration": [1397, 1191, 1366, 1169, 1177, 1162, 1173, 1174, 1177, 1188, 1233, 1187, 1184, 1342, 1183, 1173, 1174, 1177, 1192, 1388, 1187, 1417, 1389, 1225, 1192, 1210, 1332, 1150, 1135, 1139, 1136, 1350, 1203, 1146, 1111, 1183, 1119, 1178, 1186, 1408, 1428, 1200, 1188, 1183, 1392, 1585, 1169, 1186, 1188, 1148]}