{"avg": [0.16837606, 0.21137686, 0.21289685, 0.22240397, 0.23619244, 0.23911823, 0.22880505, 0.21427213, 0.22379994, 0.2521693, 0.23999372, 0.2656963, 0.25511143, 0.23849152, 0.24220459, 0.26195633, 0.23625503, 0.28861782, 0.3035864, 0.31019673, 0.27983174, 0.29301417, 0.31669825, 0.3201266, 0.32871446, 0.3232675, 0.34258404, 0.33737576, 0.34543937, 0.3476778, 0.35348806, 0.35222486, 0.378076, 0.3491417, 0.3865531, 0.38140973, 0.4097218, 0.3697208, 0.4200779, 0.39181367, 0.4453042, 0.44297293, 0.4289336, 0.45099005, 0.45166618, 0.44864497, 0.4790965, 0.4662175, 0.47973543, 0.45969504], "std": [0.0740686, 0.066519864, 0.07192372, 0.064986736, 0.07783322, 0.074472494, 0.07161477, 0.071256116, 0.07899159, 0.04867055, 0.064904034, 0.078032926, 0.06486475, 0.08313532, 0.07151088, 0.054416157, 0.06397683, 0.07604307, 0.0654411, 0.08010446, 0.07618828, 0.07655035, 0.072464034, 0.059810203, 0.05898508, 0.08194081, 0.08481162, 0.082908615, 0.07579413, 0.05346773, 0.065655775, 0.098553084, 0.07437422, 0.101234496, 0.09325312, 0.07569455, 0.06343486, 0.074779406, 0.07442288, 0.089265734, 0.045759924, 0.06224449, 0.082573496, 0.0672634, 0.06431133, 0.07861679, 0.04286953, 0.0613037, 0.06235734, 0.09174815], "var": [0.96, 0.92, 0.88, 0.88, 0.84, 0.82, 0.78, 0.76, 0.74, 0.7, 0.68, 0.68, 0.68, 0.64, 0.64, 0.62, 0.62, 0.62, 0.58, 0.54, 0.52, 0.52, 0.5, 0.5, 0.48, 0.46, 0.48, 0.46, 0.42, 0.42, 0.44, 0.42, 0.42, 0.38, 0.34, 0.3, 0.3, 0.3, 0.3, 0.3, 0.3, 0.28, 0.3, 0.28, 0.28, 0.24, 0.22, 0.22, 0.2, 0.18], "best": [0.2777778, 0.31623933, 0.318254, 0.3072809, 0.33395785, 0.33463204, 0.36763954, 0.36241445, 0.31788275, 0.35918367, 0.3135689, 0.40839005, 0.32080653, 0.3164388, 0.41404325, 0.3182849, 0.3203843, 0.41673055, 0.41881678, 0.422277, 0.4254744, 0.4278599, 0.48493248, 0.43254647, 0.43620765, 0.43850756, 0.44097376, 0.4448309, 0.4472907, 0.44883764, 0.4511314, 0.50961196, 0.4565873, 0.4595362, 0.46238905, 0.5042386, 0.46788967, 0.47086644, 0.47208774, 0.47650695, 0.47863388, 0.48281544, 0.48637694, 0.54480034, 0.49283403, 0.52779025, 0.49914348, 0.5029155, 0.55457145, 0.5091504], "duration": [3913, 3972, 7581, 3677, 5442, 3541, 5666, 3778, 7807, 3394, 2867, 5024, 4066, 2811, 3543, 7624, 5329, 5696, 3626, 5331, 3570, 2730, 5537, 5427, 10249, 5268, 3739, 5568, 5313, 6101, 3740, 3466, 3777, 2826, 3669, 7610, 3539, 3544, 3174, 3579, 2940, 3609, 3272, 4067, 5009, 4066, 3149, 6998, 4893, 3155]}