{"avg": [0.43541667, 0.42885256, 0.43622512, 0.40078703, 0.43682402, 0.39065045, 0.45025516, 0.47959626, 0.42781708, 0.45951897, 0.45089027, 0.54732317, 0.47058845, 0.54131365, 0.49230653, 0.5888609, 0.554191, 0.534123, 0.5492221, 0.5783703, 0.5350942, 0.599093, 0.57965136, 0.60684365, 0.5845596, 0.6022926, 0.618496, 0.63560116, 0.6194097, 0.61694205, 0.6225815, 0.634069, 0.6256749, 0.62990296, 0.64002407, 0.66500455, 0.6669191, 0.67956734, 0.6785637, 0.6969779, 0.6701294, 0.70495135, 0.68108195, 0.67170084, 0.67950755, 0.7057804, 0.69375217, 0.6966947, 0.72912794, 0.72549385, 0.72579366, 0.7295512, 0.74045855, 0.7272421, 0.7387228, 0.7490136, 0.75159, 0.74627984, 0.74929, 0.74204946, 0.76099384, 0.7547636, 0.7651606, 0.7562952, 0.7573964, 0.77095056, 0.7729321, 0.77497196, 0.7767182, 0.76492465, 0.779548, 0.78137785, 0.7826366, 0.7843745, 0.78586584, 0.78751004, 0.7888291, 0.7902085, 0.79155385, 0.7927803, 0.79397935, 0.79523444, 0.796541, 0.79781526, 0.7989817, 0.800272, 0.8015298, 0.8026133, 0.8037433, 0.8048475, 0.8059263, 0.8069811, 0.80807596, 0.8092079, 0.8100691, 0.8110335, 0.81197745, 0.8127298, 0.8136942, 0.81474775, 0.81556123, 0.8164119, 0.81724554, 0.81806284, 0.8188644, 0.81955266, 0.82027745, 0.82103634, 0.8217345, 0.82255656, 0.823184, 0.8238888, 0.8245808, 0.82521814, 0.825886, 0.82654226, 0.82718694, 0.8278207, 0.82836604, 0.8289793, 0.82969385, 0.8302116, 0.8308296, 0.83136624, 0.8318595, 0.83241457, 0.83292675, 0.8334647, 0.833994, 0.834418, 0.8348685, 0.83540726, 0.83587545, 0.83633685, 0.8368515, 0.83729905, 0.8377111, 0.83823276, 0.83866096, 0.83908296, 0.8395547, 0.8399918, 0.840396, 0.8408738, 0.8412924, 0.8417303, 0.8422126, 0.8426122, 0.8430309, 0.8433953], "std": [0.14882353, 0.15578632, 0.15381047, 0.14837775, 0.15034828, 0.14341831, 0.15182972, 0.14406902, 0.15148722, 0.14994363, 0.15474597, 0.11532731, 0.15430717, 0.12418006, 0.15256812, 0.07523597, 0.1224386, 0.13402137, 0.13043673, 0.10629368, 0.15113252, 0.08810395, 0.10708837, 0.0849362, 0.12087919, 0.079065815, 0.079605155, 0.024822615, 0.085926585, 0.09116845, 0.090426676, 0.08288027, 0.08382028, 0.09292506, 0.08147888, 0.02694974, 0.028844677, 0.024679555, 0.030238809, 0.0068967496, 0.11111979, 0.007312578, 0.048795614, 0.10286468, 0.106852025, 0.030383237, 0.10928509, 0.110049486, 5.9604645e-08, 0.02689989, 0.027524957, 0.029927978, 1.1920929e-07, 0.04394449, 0.026563967, 5.9604645e-08, 5.9604645e-08, 0.030404935, 0.029007435, 0.04853319, 1.1920929e-07, 0.031961452, 5.9604645e-08, 0.04415221, 0.04585587, 5.9604645e-08, 5.9604645e-08, 0.0, 0.0, 0.049643967, 5.9604645e-08, 1.1920929e-07, 0.0, 5.9604645e-08, 0.0, 1.1920929e-07, 5.9604645e-08, 5.9604645e-08, 5.9604645e-08, 0.0, 1.1920929e-07, 5.9604645e-08, 5.9604645e-08, 5.9604645e-08, 5.9604645e-08, 0.0, 1.7881393e-07, 0.0, 5.9604645e-08, 1.1920929e-07, 0.0, 0.0, 1.7881393e-07, 0.0, 0.0, 5.9604645e-08, 5.9604645e-08, 0.0, 2.3841858e-07, 1.7881393e-07, 1.7881393e-07, 1.1920929e-07, 1.1920929e-07, 1.1920929e-07, 5.9604645e-08, 1.1920929e-07, 5.9604645e-08, 0.0, 1.7881393e-07, 5.9604645e-08, 0.0, 0.0, 1.1920929e-07, 5.9604645e-08, 1.1920929e-07, 1.1920929e-07, 1.1920929e-07, 1.1920929e-07, 1.7881393e-07, 1.7881393e-07, 5.9604645e-08, 1.7881393e-07, 0.0, 1.1920929e-07, 1.7881393e-07, 5.9604645e-08, 0.0, 0.0, 5.9604645e-08, 0.0, 5.9604645e-08, 0.0, 5.9604645e-08, 1.1920929e-07, 1.1920929e-07, 5.9604645e-08, 1.1920929e-07, 5.9604645e-08, 1.1920929e-07, 1.1920929e-07, 5.9604645e-08, 5.9604645e-08, 5.9604645e-08, 1.7881393e-07, 0.0, 1.7881393e-07, 1.1920929e-07, 0.0, 0.0, 5.9604645e-08], "var": [0.98, 0.96, 0.92, 0.9, 0.88, 0.84, 0.84, 0.84, 0.8, 0.8, 0.8, 0.78, 0.74, 0.72, 0.7, 0.7, 0.68, 0.64, 0.62, 0.58, 0.54, 0.54, 0.5, 0.48, 0.44, 0.46, 0.48, 0.44, 0.4, 0.36, 0.36, 0.38, 0.38, 0.38, 0.34, 0.3, 0.28, 0.28, 0.26, 0.26, 0.24, 0.22, 0.2, 0.16, 0.14, 0.14, 0.14, 0.12, 0.12, 0.12, 0.1, 0.08, 0.08, 0.08, 0.06, 0.06, 0.06, 0.06, 0.06, 0.06, 0.06, 0.04, 0.04, 0.04, 0.04, 0.04, 0.04, 0.04, 0.04, 0.02, 0.02, 0.02, 0.02, 0.02, 0.02, 0.02, 0.02, 0.02, 0.02, 0.02, 0.02, 0.02, 0.02, 0.02, 0.02, 0.02, 0.02, 0.02, 0.02, 0.02, 0.02, 0.02, 0.02, 0.02, 0.02, 0.02, 0.02, 0.02, 0.02, 0.02, 0.02, 0.02, 0.02, 0.02, 0.02, 0.02, 0.02, 0.02, 0.02, 0.02, 0.02, 0.02, 0.02, 0.02, 0.02, 0.02, 0.02, 0.02, 0.02, 0.02, 0.02, 0.02, 0.02, 0.02, 0.02, 0.02, 0.02, 0.02, 0.02, 0.02, 0.02, 0.02, 0.02, 0.02, 0.02, 0.02, 0.02, 0.02, 0.02, 0.02, 0.02, 0.02, 0.02, 0.02, 0.02, 0.02, 0.02, 0.02, 0.02, 0.02], "best": [0.5666667, 0.6098215, 0.61498606, 0.61475265, 0.6036631, 0.6134147, 0.613071, 0.61303264, 0.6128092, 0.61313635, 0.61222816, 0.61672086, 0.61664194, 0.620696, 0.6220475, 0.62663144, 0.6288309, 0.62806565, 0.63172954, 0.63468283, 0.6398699, 0.64263046, 0.6450341, 0.64694256, 0.6505013, 0.65350497, 0.65418124, 0.6581601, 0.6620126, 0.6649787, 0.6672632, 0.66987413, 0.67483133, 0.67714846, 0.6798625, 0.68359697, 0.6869763, 0.6903451, 0.69476753, 0.6988212, 0.7034295, 0.7067795, 0.71158326, 0.7136631, 0.7165287, 0.7196075, 0.72295994, 0.72610664, 0.729128, 0.7326832, 0.73555034, 0.73819065, 0.74045867, 0.7435416, 0.74613875, 0.74901354, 0.7515901, 0.75440586, 0.7565418, 0.7589132, 0.7609937, 0.76330566, 0.7651607, 0.7673333, 0.76923627, 0.7709506, 0.7729322, 0.77497196, 0.7767182, 0.7781925, 0.77954805, 0.781378, 0.7826366, 0.78437454, 0.78586584, 0.78751016, 0.78882915, 0.79020846, 0.7915539, 0.7927803, 0.7939792, 0.7952344, 0.7965409, 0.7978152, 0.7989818, 0.800272, 0.80152965, 0.8026133, 0.80374324, 0.80484736, 0.8059263, 0.8069811, 0.80807614, 0.8092079, 0.8100691, 0.81103355, 0.8119775, 0.8127298, 0.8136944, 0.8147476, 0.81556106, 0.8164118, 0.81724566, 0.81806296, 0.81886435, 0.8195528, 0.8202775, 0.82103634, 0.82173467, 0.8225566, 0.823184, 0.8238888, 0.82458067, 0.8252181, 0.82588613, 0.8265424, 0.82718706, 0.8278206, 0.82836586, 0.82897913, 0.8296939, 0.8302114, 0.8308296, 0.8313661, 0.83185935, 0.8324145, 0.83292675, 0.8334647, 0.83399403, 0.834418, 0.83486855, 0.83540726, 0.8358754, 0.83633673, 0.8368516, 0.837299, 0.837711, 0.8382327, 0.83866084, 0.8390831, 0.83955467, 0.83999187, 0.84039605, 0.84087396, 0.8412924, 0.8417305, 0.8422125, 0.8426122, 0.8430309, 0.84339535], "duration": [1119, 1272, 1266, 1077, 1126, 1076, 1266, 1093, 1078, 1087, 1085, 1086, 1083, 1640, 1083, 1094, 1089, 1087, 1273, 1129, 1091, 1095, 1093, 1095, 1271, 1094, 1099, 1099, 1102, 1282, 1556, 1086, 1081, 1118, 1445, 1281, 1089, 1096, 1279, 1094, 1093, 1104, 1089, 1283, 1087, 1084, 1118, 1083, 1092, 1090, 1085, 1091, 1094, 1275, 1095, 1273, 1277, 1095, 1271, 1305, 1255, 1113, 1091, 1162, 1089, 1087, 1088, 1092, 1088, 1126, 1089, 1128, 1130, 1098, 1130, 1096, 1085, 1093, 1278, 1087, 1091, 1097, 1094, 1100, 1104, 1454, 1090, 1088, 1095, 1670, 1100, 1274, 1267, 1088, 1098, 1094, 1093, 1097, 1455, 1130, 1283, 1093, 1095, 1269, 2062, 1094, 1289, 1099, 1093, 1127, 1093, 1279, 1282, 1092, 1281, 1273, 1093, 1090, 1092, 1279, 1096, 1095, 1105, 1094, 1092, 1095, 1092, 1087, 1092, 1093, 1282, 1277, 1097, 1095, 1092, 1099, 1098, 1280, 1094, 1094, 1092, 1091, 1098, 1090, 1269, 1268, 1088, 1119, 1093, 1090]}