{"avg": [0.15288892, 0.17340638, 0.18440954, 0.18320957, 0.20255636, 0.2138432, 0.20059523, 0.21480045, 0.21809047, 0.21579367, 0.20540321, 0.21246439, 0.20583971, 0.21520609, 0.20888576, 0.20488131, 0.20293671, 0.2092768, 0.20948464, 0.21248804, 0.20578746, 0.20886171, 0.20300981, 0.20214798, 0.20950398, 0.22298086, 0.21271734, 0.21629028, 0.21007791, 0.21648659, 0.21274859, 0.21328779, 0.21296649, 0.2065749, 0.21406604, 0.19930641, 0.21603973, 0.22326478, 0.20668186, 0.20717192, 0.21308874, 0.19942068, 0.20988029, 0.2098523, 0.20986086, 0.20251873, 0.21356411, 0.22088815, 0.20894624, 0.21059535], "std": [0.11526804, 0.13057174, 0.13361627, 0.14821893, 0.1344457, 0.15003836, 0.15206073, 0.15100408, 0.15336704, 0.14689575, 0.1506127, 0.15005746, 0.15084234, 0.15722643, 0.1532392, 0.16092838, 0.14902695, 0.15360673, 0.15361233, 0.15576254, 0.1564858, 0.15854603, 0.14936419, 0.15923272, 0.15392518, 0.1518992, 0.15607089, 0.15309533, 0.1489962, 0.15322602, 0.15618144, 0.15124093, 0.1561615, 0.15193246, 0.14608428, 0.15739225, 0.15813363, 0.1521269, 0.15196097, 0.14689691, 0.15630108, 0.15716015, 0.1541955, 0.1541221, 0.15413205, 0.15965295, 0.15142703, 0.14518744, 0.16377, 0.14906968], "var": [1.0, 0.98, 0.94, 0.9, 0.88, 0.88, 0.88, 0.88, 0.88, 0.88, 0.88, 0.88, 0.88, 0.88, 0.88, 0.88, 0.88, 0.88, 0.88, 0.88, 0.88, 0.88, 0.88, 0.88, 0.88, 0.88, 0.88, 0.88, 0.88, 0.88, 0.88, 0.88, 0.88, 0.88, 0.88, 0.88, 0.88, 0.88, 0.88, 0.88, 0.88, 0.88, 0.88, 0.88, 0.88, 0.88, 0.88, 0.88, 0.88, 0.88], "best": [0.3555556, 0.38698417, 0.3905556, 0.39206353, 0.39365083, 0.5425397, 0.5456349, 0.54784584, 0.549504, 0.5507937, 0.5518254, 0.5526696, 0.55337304, 0.55396825, 0.55447847, 0.5549207, 0.55530757, 0.555649, 0.5559524, 0.5562239, 0.5564683, 0.5566894, 0.55689037, 0.5570739, 0.5572421, 0.5573968, 0.5575397, 0.55767196, 0.5577948, 0.5579092, 0.5580159, 0.5581157, 0.55820936, 0.5582973, 0.55838007, 0.5584581, 0.55853176, 0.5586015, 0.55866754, 0.5587302, 0.55878973, 0.55884635, 0.55890024, 0.5589517, 0.55900073, 0.55904764, 0.5590925, 0.55913544, 0.5591766, 0.5592161], "duration": [5065, 5130, 5086, 5143, 5201, 5207, 5153, 5162, 5154, 5157, 5188, 5124, 5124, 5167, 5145, 5158, 5158, 5175, 5188, 5168, 5164, 5249, 5159, 5177, 5152, 5177, 5149, 5176, 5144, 5153, 5160, 5170, 5146, 5214, 5178, 5153, 5126, 5176, 5164, 5146, 5181, 5169, 5167, 5165, 5193, 5176, 5178, 5184, 5184, 5293]}