{"avg": [0.42888892, 0.45581272, 0.45683026, 0.47022223, 0.47346514, 0.4737898, 0.48128268, 0.48473427, 0.48824966, 0.49153978, 0.49477887, 0.49817467, 0.5027778, 0.50651723, 0.50718164, 0.51073587, 0.5141823, 0.5181244, 0.522983, 0.5238481, 0.5306985, 0.53435427, 0.5352503, 0.53879356, 0.5395758, 0.54038453, 0.5410899, 0.54194075, 0.54315096, 0.54459614, 0.5456887, 0.5495144, 0.55048776, 0.5513539, 0.55511796, 0.5563615, 0.55792326, 0.55968726, 0.56134206, 0.56258196, 0.56453633, 0.56511617, 0.56644666, 0.56761956, 0.56822103, 0.5698952, 0.5706985, 0.5715574, 0.5766782, 0.5780094], "std": [0.09034913, 0.09005789, 0.0942915, 0.08020088, 0.080010206, 0.07995315, 0.077028885, 0.07626247, 0.07509433, 0.07375885, 0.072689354, 0.07148783, 0.06775579, 0.06559721, 0.06584533, 0.06395114, 0.061963107, 0.05980956, 0.05436473, 0.0546309, 0.04854836, 0.044229027, 0.04457444, 0.039319, 0.039543092, 0.039759118, 0.03997326, 0.040252153, 0.040523287, 0.040869188, 0.04120954, 0.034726474, 0.034985654, 0.035255983, 0.026554232, 0.026684279, 0.026613478, 0.026799275, 0.027122606, 0.02720916, 0.026939727, 0.027027216, 0.027334878, 0.02751319, 0.027717598, 0.027981952, 0.02818038, 0.028353222, 0.012187373, 0.012306756], "var": [0.96, 0.96, 0.94, 0.94, 0.92, 0.92, 0.92, 0.92, 0.92, 0.9, 0.92, 0.9, 0.9, 0.9, 0.88, 0.88, 0.84, 0.84, 0.82, 0.78, 0.78, 0.78, 0.8, 0.8, 0.78, 0.76, 0.72, 0.68, 0.66, 0.68, 0.68, 0.7, 0.66, 0.64, 0.62, 0.6, 0.58, 0.56, 0.58, 0.56, 0.52, 0.52, 0.5, 0.54, 0.5, 0.5, 0.48, 0.46, 0.46, 0.44], "best": [0.51111114, 0.5449207, 0.54515874, 0.5449207, 0.5444445, 0.5440635, 0.54404765, 0.5446485, 0.54587305, 0.5468254, 0.5474921, 0.5480375, 0.54857147, 0.54964596, 0.5510431, 0.5523492, 0.5534326, 0.55436045, 0.55529106, 0.55619884, 0.5570159, 0.5578912, 0.55890334, 0.5603865, 0.56188494, 0.5633016, 0.56466424, 0.5659436, 0.56718254, 0.56828684, 0.5695556, 0.57098824, 0.57234627, 0.57365084, 0.5748506, 0.5759819, 0.5771561, 0.57827973, 0.57960737, 0.5810989, 0.58257544, 0.5839915, 0.5852608, 0.5865818, 0.58794016, 0.5892487, 0.5906039, 0.5919014, 0.59316474, 0.5945611], "duration": [63459, 62712, 62031, 64113, 64400, 64557, 65488, 65922, 66157, 66384, 67296, 68304, 68201, 70100, 68454, 70286, 70325, 70909, 70429, 70970, 72352, 74393, 72248, 74233, 74246, 74217, 74356, 74345, 74235, 74211, 74240, 74445, 74872, 74343, 76392, 76363, 76204, 76366, 76336, 76335, 76334, 76350, 77584, 76300, 76346, 76521, 76442, 76437, 76431, 76452]}