{"avg": [0.19523811, 0.21404564, 0.20968027, 0.22527651, 0.22002485, 0.256227, 0.23941654, 0.27812073, 0.23987377, 0.2680151, 0.29491666, 0.30922037, 0.30432972, 0.2696274, 0.3002318, 0.3100139, 0.2816192, 0.32978195, 0.36876842, 0.3289421, 0.33058566, 0.3460883, 0.35771307, 0.35522363, 0.36595538, 0.39541653, 0.36425328, 0.37868968, 0.38413474, 0.3922718, 0.40230364, 0.40509462, 0.41514063, 0.43192422, 0.43482053, 0.42745802, 0.42822513, 0.4576406, 0.4704341, 0.47963268, 0.4732007, 0.46843734, 0.4726207, 0.5012979, 0.4522458, 0.4590609, 0.4865027, 0.46909127, 0.46277186, 0.48321122, 0.4822626, 0.5213471, 0.49583244, 0.51675856, 0.5004914, 0.5281609, 0.53110313, 0.537908, 0.53633934, 0.51752996, 0.53721416, 0.52155435, 0.5322153, 0.5622693, 0.5484032, 0.56503165, 0.55189717, 0.5572287, 0.556139, 0.5535632, 0.55968434, 0.5612169, 0.5663219, 0.5649486, 0.57351816], "std": [0.09293512, 0.098463275, 0.10860855, 0.101127304, 0.09866513, 0.090922035, 0.0822413, 0.08629717, 0.113484405, 0.07549827, 0.069208264, 0.07555914, 0.081280574, 0.10104813, 0.09096525, 0.075352244, 0.11650524, 0.10068595, 0.06884317, 0.08977281, 0.11843062, 0.09403213, 0.09959667, 0.10072194, 0.09063971, 0.070997685, 0.06737719, 0.077953845, 0.08371215, 0.071885996, 0.061331406, 0.07652273, 0.07122264, 0.050179616, 0.052270625, 0.060808584, 0.07478207, 0.039587345, 0.035797443, 0.0019264304, 0.03682264, 0.06334593, 0.050448716, 0.013857982, 0.08140586, 0.082079336, 0.06416313, 0.09167261, 0.08887357, 0.08466242, 0.07118381, 0.014374393, 0.06423968, 0.040995874, 0.08115153, 1.1920929e-07, 0.0, 0.01430775, 5.9604645e-08, 0.08372874, 0.062021818, 0.07609419, 0.06648789, 0.025097426, 5.9604645e-08, 0.024567576, 0.021954497, 0.013071877, 0.0, 0.016451132, 5.9604645e-08, 0.0, 0.01307189, 5.9604645e-08, 0.018373262], "var": [1.0, 0.98, 0.96, 0.94, 0.9, 0.9, 0.86, 0.86, 0.82, 0.82, 0.8, 0.8, 0.78, 0.74, 0.72, 0.7, 0.68, 0.64, 0.62, 0.6, 0.58, 0.54, 0.52, 0.48, 0.46, 0.44, 0.42, 0.4, 0.38, 0.38, 0.36, 0.36, 0.34, 0.32, 0.3, 0.3, 0.26, 0.26, 0.26, 0.26, 0.24, 0.24, 0.22, 0.22, 0.2, 0.18, 0.16, 0.16, 0.16, 0.14, 0.12, 0.12, 0.12, 0.1, 0.1, 0.1, 0.1, 0.1, 0.1, 0.1, 0.08, 0.06, 0.04, 0.04, 0.04, 0.04, 0.04, 0.04, 0.04, 0.04, 0.04, 0.04, 0.04, 0.04, 0.04], "best": [0.33333334, 0.42811793, 0.38474146, 0.37450603, 0.3816327, 0.4401773, 0.388261, 0.3893785, 0.39511013, 0.39314064, 0.39420742, 0.39799255, 0.4134921, 0.40563768, 0.4071246, 0.46578106, 0.4159878, 0.46729797, 0.42176634, 0.4813372, 0.42379946, 0.42820334, 0.43321022, 0.43498626, 0.4915949, 0.43907115, 0.4429547, 0.44471467, 0.5022629, 0.5043475, 0.5073159, 0.4537021, 0.512743, 0.46019706, 0.46386647, 0.49298796, 0.47001958, 0.4734458, 0.53293854, 0.48038834, 0.48527908, 0.48946545, 0.49415326, 0.5531497, 0.5017892, 0.5596065, 0.50597346, 0.56516135, 0.5116191, 0.5691989, 0.51600313, 0.57398856, 0.57707494, 0.5787002, 0.5810658, 0.5281608, 0.53110313, 0.5894953, 0.5363394, 0.5938934, 0.595973, 0.5422856, 0.5999061, 0.6019517, 0.54840314, 0.6057723, 0.60780764, 0.60951614, 0.556139, 0.55812585, 0.5596844, 0.5612169, 0.6186094, 0.5649487, 0.62212926], "duration": [5604, 5737, 6278, 5486, 4489, 6916, 5527, 7511, 5799, 5952, 9324, 6454, 5570, 7535, 4131, 5926, 3913, 6391, 3982, 4633, 4755, 3844, 5737, 6254, 5685, 7751, 4092, 5803, 5916, 6496, 7674, 5957, 5823, 3949, 4755, 5843, 5805, 4137, 7639, 4040, 4087, 4052, 3997, 4149, 4754, 5989, 4133, 4125, 6000, 4033, 3885, 4104, 5827, 5968, 4863, 4132, 4065, 4075, 3942, 4088, 4026, 4151, 4034, 4131, 4100, 4071, 4066, 6037, 4203, 4068, 4162, 4130, 4841, 4022, 4141]}