{"avg": [0.47450992, 0.45986715, 0.45922333, 0.47614816, 0.48048148, 0.4841917, 0.45585307, 0.5335657, 0.47169724, 0.52456295, 0.49078083, 0.49359578, 0.5252322, 0.51448077, 0.51839197, 0.52397436, 0.5139922, 0.5113567, 0.5558783, 0.525856, 0.5393326, 0.55663955, 0.5606377, 0.55652094, 0.56226224, 0.5528791, 0.5604612, 0.5556294, 0.54817873, 0.56529313, 0.56532484, 0.56609607, 0.57772845, 0.57110244, 0.57434666, 0.5676098, 0.5759198, 0.5816827, 0.58201426, 0.57917935, 0.5728053, 0.5817172, 0.5875276, 0.58653784, 0.5905649, 0.5982802, 0.60036886, 0.60271484, 0.5997327, 0.6018652], "std": [0.065983936, 0.089054935, 0.08475934, 0.106175214, 0.104652494, 0.10207357, 0.090832844, 0.040264327, 0.09365087, 0.058868706, 0.08331199, 0.08150563, 0.057987954, 0.06907766, 0.07305726, 0.05779402, 0.07479808, 0.06970987, 0.0060165636, 0.06485411, 0.05380795, 0.012495554, 0.008332872, 0.01302383, 0.008377312, 0.040815517, 0.0128776925, 0.04379797, 0.051925704, 0.011947631, 0.013822638, 0.013726761, 0.0045714993, 0.014496663, 0.010318785, 0.020352392, 0.015455437, 0.017030368, 0.014173272, 0.017637733, 0.023518842, 0.014662367, 0.0160133, 0.0201457, 0.016018951, 0.009430999, 0.009857232, 0.010012479, 0.021148054, 0.021246862], "var": [1.0, 1.0, 0.96, 0.94, 0.94, 0.9, 0.9, 0.9, 0.9, 0.88, 0.84, 0.82, 0.82, 0.82, 0.8, 0.8, 0.78, 0.76, 0.76, 0.78, 0.76, 0.76, 0.76, 0.78, 0.8, 0.82, 0.82, 0.82, 0.8, 0.8, 0.76, 0.76, 0.76, 0.74, 0.74, 0.74, 0.72, 0.72, 0.72, 0.72, 0.7, 0.72, 0.68, 0.64, 0.64, 0.64, 0.6, 0.58, 0.58, 0.58], "best": [0.51111114, 0.55592906, 0.5545285, 0.5525397, 0.5554335, 0.55089414, 0.55283916, 0.5545531, 0.5576313, 0.5598796, 0.5587302, 0.55900544, 0.56061983, 0.5594305, 0.5637938, 0.5624317, 0.56288743, 0.5628322, 0.5630669, 0.56596243, 0.56820774, 0.56983155, 0.5695907, 0.5717354, 0.5730925, 0.57308954, 0.5747208, 0.5802319, 0.5789764, 0.57933354, 0.5840151, 0.58244133, 0.58602285, 0.5856149, 0.58688515, 0.5891291, 0.5928415, 0.5945277, 0.59543484, 0.59890133, 0.60076284, 0.6002182, 0.60304236, 0.60401845, 0.60641927, 0.60864455, 0.61285496, 0.61524904, 0.6176748, 0.6178751], "duration": [31505, 26947, 25021, 26935, 27027, 31518, 26718, 31510, 26686, 27050, 26982, 27001, 26989, 27043, 27022, 26999, 26992, 25078, 27073, 31548, 26999, 27036, 27031, 27012, 27020, 27029, 31525, 31568, 26945, 27068, 26984, 31467, 26976, 27029, 27021, 27044, 31575, 31506, 27001, 27098, 27051, 27088, 27012, 27044, 27043, 27032, 27128, 27016, 27045, 27051]}