{"avg": [0.14285716, 0.19241987, 0.20356435, 0.18450804, 0.195805, 0.21332726, 0.20441031, 0.21299328, 0.18512546, 0.19602115, 0.20976633, 0.23130818, 0.20475914, 0.21054034, 0.21779297, 0.24565496, 0.23473574, 0.2246229, 0.23328748, 0.22633667, 0.24644504, 0.2343739, 0.23606282, 0.24011478, 0.23228228, 0.24837957, 0.24616458, 0.2484346, 0.27008966, 0.2555339, 0.2578617, 0.2595924, 0.26582792, 0.27803764, 0.26009795, 0.2667389, 0.2892573, 0.29438856, 0.29704234, 0.29439908, 0.29020447, 0.28507432, 0.29855603, 0.28519848, 0.2916369, 0.2961699, 0.31455678, 0.31053722, 0.31741744, 0.32580614], "std": [0.068346195, 0.045825876, 0.07128187, 0.072243355, 0.052470792, 0.066411234, 0.057886533, 0.06964387, 0.05807697, 0.044445965, 0.070342034, 0.056263253, 0.050194904, 0.06602461, 0.066983774, 0.04126036, 0.04715961, 0.05836945, 0.056641955, 0.066186026, 0.05340023, 0.04716672, 0.04217874, 0.04787838, 0.039256006, 0.032901354, 0.05183722, 0.03233465, 0.037190456, 0.03939783, 0.088669814, 0.04810012, 0.08905192, 0.05688145, 0.057897232, 0.037679017, 0.056583393, 0.040748645, 0.06281772, 0.03716672, 0.069489665, 0.054854833, 0.046624314, 0.041806947, 0.04570543, 0.044351663, 0.058570333, 0.060422104, 0.06043096, 0.061409608], "var": [1.0, 1.0, 1.0, 1.0, 0.98, 0.96, 0.96, 0.96, 0.94, 0.92, 0.9, 0.9, 0.88, 0.88, 0.88, 0.86, 0.84, 0.84, 0.84, 0.82, 0.78, 0.76, 0.74, 0.76, 0.76, 0.74, 0.72, 0.7, 0.72, 0.72, 0.72, 0.7, 0.7, 0.72, 0.72, 0.74, 0.72, 0.7, 0.66, 0.68, 0.68, 0.7, 0.68, 0.7, 0.68, 0.68, 0.68, 0.66, 0.7, 0.68], "best": [0.1888889, 0.24161, 0.30844674, 0.31511545, 0.30714288, 0.3160661, 0.31346646, 0.31723988, 0.31327444, 0.234127, 0.31562883, 0.31636563, 0.3187201, 0.31430873, 0.3185636, 0.32039484, 0.3214286, 0.3231591, 0.3237754, 0.32717246, 0.3282386, 0.32253087, 0.32293862, 0.31513527, 0.32269412, 0.32539684, 0.33047777, 0.32328424, 0.33272284, 0.3179597, 0.38522673, 0.386513, 0.39353397, 0.3330499, 0.33350125, 0.33419698, 0.39593202, 0.33738542, 0.39844537, 0.33448413, 0.39805597, 0.40015122, 0.39915103, 0.3366542, 0.33587724, 0.34595183, 0.414867, 0.40412572, 0.41618752, 0.41718775], "duration": [2384, 3936, 3965, 2049, 2051, 6774, 3906, 1988, 2002, 1992, 4260, 3910, 4248, 5862, 5856, 3968, 3906, 1955, 5871, 3905, 6258, 4331, 6177, 5864, 3917, 5844, 5859, 1984, 9728, 9730, 7883, 5931, 5875, 5847, 5844, 3993, 4291, 8629, 5903, 9815, 4374, 9728, 4008, 3909, 4325, 3982, 4008, 4005, 9888, 6024]}