{"avg": [0.13333334, 0.13642856, 0.21161617, 0.2313004, 0.2320635, 0.2730159, 0.17952877, 0.16353092, 0.17233492, 0.10392497, 0.2133934, 0.14691426, 0.18305196, 0.26608035, 0.24082114, 0.1709432, 0.20662393, 0.23349081, 0.2581874, 0.24429113, 0.24087848, 0.1771841, 0.2458635, 0.2150416, 0.24664705, 0.22475499, 0.27366257, 0.2395426, 0.22886634, 0.28323498, 0.24050175, 0.21421133, 0.24683452, 0.26890436, 0.26240286, 0.2461625, 0.30121776, 0.254014, 0.28959244, 0.27462247, 0.2488973, 0.24579577, 0.26436546, 0.29247645, 0.33127946, 0.22271623, 0.27184525, 0.14846541, 0.3887847, 0.3212016], "std": [0.108487554, 0.14393738, 0.122629344, 0.113318816, 0.1316804, 0.08682322, 0.1282941, 0.11654345, 0.12864123, 0.14628488, 0.101459585, 0.12540326, 0.13965735, 0.11874355, 0.08306361, 0.12313177, 0.08656938, 0.076634146, 0.1428426, 0.13693544, 0.1068796, 0.12737438, 0.07327051, 0.13152952, 0.11637509, 0.12642927, 0.081235476, 0.102217324, 0.111756936, 0.13865492, 0.17664143, 0.118556336, 0.13097484, 0.114763245, 0.14357315, 0.10678922, 0.085767716, 0.15328678, 0.1164773, 0.11852889, 0.063446306, 0.14250661, 0.08054446, 0.113042876, 0.13841395, 0.12867555, 0.10897701, 0.12696697, 0.10565863, 0.078921005], "var": [0.98, 0.98, 0.96, 0.96, 0.94, 0.94, 0.94, 0.92, 0.92, 0.9, 0.9, 0.9, 0.9, 0.9, 0.88, 0.88, 0.86, 0.86, 0.86, 0.84, 0.84, 0.82, 0.82, 0.82, 0.82, 0.82, 0.82, 0.8, 0.8, 0.78, 0.78, 0.76, 0.74, 0.72, 0.72, 0.7, 0.7, 0.68, 0.68, 0.68, 0.68, 0.7, 0.72, 0.7, 0.7, 0.7, 0.7, 0.68, 0.66, 0.64], "best": [0.31111112, 0.32500002, 0.38044736, 0.38146597, 0.34973547, 0.3819625, 0.3533997, 0.34835166, 0.38364547, 0.3846032, 0.34671816, 0.34948185, 0.38405487, 0.38573667, 0.38652354, 0.3790765, 0.3861292, 0.38805747, 0.38879225, 0.3914988, 0.39186785, 0.3470831, 0.3926036, 0.39306504, 0.39354178, 0.3940374, 0.38130015, 0.3837532, 0.38334638, 0.54887277, 0.5505983, 0.39637193, 0.5529146, 0.3969577, 0.5544419, 0.38104358, 0.39821935, 0.39958853, 0.4004141, 0.4017774, 0.35638738, 0.40179282, 0.40197897, 0.55888313, 0.5595255, 0.40332073, 0.4035556, 0.36040428, 0.56055117, 0.4047858], "duration": [3250, 5148, 5137, 3259, 3292, 5156, 3223, 1779, 1269, 3179, 5134, 5138, 3167, 3271, 5100, 3241, 5445, 1330, 3242, 1398, 3242, 5123, 3247, 3227, 5150, 3243, 5170, 5114, 7011, 8942, 8947, 3215, 5750, 5115, 7040, 7018, 3251, 5092, 5122, 5120, 3292, 5203, 7027, 5175, 5195, 7043, 3289, 3213, 9032, 5203]}