{"avg": [0.14622226, 0.1748254, 0.17624599, 0.1845302, 0.18909684, 0.19294158, 0.20342536, 0.21562856, 0.21970238, 0.22512062, 0.23334123, 0.2432485, 0.25468972, 0.257367, 0.27131584, 0.28343236, 0.2915371, 0.29829505, 0.3112625, 0.32468468, 0.3384863, 0.35538316, 0.37397325, 0.3840123, 0.3936476, 0.40694535, 0.42490318, 0.43244365, 0.43360448, 0.44193006, 0.44643596, 0.45065087, 0.45460278, 0.46164826, 0.46358642, 0.46543777, 0.4686927, 0.47177175, 0.4769107, 0.479678, 0.480085, 0.4848077, 0.4883005, 0.48834947, 0.48940614, 0.4925883, 0.5023476, 0.5020972, 0.5072563, 0.5080376], "std": [0.075501956, 0.089114554, 0.09122643, 0.09247626, 0.09544434, 0.09860228, 0.10293437, 0.104671635, 0.10310314, 0.10921395, 0.11270691, 0.11955618, 0.11208862, 0.114164874, 0.1127518, 0.114711195, 0.11814652, 0.1182782, 0.12132356, 0.11634814, 0.10755216, 0.09396252, 0.086013526, 0.08361238, 0.07502849, 0.06636881, 0.015706241, 0.012975229, 0.026697513, 0.010108477, 0.0104768835, 0.010836958, 0.011186773, 0.01830053, 0.02196712, 0.012109339, 0.012390922, 0.012657306, 0.016059782, 0.017509365, 0.013376607, 0.01785863, 0.019074857, 0.016498111, 0.014183217, 0.016822886, 0.0273855, 0.022580316, 0.02232159, 0.018325597], "var": [0.96, 0.94, 0.9, 0.86, 0.84, 0.84, 0.82, 0.8, 0.76, 0.74, 0.72, 0.68, 0.64, 0.6, 0.56, 0.52, 0.5, 0.46, 0.44, 0.4, 0.36, 0.32, 0.3, 0.26, 0.22, 0.18, 0.18, 0.18, 0.16, 0.16, 0.16, 0.16, 0.16, 0.16, 0.14, 0.14, 0.14, 0.14, 0.14, 0.14, 0.14, 0.14, 0.14, 0.14, 0.14, 0.14, 0.12, 0.1, 0.1, 0.1], "best": [0.2777778, 0.3025397, 0.30563495, 0.35539684, 0.3145635, 0.3193016, 0.37944445, 0.39739233, 0.40043655, 0.40328047, 0.4060318, 0.45936507, 0.41063496, 0.3587668, 0.4183674, 0.41746035, 0.4290774, 0.42191413, 0.44179896, 0.44724312, 0.4457381, 0.4457143, 0.48764792, 0.46962735, 0.43632942, 0.4384699, 0.44059223, 0.48149914, 0.44468826, 0.44705528, 0.4518254, 0.45628777, 0.46047124, 0.5199567, 0.5236555, 0.47158733, 0.4749868, 0.47820252, 0.5368045, 0.5396948, 0.48688495, 0.54505223, 0.5475397, 0.5499114, 0.49661982, 0.55433863, 0.5968703, 0.61394465, 0.6159425, 0.56234205], "duration": [11793, 12227, 12092, 12360, 11597, 11929, 13097, 13787, 13187, 12084, 11030, 10999, 10620, 9916, 9811, 10307, 10455, 10254, 10043, 9307, 9302, 8245, 9318, 8880, 9053, 8899, 8981, 9298, 7707, 8738, 8310, 8184, 8465, 8650, 8069, 7339, 7568, 6747, 7911, 7845, 7179, 7794, 7587, 7018, 6955, 7124, 9234, 7908, 9013, 9315]}