{"avg": [0.11428573, 0.12956917, 0.08914432, 0.15237194, 0.17208052, 0.17652835, 0.21261576, 0.19476195, 0.16667368, 0.2284306, 0.21170303, 0.1994713, 0.21398444, 0.24027085, 0.19436193, 0.30647716, 0.23056015, 0.3123257, 0.22090732, 0.25451374, 0.2883183, 0.2778608, 0.32208464, 0.32198608, 0.32012764, 0.326399, 0.252705, 0.32116663, 0.3188092, 0.35972983, 0.30746305, 0.39880094, 0.38137147, 0.39859146, 0.38184553, 0.37775266, 0.40294534, 0.41844124, 0.42217118, 0.4250951, 0.46537867, 0.446131, 0.45724258, 0.4649513, 0.48861852, 0.4462396, 0.4422698, 0.4532942, 0.50951666, 0.5047215], "std": [0.11512042, 0.09259625, 0.11723234, 0.09712428, 0.1294133, 0.12342209, 0.088086054, 0.15252715, 0.12074218, 0.1200787, 0.0933944, 0.11977164, 0.104023464, 0.053038236, 0.14398147, 0.12300678, 0.12625693, 0.19225602, 0.10870512, 0.07327131, 0.116970725, 0.10194718, 0.17519638, 0.16575252, 0.106982335, 0.10182729, 0.10253285, 0.12219821, 0.14554563, 0.11295528, 0.14893909, 0.08883104, 0.11755136, 0.12615162, 0.15080738, 0.13236977, 0.11139028, 0.09423266, 0.0975183, 0.15599708, 0.110344596, 0.1149287, 0.09133134, 0.097704135, 0.082764536, 0.1565386, 0.121760204, 0.09727658, 0.0847767, 0.09386714], "var": [1.0, 0.96, 0.94, 0.94, 0.94, 0.92, 0.88, 0.86, 0.86, 0.86, 0.84, 0.84, 0.84, 0.86, 0.86, 0.86, 0.86, 0.84, 0.84, 0.82, 0.8, 0.8, 0.8, 0.8, 0.76, 0.72, 0.72, 0.72, 0.7, 0.72, 0.7, 0.68, 0.68, 0.64, 0.64, 0.64, 0.66, 0.64, 0.62, 0.6, 0.58, 0.58, 0.54, 0.5, 0.48, 0.44, 0.42, 0.42, 0.38, 0.36], "best": [0.3555556, 0.2187075, 0.36294475, 0.34790766, 0.3805556, 0.38644361, 0.38174608, 0.38745138, 0.38979408, 0.39319566, 0.39434463, 0.3963512, 0.39669317, 0.37395385, 0.39685553, 0.5526734, 0.5525826, 0.5568145, 0.4047331, 0.4055474, 0.5594305, 0.40802473, 0.5628497, 0.5654662, 0.56764287, 0.5687069, 0.4159045, 0.57202715, 0.57212645, 0.571917, 0.57368743, 0.574406, 0.57943827, 0.5810603, 0.5831237, 0.5748366, 0.58436143, 0.5867074, 0.59044933, 0.59159124, 0.5960407, 0.6006963, 0.6017115, 0.6065272, 0.60984963, 0.612149, 0.6071783, 0.6148829, 0.6209792, 0.6242922], "duration": [5727, 3735, 1941, 5695, 3822, 3785, 5774, 8037, 7626, 9556, 7658, 7707, 7934, 5808, 5828, 7776, 7694, 11565, 5737, 3916, 9944, 3883, 15659, 11559, 7721, 5790, 7739, 8397, 7707, 13403, 7717, 13462, 10000, 11602, 7734, 11539, 11943, 13472, 13440, 13480, 15758, 13484, 13476, 17971, 13504, 17970, 13474, 13470, 15772, 13488]}