{"avg": [0.16078432, 0.14730264, 0.19690102, 0.23356153, 0.15996704, 0.23587964, 0.22322474, 0.23180982, 0.2281556, 0.2586205, 0.27383244, 0.24776475, 0.250182, 0.36314058, 0.3446365, 0.32392204, 0.38243377, 0.29957664, 0.3245359, 0.41718015, 0.4717624, 0.38764355, 0.45070377, 0.45557573, 0.4047551], "std": [0.08674857, 0.10147763, 0.126959, 0.08122778, 0.1520141, 0.1384241, 0.12845823, 0.13951525, 0.1484234, 0.1333724, 0.15098962, 0.17979081, 0.12432428, 0.14435136, 0.1551063, 0.17366013, 0.1598227, 0.13961057, 0.1728669, 0.13707863, 0.112365656, 0.1569488, 0.15435559, 0.15743755, 0.1638017], "var": [1.0, 0.98, 0.94, 0.94, 0.92, 0.9, 0.9, 0.9, 0.9, 0.86, 0.82, 0.8, 0.76, 0.72, 0.7, 0.66, 0.62, 0.6, 0.6, 0.62, 0.6, 0.58, 0.54, 0.54, 0.54], "best": [0.3555556, 0.37236232, 0.39501137, 0.38793656, 0.5378067, 0.54206353, 0.5421888, 0.54491216, 0.5451513, 0.54907316, 0.5511409, 0.5530875, 0.55484545, 0.55639595, 0.5623932, 0.56478345, 0.5689749, 0.5738006, 0.5740482, 0.57646906, 0.57942444, 0.5841647, 0.58740985, 0.59208935, 0.5958978], "duration": [2206, 1895, 3807, 3811, 7653, 5784, 2041, 2363, 2049, 7694, 7910, 3950, 7717, 5875, 5860, 4471, 7880, 10445, 9597, 2704, 4112, 2209, 2673, 4155, 4102]}