{"avg": [0.40915036, 0.45350143, 0.47841334, 0.4577382, 0.50587136, 0.45970336, 0.49435237, 0.51166713, 0.5231503, 0.54634446, 0.4721032, 0.54207414, 0.51253694, 0.5305459, 0.5537699, 0.55024713, 0.51764864, 0.550203, 0.52582467, 0.5461511, 0.55947655, 0.5484536, 0.55124587, 0.56494635, 0.558351, 0.57034767, 0.55575764, 0.57513016, 0.57639617, 0.57537997, 0.5626812, 0.56190413, 0.5826844, 0.5831836, 0.58649313, 0.5820589, 0.5847503, 0.59353447, 0.5894622, 0.5891452, 0.58248085, 0.5993622, 0.5865513, 0.59904474, 0.6004147, 0.60593665, 0.6071829, 0.60892105, 0.611394, 0.61560154], "std": [0.10590657, 0.107597284, 0.08007834, 0.1309721, 0.07502327, 0.1368753, 0.081912756, 0.070167944, 0.0899488, 0.009803126, 0.13686603, 0.042262137, 0.10311774, 0.06418264, 0.01267688, 0.041140616, 0.100464046, 0.047722872, 0.099470876, 0.04907537, 0.016205564, 0.062752776, 0.050329793, 0.0140043795, 0.0473619, 0.01420882, 0.060856003, 0.012862023, 0.012367391, 0.018402213, 0.049148973, 0.050103456, 0.011987544, 0.012562562, 0.01073768, 0.018627597, 0.019137017, 0.007960484, 0.015422167, 0.020882972, 0.056005612, 0.013916957, 0.059394725, 0.014213054, 0.017532371, 0.015628414, 0.0152020715, 0.010854703, 0.022203518, 0.0132718645], "var": [0.96, 0.94, 0.94, 0.94, 0.92, 0.9, 0.9, 0.9, 0.9, 0.9, 0.9, 0.86, 0.86, 0.86, 0.84, 0.82, 0.82, 0.8, 0.8, 0.76, 0.78, 0.8, 0.8, 0.8, 0.8, 0.82, 0.8, 0.78, 0.8, 0.78, 0.8, 0.78, 0.76, 0.76, 0.74, 0.72, 0.68, 0.66, 0.66, 0.66, 0.62, 0.6, 0.58, 0.6, 0.56, 0.54, 0.52, 0.5, 0.48, 0.44], "best": [0.51111114, 0.5587302, 0.5602183, 0.5587302, 0.56026626, 0.55532885, 0.56121033, 0.5587302, 0.556293, 0.5618937, 0.5609485, 0.5626758, 0.5626149, 0.565815, 0.56827545, 0.56873417, 0.56878924, 0.5707658, 0.5739418, 0.5747076, 0.57880783, 0.5765337, 0.5780111, 0.58201206, 0.58317125, 0.5844686, 0.58643055, 0.5863403, 0.589899, 0.5913833, 0.5873319, 0.5887848, 0.59295344, 0.59526867, 0.5966211, 0.5979662, 0.59979844, 0.60175943, 0.6035622, 0.605417, 0.60778767, 0.6083764, 0.6114719, 0.61001766, 0.61445904, 0.61636007, 0.61843616, 0.62061554, 0.6222117, 0.62717867], "duration": [31279, 26957, 26974, 27018, 31527, 31489, 27027, 31491, 27036, 26990, 27016, 26997, 27026, 31535, 27087, 36014, 27053, 26996, 26978, 27047, 27010, 27069, 27077, 27036, 27036, 27008, 26987, 26957, 31551, 27099, 27064, 27020, 31487, 27035, 31478, 26961, 26929, 26994, 27029, 27097, 31490, 27010, 27024, 27041, 27019, 27039, 27024, 27031, 27000, 27047]}