{"avg": [0.37380958, 0.3679209, 0.4324339, 0.45312178, 0.42599213, 0.3747787, 0.45586613, 0.43663073, 0.49852207, 0.47029805, 0.418558, 0.51609975, 0.4380988, 0.4837467, 0.44256657, 0.5849567, 0.53390956, 0.55429304, 0.5339037, 0.57014686, 0.5296904, 0.57922506, 0.5566523, 0.57212484, 0.5762577, 0.58422273, 0.60021055, 0.6220464, 0.6259577, 0.581582, 0.6119078, 0.6333641, 0.5690512, 0.64165443, 0.6298699, 0.62762505, 0.656671, 0.66098624, 0.65020424, 0.6599668, 0.67823046, 0.6746558, 0.68813735, 0.6816495, 0.6943522, 0.6995753, 0.6975636, 0.70689124, 0.7001914, 0.7175293, 0.71457475, 0.71753174, 0.71798474, 0.7323269, 0.7244928, 0.73739433, 0.73945177, 0.7432271, 0.7388187, 0.7488366, 0.751254, 0.7535953, 0.755864, 0.7584953, 0.7604762, 0.76267344, 0.7649335, 0.7668667, 0.76886857, 0.77093095, 0.77281344, 0.7743031, 0.776089, 0.7777179, 0.7793046, 0.78095245, 0.78265464, 0.7841166, 0.78573, 0.7870254, 0.78847027, 0.78979176, 0.7911672, 0.7922596, 0.79357445, 0.7950951, 0.796419, 0.79763484, 0.7989692, 0.799983, 0.8011873, 0.802226, 0.80317587, 0.8042392, 0.80527914, 0.80636, 0.807416, 0.80850893, 0.8094588, 0.8102741, 0.8114137, 0.81230444, 0.8132315, 0.814245, 0.8150282, 0.8157975, 0.8165028, 0.8173438, 0.8180717, 0.81888175, 0.8196293, 0.8203631, 0.82099444, 0.8216159, 0.82222754, 0.823, 0.82359034, 0.8242953, 0.8249064, 0.82550806, 0.82602125, 0.8266439, 0.82729346, 0.8278576, 0.8284493, 0.82895947, 0.8296756, 0.8302729, 0.8308602, 0.8314044, 0.83180654, 0.83233553, 0.8328892, 0.8334332, 0.83399993, 0.8346186, 0.83507514, 0.83558464, 0.8359985, 0.83643556, 0.8368957, 0.83732104, 0.83779615, 0.83823675, 0.8386708, 0.8390725, 0.839443, 0.83993816, 0.84037435, 0.84077936], "std": [0.14374724, 0.12594557, 0.14754164, 0.15047306, 0.1470627, 0.13104214, 0.14825274, 0.14803332, 0.1399662, 0.15004355, 0.14927812, 0.13693367, 0.15020238, 0.15021971, 0.15364923, 0.0762165, 0.12344137, 0.11731245, 0.13009009, 0.10917542, 0.13520253, 0.09947702, 0.12700315, 0.11042363, 0.11005027, 0.11110831, 0.08198174, 0.022714661, 0.023240462, 0.12357115, 0.09020021, 0.02288175, 0.13635843, 0.022350753, 0.087979734, 0.0927527, 0.026700625, 0.025009746, 0.03555868, 0.033614796, 0.01625804, 0.032485817, 0.016133491, 0.034065194, 0.027678795, 0.021320833, 0.03445964, 0.013876256, 0.03701948, 0.009067499, 0.03257983, 0.03241787, 0.038594037, 5.9604645e-08, 0.035850268, 0.0, 0.0029715651, 1.1920929e-07, 0.03031855, 5.9604645e-08, 5.9604645e-08, 5.9604645e-08, 1.1920929e-07, 5.9604645e-08, 5.9604645e-08, 5.9604645e-08, 1.1920929e-07, 0.0, 1.1920929e-07, 5.9604645e-08, 5.9604645e-08, 1.1920929e-07, 5.9604645e-08, 1.1920929e-07, 1.1920929e-07, 0.0, 1.1920929e-07, 1.1920929e-07, 0.0, 5.9604645e-08, 0.0, 5.9604645e-08, 5.9604645e-08, 1.1920929e-07, 1.1920929e-07, 1.1920929e-07, 1.1920929e-07, 5.9604645e-08, 1.1920929e-07, 0.0, 1.1920929e-07, 1.7881393e-07, 5.9604645e-08, 1.7881393e-07, 1.1920929e-07, 5.9604645e-08, 1.7881393e-07, 5.9604645e-08, 1.7881393e-07, 0.0, 1.7881393e-07, 5.9604645e-08, 0.0, 1.7881393e-07, 0.0, 5.9604645e-08, 5.9604645e-08, 0.0, 1.1920929e-07, 1.7881393e-07, 1.1920929e-07, 5.9604645e-08, 5.9604645e-08, 0.0, 5.9604645e-08, 1.7881393e-07, 1.7881393e-07, 5.9604645e-08, 5.9604645e-08, 1.7881393e-07, 5.9604645e-08, 1.7881393e-07, 1.1920929e-07, 1.1920929e-07, 5.9604645e-08, 0.0, 5.9604645e-08, 1.1920929e-07, 1.7881393e-07, 5.9604645e-08, 1.1920929e-07, 1.7881393e-07, 1.1920929e-07, 1.7881393e-07, 1.7881393e-07, 5.9604645e-08, 1.1920929e-07, 0.0, 1.1920929e-07, 1.1920929e-07, 5.9604645e-08, 1.1920929e-07, 1.7881393e-07, 1.7881393e-07, 1.1920929e-07, 1.1920929e-07, 1.7881393e-07, 0.0, 1.1920929e-07, 5.9604645e-08], "var": [1.0, 0.96, 0.92, 0.9, 0.88, 0.88, 0.84, 0.86, 0.86, 0.84, 0.8, 0.78, 0.78, 0.76, 0.74, 0.7, 0.68, 0.66, 0.66, 0.64, 0.62, 0.58, 0.54, 0.5, 0.46, 0.44, 0.42, 0.38, 0.38, 0.38, 0.38, 0.36, 0.34, 0.32, 0.28, 0.26, 0.26, 0.24, 0.24, 0.24, 0.24, 0.24, 0.22, 0.18, 0.18, 0.16, 0.14, 0.14, 0.14, 0.12, 0.12, 0.1, 0.08, 0.08, 0.06, 0.06, 0.04, 0.04, 0.02, 0.02, 0.02, 0.02, 0.02, 0.02, 0.02, 0.02, 0.02, 0.02, 0.02, 0.02, 0.02, 0.02, 0.02, 0.02, 0.02, 0.02, 0.02, 0.02, 0.02, 0.02, 0.02, 0.02, 0.02, 0.02, 0.02, 0.02, 0.02, 0.02, 0.02, 0.02, 0.02, 0.02, 0.02, 0.02, 0.02, 0.02, 0.02, 0.02, 0.02, 0.02, 0.02, 0.02, 0.02, 0.02, 0.02, 0.02, 0.02, 0.02, 0.02, 0.02, 0.02, 0.02, 0.02, 0.02, 0.02, 0.02, 0.02, 0.02, 0.02, 0.02, 0.02, 0.02, 0.02, 0.02, 0.02, 0.02, 0.02, 0.02, 0.02, 0.02, 0.02, 0.02, 0.02, 0.02, 0.02, 0.02, 0.02, 0.02, 0.02, 0.02, 0.02, 0.02, 0.02, 0.02, 0.02, 0.02, 0.02, 0.02, 0.02, 0.02], "best": [0.5666667, 0.5921769, 0.6007937, 0.6031747, 0.59841275, 0.5951755, 0.5988488, 0.6012579, 0.60228264, 0.6046935, 0.6077498, 0.6096089, 0.61232346, 0.6140441, 0.6170935, 0.61875653, 0.6097182, 0.61980146, 0.62325746, 0.6241184, 0.6264998, 0.6278072, 0.6327189, 0.635761, 0.6381593, 0.6404885, 0.64376706, 0.6458803, 0.64832294, 0.6513287, 0.65343463, 0.65664166, 0.6600213, 0.6616236, 0.6649946, 0.669224, 0.6725011, 0.67693144, 0.68068475, 0.68290627, 0.68571436, 0.690228, 0.6943823, 0.6986722, 0.70202893, 0.7055271, 0.70972395, 0.7135572, 0.7170678, 0.71987045, 0.72341275, 0.72673124, 0.7300906, 0.732327, 0.73491883, 0.73739433, 0.7401947, 0.74322724, 0.74617213, 0.74883664, 0.75125396, 0.75359523, 0.7558639, 0.7584952, 0.76047623, 0.7626735, 0.7649334, 0.7668667, 0.7688687, 0.7709309, 0.7728134, 0.77430296, 0.7760891, 0.777718, 0.77930474, 0.78095245, 0.7826545, 0.7841165, 0.78573, 0.78702533, 0.78847027, 0.7897917, 0.79116714, 0.7922597, 0.7935746, 0.79509497, 0.7964189, 0.7976348, 0.7989691, 0.799983, 0.80118716, 0.8022258, 0.8031758, 0.80423903, 0.80527925, 0.80635995, 0.8074162, 0.808509, 0.809459, 0.8102741, 0.8114135, 0.8123044, 0.8132315, 0.8142448, 0.8150282, 0.81579745, 0.81650287, 0.8173438, 0.81807184, 0.8188816, 0.8196292, 0.82036316, 0.8209945, 0.8216159, 0.8222276, 0.8230002, 0.8235905, 0.82429534, 0.82490647, 0.8255079, 0.8260213, 0.8266437, 0.8272936, 0.8278575, 0.82844937, 0.82895947, 0.82967556, 0.83027303, 0.8308604, 0.8314043, 0.83180666, 0.8323357, 0.8328891, 0.8334334, 0.8340001, 0.8346187, 0.835075, 0.83558464, 0.83599836, 0.8364357, 0.83689564, 0.8373209, 0.837796, 0.8382366, 0.8386709, 0.83907264, 0.83944285, 0.83993816, 0.84037447, 0.8407794], "duration": [1400, 1295, 1313, 1366, 1319, 1252, 1265, 1224, 1327, 1319, 1253, 1279, 1311, 1279, 1593, 1468, 1268, 1487, 1571, 1294, 1280, 1241, 1263, 1336, 1273, 1268, 1264, 1344, 1350, 1271, 1277, 1448, 3194, 1265, 1516, 1326, 1524, 1249, 1295, 1366, 1286, 1266, 1799, 1362, 1316, 1292, 1266, 1521, 1340, 1523, 1261, 1242, 1287, 1320, 1342, 1286, 1292, 1326, 1714, 1279, 1315, 1340, 1469, 1287, 1354, 1315, 1244, 1477, 1319, 1332, 1287, 1271, 1325, 1308, 1310, 1229, 1290, 1353, 1314, 1269, 1250, 1241, 1228, 1248, 1607, 1285, 1275, 1242, 1232, 1244, 1271, 1262, 1134, 1151, 1152, 1129, 1384, 1250, 1251, 1445, 1306, 1309, 1747, 1278, 1541, 1406, 1326, 1302, 1345, 1314, 1326, 1344, 1241, 1336, 1312, 1302, 1359, 1337, 1268, 1327, 1295, 1305, 1506, 1292, 1311, 1526, 1354, 1281, 1236, 1259, 1312, 1312, 1340, 1526, 1724, 1308, 1258, 1255, 1292, 1324, 1341, 1273, 1293, 1573, 1286, 1338, 1484, 1287, 1365, 1275]}