{"avg": [0.45416674, 0.383205, 0.4374953, 0.3892678, 0.3954236, 0.41070032, 0.45136145, 0.47926235, 0.4919758, 0.5185593, 0.48096067, 0.47176018, 0.5420986, 0.4706906, 0.49903446, 0.53755486, 0.50980955, 0.4872692, 0.5308194, 0.56259024, 0.55190355, 0.52628267, 0.55732507, 0.53681815, 0.54640424, 0.5427733, 0.58183855, 0.5737863, 0.55226034, 0.5682777, 0.5870205, 0.5945474, 0.6050477, 0.58728117, 0.6058493, 0.62359834, 0.6137888, 0.5918912, 0.61075735, 0.6263788, 0.5935627, 0.6081146, 0.628129, 0.639248, 0.6304812, 0.6359202, 0.6553497, 0.6484194, 0.6455363, 0.6584204], "std": [0.10569254, 0.1768561, 0.16792712, 0.1809461, 0.1856704, 0.15790209, 0.11970182, 0.089989625, 0.1015311, 0.06661084, 0.11471349, 0.11188389, 0.047019914, 0.114798434, 0.087269895, 0.0570726, 0.08770754, 0.1164905, 0.071746476, 0.01789649, 0.045900706, 0.077684194, 0.048194535, 0.08333385, 0.06698275, 0.082749024, 0.022634806, 0.056007117, 0.07555778, 0.07212855, 0.057301767, 0.026332384, 0.02460444, 0.07297656, 0.032863636, 0.015877517, 0.031459074, 0.06147458, 0.044876188, 0.027784057, 0.069408394, 0.058453545, 0.05315263, 0.029587468, 0.055309977, 0.0396417, 0.00631235, 0.032511752, 0.040183272, 0.025052171], "var": [0.98, 0.98, 0.96, 0.96, 0.96, 0.94, 0.92, 0.92, 0.92, 0.92, 0.92, 0.9, 0.9, 0.88, 0.86, 0.86, 0.86, 0.84, 0.86, 0.84, 0.82, 0.8, 0.78, 0.78, 0.76, 0.78, 0.76, 0.74, 0.74, 0.74, 0.72, 0.7, 0.68, 0.68, 0.64, 0.6, 0.6, 0.62, 0.62, 0.62, 0.62, 0.58, 0.58, 0.6, 0.6, 0.56, 0.56, 0.56, 0.54, 0.54], "best": [0.51111114, 0.5542659, 0.5558442, 0.55644083, 0.55907524, 0.5615313, 0.5620635, 0.56905466, 0.5592839, 0.5687466, 0.5700322, 0.5738322, 0.5756836, 0.57626796, 0.57715297, 0.58051336, 0.5827302, 0.5828978, 0.5843972, 0.5870939, 0.59019816, 0.5927129, 0.5933498, 0.596276, 0.5996901, 0.6015873, 0.6049045, 0.6090257, 0.608387, 0.61468256, 0.6180039, 0.6213638, 0.6247582, 0.62997836, 0.63362277, 0.6363458, 0.6403214, 0.6431714, 0.6448229, 0.64710534, 0.6500871, 0.6522546, 0.6541468, 0.6573497, 0.65976715, 0.6624836, 0.6645975, 0.6678385, 0.6703002, 0.67255133], "duration": [27163, 26634, 35973, 26942, 26576, 26633, 26998, 26939, 26983, 27053, 27319, 27044, 27083, 26690, 26981, 26998, 26980, 26957, 27097, 31637, 27088, 26997, 27054, 26944, 27044, 26795, 27136, 31575, 27082, 27098, 27025, 27099, 36219, 31643, 27092, 27092, 27062, 27046, 27021, 27045, 26981, 27009, 27009, 27086, 27040, 26981, 27043, 27104, 31607, 27037]}