{"avg": [0.15555556, 0.22987147, 0.23368058, 0.22278586, 0.22219297, 0.22564939, 0.24184214, 0.24251562, 0.1995278, 0.24298774, 0.22745141, 0.24929145, 0.2752487, 0.23762651, 0.2653398, 0.2565412, 0.26904652, 0.26684803, 0.2792862, 0.25870454, 0.28150183, 0.28870356, 0.2846462, 0.26874188, 0.30811396, 0.3105683, 0.3056672, 0.31978533, 0.30963877, 0.29644144, 0.2991142, 0.33682093, 0.3316725, 0.34005478, 0.33372492, 0.37641087, 0.36091065, 0.37420988, 0.31145832, 0.3529945, 0.3701827, 0.3469804, 0.3834049, 0.3765897, 0.36805257, 0.37537423, 0.37857124, 0.37953094, 0.3830536, 0.39056218], "std": [0.08495572, 0.06833317, 0.065685675, 0.076385215, 0.07046774, 0.064459905, 0.09018221, 0.07995899, 0.079433955, 0.08304742, 0.058562018, 0.086332075, 0.06907063, 0.08644825, 0.07047686, 0.07055298, 0.08924927, 0.072388105, 0.05006811, 0.071881555, 0.07485956, 0.08436367, 0.050855752, 0.06540858, 0.054634612, 0.06026243, 0.090650484, 0.077993035, 0.071864076, 0.07110581, 0.07677626, 0.065983236, 0.077135235, 0.05907797, 0.052178815, 0.05096731, 0.0785656, 0.05567742, 0.08462116, 0.088694766, 0.053799108, 0.06251513, 0.04219588, 0.06557095, 0.053832717, 0.060631067, 0.043485478, 0.0599119, 0.06572392, 0.06241292], "var": [1.0, 1.0, 1.0, 1.0, 1.0, 1.0, 0.96, 0.96, 0.96, 0.94, 0.94, 0.94, 0.94, 0.94, 0.94, 0.92, 0.92, 0.92, 0.92, 0.92, 0.94, 0.9, 0.9, 0.9, 0.9, 0.86, 0.86, 0.86, 0.86, 0.86, 0.86, 0.82, 0.82, 0.78, 0.74, 0.7, 0.72, 0.72, 0.72, 0.72, 0.74, 0.74, 0.7, 0.68, 0.68, 0.72, 0.7, 0.7, 0.7, 0.72], "best": [0.33333334, 0.31990233, 0.31587303, 0.31918564, 0.37041375, 0.31983098, 0.37455198, 0.37150073, 0.3458413, 0.3755488, 0.32066548, 0.3806706, 0.38530466, 0.38130954, 0.32572752, 0.33370966, 0.39132106, 0.36157534, 0.34045658, 0.33076802, 0.4140263, 0.4155371, 0.34515667, 0.33622545, 0.41111115, 0.41457435, 0.47089285, 0.50134313, 0.41549373, 0.46358123, 0.41812003, 0.5030255, 0.42207795, 0.4229384, 0.42468002, 0.5057569, 0.48270947, 0.50820017, 0.42996037, 0.48582917, 0.4334047, 0.43516868, 0.43732348, 0.48144916, 0.47109586, 0.49503714, 0.44407138, 0.44589555, 0.48530158, 0.5181566], "duration": [3712, 2728, 7594, 3365, 7326, 3377, 7377, 3474, 5635, 3748, 3977, 3520, 5148, 7436, 5485, 5473, 7492, 7503, 11165, 5247, 7168, 9331, 6644, 5473, 9389, 5722, 5688, 7493, 9310, 11872, 9251, 9502, 7533, 6305, 9452, 11133, 11693, 7722, 11140, 7603, 14787, 7451, 11495, 11230, 11466, 7392, 9176, 11178, 12971, 17503]}