{"avg": [0.43529418, 0.44062665, 0.41960698, 0.35709327, 0.42986616, 0.45607248, 0.41013122, 0.45190197, 0.45158872, 0.45889315, 0.4338194, 0.43197763, 0.4198929, 0.46836707, 0.46977714, 0.44418544, 0.47030404, 0.44714576, 0.46794376, 0.4615353, 0.46274602, 0.4482385, 0.454229, 0.46783268, 0.4840367, 0.5102588, 0.47437477, 0.47810084, 0.4956759, 0.4756297, 0.45021144, 0.4976943, 0.45953184, 0.48739, 0.48448932, 0.49447715, 0.4623786, 0.49585694, 0.5000382, 0.51626456, 0.5016955, 0.5126433, 0.46863684, 0.529058, 0.52089256, 0.48564515, 0.5213627, 0.52253616, 0.5204963, 0.5313626], "std": [0.09703186, 0.14979891, 0.117185086, 0.1230515, 0.08385464, 0.1285958, 0.11867306, 0.09893779, 0.106856845, 0.08262496, 0.08506876, 0.11491784, 0.10384397, 0.08260304, 0.09416371, 0.08205998, 0.076312885, 0.116075076, 0.10327814, 0.1065495, 0.08119418, 0.12559353, 0.11841977, 0.08836193, 0.074911185, 0.057119496, 0.09671743, 0.089872815, 0.06966637, 0.11788058, 0.120189294, 0.068571635, 0.10106153, 0.0775786, 0.091924004, 0.07767899, 0.07875276, 0.0748319, 0.06912991, 0.06125924, 0.08535883, 0.061301857, 0.13469326, 0.037984908, 0.05184783, 0.0802441, 0.052981358, 0.050897766, 0.055528212, 0.038779452], "var": [0.99333334, 0.9866667, 0.9866667, 0.98, 0.96666664, 0.96, 0.96, 0.96, 0.94666666, 0.93333334, 0.92, 0.91333336, 0.9066667, 0.9, 0.9, 0.9, 0.8933333, 0.88666666, 0.87333333, 0.8666667, 0.86, 0.85333335, 0.84, 0.8333333, 0.8333333, 0.82666665, 0.82, 0.81333333, 0.81333333, 0.81333333, 0.8066667, 0.8, 0.79333335, 0.8, 0.79333335, 0.78, 0.78, 0.78, 0.78, 0.76666665, 0.75333333, 0.75333333, 0.74, 0.7266667, 0.73333335, 0.74, 0.7266667, 0.72, 0.7133333, 0.7133333], "best": [0.51111114, 0.5601308, 0.53968257, 0.5349207, 0.53888893, 0.54087305, 0.54104984, 0.5411757, 0.5363212, 0.5402117, 0.5395425, 0.5411595, 0.5420054, 0.5425013, 0.542758, 0.54353654, 0.53963023, 0.5402573, 0.5412802, 0.54081774, 0.54011804, 0.5427238, 0.5409209, 0.54354554, 0.54206353, 0.5438214, 0.54543746, 0.5442172, 0.5433885, 0.5461308, 0.5463622, 0.5435623, 0.5445755, 0.5409889, 0.544289, 0.54218256, 0.54171234, 0.5458866, 0.54631263, 0.5455742, 0.547, 0.5473534, 0.54803747, 0.5479932, 0.54826796, 0.5488095, 0.5490793, 0.5499941, 0.55076474, 0.5511725], "duration": [26845, 27006, 26711, 24430, 26939, 27037, 27029, 26707, 31551, 26672, 26394, 25086, 21316, 25087, 26981, 25081, 25153, 26684, 27038, 26963, 24770, 26982, 31530, 26989, 27089, 27094, 25134, 27006, 31523, 26990, 26973, 26990, 31485, 27027, 27021, 26994, 26959, 26980, 27021, 27073, 27031, 27050, 27006, 27032, 27039, 31511, 27041, 27023, 27024, 26970]}