{"avg": [0.16444446, 0.17490081, 0.15400116, 0.22116403, 0.24273317, 0.19415337, 0.16411321, 0.24394907, 0.2606168, 0.26614216, 0.19396645, 0.2594879, 0.2239169, 0.287157, 0.27873698, 0.27542898, 0.24156205, 0.29564574, 0.27117458, 0.28679147, 0.3048321, 0.30584922, 0.30282566, 0.28988153, 0.33461592, 0.31080917, 0.36623663, 0.33802933, 0.3819257, 0.34996137, 0.380416, 0.36243996, 0.4011329, 0.4114713, 0.40099224, 0.42163414, 0.39413214, 0.41849715, 0.40975448, 0.4371053, 0.40261438, 0.42038536, 0.43988952, 0.4475952, 0.4597559, 0.4623768, 0.4613431, 0.46514627, 0.4521766, 0.44130343], "std": [0.10880572, 0.10432089, 0.14980796, 0.14057489, 0.12497746, 0.10569019, 0.113841034, 0.12695771, 0.09178644, 0.11789804, 0.13674252, 0.11154625, 0.13684544, 0.117998384, 0.09831614, 0.121707864, 0.12782225, 0.12427201, 0.13745847, 0.14260247, 0.10237836, 0.122737646, 0.122108094, 0.1217861, 0.11483704, 0.10378285, 0.101120986, 0.12213779, 0.074742, 0.088589616, 0.082804695, 0.09572757, 0.058874305, 0.06462556, 0.07837574, 0.029417044, 0.09734185, 0.057010412, 0.091222174, 0.033291038, 0.102846205, 0.08634883, 0.07108629, 0.033529337, 0.024871117, 0.02766274, 0.043052025, 0.035068266, 0.051469103, 0.101754196], "var": [0.98, 0.94, 0.9, 0.9, 0.9, 0.9, 0.86, 0.84, 0.8, 0.76, 0.74, 0.74, 0.74, 0.7, 0.66, 0.66, 0.64, 0.62, 0.6, 0.6, 0.58, 0.56, 0.54, 0.52, 0.5, 0.46, 0.46, 0.42, 0.4, 0.38, 0.36, 0.36, 0.34, 0.32, 0.32, 0.32, 0.3, 0.26, 0.24, 0.24, 0.22, 0.2, 0.2, 0.2, 0.2, 0.18, 0.18, 0.18, 0.16, 0.16], "best": [0.3555556, 0.40000004, 0.38090122, 0.39047623, 0.3853175, 0.3887636, 0.3811767, 0.38840392, 0.38641274, 0.38895744, 0.39219752, 0.38468724, 0.38938335, 0.39121005, 0.39271626, 0.39326254, 0.3949811, 0.39929658, 0.39984643, 0.40446165, 0.40723222, 0.40615994, 0.4090226, 0.4101579, 0.41049576, 0.41547725, 0.4171076, 0.41912252, 0.42317027, 0.4259376, 0.42855793, 0.42895597, 0.43263713, 0.43601698, 0.43963438, 0.44333953, 0.44678995, 0.45029682, 0.45416638, 0.45689368, 0.46020228, 0.4634647, 0.4662754, 0.46966228, 0.4727931, 0.4757273, 0.4790592, 0.48351154, 0.4859683, 0.48818648], "duration": [2011, 6087, 5667, 3780, 6009, 3850, 3836, 4192, 5816, 3846, 7645, 11413, 5766, 5779, 8296, 5763, 9813, 7646, 9841, 3962, 3853, 9527, 3897, 7635, 9525, 3850, 4183, 9516, 6053, 3825, 1924, 7634, 4467, 1925, 1916, 5726, 5709, 7979, 3812, 5743, 4146, 1915, 1915, 4137, 1942, 2575, 8270, 1931, 1961, 3832]}