{"avg": [0.3979167, 0.47574407, 0.32261908, 0.48633742, 0.4227073, 0.43237266, 0.4672868, 0.49630457, 0.44849446, 0.45870495, 0.45126534, 0.39763993, 0.4241362, 0.46016222, 0.5155103, 0.50481224, 0.43404618, 0.50632596, 0.45100793, 0.4961797, 0.4597687, 0.4767606, 0.5264478, 0.49396425, 0.5154576, 0.50838333, 0.4953828, 0.4612798, 0.50793797, 0.5559184, 0.52604496, 0.557846, 0.4751332, 0.52452594, 0.5275086, 0.5476281, 0.5510451, 0.5602945, 0.5334468, 0.5383861, 0.53, 0.51612693, 0.5172251, 0.53587365, 0.5727515, 0.5559194, 0.5547192, 0.5739541, 0.5878525, 0.55014724], "std": [0.14882354, 0.1462193, 0.09730135, 0.14415233, 0.15070248, 0.15228371, 0.14963596, 0.14026073, 0.15275617, 0.1506745, 0.15229331, 0.14538336, 0.15316632, 0.1506776, 0.13368891, 0.1403389, 0.15359375, 0.14022209, 0.15169586, 0.14279057, 0.1507991, 0.14975742, 0.1301221, 0.14575563, 0.13743696, 0.13947582, 0.14387217, 0.15434758, 0.14055732, 0.10516457, 0.13096939, 0.10614016, 0.15178466, 0.13275267, 0.13068002, 0.12036124, 0.11350126, 0.103003845, 0.12911293, 0.13134621, 0.13184251, 0.14305429, 0.1422571, 0.13173008, 0.104738526, 0.11705098, 0.1179908, 0.10321531, 0.0797713, 0.12430071], "var": [0.99, 0.98, 0.96, 0.94, 0.93, 0.92, 0.92, 0.91, 0.9, 0.9, 0.88, 0.88, 0.87, 0.85, 0.85, 0.83, 0.83, 0.83, 0.82, 0.82, 0.8, 0.8, 0.79, 0.79, 0.78, 0.79, 0.8, 0.78, 0.79, 0.77, 0.76, 0.78, 0.78, 0.78, 0.76, 0.77, 0.77, 0.76, 0.75, 0.74, 0.75, 0.74, 0.73, 0.73, 0.71, 0.7, 0.68, 0.67, 0.67, 0.68], "best": [0.5666667, 0.6098215, 0.5912203, 0.60213804, 0.60057724, 0.6015307, 0.6004161, 0.59404767, 0.59922975, 0.5968457, 0.6013488, 0.60162115, 0.60290366, 0.5964017, 0.60403866, 0.6055432, 0.6048666, 0.6062666, 0.5973459, 0.60319436, 0.6062315, 0.60241455, 0.60617906, 0.6071429, 0.60711354, 0.6086735, 0.6096001, 0.60973316, 0.60572845, 0.6067542, 0.6099011, 0.6100438, 0.6110875, 0.6122191, 0.6135744, 0.61383885, 0.61475956, 0.61378735, 0.61634153, 0.6169757, 0.61485183, 0.61739135, 0.6186148, 0.6192653, 0.62007725, 0.6220231, 0.62107533, 0.623143, 0.625234, 0.6260895], "duration": [1234, 1214, 1169, 1203, 1170, 1376, 1182, 1186, 1519, 1114, 1096, 1105, 1178, 1216, 1395, 1187, 1220, 1205, 1381, 1179, 1191, 1188, 1186, 1180, 1180, 1218, 1170, 1197, 1200, 1221, 1210, 1141, 1175, 1243, 1217, 1223, 1189, 1393, 1205, 1181, 1394, 1198, 1185, 1164, 1225, 1238, 1198, 1172, 1181, 1191]}