{"avg": [0.37466663, 0.38922864, 0.3833667, 0.38347623, 0.37167862, 0.37180388, 0.36610478, 0.3604205, 0.35464168, 0.35498524, 0.34945053, 0.35549268, 0.3552445, 0.34948865, 0.33753264, 0.337647, 0.3438155, 0.3378218, 0.3377831, 0.34405413, 0.33820385, 0.33254826, 0.33263204, 0.33285713, 0.33890313, 0.35050213, 0.35670882, 0.35117352, 0.35145652, 0.35142437, 0.34557047, 0.34563163, 0.33960953, 0.333987, 0.3221798, 0.32207623, 0.31658122, 0.31694907, 0.31701708, 0.31670403, 0.3166736, 0.31655893, 0.31660634, 0.31672275, 0.32269356, 0.32276294, 0.32260764, 0.31693783, 0.31719804, 0.31705034], "std": [0.14400001, 0.14027016, 0.13754646, 0.1373489, 0.13113654, 0.13082445, 0.12727141, 0.12339453, 0.11937055, 0.11916753, 0.114442214, 0.11888984, 0.11868385, 0.114191815, 0.10316715, 0.10314171, 0.10913143, 0.10311258, 0.103176326, 0.10942223, 0.10388529, 0.09756701, 0.097536564, 0.09744757, 0.103599325, 0.114318736, 0.11934175, 0.11477404, 0.114706784, 0.11478595, 0.10973944, 0.10973936, 0.10423041, 0.09747743, 0.081092745, 0.08115724, 0.071168445, 0.07108973, 0.070831776, 0.070952006, 0.07098629, 0.07105416, 0.07106535, 0.07110493, 0.08137096, 0.08142141, 0.081519514, 0.07133371, 0.07129405, 0.071333095], "var": [0.98, 0.94, 0.92, 0.88, 0.86, 0.84, 0.84, 0.84, 0.82, 0.78, 0.74, 0.72, 0.72, 0.76, 0.78, 0.82, 0.86, 0.82, 0.86, 0.84, 0.84, 0.86, 0.88, 0.88, 0.88, 0.9, 0.92, 0.88, 0.88, 0.88, 0.9, 0.9, 0.88, 0.86, 0.86, 0.84, 0.86, 0.88, 0.92, 0.94, 0.9, 0.9, 0.86, 0.84, 0.82, 0.82, 0.82, 0.8, 0.82, 0.82], "best": [0.5666667, 0.60095245, 0.60095245, 0.6007937, 0.60095245, 0.6005715, 0.59642863, 0.59721094, 0.5978572, 0.5981482, 0.59823817, 0.5983983, 0.5985715, 0.59864473, 0.5986055, 0.5984445, 0.5986012, 0.5987676, 0.5991535, 0.602782, 0.6026905, 0.60263044, 0.6025975, 0.60258806, 0.6026191, 0.60262865, 0.60254586, 0.60269845, 0.6029592, 0.6032677, 0.60349214, 0.60350233, 0.60352683, 0.6035354, 0.60046226, 0.60050344, 0.60054237, 0.6005663, 0.60007524, 0.59997565, 0.59990484, 0.5998375, 0.59983, 0.5998229, 0.5998269, 0.5999577, 0.60009325, 0.60022295, 0.600387, 0.600554], "duration": [3278, 3239, 3211, 3249, 3254, 3282, 3257, 3211, 3233, 3248, 3244, 3197, 3136, 3194, 3269, 3229, 3241, 3403, 3150, 3164, 3215, 3245, 3224, 3222, 3211, 3233, 3226, 3230, 3223, 3226, 3200, 3244, 3221, 3213, 3232, 3190, 3024, 3191, 3184, 3179, 3267, 3166, 3151, 3267, 3221, 3207, 3217, 3211, 3140, 3178]}