{"avg": [0.13518518, 0.1218632, 0.21710381, 0.17189543, 0.18029879, 0.20156568, 0.18994713, 0.19050685, 0.21637565, 0.1766257, 0.2079473, 0.2426945, 0.24890725, 0.20782126, 0.20185015, 0.2333728, 0.23343232, 0.21902758, 0.23677355, 0.28216556, 0.22276746, 0.26017812, 0.26471868, 0.26367977, 0.27453357, 0.28147647, 0.28090438, 0.28859237, 0.2913103, 0.29934597, 0.2955381, 0.258306, 0.32787558, 0.2759504, 0.28791973, 0.30894327, 0.30745536, 0.30346176, 0.30461732, 0.30779806, 0.31811455, 0.33315673, 0.3210036, 0.33749825, 0.34539318, 0.3308095, 0.36309355, 0.34877542, 0.3401544, 0.3705066], "std": [0.09458958, 0.09617094, 0.082415365, 0.06720618, 0.08163404, 0.092753395, 0.09342182, 0.08933924, 0.095419385, 0.119492136, 0.09994723, 0.0718462, 0.06566615, 0.06629987, 0.09634611, 0.06623538, 0.08714292, 0.07542651, 0.06073938, 0.07508368, 0.0647599, 0.076976985, 0.060384978, 0.06056361, 0.07047612, 0.08813238, 0.049448986, 0.05938057, 0.06308003, 0.071243465, 0.06812699, 0.09967924, 0.10272245, 0.09801144, 0.09259212, 0.06872819, 0.062473156, 0.08274606, 0.09696057, 0.042974498, 0.0573711, 0.046327107, 0.06266234, 0.05998811, 0.05342963, 0.052565638, 0.067200616, 0.046416763, 0.0640782, 0.049395423], "var": [0.98, 0.96, 0.96, 0.94, 0.92, 0.9, 0.88, 0.86, 0.84, 0.82, 0.82, 0.78, 0.8, 0.82, 0.82, 0.82, 0.8, 0.78, 0.74, 0.76, 0.76, 0.76, 0.76, 0.76, 0.78, 0.76, 0.74, 0.74, 0.72, 0.7, 0.7, 0.7, 0.7, 0.68, 0.7, 0.72, 0.74, 0.72, 0.7, 0.7, 0.68, 0.7, 0.7, 0.66, 0.7, 0.7, 0.72, 0.7, 0.7, 0.72], "best": [0.2777778, 0.3134921, 0.31274801, 0.2904762, 0.31379732, 0.3164731, 0.40471384, 0.31959066, 0.40509418, 0.40829426, 0.41038322, 0.40961614, 0.41336545, 0.4150244, 0.41154405, 0.41542536, 0.41311115, 0.3256287, 0.4151327, 0.41785717, 0.41986153, 0.42046076, 0.3326901, 0.42170343, 0.41611305, 0.42339247, 0.3365666, 0.41763043, 0.33953226, 0.4184347, 0.42765954, 0.42827985, 0.42900437, 0.43188614, 0.3916334, 0.4336573, 0.35116327, 0.35316205, 0.43736246, 0.35089615, 0.4324629, 0.42420265, 0.44086942, 0.43730164, 0.4426718, 0.43608063, 0.4451219, 0.44086817, 0.4479013, 0.44901967], "duration": [2744, 1952, 2046, 2125, 1948, 1955, 1988, 2277, 2005, 2269, 2102, 1980, 1998, 2319, 1954, 2273, 1959, 2036, 2409, 2012, 2708, 1934, 2305, 1959, 2037, 2438, 2038, 1998, 2024, 2099, 2026, 2018, 1950, 2078, 2025, 2193, 2349, 1994, 1930, 2105, 2464, 1997, 2006, 2041, 2373, 2092, 2026, 2319, 2037, 1952]}