{"avg": [0.43333337, 0.43173054, 0.37388515, 0.43905365, 0.42243096, 0.40641463, 0.477865, 0.39061606, 0.38967696, 0.42091542, 0.46637687, 0.40694696, 0.41412064, 0.45099354, 0.4671578, 0.47795883, 0.40683168, 0.44856086, 0.43929136, 0.4226328, 0.49129856, 0.44970092, 0.45834318, 0.4249586, 0.5090472, 0.44133398, 0.4261096, 0.4411373, 0.4596237, 0.5040617, 0.52106375, 0.52283865, 0.48575553, 0.4687715, 0.4863081, 0.5120424, 0.4931132, 0.4863978, 0.52277756, 0.5228069, 0.5610666, 0.5093186, 0.50064826, 0.4435572, 0.5406394, 0.5407309, 0.5617599, 0.5186521, 0.5118265, 0.5254685], "std": [0.14907122, 0.15099786, 0.13570197, 0.15027823, 0.15091498, 0.1460481, 0.14592388, 0.14202526, 0.14224839, 0.15023732, 0.14887838, 0.14798012, 0.1485158, 0.15077268, 0.14732805, 0.14619744, 0.1467978, 0.15179923, 0.15025638, 0.15043, 0.14274481, 0.15157914, 0.14942397, 0.15169623, 0.13491964, 0.15174364, 0.14929272, 0.15266638, 0.1498642, 0.13743031, 0.12727372, 0.12882216, 0.1431984, 0.14879084, 0.1446206, 0.1365279, 0.14172007, 0.14455137, 0.1291807, 0.12752138, 0.09580687, 0.13542952, 0.14169276, 0.15207084, 0.117043294, 0.117489524, 0.09680231, 0.13293678, 0.13596845, 0.12930582], "var": [0.99333334, 0.9866667, 0.97333336, 0.96, 0.94666666, 0.93333334, 0.9266667, 0.9266667, 0.92, 0.91333336, 0.9066667, 0.9, 0.8933333, 0.8933333, 0.88666666, 0.87333333, 0.8666667, 0.87333333, 0.86, 0.85333335, 0.84, 0.84, 0.84, 0.8333333, 0.8333333, 0.84, 0.8466667, 0.8333333, 0.82, 0.8066667, 0.8066667, 0.8066667, 0.8, 0.7866667, 0.7866667, 0.78, 0.78, 0.7733333, 0.7733333, 0.76666665, 0.76666665, 0.76, 0.75333333, 0.74666667, 0.74666667, 0.73333335, 0.74, 0.7266667, 0.7266667, 0.72], "best": [0.5666667, 0.6063493, 0.6013606, 0.5985625, 0.5955064, 0.59315145, 0.5969293, 0.59667057, 0.59486663, 0.59642863, 0.5972592, 0.59778285, 0.59726256, 0.59876704, 0.5954573, 0.59847474, 0.5955533, 0.5965518, 0.5952847, 0.5969231, 0.59822655, 0.5961136, 0.59683806, 0.59739065, 0.5971475, 0.5967593, 0.5968538, 0.59747607, 0.59768826, 0.597381, 0.59637105, 0.59814525, 0.59834075, 0.59730893, 0.59886044, 0.5986237, 0.59827125, 0.5983123, 0.5992443, 0.60055774, 0.6003417, 0.5997827, 0.6009074, 0.600324, 0.6005629, 0.6009895, 0.60130703, 0.6017451, 0.6016415, 0.6021966], "duration": [1266, 1326, 1337, 1324, 1312, 1234, 1317, 1545, 1283, 1312, 1319, 1262, 1310, 1276, 1313, 1259, 1285, 1364, 1265, 1311, 1330, 1491, 1269, 1251, 1340, 1284, 1344, 1291, 1271, 1268, 1484, 1253, 1317, 1334, 1279, 1284, 1292, 1306, 1329, 1543, 1265, 1242, 1266, 1324, 1339, 1286, 1263, 1271, 1219, 1257]}