{"avg": [0.11358026, 0.20157176, 0.17585036, 0.089526005, 0.15599325, 0.12817815, 0.11929972, 0.20864114, 0.23418516, 0.21212065, 0.19619326, 0.14866541, 0.20340759, 0.19150202, 0.1988017, 0.19922268, 0.19410256, 0.19654012, 0.2502432, 0.2153856, 0.23549241, 0.22469582, 0.2331009, 0.25008956, 0.264223, 0.21408355, 0.2833953, 0.24371243, 0.25399438, 0.29138267, 0.23056105, 0.28219104, 0.32508487, 0.29425144, 0.26969668, 0.24382757, 0.26696417, 0.24773963, 0.3523375, 0.31109703, 0.2977817, 0.38636795, 0.33138347, 0.31351396, 0.35452625, 0.29076934, 0.3561475, 0.39676768, 0.28300592, 0.28080523], "std": [0.11686084, 0.059212457, 0.048455168, 0.0960152, 0.076682284, 0.11035289, 0.12408247, 0.11067716, 0.13732816, 0.124219425, 0.14446695, 0.12586111, 0.15892538, 0.13257134, 0.123208545, 0.101341404, 0.111086234, 0.12925981, 0.14808162, 0.10638254, 0.16149119, 0.09268894, 0.10150334, 0.13993636, 0.112862475, 0.15338717, 0.13587283, 0.147216, 0.15238357, 0.12113872, 0.1514992, 0.14095247, 0.10584585, 0.17523101, 0.1543628, 0.119342424, 0.13110721, 0.13536459, 0.13379595, 0.113329895, 0.12047156, 0.115991555, 0.13506165, 0.1745302, 0.109148376, 0.14301293, 0.12344075, 0.12267819, 0.15878054, 0.14789742], "var": [0.98, 0.97, 0.96, 0.94, 0.92, 0.91, 0.9, 0.9, 0.9, 0.88, 0.87, 0.86, 0.85, 0.83, 0.81, 0.81, 0.81, 0.8, 0.8, 0.79, 0.78, 0.79, 0.78, 0.76, 0.74, 0.73, 0.72, 0.74, 0.72, 0.72, 0.7, 0.7, 0.7, 0.7, 0.69, 0.67, 0.67, 0.67, 0.66, 0.64, 0.63, 0.61, 0.62, 0.61, 0.6, 0.58, 0.6, 0.58, 0.56, 0.55], "best": [0.3555556, 0.39259264, 0.22380954, 0.22801122, 0.22485997, 0.38248304, 0.3846032, 0.38099313, 0.5295501, 0.53268355, 0.53176516, 0.38790548, 0.53397304, 0.38795394, 0.5345171, 0.3869579, 0.3885563, 0.3864503, 0.5356962, 0.3875221, 0.5372181, 0.38621533, 0.38981345, 0.53601396, 0.38856292, 0.5369984, 0.538484, 0.5393395, 0.5383292, 0.5397698, 0.54170334, 0.54213154, 0.5430185, 0.5442989, 0.5454981, 0.54575783, 0.5458644, 0.5390864, 0.5464715, 0.5480757, 0.54818344, 0.5501065, 0.55030113, 0.5511872, 0.55332184, 0.5537555, 0.5544317, 0.5550557, 0.55554587, 0.55632347], "duration": [2000, 2053, 3946, 1982, 3864, 5787, 3819, 2445, 3959, 5844, 3930, 2359, 5857, 2084, 3960, 2001, 2093, 2072, 3915, 4270, 5864, 2019, 2021, 3910, 2064, 3980, 10050, 4063, 5924, 5895, 3975, 3999, 3966, 5904, 7765, 3947, 3971, 3982, 7771, 4355, 6168, 13478, 5847, 9689, 5835, 10367, 5891, 9759, 5907, 5867]}