{"avg": [0.13393396, 0.19611208, 0.22633126, 0.24574222, 0.2716742, 0.30876514, 0.34158254, 0.3636665, 0.40232375, 0.4253648, 0.45305797, 0.48175034, 0.50488156, 0.51229155, 0.52863723, 0.5411676, 0.5476705, 0.558915, 0.5634621, 0.573402, 0.58026457, 0.5861057, 0.5918281, 0.59720093, 0.6029225, 0.60763156, 0.6119474, 0.61582893, 0.61933535, 0.62205327, 0.6249795, 0.62771976, 0.63035405, 0.63282776, 0.63543516, 0.6377169, 0.6397653, 0.6417503, 0.64344835, 0.6452788, 0.6470927, 0.648809, 0.65036386, 0.65184253, 0.6531529, 0.6544381, 0.6556376, 0.65687364, 0.6579455, 0.6590819], "std": [0.08548068, 0.09314833, 0.089760184, 0.08936234, 0.06782048, 0.06153784, 0.06515184, 0.06459163, 0.056429777, 0.057465177, 0.051134594, 0.048036925, 0.025397785, 0.030914584, 0.017201768, 0.005139487, 0.017680932, 0.0031363387, 0.019871248, 0.0039811805, 0.004357114, 0.0048104664, 0.0052889045, 0.0059886114, 1.7881393e-07, 2.3841858e-07, 2.3841858e-07, 2.9802322e-07, 1.1920929e-07, 3.5762787e-07, 1.1920929e-07, 2.3841858e-07, 3.5762787e-07, 0.0, 1.7881393e-07, 1.1920929e-07, 2.9802322e-07, 1.1920929e-07, 2.3841858e-07, 2.9802322e-07, 3.5762787e-07, 1.7881393e-07, 1.7881393e-07, 1.7881393e-07, 1.7881393e-07, 5.9604645e-08, 2.3841858e-07, 1.7881393e-07, 2.9802322e-07, 2.9802322e-07], "var": [0.88, 0.8, 0.76, 0.64, 0.58, 0.56, 0.46, 0.44, 0.44, 0.42, 0.4, 0.34, 0.34, 0.24, 0.22, 0.18, 0.16, 0.12, 0.08, 0.04, 0.04, 0.04, 0.04, 0.02, 0.02, 0.02, 0.02, 0.02, 0.02, 0.02, 0.02, 0.02, 0.02, 0.02, 0.02, 0.02, 0.02, 0.02, 0.02, 0.02, 0.02, 0.02, 0.02, 0.02, 0.02, 0.02, 0.02, 0.02, 0.02, 0.02], "best": [0.2888889, 0.31784642, 0.31931219, 0.42689836, 0.435277, 0.44356728, 0.4536004, 0.46375665, 0.47671962, 0.48788005, 0.49761707, 0.5088677, 0.51831454, 0.5286648, 0.5368549, 0.54440403, 0.5524821, 0.56056666, 0.5676807, 0.5744067, 0.58098084, 0.58686614, 0.5926443, 0.59814763, 0.6029227, 0.6076313, 0.6119472, 0.61582863, 0.6193355, 0.6220536, 0.6249796, 0.6277195, 0.6303544, 0.63282776, 0.63543534, 0.637717, 0.6397656, 0.64175016, 0.6434486, 0.6452785, 0.64709234, 0.64880884, 0.6503637, 0.6518427, 0.65315306, 0.65443814, 0.6556374, 0.65687346, 0.6579452, 0.6590816], "duration": [9180, 8612, 9501, 7916, 10551, 10671, 9035, 10299, 11100, 9505, 14754, 10812, 9392, 9519, 8099, 9114, 9238, 8288, 7840, 8855, 8199, 8524, 7825, 10141, 8266, 8604, 8806, 9820, 7453, 8558, 9503, 7903, 8870, 11538, 8631, 9204, 10281, 8919, 8576, 9859, 9625, 8886, 9225, 8635, 8641, 7895, 10309, 7875, 9954, 12026]}