{"avg": [0.42962965, 0.4632937, 0.41620585, 0.43039027, 0.41035128, 0.44993737, 0.43366587, 0.4594175, 0.4779234, 0.47930956, 0.46201673, 0.44710496, 0.47417405, 0.4897796, 0.5092881, 0.50213856, 0.5225555, 0.5401746, 0.5416853, 0.55863875, 0.5587302, 0.51105255, 0.5531829, 0.5681187, 0.54849166, 0.54659605, 0.57679784, 0.57724726, 0.5835392, 0.5875288, 0.58669406, 0.5960475, 0.59445655, 0.60262173, 0.59959143, 0.6154966, 0.61725765, 0.6187128, 0.62969905, 0.62678474, 0.62512124, 0.64177907, 0.6548813, 0.6494481, 0.64616346, 0.66069233, 0.65993524, 0.66271234, 0.6565065, 0.66223264], "std": [0.10507036, 0.0960709, 0.14024873, 0.11444207, 0.12530015, 0.106225446, 0.1365475, 0.09278337, 0.0867768, 0.10232063, 0.11269848, 0.1106226, 0.11008916, 0.094863646, 0.091612704, 0.10285815, 0.06739705, 0.039382238, 0.054988198, 0.0129015995, 0.014409698, 0.122851156, 0.017554792, 0.015497422, 0.077108234, 0.078792654, 0.019047111, 0.021643175, 0.019818507, 0.02472306, 0.026006281, 0.021427728, 0.026568785, 0.028427325, 0.030307997, 0.02101871, 0.028925052, 0.030715536, 0.020008408, 0.033439368, 0.035291, 0.024309043, 5.9604645e-08, 0.024261286, 0.035446964, 0.018813262, 0.028099112, 0.034248184, 0.039230622, 0.039346237], "var": [0.96, 0.94, 0.96, 0.96, 0.94, 0.92, 0.88, 0.88, 0.84, 0.82, 0.8, 0.8, 0.78, 0.74, 0.7, 0.68, 0.66, 0.66, 0.62, 0.64, 0.62, 0.58, 0.54, 0.52, 0.48, 0.44, 0.4, 0.36, 0.36, 0.32, 0.3, 0.3, 0.26, 0.22, 0.22, 0.2, 0.2, 0.18, 0.18, 0.18, 0.16, 0.16, 0.16, 0.16, 0.16, 0.16, 0.16, 0.16, 0.14, 0.12], "best": [0.51111114, 0.5619048, 0.5571941, 0.55132276, 0.554827, 0.5515247, 0.55402064, 0.5549474, 0.55580276, 0.5578675, 0.5556777, 0.558034, 0.5582126, 0.55980164, 0.5598224, 0.5638177, 0.56502134, 0.56770456, 0.570592, 0.57490116, 0.5782247, 0.5812943, 0.5821195, 0.5834813, 0.5885081, 0.5922828, 0.5945606, 0.59885985, 0.6015222, 0.6052455, 0.60910827, 0.6117673, 0.61616164, 0.6198149, 0.6250278, 0.6275717, 0.6313578, 0.63537097, 0.6392039, 0.64328957, 0.6463415, 0.64974886, 0.65488124, 0.6583071, 0.6621845, 0.6653955, 0.66928625, 0.67259896, 0.6751536, 0.6776525], "duration": [26832, 31213, 25045, 26976, 26901, 29539, 25071, 31453, 26959, 31525, 27016, 26938, 31471, 26739, 27027, 27049, 26992, 31622, 27045, 31537, 27037, 27053, 27091, 27121, 31541, 36008, 27651, 27001, 27032, 27083, 27000, 31553, 27061, 27071, 27015, 27040, 27115, 27061, 27050, 27072, 27044, 31523, 27030, 31618, 31611, 27015, 27047, 27055, 27036, 27019]}