{"avg": [0.3847223, 0.41674387, 0.4116961, 0.40029344, 0.37239525, 0.4404114, 0.45795554, 0.44551307, 0.45185617, 0.40589252, 0.47161368, 0.45256352, 0.48031992, 0.51772463, 0.4540768, 0.49417448, 0.4911839, 0.46325552, 0.53646576, 0.4933566, 0.4993065, 0.47769153, 0.49152586, 0.53549427, 0.51605695, 0.55574733, 0.5194995, 0.5676761, 0.5659807, 0.5635392, 0.56307113, 0.58352774, 0.5805245, 0.56694895, 0.57514817, 0.5858702, 0.59665555, 0.5635385, 0.6030746, 0.6170846, 0.6134976, 0.59920824, 0.6210564, 0.6218142, 0.6350247, 0.6448825, 0.64590454, 0.65783155, 0.65783167, 0.66178924], "std": [0.10707064, 0.10856956, 0.14939415, 0.14318255, 0.12017113, 0.160499, 0.09125973, 0.11231195, 0.1291007, 0.1675733, 0.14776972, 0.13727282, 0.1061527, 0.07106654, 0.091183074, 0.100402445, 0.0855105, 0.135287, 0.08653316, 0.1135144, 0.12472197, 0.11749704, 0.114178196, 0.068187416, 0.104085736, 0.055526596, 0.08804102, 0.017501768, 0.049655117, 0.05380378, 0.06886736, 0.022625767, 0.060319573, 0.0636639, 0.06315497, 0.06626255, 0.058345687, 0.078927904, 0.025386224, 0.023921631, 0.032519538, 0.070981845, 0.030140553, 0.07190442, 0.020993039, 0.015854646, 0.022398714, 0.004891676, 0.025322806, 0.017840171], "var": [0.98, 0.96, 0.94, 0.92, 0.88, 0.88, 0.9, 0.88, 0.88, 0.86, 0.82, 0.8, 0.78, 0.74, 0.7, 0.66, 0.66, 0.64, 0.64, 0.6, 0.58, 0.54, 0.5, 0.48, 0.44, 0.42, 0.4, 0.42, 0.4, 0.42, 0.4, 0.4, 0.36, 0.34, 0.34, 0.34, 0.3, 0.28, 0.24, 0.24, 0.2, 0.2, 0.22, 0.2, 0.18, 0.16, 0.14, 0.12, 0.12, 0.1], "best": [0.51111114, 0.5542659, 0.55242765, 0.55546224, 0.5565324, 0.54945374, 0.5524508, 0.55255735, 0.55511117, 0.5612812, 0.5624975, 0.5665322, 0.5677055, 0.5704641, 0.5711664, 0.57088614, 0.57247007, 0.5741886, 0.5750472, 0.5796418, 0.582243, 0.5834582, 0.5851028, 0.5855889, 0.5878238, 0.58843195, 0.5923979, 0.59436125, 0.5963974, 0.59977573, 0.6026901, 0.6074053, 0.60981756, 0.6139208, 0.6167742, 0.61936736, 0.6228199, 0.6274908, 0.62881625, 0.631276, 0.6355206, 0.6389595, 0.64145756, 0.64453495, 0.64832205, 0.6519095, 0.65607387, 0.6590544, 0.7075511, 0.66655725], "duration": [26735, 27276, 26954, 26682, 25053, 25663, 27294, 27557, 32284, 31802, 30085, 27348, 25491, 27327, 23476, 31892, 27286, 31703, 32333, 27073, 27642, 31807, 25438, 27398, 27587, 31967, 27625, 27759, 32111, 27651, 50467, 27392, 27400, 27419, 31890, 27309, 27417, 27357, 27383, 27386, 31908, 27443, 27386, 27469, 32159, 27606, 27337, 27378, 27366, 32078]}