{"avg": [0.40643284, 0.491612, 0.49768266, 0.5294142, 0.5422163, 0.5462674, 0.5675536, 0.5775945, 0.5776008, 0.5986392, 0.6091606, 0.617249, 0.62553364, 0.6364352, 0.6496175, 0.6611515, 0.67287976, 0.68247026, 0.69119513, 0.6986465, 0.7057538, 0.712515, 0.71850544, 0.72423595, 0.729349, 0.73426294, 0.738976, 0.7429329, 0.74660295, 0.74977505, 0.75297534, 0.75582457, 0.75870097, 0.76152045, 0.7641603, 0.7664737, 0.7684497, 0.7704759, 0.77220964, 0.77395403, 0.77570105, 0.7772823, 0.7788313, 0.78019893, 0.7816886, 0.7831112, 0.7845348, 0.78595585, 0.78713423, 0.78823805], "std": [0.11824005, 0.08501162, 0.09550015, 0.06631644, 0.045340423, 0.06605808, 0.008902223, 0.007539372, 0.06339354, 0.005713646, 0.0022232775, 0.0035945615, 0.0086746225, 0.007253856, 0.0070959833, 0.006621053, 0.000695096, 5.9604645e-08, 1.7881393e-07, 1.7881393e-07, 2.3841858e-07, 3.5762787e-07, 1.1920929e-07, 1.1920929e-07, 3.5762787e-07, 4.172325e-07, 4.172325e-07, 2.3841858e-07, 5.9604645e-08, 1.7881393e-07, 2.3841858e-07, 2.3841858e-07, 2.3841858e-07, 0.0, 2.9802322e-07, 0.0, 0.0, 2.9802322e-07, 2.3841858e-07, 2.3841858e-07, 2.3841858e-07, 2.9802322e-07, 2.9802322e-07, 1.7881393e-07, 0.0, 2.3841858e-07, 1.7881393e-07, 2.9802322e-07, 1.1920929e-07, 4.172325e-07], "var": [0.86, 0.8, 0.72, 0.66, 0.62, 0.62, 0.52, 0.44, 0.36, 0.3, 0.3, 0.22, 0.18, 0.14, 0.1, 0.04, 0.02, 0.02, 0.02, 0.02, 0.02, 0.02, 0.02, 0.02, 0.02, 0.02, 0.02, 0.02, 0.02, 0.02, 0.02, 0.02, 0.02, 0.02, 0.02, 0.02, 0.02, 0.02, 0.02, 0.02, 0.02, 0.02, 0.02, 0.02, 0.02, 0.02, 0.02, 0.02, 0.02, 0.02], "best": [0.51111114, 0.5499582, 0.55039686, 0.5537282, 0.5627952, 0.5672831, 0.5751839, 0.5831164, 0.592785, 0.60142094, 0.6110189, 0.62051904, 0.62899494, 0.639899, 0.65171266, 0.6629604, 0.67299384, 0.6824702, 0.6911953, 0.6986463, 0.70575404, 0.71251535, 0.7185053, 0.7242361, 0.72934866, 0.73426336, 0.7389764, 0.7429327, 0.7466029, 0.74977523, 0.7529751, 0.7558243, 0.7587007, 0.76152045, 0.7641606, 0.7664737, 0.7684497, 0.7704762, 0.7722099, 0.7739538, 0.7757008, 0.777282, 0.778831, 0.78019875, 0.7816886, 0.783111, 0.784535, 0.78595614, 0.78713435, 0.78823763], "duration": [130448, 146412, 131646, 126218, 126452, 148992, 112876, 126283, 139895, 121848, 103617, 148697, 128349, 112538, 112574, 112625, 112665, 117231, 108031, 117204, 135175, 112677, 112620, 130657, 103581, 139676, 117181, 130509, 121632, 122153, 121575, 134965, 130679, 144353, 130496, 99127, 117159, 112739, 108280, 112605, 103558, 139664, 99068, 121678, 117118, 144362, 144075, 112670, 117246, 130895]}