{"avg": [0.10317462, 0.11037038, 0.18364899, 0.2102925, 0.2619525, 0.25318393, 0.2589501, 0.2547058, 0.32006684, 0.2851105, 0.29622144, 0.3052721, 0.34074688, 0.26109776, 0.34019965, 0.374635, 0.31325358, 0.33449844, 0.352747, 0.3657729, 0.3831148, 0.33696103, 0.42123345, 0.4016525, 0.43585506, 0.47212297, 0.4609915, 0.49386165, 0.4833534, 0.44205046, 0.425717, 0.4547212, 0.5207087, 0.4816186, 0.49788377, 0.5258889, 0.51778823, 0.5246512, 0.54940784, 0.5077683, 0.5316919, 0.5456788, 0.5134456, 0.552112, 0.566729, 0.5072387, 0.56028986, 0.54124075, 0.5251181, 0.56646484], "std": [0.118070066, 0.15017934, 0.14537294, 0.14575765, 0.13785955, 0.11771036, 0.1475606, 0.15899228, 0.09679421, 0.119185396, 0.10030361, 0.12823531, 0.09872027, 0.13944452, 0.096443035, 0.08594087, 0.13590766, 0.13535538, 0.16405886, 0.15032883, 0.13614143, 0.1461766, 0.06769593, 0.10105164, 0.064563915, 0.039567944, 0.061355453, 0.023659538, 0.054047674, 0.07635019, 0.07588646, 0.09576885, 0.06028197, 0.07179488, 0.06553946, 0.04145079, 0.056124624, 0.052878723, 5.9604645e-08, 0.07027284, 0.05612465, 0.0429933, 0.07179487, 0.0414508, 5.9604645e-08, 0.07620638, 0.0414508, 0.06382849, 0.07332961, 0.04299329], "var": [0.92, 0.88, 0.8, 0.72, 0.72, 0.68, 0.68, 0.72, 0.68, 0.72, 0.72, 0.64, 0.6, 0.56, 0.52, 0.48, 0.52, 0.44, 0.4, 0.4, 0.36, 0.28, 0.28, 0.24, 0.24, 0.16, 0.16, 0.12, 0.12, 0.12, 0.12, 0.08, 0.04, 0.04, 0.04, 0.04, 0.04, 0.04, 0.04, 0.04, 0.04, 0.04, 0.04, 0.04, 0.04, 0.04, 0.04, 0.04, 0.04, 0.04], "best": [0.3555556, 0.40147397, 0.3933224, 0.40101016, 0.40484548, 0.41591775, 0.4146491, 0.41904765, 0.4248956, 0.42347735, 0.42298818, 0.42028773, 0.4232896, 0.42921633, 0.43186224, 0.4350294, 0.44227564, 0.4441154, 0.44670427, 0.4535744, 0.45995748, 0.46523553, 0.47053638, 0.47695565, 0.48151344, 0.48769188, 0.49558574, 0.50096375, 0.50668156, 0.5126418, 0.5171634, 0.52174073, 0.6371719, 0.5294819, 0.53378123, 0.5378548, 0.5417198, 0.545392, 0.5494078, 0.5522127, 0.55562353, 0.55864173, 0.56130886, 0.56407773, 0.56672895, 0.569461, 0.57225573, 0.5745741, 0.5769699, 0.57942784], "duration": [4267, 6399, 4184, 8238, 6384, 7970, 7828, 6222, 11590, 9667, 12468, 7817, 7774, 5930, 11616, 4856, 9707, 10051, 5993, 11896, 4278, 10076, 4203, 6316, 2832, 2381, 4223, 2709, 2270, 5988, 2411, 4191, 2393, 2372, 3378, 3724, 2171, 2260, 2237, 2153, 2085, 2377, 2398, 2361, 2476, 2411, 2196, 4089, 2797, 2325]}