{"avg": [0.34166673, 0.4174195, 0.45923045, 0.4120598, 0.42061454, 0.4207145, 0.45766768, 0.5069322, 0.46111226, 0.49402937, 0.48733103, 0.5361112, 0.53333825, 0.5114648, 0.5683923, 0.58388007, 0.5387353, 0.5563011, 0.57532024, 0.6205309, 0.5707078, 0.55601144, 0.6298764, 0.6215312, 0.59387475, 0.66563433, 0.6192615, 0.5762854, 0.6273934, 0.64365935, 0.63139886, 0.6519234, 0.6776658, 0.69274676, 0.65899205, 0.66992116, 0.6983413, 0.7074765, 0.70518506, 0.70876837, 0.72255766, 0.725494, 0.72456163, 0.732841, 0.72919345, 0.712239, 0.74624836, 0.7412128, 0.75213706, 0.74781966], "std": [0.12990384, 0.15146545, 0.15425453, 0.15769754, 0.14976946, 0.15284912, 0.14780524, 0.14346895, 0.15826033, 0.15328911, 0.1517926, 0.14291269, 0.14063974, 0.15498944, 0.11971077, 0.1128696, 0.155442, 0.1489856, 0.13429523, 0.08636258, 0.13413775, 0.14896117, 0.08998654, 0.11350695, 0.13513578, 0.025626304, 0.120208144, 0.14579022, 0.1338326, 0.097602, 0.13739863, 0.1003206, 0.036709625, 0.02048922, 0.10196754, 0.097922914, 0.034316644, 0.022316815, 0.03499835, 0.041006554, 0.018455716, 0.020085797, 0.035181887, 0.021398393, 0.030601062, 0.1121339, 0.0026009053, 0.027450416, 1.1920929e-07, 0.026848564], "var": [0.96, 0.92, 0.88, 0.86, 0.84, 0.8, 0.76, 0.76, 0.74, 0.72, 0.7, 0.7, 0.68, 0.64, 0.62, 0.64, 0.62, 0.58, 0.56, 0.56, 0.56, 0.54, 0.52, 0.5, 0.48, 0.44, 0.4, 0.36, 0.34, 0.32, 0.3, 0.28, 0.28, 0.28, 0.24, 0.22, 0.22, 0.2, 0.18, 0.16, 0.16, 0.16, 0.14, 0.14, 0.12, 0.12, 0.12, 0.1, 0.1, 0.08], "best": [0.5666667, 0.61726195, 0.6236653, 0.62767863, 0.633259, 0.62868905, 0.612828, 0.6216604, 0.622776, 0.6281475, 0.63030577, 0.6310847, 0.6334792, 0.6366284, 0.6405184, 0.6428572, 0.6445722, 0.64834905, 0.65287364, 0.6576113, 0.6609406, 0.66429985, 0.6649573, 0.6705333, 0.6773438, 0.68013304, 0.68571436, 0.68949103, 0.6892064, 0.69339484, 0.69503975, 0.69839025, 0.7008233, 0.7041724, 0.70784837, 0.7105944, 0.7136376, 0.71743345, 0.72093666, 0.7242467, 0.7278848, 0.7316223, 0.73489934, 0.738366, 0.741643, 0.74430966, 0.7469435, 0.749981, 0.75213695, 0.7549951], "duration": [1197, 1169, 1204, 1187, 1378, 1182, 1173, 1393, 1175, 1194, 1766, 1174, 1200, 1151, 1294, 1105, 1101, 1139, 1155, 1183, 1163, 1186, 1176, 1191, 1172, 1154, 1337, 1187, 1203, 1174, 1170, 1149, 1185, 1370, 1196, 1155, 1365, 1165, 1209, 1178, 1174, 1163, 1171, 1142, 1158, 1200, 1187, 1159, 1179, 1154]}