{"avg": [0.12418302, 0.19294533, 0.108450495, 0.21102183, 0.17955577, 0.21864419, 0.23760875, 0.20949638, 0.2770015, 0.22079945, 0.22586583, 0.19547996, 0.29061347, 0.30360442, 0.31981236, 0.23100208, 0.28138077, 0.29400322, 0.2924518, 0.3098951, 0.35407043, 0.33281714, 0.30115047, 0.38473767, 0.32221106, 0.37003312, 0.37773073, 0.35235342, 0.44652084, 0.4658323, 0.49485672, 0.4693943, 0.46990776, 0.51122797, 0.52693075, 0.47803667, 0.46528053, 0.45857865, 0.49171206, 0.4978642, 0.52915925, 0.49578425, 0.5330992, 0.5562352, 0.55887973, 0.6091246, 0.5437735, 0.5430085, 0.54779756, 0.58181095], "std": [0.07029715, 0.07824012, 0.1284986, 0.111802846, 0.15134968, 0.11744184, 0.10267347, 0.16045922, 0.107355185, 0.09258511, 0.15084222, 0.15064271, 0.08885183, 0.14291929, 0.13060702, 0.15274817, 0.13816017, 0.15729557, 0.13037641, 0.117795326, 0.17392811, 0.15045191, 0.14235877, 0.12513687, 0.13564916, 0.12458888, 0.1592455, 0.18563844, 0.17244811, 0.13006875, 0.11935291, 0.13376355, 0.17369722, 0.11872463, 0.12681359, 0.184629, 0.19047163, 0.1641241, 0.12208746, 0.1720348, 0.13868748, 0.14771226, 0.105485365, 0.13275965, 0.1268381, 0.05875345, 0.15291071, 0.17696978, 0.15417577, 0.13611159], "var": [1.0, 0.98, 0.94, 0.94, 0.92, 0.9, 0.9, 0.9, 0.9, 0.86, 0.82, 0.8, 0.78, 0.76, 0.72, 0.7, 0.68, 0.66, 0.62, 0.62, 0.6, 0.6, 0.6, 0.56, 0.54, 0.54, 0.5, 0.48, 0.52, 0.5, 0.46, 0.46, 0.46, 0.44, 0.44, 0.42, 0.4, 0.36, 0.32, 0.34, 0.32, 0.3, 0.28, 0.24, 0.22, 0.2, 0.2, 0.2, 0.18, 0.16], "best": [0.20000002, 0.38776848, 0.38548756, 0.38984132, 0.53852814, 0.5417659, 0.3923977, 0.39467126, 0.54608136, 0.39768013, 0.5490576, 0.55051523, 0.40041775, 0.55149394, 0.5538821, 0.40983325, 0.5559572, 0.5569264, 0.559074, 0.5605118, 0.56222016, 0.567769, 0.56783384, 0.5682809, 0.5713124, 0.571937, 0.57382745, 0.57990694, 0.57982653, 0.58654356, 0.5897547, 0.5941688, 0.59791166, 0.60105824, 0.60506225, 0.6097889, 0.6127159, 0.6156014, 0.6176536, 0.6202786, 0.62320936, 0.6259911, 0.62809, 0.6304523, 0.63345766, 0.6367414, 0.6401766, 0.64275193, 0.64565957, 0.64812034], "duration": [2243, 3744, 3840, 3803, 5804, 3836, 3831, 4220, 3958, 5710, 7710, 6137, 11448, 3940, 2073, 5768, 5794, 4102, 10188, 7674, 4022, 3956, 2006, 9937, 5836, 5882, 2168, 5857, 2242, 2640, 2357, 2212, 6008, 2291, 4192, 2305, 2239, 2257, 2529, 2239, 4122, 4116, 4134, 2275, 2334, 4139, 2228, 2299, 4142, 4145]}