{"avg": [0.37619048, 0.3410498, 0.38381293, 0.39570796, 0.3604001, 0.41908494, 0.43156275, 0.46488354, 0.439993, 0.5015779, 0.46343887, 0.47006208, 0.50514746, 0.45871997, 0.49932593, 0.5237256, 0.50941926, 0.5090434, 0.5247218, 0.51595247, 0.48045844, 0.49813393, 0.5284862, 0.55072397, 0.5281455, 0.5673744, 0.57066745, 0.55685633, 0.56260914, 0.5468977, 0.57275474, 0.5636824, 0.5811406, 0.5666128, 0.5818856, 0.56924766, 0.5959539, 0.6051731, 0.5963207, 0.591808, 0.6068289, 0.6116822, 0.61796933, 0.5902435, 0.61181855, 0.62644863, 0.60947764, 0.62485546, 0.6104067, 0.63339245], "std": [0.11921682, 0.14997967, 0.12532008, 0.09289684, 0.11830429, 0.101194985, 0.07989798, 0.08057842, 0.110003434, 0.070897125, 0.08669227, 0.089150645, 0.075663075, 0.08697872, 0.07823893, 0.064172104, 0.0780079, 0.076556854, 0.06541599, 0.073180206, 0.085742205, 0.083451845, 0.06783823, 0.040728197, 0.07750708, 0.015238055, 0.015649274, 0.049018286, 0.047230866, 0.06553431, 0.015360347, 0.05532842, 0.019540185, 0.055330038, 0.020411681, 0.05343373, 0.014019267, 0.013294668, 0.02120302, 0.053430803, 0.020748416, 0.018581962, 0.011667952, 0.07831272, 0.0599579, 0.019606732, 0.06300934, 0.026658943, 0.06384893, 0.027208475], "var": [1.0, 1.0, 0.96, 0.98, 0.98, 0.98, 0.96, 0.94, 0.94, 0.94, 0.92, 0.9, 0.9, 0.86, 0.84, 0.84, 0.8, 0.76, 0.74, 0.72, 0.68, 0.66, 0.64, 0.64, 0.6, 0.62, 0.62, 0.58, 0.58, 0.6, 0.58, 0.56, 0.54, 0.52, 0.56, 0.52, 0.48, 0.48, 0.46, 0.42, 0.42, 0.38, 0.38, 0.36, 0.36, 0.36, 0.38, 0.36, 0.32, 0.3], "best": [0.51111114, 0.53832203, 0.53799284, 0.542167, 0.5413775, 0.54046535, 0.5464149, 0.54782677, 0.54370284, 0.5498016, 0.5544839, 0.5541621, 0.5571941, 0.5568536, 0.55862147, 0.5595442, 0.56473017, 0.564259, 0.5695833, 0.5726984, 0.5646266, 0.5729874, 0.5723064, 0.57479835, 0.5791206, 0.5828396, 0.5866428, 0.5907729, 0.59226775, 0.59524846, 0.5968556, 0.5985588, 0.6007526, 0.60362685, 0.605404, 0.6071371, 0.60856014, 0.63120043, 0.61597776, 0.6184311, 0.6211632, 0.62497956, 0.62794137, 0.6310472, 0.6332779, 0.63704836, 0.6398945, 0.6421769, 0.64430463, 0.6466112], "duration": [23688, 24515, 26948, 23242, 31118, 25058, 31694, 27298, 27343, 41123, 27133, 26921, 27327, 25398, 27362, 31889, 27394, 27422, 27421, 36496, 31908, 27383, 27408, 32054, 27293, 27421, 27345, 27423, 32003, 27323, 27425, 27447, 27432, 27297, 27400, 31957, 27389, 27382, 27306, 27327, 27397, 27241, 32184, 27466, 27754, 27650, 27646, 27666, 32252, 27612]}