{"avg": [0.42962965, 0.4632937, 0.41620585, 0.43039027, 0.42430913, 0.44737127, 0.46333945, 0.49493057, 0.43412536, 0.52602375, 0.4991331, 0.48080963, 0.49635008, 0.5222473, 0.50122267, 0.49188647, 0.5141197, 0.52900594, 0.53059787, 0.5332067, 0.5173962, 0.5523665, 0.52622557, 0.5143836, 0.5376881, 0.5686648, 0.55378014, 0.5715456, 0.56301373, 0.57210994, 0.5864092, 0.5707925, 0.5992823, 0.59708774, 0.5917291, 0.60717934, 0.6061506, 0.59365326, 0.60528356, 0.6206687, 0.632169, 0.6282046, 0.6377079, 0.6453303, 0.64314425, 0.6448273, 0.6588859, 0.6570059, 0.66055983, 0.64816624], "std": [0.10507036, 0.0960709, 0.14024873, 0.11444207, 0.12831047, 0.10815403, 0.11096894, 0.082834676, 0.12963647, 0.051507615, 0.106851056, 0.10128998, 0.1008591, 0.06808186, 0.080697946, 0.08657878, 0.07433276, 0.0632071, 0.06695352, 0.06263675, 0.097384475, 0.010892638, 0.09321693, 0.098958574, 0.08467051, 0.016263494, 0.060782693, 0.014784417, 0.06279028, 0.064901195, 0.018331923, 0.06282192, 0.020219425, 0.023250641, 0.05909392, 0.023330646, 0.02520853, 0.06533394, 0.062229592, 0.021557018, 0.02045967, 0.028357344, 0.022117717, 0.017766869, 0.025475955, 0.027780248, 0.008787088, 0.020553222, 0.027510904, 0.03873595], "var": [0.98, 0.98, 0.98, 0.98, 0.98, 0.96, 0.92, 0.92, 0.92, 0.9, 0.86, 0.86, 0.86, 0.84, 0.8, 0.78, 0.74, 0.74, 0.7, 0.66, 0.68, 0.66, 0.64, 0.62, 0.58, 0.56, 0.54, 0.56, 0.52, 0.5, 0.5, 0.46, 0.42, 0.4, 0.36, 0.32, 0.3, 0.28, 0.24, 0.22, 0.18, 0.18, 0.16, 0.16, 0.16, 0.16, 0.16, 0.16, 0.14, 0.1], "best": [0.51111114, 0.5619048, 0.5571941, 0.55132276, 0.554827, 0.5552841, 0.5584685, 0.56073284, 0.5641947, 0.5663216, 0.5678877, 0.57140076, 0.5727358, 0.5734805, 0.5731017, 0.57289535, 0.5725642, 0.57233566, 0.5737589, 0.5763876, 0.57839566, 0.5714672, 0.57963276, 0.5816112, 0.5829217, 0.58382505, 0.58806586, 0.59143996, 0.5940622, 0.59748006, 0.6025683, 0.6065967, 0.60998285, 0.6152431, 0.61906266, 0.62260085, 0.6268966, 0.67439723, 0.63252366, 0.63594496, 0.6391636, 0.64362603, 0.64722764, 0.65092576, 0.655551, 0.6589048, 0.6617294, 0.6651803, 0.6679125, 0.6709574], "duration": [26727, 31141, 25042, 26879, 26913, 31448, 26961, 31137, 26946, 31506, 26892, 31431, 36032, 27683, 26997, 26994, 27061, 27026, 26976, 31527, 27000, 27032, 27035, 26983, 27082, 27067, 27060, 31554, 27004, 35997, 27117, 27080, 26967, 27064, 26987, 36038, 27076, 31843, 27053, 27829, 27056, 31523, 27093, 31480, 27018, 26997, 27058, 27014, 27009, 27025]}