{"avg": [0.4729167, 0.4792064, 0.46455458, 0.4355758, 0.40466872, 0.4798838, 0.46785718, 0.5204641, 0.5038187, 0.49828804, 0.5788223, 0.5551175, 0.5355481, 0.5456385, 0.5693894, 0.5825792, 0.55398625, 0.53381413, 0.5553871, 0.514106, 0.57061183, 0.6147591, 0.59963936, 0.5517634, 0.6101942, 0.6289381, 0.63756526, 0.60824716, 0.6129142, 0.6177024, 0.6485285, 0.63615584, 0.6532399, 0.6556902, 0.66298336, 0.67386764, 0.6722467, 0.68224734, 0.6848241, 0.6916617, 0.70003086, 0.68890405, 0.70394963, 0.69959426, 0.69908655, 0.7222728, 0.7175186, 0.7288609, 0.718792, 0.7193225], "std": [0.13905373, 0.15350837, 0.15416889, 0.15788247, 0.15072067, 0.15009236, 0.15262035, 0.13208106, 0.14196333, 0.14594719, 0.07546602, 0.11208, 0.12839541, 0.12594134, 0.11225656, 0.082954995, 0.12440228, 0.13938084, 0.11993095, 0.14909977, 0.10399452, 0.014764821, 0.08128111, 0.13837664, 0.08059645, 0.023343585, 0.019870952, 0.08856172, 0.0929217, 0.09358418, 0.022947857, 0.08669285, 0.025273055, 0.028180016, 0.0299848, 0.026169548, 0.031496998, 0.027268507, 0.027600754, 0.022003233, 0.021117665, 0.04163049, 0.03006745, 0.03488605, 0.042082913, 0.0, 0.03090308, 0.0021233377, 0.040473007, 0.044676986], "var": [0.98, 0.94, 0.94, 0.9, 0.86, 0.82, 0.8, 0.8, 0.76, 0.76, 0.74, 0.74, 0.7, 0.66, 0.64, 0.62, 0.6, 0.6, 0.56, 0.58, 0.56, 0.54, 0.54, 0.5, 0.46, 0.42, 0.42, 0.38, 0.36, 0.34, 0.34, 0.3, 0.26, 0.24, 0.24, 0.22, 0.22, 0.22, 0.2, 0.18, 0.16, 0.14, 0.14, 0.12, 0.1, 0.1, 0.1, 0.1, 0.08, 0.06], "best": [0.5666667, 0.62470245, 0.6196621, 0.6178319, 0.62119824, 0.62274444, 0.62087137, 0.6197972, 0.61870205, 0.6178572, 0.61705077, 0.6176471, 0.61949, 0.61997163, 0.6242064, 0.6313665, 0.63165504, 0.6348902, 0.6372326, 0.63760775, 0.63840353, 0.6381686, 0.63985634, 0.64241207, 0.64438826, 0.6497836, 0.6535506, 0.65898585, 0.66129714, 0.66350996, 0.6664696, 0.6703939, 0.6752401, 0.67876405, 0.6818373, 0.6860236, 0.69069076, 0.69419384, 0.69833136, 0.70231366, 0.7063981, 0.7096753, 0.71262944, 0.7158296, 0.7196323, 0.7222728, 0.7260489, 0.7294091, 0.73307526, 0.7361994], "duration": [1310, 1093, 1088, 1092, 1077, 1086, 1081, 1085, 1298, 1084, 1094, 1091, 1090, 1094, 1097, 1096, 1096, 1094, 1279, 1093, 1087, 1127, 1131, 1095, 1277, 1096, 1098, 1096, 1098, 1097, 1093, 1089, 1087, 1098, 1096, 1089, 1089, 1089, 1092, 1086, 1094, 1107, 1282, 1289, 1100, 1104, 1101, 1092, 1279, 1095]}