{"avg": [0.11377778, 0.17297055, 0.16332683, 0.15631126, 0.1921059, 0.2219261, 0.2751734, 0.26910943, 0.2694902, 0.3497161, 0.294346, 0.31312522, 0.35414833, 0.40691328, 0.4002542, 0.43933722, 0.42763767, 0.4681972, 0.46900123, 0.4719235, 0.47952515, 0.5095069, 0.49766096, 0.5216883, 0.5252683, 0.5181889, 0.53988606, 0.5454748, 0.5444761, 0.549367, 0.5537042, 0.5688688, 0.56730217, 0.56438816, 0.57177424, 0.5720413, 0.5789522, 0.5756753, 0.5802019, 0.5815966, 0.58428276, 0.59802556, 0.57792026, 0.58979136, 0.58673924, 0.60031736, 0.60770714, 0.6094627, 0.60023886, 0.6074569], "std": [0.10709544, 0.11059674, 0.10728722, 0.10682554, 0.10831811, 0.14082903, 0.14270143, 0.1479702, 0.14813519, 0.11079308, 0.14269666, 0.15145805, 0.12240625, 0.0766657, 0.104491904, 0.05279398, 0.10378583, 0.068686225, 0.05968289, 0.083244145, 0.0871619, 0.02451832, 0.06710947, 0.029400375, 0.038250547, 0.071253, 0.03105543, 0.029555034, 0.040738657, 0.040061697, 0.04006168, 1.1920929e-07, 0.02838354, 0.0414508, 0.04771804, 0.038802363, 0.044499975, 0.04299328, 0.039417073, 0.0414508, 0.04073866, 1.1920929e-07, 0.054433115, 0.042201184, 0.048886403, 0.02886752, 1.1920929e-07, 1.1920929e-07, 0.039417073, 0.027923087], "var": [0.96, 0.88, 0.82, 0.86, 0.82, 0.74, 0.7, 0.6, 0.58, 0.54, 0.48, 0.44, 0.42, 0.36, 0.3, 0.28, 0.24, 0.22, 0.2, 0.16, 0.12, 0.1, 0.08, 0.06, 0.06, 0.04, 0.04, 0.02, 0.02, 0.02, 0.02, 0.02, 0.02, 0.02, 0.02, 0.02, 0.02, 0.02, 0.02, 0.02, 0.02, 0.02, 0.02, 0.02, 0.02, 0.02, 0.02, 0.02, 0.02, 0.02], "best": [0.3555556, 0.3850794, 0.38610366, 0.38981807, 0.3912699, 0.39500123, 0.54003316, 0.54018384, 0.5408451, 0.5424603, 0.42424032, 0.4311004, 0.43705177, 0.44724903, 0.45745543, 0.46497566, 0.47444087, 0.59463024, 0.4935742, 0.50194347, 0.5096071, 0.51567256, 0.52214324, 0.5285414, 0.53873885, 0.54162776, 0.54669404, 0.55087066, 0.55599856, 0.56047803, 0.56481516, 0.56886894, 0.57266617, 0.5763538, 0.6905775, 0.5824115, 0.69672984, 0.5886383, 0.59092975, 0.59356254, 0.5958055, 0.5980257, 0.6001425, 0.6022359, 0.60402334, 0.6058727, 0.60770726, 0.60946256, 0.61096686, 0.612642], "duration": [9606, 8508, 8306, 6962, 11565, 5104, 20607, 11665, 8350, 10410, 4115, 4139, 5182, 4546, 9841, 5109, 8231, 4547, 6362, 4901, 4409, 4485, 6699, 4448, 7791, 4526, 8564, 7068, 4479, 4470, 4924, 4840, 4443, 4222, 4882, 4566, 4522, 4167, 4494, 4120, 5223, 4078, 4522, 4181, 4155, 4557, 4486, 4138, 5202, 4548]}