{"avg": [0.39377782, 0.4214762, 0.42119205, 0.4236318, 0.42404526, 0.42137277, 0.42590007, 0.42435375, 0.42467976, 0.42503488, 0.42218792, 0.41855294, 0.4156326, 0.41957095, 0.41979644, 0.42017654, 0.42345902, 0.4227319, 0.42202967, 0.41582873, 0.4159527, 0.41891056, 0.4296145, 0.43390587, 0.437658, 0.43484592, 0.4349131, 0.44159403, 0.44337273, 0.44355088, 0.45439395, 0.4449317, 0.4456359, 0.45379457, 0.45708588, 0.455271, 0.45598465, 0.45345375, 0.45807135, 0.45228112, 0.4558115, 0.45209214, 0.45692515, 0.45816377, 0.4617198, 0.46933, 0.46635318, 0.4672232, 0.46595317, 0.4652442], "std": [0.115900345, 0.11743776, 0.11689233, 0.11988002, 0.11988364, 0.11890517, 0.11935563, 0.11788497, 0.11778427, 0.11783298, 0.11674766, 0.116155185, 0.11475333, 0.1119729, 0.11186773, 0.111723885, 0.11339678, 0.11417663, 0.11396642, 0.11597483, 0.11609348, 0.11748874, 0.11616446, 0.11078348, 0.11198733, 0.11128991, 0.11138311, 0.10793318, 0.10770869, 0.10789691, 0.102996595, 0.11136959, 0.11148113, 0.11192251, 0.11197166, 0.11084766, 0.11108172, 0.110622026, 0.11044365, 0.11430759, 0.11514604, 0.11556969, 0.11566058, 0.1155067, 0.1157995, 0.109732315, 0.10953566, 0.10373371, 0.104786135, 0.10587637], "var": [0.96, 0.94, 0.92, 0.92, 0.9, 0.88, 0.88, 0.86, 0.86, 0.88, 0.88, 0.84, 0.8, 0.78, 0.74, 0.74, 0.78, 0.82, 0.8, 0.82, 0.8, 0.82, 0.8, 0.78, 0.8, 0.82, 0.78, 0.78, 0.8, 0.78, 0.78, 0.8, 0.8, 0.78, 0.82, 0.8, 0.76, 0.76, 0.76, 0.74, 0.74, 0.72, 0.74, 0.74, 0.74, 0.74, 0.76, 0.74, 0.7, 0.7], "best": [0.51111114, 0.5836508, 0.5444445, 0.54714286, 0.54789686, 0.5485397, 0.55015874, 0.55172336, 0.553254, 0.5539683, 0.5545397, 0.5550072, 0.55543655, 0.5557631, 0.5565193, 0.5568254, 0.55709326, 0.5575537, 0.5579895, 0.55802846, 0.5580159, 0.55800456, 0.5579077, 0.55783993, 0.5577183, 0.557854, 0.5579426, 0.5581658, 0.5615363, 0.5621949, 0.56285715, 0.5637072, 0.56441474, 0.5651516, 0.565859, 0.5664036, 0.5669048, 0.56741744, 0.5679532, 0.56853485, 0.5690397, 0.5696245, 0.5702268, 0.57092285, 0.57170635, 0.5726032, 0.57352316, 0.5744141, 0.57520837, 0.5758828], "duration": [61055, 61236, 60848, 63091, 63392, 61463, 61460, 60614, 60550, 60629, 60911, 60621, 59909, 60850, 60221, 60620, 61601, 61161, 61196, 59746, 59903, 59940, 61620, 61841, 62247, 63050, 62492, 63855, 63518, 62542, 64019, 62101, 62387, 62682, 63337, 62109, 62320, 60970, 60961, 59880, 61454, 60879, 60875, 61475, 61224, 62878, 61423, 61410, 61420, 62621]}