{"avg": [0.3847223, 0.35008168, 0.3972583, 0.39283732, 0.4257993, 0.46165138, 0.4630164, 0.44841596, 0.46006727, 0.49103093, 0.43967, 0.51252943, 0.483301, 0.5273119, 0.470906, 0.53706574, 0.52514154, 0.500981, 0.51432514, 0.5173887, 0.5416892, 0.5305343, 0.5441066, 0.56122845, 0.535639, 0.5491551, 0.54614717, 0.55478567, 0.5571297, 0.5496585, 0.57751215, 0.57630396, 0.58099556, 0.57895577, 0.5899403, 0.57495975, 0.58326745, 0.5946485, 0.5940886, 0.608823, 0.603239, 0.59534514, 0.60841596, 0.60863453, 0.61635953, 0.6159401, 0.6223397, 0.629493, 0.6331408, 0.6353795], "std": [0.10707064, 0.15389849, 0.118072696, 0.110197164, 0.09835386, 0.09000405, 0.12199707, 0.104565315, 0.10588388, 0.09968399, 0.113865025, 0.070567206, 0.09012122, 0.08182965, 0.13147481, 0.055182934, 0.06909159, 0.123012654, 0.10345441, 0.10104554, 0.041869402, 0.09838232, 0.050793238, 0.01161179, 0.09312938, 0.04653337, 0.05864663, 0.04582404, 0.044779863, 0.0917434, 0.013619153, 0.017274452, 0.019776478, 0.020506045, 0.01749994, 0.052886512, 0.051205534, 0.021086011, 0.021585034, 0.017387401, 0.027985046, 0.02407741, 0.025311138, 0.025411086, 0.019040363, 0.032383736, 0.021679904, 0.022324797, 0.017998027, 0.024334978], "var": [1.0, 1.0, 0.98, 0.98, 0.96, 0.92, 0.9, 0.88, 0.86, 0.88, 0.86, 0.82, 0.78, 0.74, 0.74, 0.74, 0.72, 0.7, 0.7, 0.7, 0.7, 0.68, 0.68, 0.66, 0.66, 0.66, 0.68, 0.66, 0.68, 0.66, 0.64, 0.6, 0.58, 0.56, 0.54, 0.52, 0.5, 0.46, 0.46, 0.42, 0.4, 0.4, 0.38, 0.34, 0.34, 0.32, 0.3, 0.28, 0.26, 0.24], "best": [0.51111114, 0.56468254, 0.5443002, 0.53968257, 0.5443002, 0.5461252, 0.54838866, 0.5514042, 0.5529529, 0.55559736, 0.5574547, 0.55834615, 0.5583748, 0.55983245, 0.56244075, 0.5635305, 0.5660912, 0.56347483, 0.57006025, 0.5712574, 0.57237804, 0.5734694, 0.5760771, 0.5791935, 0.5816784, 0.5824806, 0.58391005, 0.5858785, 0.58862436, 0.5902037, 0.5928703, 0.59575665, 0.5983973, 0.60163224, 0.60404646, 0.6082422, 0.61085707, 0.61404645, 0.61661464, 0.6191844, 0.6229899, 0.62591225, 0.62739515, 0.6299508, 0.63252956, 0.6356227, 0.6385164, 0.64141357, 0.64442587, 0.64763534], "duration": [30440, 24739, 26943, 27300, 28024, 26957, 31951, 31967, 27318, 27467, 27194, 27471, 27576, 27355, 27134, 27469, 27654, 27720, 27634, 27661, 27674, 27736, 32372, 27730, 32379, 27720, 27727, 27800, 27730, 41384, 27755, 27735, 27780, 32526, 27823, 27624, 27386, 27430, 32124, 27318, 27242, 31837, 27356, 27464, 27448, 27467, 32036, 27364, 27497, 27780]}