{"avg": [0.120000005, 0.20112047, 0.18750294, 0.19506471, 0.25103268, 0.29294235, 0.2751923, 0.24768141, 0.25824898, 0.2620411, 0.25063172, 0.30208316, 0.23282653, 0.2933508, 0.3203876, 0.31125677, 0.32135683, 0.30089554, 0.2831903, 0.29704693, 0.3752568, 0.30562425, 0.36884975, 0.34723878, 0.29721105, 0.34554788, 0.31358236, 0.35339868, 0.38576144, 0.3922882, 0.39825875, 0.40076402, 0.39724812, 0.37042487, 0.41765833, 0.4232295, 0.4639175, 0.4416395, 0.41609764, 0.4431209, 0.4174636, 0.42844436, 0.483803, 0.48266688, 0.4504789, 0.45770487, 0.4686745, 0.4906808, 0.49418917, 0.48052895], "std": [0.117252514, 0.15161824, 0.12962338, 0.13444813, 0.13032705, 0.12085955, 0.122664005, 0.13525307, 0.15431505, 0.13340677, 0.14389573, 0.12892367, 0.11642732, 0.124928765, 0.10045675, 0.10680321, 0.13032556, 0.1291604, 0.1258103, 0.14587478, 0.11072124, 0.12701079, 0.09327542, 0.12825108, 0.15520208, 0.14787886, 0.13624886, 0.1320115, 0.09223283, 0.09505936, 0.08883421, 0.120845936, 0.092489876, 0.11688074, 0.07881836, 0.091647744, 0.007738489, 0.07757131, 0.13443029, 0.07727442, 0.10732315, 0.092315234, 0.006620589, 0.0103360815, 0.08201313, 0.08516811, 0.07293825, 0.029309228, 0.027738268, 0.04864143], "var": [0.96, 0.94, 0.94, 0.94, 0.94, 0.94, 0.94, 0.92, 0.92, 0.92, 0.9, 0.86, 0.82, 0.8, 0.78, 0.76, 0.76, 0.76, 0.76, 0.74, 0.72, 0.74, 0.74, 0.72, 0.7, 0.68, 0.64, 0.62, 0.64, 0.6, 0.58, 0.56, 0.54, 0.5, 0.48, 0.48, 0.46, 0.44, 0.4, 0.38, 0.36, 0.32, 0.32, 0.3, 0.3, 0.28, 0.26, 0.24, 0.28, 0.24], "best": [0.3555556, 0.40000004, 0.39796633, 0.39734372, 0.39956713, 0.403465, 0.40783834, 0.4080641, 0.41404828, 0.41682765, 0.4166322, 0.41786852, 0.42109445, 0.4188541, 0.42095098, 0.4220615, 0.42180818, 0.4260069, 0.42639524, 0.42850223, 0.42872265, 0.43451428, 0.43489772, 0.43756616, 0.43996543, 0.44146377, 0.44454953, 0.44657215, 0.4502501, 0.45279098, 0.45531192, 0.45928657, 0.46262717, 0.46490473, 0.4666667, 0.4694857, 0.4728333, 0.47653595, 0.4805556, 0.48313725, 0.48565358, 0.48760372, 0.48922437, 0.4932878, 0.49611196, 0.4987193, 0.50115097, 0.50376177, 0.50680673, 0.5094884], "duration": [1984, 2217, 2248, 1940, 2266, 2277, 1909, 1893, 1882, 1883, 1873, 1930, 1858, 2202, 1940, 1898, 1894, 1892, 1888, 1890, 2227, 1906, 1943, 1900, 1915, 1901, 1903, 1893, 1932, 1895, 2229, 1910, 2230, 1889, 2270, 1910, 1919, 1909, 1905, 1913, 1952, 1915, 1913, 1957, 1922, 2228, 1908, 1914, 1903, 1910]}