{"avg": [0.15555556, 0.20371695, 0.19134985, 0.21445037, 0.22244062, 0.19990595, 0.22809665, 0.20093316, 0.2025119, 0.22025749, 0.26599437, 0.24214008, 0.26776916, 0.24667661, 0.2374008, 0.2751906, 0.26376316, 0.2696432, 0.3156245, 0.29480264, 0.31179926, 0.33984122, 0.26574957, 0.3427196, 0.296678, 0.33158326, 0.3334494, 0.34108502, 0.35290903, 0.32689488, 0.34261018, 0.355012, 0.38792735, 0.3843012, 0.35451138, 0.35729435, 0.37909868, 0.37810627, 0.39076623, 0.4068315, 0.40763432, 0.39592108, 0.41807595, 0.4029108, 0.4066929, 0.43040803, 0.43067142, 0.41582733, 0.4527721, 0.4493754, 0.45077077, 0.4693616, 0.45941564, 0.4195904, 0.4380542, 0.45913088, 0.48582888, 0.44958538, 0.45539153, 0.4791237, 0.469441, 0.48744696, 0.47138765, 0.48612577, 0.48980376, 0.48873577, 0.49230665, 0.50231224, 0.49223483, 0.49812478, 0.5059282, 0.51432246, 0.50611097, 0.51114744, 0.5071684], "std": [0.07071068, 0.08694791, 0.08042583, 0.08770331, 0.08746531, 0.059731398, 0.07799046, 0.08851838, 0.085018076, 0.09611862, 0.08798031, 0.12227004, 0.0817298, 0.070608385, 0.09041749, 0.063465975, 0.10714961, 0.07329654, 0.074925974, 0.082389146, 0.06974752, 0.058741394, 0.11184718, 0.081829384, 0.09170167, 0.08806372, 0.078763835, 0.07386668, 0.0728741, 0.092634834, 0.08159108, 0.09593552, 0.06226249, 0.060722914, 0.08071197, 0.08679323, 0.06480367, 0.07163666, 0.063897006, 0.078818806, 0.0736815, 0.079190955, 0.06345704, 0.06933866, 0.057968065, 0.06710633, 0.043602124, 0.08735775, 0.03259058, 0.059827093, 0.062285125, 0.022444721, 0.039275218, 0.084062986, 0.079752676, 0.0497876, 0.0026955134, 0.078723714, 0.07313505, 0.030917311, 0.055105742, 0.021626389, 0.045162134, 0.028648783, 0.046256363, 0.027614528, 0.025055597, 0.030083084, 0.030681614, 0.020258987, 0.0051672836, 0.022028973, 0.044018317, 0.005226509, 0.026716903], "var": [0.98, 0.96, 0.94, 0.92, 0.92, 0.9, 0.88, 0.84, 0.82, 0.82, 0.78, 0.74, 0.7, 0.7, 0.66, 0.64, 0.6, 0.62, 0.58, 0.54, 0.54, 0.56, 0.58, 0.54, 0.56, 0.56, 0.6, 0.58, 0.56, 0.52, 0.5, 0.46, 0.48, 0.48, 0.46, 0.42, 0.4, 0.4, 0.4, 0.38, 0.36, 0.36, 0.34, 0.32, 0.32, 0.32, 0.32, 0.32, 0.32, 0.32, 0.32, 0.28, 0.28, 0.28, 0.26, 0.26, 0.28, 0.28, 0.28, 0.28, 0.3, 0.3, 0.28, 0.28, 0.28, 0.26, 0.24, 0.24, 0.24, 0.24, 0.24, 0.24, 0.22, 0.22, 0.22], "best": [0.2777778, 0.3896826, 0.30926782, 0.40108076, 0.31685564, 0.31575546, 0.31527779, 0.3214286, 0.3222857, 0.3218845, 0.40746439, 0.40868843, 0.41024536, 0.33646128, 0.3391775, 0.34223166, 0.41166797, 0.34429473, 0.41451985, 0.41789082, 0.41904256, 0.41893637, 0.4205932, 0.4397626, 0.43069497, 0.43253973, 0.434281, 0.44797307, 0.43776903, 0.45599395, 0.45355862, 0.45878947, 0.45960212, 0.46127358, 0.43806532, 0.46379793, 0.4645125, 0.46546584, 0.46702987, 0.46925193, 0.47124484, 0.47298855, 0.47461292, 0.47184145, 0.4770468, 0.47872153, 0.47495002, 0.48061925, 0.48162353, 0.48304787, 0.48470178, 0.47974142, 0.4868046, 0.48354316, 0.48496336, 0.489418, 0.4910053, 0.49215657, 0.4922487, 0.50424147, 0.49605986, 0.497454, 0.49979234, 0.50146115, 0.5882495, 0.5055454, 0.50716835, 0.59141123, 0.5100779, 0.5070927, 0.51321495, 0.5950359, 0.5958662, 0.518164, 0.5201398], "duration": [4012, 7845, 5879, 10117, 7792, 3990, 9827, 5847, 5972, 5911, 9777, 7796, 11746, 12114, 13624, 9883, 9715, 9762, 11680, 11662, 11690, 11701, 7849, 9757, 9761, 11712, 7826, 13638, 11687, 5886, 13630, 11716, 9758, 11759, 9835, 11722, 11748, 11698, 11711, 7833, 10097, 9755, 7816, 11672, 11733, 7858, 7818, 5896, 3973, 5908, 10125, 3976, 11679, 9710, 10084, 9779, 5921, 5918, 6060, 14252, 7802, 5930, 9798, 4024, 7828, 9784, 4015, 7825, 3986, 3978, 5866, 6039, 7746, 5811, 4194]}