{"avg": [0.1811966, 0.14152841, 0.16130954, 0.20432925, 0.20737693, 0.19321425, 0.17012036, 0.1679205, 0.23589906, 0.23428106, 0.2787667, 0.21900693, 0.22648971, 0.27040654, 0.2740404, 0.29838106, 0.28984126, 0.279856, 0.28540552, 0.29449508, 0.30072814, 0.32323715, 0.32870206, 0.2950867, 0.34396267, 0.2967616, 0.35141516, 0.30387425, 0.33270386, 0.36157766, 0.30339697, 0.3027604, 0.34817874, 0.38401425, 0.31939447, 0.35662276, 0.36609253, 0.3528798, 0.37405366, 0.39551187, 0.36499485, 0.38688406, 0.39126524, 0.39593768, 0.40009478, 0.33147675, 0.3912888, 0.3821107, 0.39790845, 0.41171533], "std": [0.12414072, 0.12203351, 0.14192252, 0.13695058, 0.13547324, 0.096971795, 0.13503085, 0.13207771, 0.10170892, 0.12789759, 0.11248279, 0.13334097, 0.15549426, 0.11259812, 0.08665622, 0.09663872, 0.091503575, 0.11778052, 0.13606086, 0.094117306, 0.091178104, 0.11466282, 0.12103914, 0.11835112, 0.11082734, 0.11561577, 0.0790609, 0.13256936, 0.103189945, 0.074956544, 0.11940799, 0.0870019, 0.10215907, 0.08277069, 0.110267, 0.081395134, 0.11835565, 0.08674304, 0.0745628, 0.04392425, 0.10006378, 0.06974984, 0.07862919, 0.07437219, 0.09461356, 0.11841822, 0.07269845, 0.13638632, 0.06269447, 0.06768485], "var": [0.96, 0.96, 0.94, 0.94, 0.9, 0.86, 0.82, 0.78, 0.74, 0.72, 0.7, 0.66, 0.62, 0.6, 0.58, 0.56, 0.54, 0.52, 0.48, 0.46, 0.44, 0.42, 0.4, 0.4, 0.4, 0.38, 0.38, 0.36, 0.34, 0.34, 0.34, 0.32, 0.3, 0.3, 0.3, 0.3, 0.28, 0.26, 0.26, 0.24, 0.24, 0.22, 0.22, 0.22, 0.22, 0.2, 0.2, 0.18, 0.18, 0.18], "best": [0.3555556, 0.38302812, 0.3912699, 0.3886819, 0.45934895, 0.38740888, 0.4614687, 0.3938776, 0.39497793, 0.39622295, 0.39741182, 0.3998716, 0.40002525, 0.40236163, 0.38780668, 0.46903074, 0.40383866, 0.4055914, 0.4060555, 0.40751827, 0.4088981, 0.41077343, 0.48261374, 0.41544217, 0.48514286, 0.42030293, 0.42162848, 0.42518723, 0.4258504, 0.4272961, 0.42980307, 0.43199927, 0.49403024, 0.49553534, 0.4369904, 0.49647492, 0.46431106, 0.44281608, 0.44639933, 0.4477641, 0.560196, 0.45027447, 0.4522389, 0.45460322, 0.5677455, 0.4589435, 0.4605085, 0.5734068, 0.46610886, 0.4673461], "duration": [3073, 2652, 8846, 4812, 6919, 4988, 4850, 5565, 7610, 9316, 5256, 5294, 7732, 9385, 6890, 8984, 8954, 6990, 8692, 3255, 10813, 10890, 11484, 6951, 12616, 9115, 8845, 8935, 6874, 7282, 11418, 9120, 8975, 8955, 9259, 8927, 10771, 3499, 8971, 10760, 10824, 7132, 10736, 12728, 5440, 8879, 9084, 3055, 8920, 9198]}