{"avg": [0.39866665, 0.41964763, 0.4318762, 0.42640632, 0.43875954, 0.43319434, 0.427454, 0.43964222, 0.4460786, 0.45232165, 0.45874292, 0.46533862, 0.47732463, 0.48351222, 0.49550286, 0.489934, 0.4960739, 0.4964376, 0.5085011, 0.5148737, 0.50922865, 0.5216808, 0.52232695, 0.53503287, 0.5478057, 0.55470186, 0.5554861, 0.56797105, 0.5747229, 0.5761244, 0.57723254, 0.58421016, 0.5849674, 0.59195685, 0.5929502, 0.60075307, 0.60166824, 0.6039323, 0.6058899, 0.60695463, 0.6151474, 0.6165744, 0.61828214, 0.6203381, 0.62114847, 0.62313825, 0.6241761, 0.6264569, 0.6289547, 0.63150644], "std": [0.14891611, 0.14839108, 0.14931086, 0.14878602, 0.14958832, 0.14923254, 0.14874522, 0.1494713, 0.14957389, 0.14916195, 0.14863811, 0.14785624, 0.14555924, 0.14459828, 0.14097905, 0.14331153, 0.14122362, 0.14117622, 0.13628599, 0.13356724, 0.13643897, 0.13076402, 0.13078298, 0.12351568, 0.11467359, 0.10942548, 0.109746106, 0.097449124, 0.090247914, 0.090785556, 0.09122595, 0.08285351, 0.08320462, 0.07324709, 0.07367878, 0.061184067, 0.06149769, 0.06203167, 0.062463026, 0.06285246, 0.046824623, 0.04733296, 0.04772014, 0.048101254, 0.04867151, 0.049007475, 0.049250297, 0.049587633, 0.04987926, 0.050416507], "var": [0.98, 0.96, 0.94, 0.92, 0.9, 0.88, 0.88, 0.84, 0.82, 0.78, 0.78, 0.76, 0.78, 0.74, 0.78, 0.8, 0.78, 0.76, 0.74, 0.72, 0.74, 0.76, 0.76, 0.72, 0.7, 0.7, 0.74, 0.76, 0.72, 0.7, 0.74, 0.74, 0.76, 0.72, 0.68, 0.64, 0.62, 0.62, 0.6, 0.56, 0.58, 0.58, 0.56, 0.54, 0.56, 0.56, 0.54, 0.54, 0.5, 0.5], "best": [0.5666667, 0.6014286, 0.6014286, 0.6011112, 0.6014286, 0.6019048, 0.60222226, 0.6021769, 0.60226196, 0.6022752, 0.6022382, 0.60229445, 0.6024207, 0.60329676, 0.6041497, 0.60476196, 0.6052977, 0.60577035, 0.60613763, 0.60649127, 0.6067858, 0.6069842, 0.6074027, 0.60896486, 0.610258, 0.6118667, 0.61344326, 0.61506176, 0.61673474, 0.61840725, 0.6202064, 0.62196624, 0.62367564, 0.62528145, 0.6269888, 0.62873477, 0.63067466, 0.6324711, 0.63449883, 0.63658124, 0.6385596, 0.64070857, 0.64283454, 0.6449392, 0.647078, 0.64906883, 0.6510767, 0.652918, 0.6548215, 0.6567736], "duration": [3216, 3234, 3272, 3258, 3279, 3214, 3221, 3249, 3235, 3412, 3205, 3238, 3211, 3218, 3274, 3247, 3233, 3269, 3259, 3243, 3254, 3253, 3244, 3323, 3156, 3182, 3190, 3252, 3264, 3266, 3244, 3283, 3264, 3284, 3257, 3274, 3261, 3158, 3158, 3280, 3212, 3210, 3205, 3273, 3157, 3164, 3164, 3164, 3147, 3153]}