{"avg": [0.14074074, 0.17420635, 0.15622422, 0.23353177, 0.22234727, 0.15659907, 0.21361275, 0.11906994, 0.20424682, 0.21330364, 0.1581222, 0.1716518, 0.21167535, 0.17162126, 0.22238357, 0.22800176, 0.25232273, 0.22706386, 0.23982264, 0.273857, 0.20814815, 0.24591404, 0.25911134, 0.23018688, 0.2632456, 0.26655737, 0.273204, 0.2989992, 0.25130817, 0.28927875, 0.29503366, 0.31760868, 0.25273177, 0.31154382, 0.26631272, 0.25498223, 0.2902949, 0.3210668, 0.2429356, 0.31628007, 0.2963332, 0.31132525, 0.34306067, 0.2954446, 0.34463006, 0.3358236, 0.32738322, 0.31228057, 0.34860858, 0.3435632], "std": [0.13075699, 0.11626714, 0.11882267, 0.14907078, 0.15002617, 0.12429705, 0.11656465, 0.12428837, 0.10385565, 0.11696471, 0.12930201, 0.14614193, 0.11238111, 0.11869455, 0.09896169, 0.09426323, 0.108915575, 0.1224459, 0.123699605, 0.107575655, 0.1110426, 0.122674294, 0.10641057, 0.09216126, 0.14056349, 0.1480686, 0.15146302, 0.08234954, 0.11402025, 0.10642393, 0.07920269, 0.08722743, 0.12712955, 0.10230513, 0.12847851, 0.13844004, 0.12946135, 0.11095402, 0.15180928, 0.11688314, 0.09677173, 0.109613955, 0.096539356, 0.07345384, 0.08150497, 0.08104978, 0.105749935, 0.10895672, 0.06209874, 0.06873459], "var": [0.9866667, 0.9866667, 0.97333336, 0.94666666, 0.94666666, 0.94666666, 0.93333334, 0.93333334, 0.9066667, 0.88, 0.85333335, 0.84, 0.84, 0.81333333, 0.7866667, 0.8, 0.8, 0.8, 0.7866667, 0.7733333, 0.7733333, 0.74666667, 0.76, 0.73333335, 0.73333335, 0.72, 0.6933333, 0.70666665, 0.72, 0.70666665, 0.72, 0.70666665, 0.70666665, 0.70666665, 0.72, 0.6933333, 0.6933333, 0.6933333, 0.68, 0.68, 0.6933333, 0.70666665, 0.6933333, 0.68, 0.6666667, 0.6666667, 0.6933333, 0.68, 0.68, 0.6666667], "best": [0.3555556, 0.35079366, 0.3747568, 0.38630956, 0.38585863, 0.3740741, 0.3805924, 0.3781009, 0.38247868, 0.38311595, 0.38409746, 0.37977096, 0.38482147, 0.38611877, 0.3869119, 0.37729043, 0.38846606, 0.38239542, 0.38756976, 0.38867527, 0.38167393, 0.38419604, 0.38916516, 0.38981345, 0.39163247, 0.3927471, 0.3937512, 0.39444807, 0.39532477, 0.39629972, 0.38806757, 0.3978941, 0.3979649, 0.3989468, 0.39180806, 0.39208585, 0.400168, 0.4009635, 0.40159762, 0.40212643, 0.40310138, 0.4034249, 0.40533596, 0.39329082, 0.40679926, 0.40764302, 0.40854686, 0.40917364, 0.4094387, 0.41040677], "duration": [5913, 5987, 5874, 5867, 6089, 5854, 5744, 1999, 3947, 5829, 5809, 5973, 5893, 2172, 4027, 6331, 5960, 4704, 2391, 3959, 5926, 5807, 4092, 2860, 2224, 3938, 4069, 7770, 5815, 5873, 5918, 2318, 4217, 4195, 7849, 4241, 2116, 2117, 2329, 2072, 5870, 4060, 2582, 7766, 2109, 4399, 4492, 6011, 4175, 7889]}