{"avg": [0.17083335, 0.18371361, 0.19356056, 0.1472649, 0.20507349, 0.1511045, 0.20873293, 0.1878899, 0.21887986, 0.18954182, 0.14813636, 0.21508172, 0.19816208, 0.27755848, 0.20552877, 0.22363181, 0.24675721, 0.2814958, 0.33564818, 0.27797326, 0.3076019, 0.31882328, 0.32486147, 0.32633972, 0.34374917, 0.3877033, 0.34255657, 0.39759544, 0.37716404, 0.44292814, 0.33029717, 0.4141999, 0.40968677, 0.4080503, 0.3990866, 0.43485814, 0.36747456, 0.41207403, 0.43663388, 0.40969187, 0.42513797, 0.47133994, 0.4291448, 0.50515085, 0.46547335, 0.45570743, 0.5100304, 0.4693096, 0.4493816, 0.4257323, 0.4579136, 0.40584293, 0.5176472, 0.46383935, 0.49152237, 0.45780018, 0.51140183, 0.49235755, 0.5059779, 0.50534207, 0.45593798, 0.5234759, 0.5492939, 0.5285031, 0.53682715, 0.55582476, 0.56146, 0.55488753, 0.5501468, 0.56978387, 0.54530126, 0.5460948, 0.55165035, 0.5713414, 0.5614326, 0.574779, 0.56105983, 0.5652852, 0.5777338, 0.5791946, 0.5604592, 0.5981896, 0.59124833, 0.5762017, 0.57882506, 0.6027598, 0.60616857, 0.57311326, 0.60159737, 0.6261926, 0.62027854, 0.60319144, 0.6311906, 0.6186168, 0.5899421, 0.60882914, 0.64194703, 0.6145587, 0.63896364, 0.61939895], "std": [0.09645532, 0.14876616, 0.13925856, 0.10411877, 0.1404411, 0.1054753, 0.17116259, 0.127318, 0.14347175, 0.12783149, 0.18564965, 0.12078827, 0.13745454, 0.13622747, 0.108153544, 0.09584136, 0.13374926, 0.113440774, 0.15082192, 0.0997779, 0.1207309, 0.12820797, 0.18242525, 0.1238093, 0.13468333, 0.12706801, 0.12405758, 0.1414537, 0.14466724, 0.1329287, 0.14998005, 0.10892064, 0.13484998, 0.12088271, 0.14781632, 0.12950483, 0.17237213, 0.12065281, 0.118099704, 0.13120967, 0.119322285, 0.08411693, 0.13964047, 0.070512846, 0.057631746, 0.1007263, 0.06850987, 0.07400184, 0.09882477, 0.13542783, 0.1327715, 0.14988935, 0.07121008, 0.095065854, 0.091271274, 0.10771154, 0.079300314, 0.095040016, 0.067429535, 0.06517674, 0.1270256, 0.10308336, 0.06022566, 0.06737411, 0.06832129, 0.05728912, 0.05057008, 0.06972383, 0.07372406, 0.059324432, 0.09006878, 0.07784064, 0.07715677, 0.060436346, 0.071653984, 0.06769442, 0.07135869, 0.07350155, 0.06824996, 0.066214256, 0.09813617, 0.05521708, 0.06041526, 0.0724376, 0.07251353, 0.057472643, 0.055940304, 0.07601195, 0.069727995, 0.038157593, 0.049850788, 0.06557924, 0.042882286, 0.08118579, 0.093487374, 0.07031094, 0.038861994, 0.06677092, 0.049696025, 0.06849653], "var": [0.98, 0.96, 0.96, 0.94, 0.92, 0.9, 0.88, 0.86, 0.82, 0.78, 0.76, 0.74, 0.7, 0.68, 0.66, 0.64, 0.6, 0.6, 0.6, 0.6, 0.64, 0.64, 0.62, 0.64, 0.64, 0.64, 0.64, 0.66, 0.62, 0.62, 0.6, 0.6, 0.6, 0.58, 0.56, 0.56, 0.6, 0.64, 0.64, 0.64, 0.62, 0.6, 0.56, 0.56, 0.58, 0.56, 0.54, 0.56, 0.58, 0.54, 0.54, 0.52, 0.52, 0.5, 0.46, 0.46, 0.44, 0.44, 0.44, 0.44, 0.44, 0.42, 0.38, 0.36, 0.36, 0.36, 0.34, 0.34, 0.34, 0.34, 0.34, 0.32, 0.3, 0.34, 0.32, 0.32, 0.36, 0.32, 0.32, 0.3, 0.3, 0.3, 0.3, 0.28, 0.26, 0.24, 0.22, 0.22, 0.2, 0.2, 0.18, 0.18, 0.18, 0.18, 0.18, 0.16, 0.14, 0.16, 0.16, 0.16], "best": [0.3555556, 0.5259921, 0.52651733, 0.4007451, 0.53343254, 0.3978175, 0.53391814, 0.3973305, 0.53066206, 0.3992908, 0.53551966, 0.53183943, 0.53291565, 0.5357297, 0.38632315, 0.39076114, 0.3969593, 0.40028864, 0.5361962, 0.40511167, 0.53922176, 0.5469724, 0.54075015, 0.5485928, 0.54328275, 0.549955, 0.54543704, 0.5539001, 0.54789275, 0.5562909, 0.54955685, 0.5580299, 0.5587786, 0.5536415, 0.56099343, 0.55934864, 0.56463945, 0.5631657, 0.5610827, 0.5687199, 0.56255054, 0.56560266, 0.57774854, 0.5715095, 0.566655, 0.5777366, 0.57914793, 0.57071704, 0.5705222, 0.5740993, 0.5746341, 0.57999516, 0.5814116, 0.5824815, 0.5839386, 0.5861447, 0.5881694, 0.5880655, 0.5890647, 0.5906947, 0.59201705, 0.5933137, 0.595155, 0.59669805, 0.5986936, 0.60029036, 0.60180634, 0.60290855, 0.6049939, 0.6066611, 0.6085437, 0.6100722, 0.6116663, 0.6134374, 0.61490154, 0.6167723, 0.61859703, 0.620623, 0.62268025, 0.62420154, 0.6261778, 0.627774, 0.62957895, 0.6315452, 0.63340634, 0.6347944, 0.63708097, 0.63862944, 0.6405493, 0.6429145, 0.6446996, 0.64672625, 0.64866805, 0.65050596, 0.65250856, 0.6543534, 0.6560318, 0.6577401, 0.65948915, 0.6614126], "duration": [3838, 8003, 7643, 1860, 5757, 3775, 7719, 3795, 2338, 3788, 7651, 6079, 1948, 5780, 3854, 12008, 5815, 5745, 9582, 3902, 6099, 5828, 5881, 5872, 9588, 9623, 5847, 7777, 7784, 9774, 4438, 5923, 9691, 7778, 9696, 4182, 7769, 7808, 9714, 7866, 11639, 9709, 7827, 13505, 4114, 9707, 9675, 9733, 9691, 4231, 7918, 13858, 9855, 11533, 11661, 11598, 11679, 11642, 9817, 11675, 13497, 11668, 13525, 11622, 15758, 13540, 13498, 13501, 11656, 13519, 13515, 13504, 13509, 13527, 15782, 13495, 13519, 15775, 15764, 13526, 13532, 13534, 13538, 13521, 13556, 18044, 13529, 13507, 13507, 18062, 13524, 13521, 18098, 15820, 13521, 13577, 13537, 13572, 13532, 13521]}