{"avg": [0.13535355, 0.18187591, 0.17783962, 0.22479707, 0.25239438, 0.16905564, 0.15883191, 0.24713977, 0.23025681, 0.19969618, 0.21326655, 0.28242913, 0.21440053, 0.195891, 0.21640213, 0.23113321, 0.25236976, 0.18719801, 0.18544374, 0.21849106, 0.28647235, 0.18791462, 0.286585, 0.287918, 0.18284462, 0.156169, 0.20856772, 0.27728918, 0.32569447, 0.24547939, 0.2807304, 0.24209185, 0.22899343, 0.24567895, 0.32734936, 0.31641287, 0.2643503, 0.18826182, 0.3288088, 0.32129022, 0.34368542, 0.24160486, 0.29942784, 0.39908057, 0.36430004, 0.32518923, 0.29095232, 0.3346058, 0.30823672, 0.41063318], "std": [0.10003571, 0.1614079, 0.15070426, 0.16862236, 0.16208118, 0.09850612, 0.1074089, 0.13511339, 0.1528262, 0.1139984, 0.111760706, 0.16426179, 0.1299557, 0.07804939, 0.14307135, 0.17310855, 0.1390879, 0.14669801, 0.08018091, 0.13060252, 0.12174739, 0.016057022, 0.1702338, 0.15895748, 0.07443842, 0.085244015, 0.063457504, 0.15471663, 0.1484647, 0.13576497, 0.14060697, 0.08318329, 0.18171854, 0.14404158, 0.15543935, 0.17882475, 0.16729319, 0.14717613, 0.1276439, 0.13136815, 0.12503958, 0.14060429, 0.13623771, 0.14887328, 0.1501878, 0.090234645, 0.17376947, 0.18466447, 0.11725046, 0.15669456], "var": [0.98, 0.98, 0.96, 0.96, 0.94, 0.94, 0.94, 0.94, 0.92, 0.92, 0.9, 0.9, 0.88, 0.88, 0.9, 0.9, 0.9, 0.88, 0.86, 0.84, 0.82, 0.8, 0.8, 0.78, 0.76, 0.74, 0.76, 0.78, 0.78, 0.76, 0.76, 0.76, 0.74, 0.74, 0.74, 0.72, 0.74, 0.74, 0.72, 0.7, 0.68, 0.68, 0.68, 0.68, 0.68, 0.66, 0.64, 0.64, 0.64, 0.64], "best": [0.3555556, 0.5284272, 0.53718823, 0.5297123, 0.53935033, 0.38068786, 0.38815632, 0.53677595, 0.5397361, 0.532799, 0.3953786, 0.53999484, 0.391811, 0.34574315, 0.5295094, 0.53621155, 0.5330374, 0.5337869, 0.39139014, 0.5363946, 0.53513616, 0.23253286, 0.53777385, 0.53970134, 0.3477688, 0.23942375, 0.3874687, 0.5371072, 0.5375662, 0.53924274, 0.5399023, 0.39006522, 0.54006684, 0.5408233, 0.5414376, 0.54201955, 0.54006207, 0.54258007, 0.53814906, 0.5426518, 0.54316664, 0.537578, 0.53929704, 0.5436203, 0.5454088, 0.39306775, 0.5467066, 0.5467789, 0.5486237, 0.5497067], "duration": [3160, 3172, 6982, 5056, 5144, 1234, 1231, 5148, 5096, 3169, 1273, 5114, 6978, 3135, 3180, 3245, 1626, 1354, 1216, 3360, 1369, 1218, 5437, 5102, 3111, 1557, 1208, 5099, 7051, 3189, 8923, 5068, 5073, 5123, 7092, 7047, 5169, 5064, 5161, 7005, 7084, 1362, 6986, 8952, 5185, 5073, 7049, 7050, 5127, 8979]}