{"avg": [0.37466675, 0.41123182, 0.42299527, 0.43416515, 0.43750554, 0.44272828, 0.451227, 0.45246536, 0.45768303, 0.46389735, 0.47114456, 0.4787254, 0.4824469, 0.4890976, 0.48992366, 0.49036393, 0.4972409, 0.50420755, 0.5104942, 0.5172887, 0.5238971, 0.5302132, 0.5369523, 0.5432419, 0.5439187, 0.5475488, 0.5482334, 0.54921526, 0.54894984, 0.5507772, 0.55233717, 0.5531546, 0.5544436, 0.5553827, 0.5571926, 0.55762404, 0.5590416, 0.5599535, 0.5613209, 0.56226045, 0.5632235, 0.5640991, 0.5650724, 0.56597525, 0.567231, 0.5687235, 0.5698657, 0.5707962, 0.57234454, 0.5737196], "std": [0.1286596, 0.12426619, 0.104668856, 0.09427303, 0.08829662, 0.08716658, 0.08616951, 0.08528931, 0.083413824, 0.082383946, 0.07895907, 0.076892935, 0.07609409, 0.07409062, 0.073587604, 0.073547766, 0.07098979, 0.067779325, 0.06340959, 0.058478758, 0.052414756, 0.045378838, 0.03603334, 0.021981543, 0.022192499, 0.006649636, 0.0066770245, 0.0071152826, 0.00886515, 0.0071355915, 0.00767443, 0.007888063, 0.008001207, 0.008079187, 0.0100087505, 0.008552766, 0.008913275, 0.009189238, 0.00946418, 0.009754951, 0.009990764, 0.010242089, 0.010378573, 0.010544583, 0.010499664, 0.010841554, 0.010911404, 0.011120802, 0.011116868, 0.010939024], "var": [0.98, 0.96, 0.94, 0.94, 0.9, 0.86, 0.86, 0.82, 0.82, 0.8, 0.78, 0.78, 0.74, 0.7, 0.7, 0.68, 0.68, 0.68, 0.7, 0.66, 0.66, 0.66, 0.68, 0.66, 0.64, 0.62, 0.6, 0.6, 0.64, 0.6, 0.6, 0.6, 0.6, 0.6, 0.56, 0.56, 0.54, 0.54, 0.52, 0.52, 0.5, 0.52, 0.5, 0.5, 0.48, 0.5, 0.5, 0.52, 0.52, 0.5], "best": [0.51111114, 0.5425397, 0.5425397, 0.54269844, 0.5427778, 0.5427302, 0.5430953, 0.54376423, 0.5442064, 0.5852381, 0.5449207, 0.5458298, 0.5476191, 0.5491698, 0.5504989, 0.55161905, 0.55259925, 0.56857145, 0.5545503, 0.5556976, 0.556754, 0.5577551, 0.5586869, 0.5598482, 0.5609921, 0.5620635, 0.56308913, 0.56409174, 0.5651588, 0.5661522, 0.56704766, 0.56830007, 0.5694445, 0.5707071, 0.5975584, 0.5730975, 0.5743387, 0.57573146, 0.577051, 0.57844937, 0.5797659, 0.5810182, 0.5822109, 0.58334816, 0.584412, 0.58553445, 0.5867115, 0.5878487, 0.58893853, 0.59010047], "duration": [59460, 61735, 62393, 63708, 63987, 63842, 64721, 63247, 63040, 62797, 62874, 63628, 64704, 65601, 65689, 65643, 66835, 70420, 69140, 71307, 73271, 72449, 74406, 76763, 80539, 76604, 76687, 76472, 76701, 76388, 76933, 76355, 76390, 76510, 76468, 76395, 76431, 76446, 76360, 76327, 76271, 76241, 76211, 76205, 76251, 76395, 76405, 76413, 76416, 76304]}