{"avg": [0.36866662, 0.40172386, 0.40841433, 0.41502866, 0.41546196, 0.42211616, 0.43455395, 0.44101638, 0.45370838, 0.46616298, 0.466562, 0.4668884, 0.47348177, 0.48605567, 0.49819058, 0.5103244, 0.5172518, 0.52978826, 0.53626513, 0.54886913, 0.56164676, 0.5624355, 0.5748329, 0.5872343, 0.59346914, 0.59969527, 0.60056233, 0.60750735, 0.6081984, 0.60915893, 0.6101007, 0.61125994, 0.6119829, 0.61302763, 0.6137866, 0.614735, 0.61598355, 0.61732394, 0.61856467, 0.61959857, 0.62040424, 0.6219187, 0.623187, 0.62419003, 0.62536263, 0.62630206, 0.6275315, 0.62864995, 0.629763, 0.6314131], "std": [0.14211266, 0.14406, 0.1454748, 0.14672463, 0.14675695, 0.14749423, 0.14868896, 0.14906703, 0.14895779, 0.14781998, 0.14795892, 0.1480733, 0.14722437, 0.14461584, 0.14072491, 0.13582765, 0.1329126, 0.12624288, 0.122346684, 0.113171674, 0.10194305, 0.10144932, 0.08775401, 0.06951313, 0.057483893, 0.04159, 0.041784495, 0.008903627, 0.009046543, 0.0092585385, 0.009393366, 0.009308906, 0.00945978, 0.009468788, 0.009587536, 0.009440997, 0.009449029, 0.009550811, 0.009407808, 0.009363836, 0.0094548315, 0.0092427395, 0.008992281, 0.008903701, 0.008703343, 0.008671399, 0.008299148, 0.0081649795, 0.008005388, 0.007943885], "var": [1.0, 0.98, 0.96, 0.92, 0.88, 0.86, 0.84, 0.84, 0.82, 0.82, 0.82, 0.8, 0.76, 0.74, 0.7, 0.68, 0.72, 0.7, 0.72, 0.7, 0.7, 0.7, 0.68, 0.66, 0.66, 0.68, 0.64, 0.6, 0.6, 0.58, 0.6, 0.56, 0.58, 0.56, 0.52, 0.52, 0.5, 0.52, 0.48, 0.52, 0.5, 0.5, 0.5, 0.52, 0.5, 0.5, 0.52, 0.5, 0.52, 0.54], "best": [0.5666667, 0.5980953, 0.5983334, 0.6011112, 0.60273814, 0.60400003, 0.6051588, 0.6059865, 0.6066072, 0.60767204, 0.60857147, 0.6093074, 0.6099207, 0.6108425, 0.61166674, 0.6123175, 0.61276793, 0.6136415, 0.6144445, 0.6151379, 0.6158572, 0.61653066, 0.6173377, 0.61792964, 0.6184921, 0.6190286, 0.6193774, 0.6203528, 0.6216327, 0.6228079, 0.62393653, 0.6250999, 0.6263393, 0.62753254, 0.6286975, 0.62979597, 0.6308334, 0.6319563, 0.6331705, 0.6343102, 0.6354405, 0.6364809, 0.6374944, 0.63847184, 0.63940483, 0.64026463, 0.641087, 0.6419352, 0.6427679, 0.6435958], "duration": [3058, 3014, 3023, 3040, 3091, 3029, 3040, 3033, 3071, 3024, 3001, 2995, 3020, 3030, 3033, 3028, 3024, 3028, 3032, 3029, 3044, 3065, 3048, 3060, 3070, 3071, 3073, 3091, 3063, 3073, 3070, 3070, 3079, 3080, 3064, 3072, 3078, 3087, 3084, 3091, 3085, 3074, 3082, 3147, 3096, 3099, 3078, 3081, 3064, 3075]}