{"avg": [0.15422224, 0.15935555, 0.16050795, 0.1738413, 0.15555002, 0.17259304, 0.17065081, 0.16969116, 0.18947619, 0.20514712, 0.198781, 0.20436826, 0.19488893, 0.20341806, 0.20286916, 0.20009401, 0.20163238, 0.20913555, 0.24249206, 0.22725752, 0.22604509, 0.221634, 0.23127507, 0.22305563, 0.23381272, 0.21858174, 0.23368196, 0.23723775, 0.22687414, 0.23177016, 0.22886889, 0.23318745, 0.24805838, 0.2438381, 0.24105754, 0.2378622, 0.25927067, 0.27140155, 0.26396182, 0.2538784, 0.25121486, 0.29345047, 0.26965854, 0.28365466, 0.26727694, 0.26029992, 0.27357855, 0.26633322, 0.24413116, 0.26402742], "std": [0.10455409, 0.12920393, 0.11850869, 0.12930647, 0.12544641, 0.13459429, 0.10843983, 0.12724246, 0.13304612, 0.1363495, 0.12265366, 0.120659105, 0.12602586, 0.12591074, 0.120366886, 0.12154815, 0.12609673, 0.12976031, 0.1170259, 0.12782323, 0.12766135, 0.11976412, 0.12911671, 0.13105096, 0.119275644, 0.11691648, 0.13279992, 0.1289745, 0.11428687, 0.12771557, 0.1303601, 0.1309601, 0.13417788, 0.121022925, 0.13170561, 0.12577458, 0.12159945, 0.110097595, 0.1091466, 0.1045563, 0.12509944, 0.11411157, 0.11798888, 0.11129145, 0.115902975, 0.14791909, 0.12411629, 0.119139224, 0.13566707, 0.118779466], "var": [1.0, 0.98, 0.94, 0.92, 0.88, 0.9, 0.9, 0.9, 0.88, 0.88, 0.88, 0.88, 0.88, 0.86, 0.82, 0.8, 0.78, 0.82, 0.84, 0.82, 0.8, 0.8, 0.78, 0.78, 0.78, 0.78, 0.76, 0.74, 0.72, 0.74, 0.74, 0.72, 0.74, 0.74, 0.76, 0.72, 0.74, 0.76, 0.76, 0.76, 0.8, 0.8, 0.78, 0.76, 0.78, 0.76, 0.74, 0.74, 0.74, 0.74], "best": [0.3555556, 0.44460317, 0.3896032, 0.3896826, 0.3896032, 0.3893651, 0.39023814, 0.39242634, 0.3937699, 0.5003704, 0.39579368, 0.3976768, 0.39865083, 0.39995122, 0.4010318, 0.40209526, 0.40341276, 0.40446314, 0.4054233, 0.4062323, 0.40679368, 0.4071656, 0.4075902, 0.40801936, 0.5141667, 0.40942228, 0.40989625, 0.504709, 0.41092974, 0.5093268, 0.50155556, 0.41259092, 0.5097619, 0.4127273, 0.41292253, 0.4130658, 0.41322756, 0.4133677, 0.41341275, 0.41346768, 0.4136151, 0.5146342, 0.41536283, 0.5074087, 0.41658372, 0.41515347, 0.5186957, 0.4185647, 0.4191568, 0.41974413], "duration": [11825, 10692, 9845, 10589, 9564, 8419, 7636, 7887, 8245, 7995, 8372, 7623, 8370, 8017, 7931, 7818, 7685, 7839, 7987, 8361, 7719, 7761, 7797, 7737, 7654, 8623, 9626, 7367, 7523, 7471, 7195, 7393, 7210, 7360, 7547, 7036, 7585, 7757, 7689, 8234, 8534, 8419, 7629, 7581, 7912, 7908, 8046, 8284, 7976, 7708]}