{"avg": [0.37619048, 0.40485784, 0.4323222, 0.427411, 0.39116606, 0.4764647, 0.3980053, 0.43857902, 0.44293886, 0.45758697, 0.44077072, 0.47019434, 0.48941693, 0.489011, 0.5351312, 0.47750896, 0.5228638, 0.5364644, 0.52350384, 0.51835966, 0.5222206, 0.5355112, 0.5404975, 0.5184925, 0.55324775, 0.53470093, 0.5373388, 0.53236526, 0.5482183, 0.5501911, 0.55662864, 0.5517959, 0.5646301, 0.57219493, 0.5701389, 0.5714638, 0.5722707, 0.57561827, 0.5746974, 0.5668952, 0.5877561, 0.5854431, 0.58621746, 0.5834945, 0.59457284, 0.59658223, 0.5750302, 0.59861577, 0.60314816, 0.60262215], "std": [0.11921682, 0.10549493, 0.10981946, 0.13929239, 0.11864147, 0.104571916, 0.10396565, 0.10933067, 0.14956316, 0.10805075, 0.145938, 0.08913123, 0.10788577, 0.08223951, 0.044357065, 0.14003448, 0.06361851, 0.04316456, 0.062587276, 0.061885323, 0.0607612, 0.049805176, 0.040034775, 0.077333994, 0.007462241, 0.05645133, 0.067293055, 0.07219913, 0.05487443, 0.05788229, 0.04237997, 0.040253803, 0.011732382, 0.012520593, 0.010172107, 0.011425326, 0.015973195, 0.01384689, 0.017964756, 0.05184277, 0.010918943, 0.014277743, 0.013442414, 0.016992453, 0.012506834, 0.013571836, 0.055610042, 0.014938256, 0.019189246, 0.01682678], "var": [0.96, 0.92, 0.88, 0.84, 0.82, 0.84, 0.82, 0.8, 0.78, 0.8, 0.8, 0.78, 0.76, 0.74, 0.76, 0.76, 0.74, 0.72, 0.7, 0.68, 0.66, 0.62, 0.6, 0.6, 0.6, 0.58, 0.54, 0.56, 0.54, 0.52, 0.54, 0.52, 0.52, 0.52, 0.48, 0.48, 0.46, 0.42, 0.42, 0.44, 0.44, 0.44, 0.44, 0.42, 0.4, 0.4, 0.36, 0.34, 0.32, 0.32], "best": [0.51111114, 0.5587302, 0.54726636, 0.5570295, 0.5611515, 0.55905634, 0.5495727, 0.558957, 0.5607143, 0.5491716, 0.55935675, 0.56300735, 0.5653074, 0.5652015, 0.5667801, 0.55766726, 0.5683532, 0.5689076, 0.56957674, 0.56934005, 0.5697677, 0.5693878, 0.57002354, 0.571424, 0.57119554, 0.5736348, 0.57450247, 0.5775577, 0.5796402, 0.5817317, 0.5845716, 0.58680934, 0.58695245, 0.5873863, 0.58864117, 0.59010535, 0.5915277, 0.5936061, 0.595116, 0.5966036, 0.59867, 0.6016925, 0.6045177, 0.60649246, 0.6078198, 0.610306, 0.6126805, 0.6140882, 0.6165671, 0.61984235], "duration": [23741, 25048, 27193, 27047, 26674, 31950, 26644, 27311, 31942, 25468, 27302, 27288, 27427, 27175, 27447, 27334, 27321, 27447, 27507, 27187, 27459, 27565, 27370, 27196, 27346, 27346, 31695, 27368, 31938, 27590, 27806, 27626, 27681, 27625, 27712, 27760, 27730, 27710, 27804, 27701, 27743, 27775, 27758, 27631, 27639, 27700, 27741, 27891, 27819, 27812]}