{"avg": [0.4466667, 0.4848214, 0.4661291, 0.50052917, 0.5173719, 0.41471595, 0.4833399, 0.47599468, 0.5061793, 0.48657045, 0.542381, 0.5395868, 0.55905974, 0.5863006, 0.5903339, 0.5209295, 0.58623976, 0.55478805, 0.5482483, 0.59102845, 0.5473686, 0.5533242, 0.6160625, 0.5620651, 0.61521536, 0.5949265, 0.60360223, 0.62053126, 0.61204576, 0.58641523, 0.6300312, 0.6304622, 0.63057685, 0.61689174, 0.6237442, 0.6446112, 0.62680644, 0.6261696, 0.6310196, 0.66140145, 0.6146386, 0.6670048, 0.6466503, 0.6654376, 0.67950153, 0.6829468, 0.675313, 0.68729097, 0.6842554, 0.6822356], "std": [0.14696941, 0.1526432, 0.14935842, 0.1431794, 0.13800007, 0.15304436, 0.14837386, 0.1528582, 0.14380959, 0.14982682, 0.12442259, 0.12370284, 0.105887875, 0.0778367, 0.0843701, 0.1430508, 0.0762545, 0.112976, 0.12243454, 0.07978499, 0.12250084, 0.1281453, 0.013340743, 0.116600655, 0.015244771, 0.07709712, 0.07940169, 0.016666839, 0.079486705, 0.10951768, 0.015886888, 0.019954164, 0.01789438, 0.08285692, 0.081521004, 0.016457625, 0.101086736, 0.09454123, 0.08792582, 0.016410206, 0.1272983, 0.018395063, 0.08573173, 0.023131184, 0.020147244, 0.021645358, 0.029605312, 0.022119015, 0.03558352, 0.038194716], "var": [1.0, 0.98, 0.98, 0.98, 0.98, 0.96, 0.92, 0.92, 0.9, 0.86, 0.86, 0.86, 0.86, 0.84, 0.84, 0.84, 0.82, 0.82, 0.78, 0.74, 0.74, 0.7, 0.68, 0.64, 0.62, 0.6, 0.56, 0.54, 0.52, 0.48, 0.48, 0.46, 0.46, 0.46, 0.42, 0.42, 0.42, 0.38, 0.38, 0.38, 0.36, 0.36, 0.32, 0.3, 0.3, 0.3, 0.28, 0.26, 0.24, 0.22], "best": [0.5666667, 0.61746037, 0.61505383, 0.61111116, 0.61584705, 0.61083966, 0.6114077, 0.6100579, 0.6129196, 0.6146308, 0.6172233, 0.61907583, 0.62062633, 0.6199091, 0.6220377, 0.6266584, 0.61869496, 0.6209046, 0.626103, 0.62825733, 0.62905866, 0.62936264, 0.631983, 0.62571704, 0.6355513, 0.6374079, 0.6378554, 0.6413814, 0.6442702, 0.64791805, 0.6501286, 0.6535044, 0.6563252, 0.6577803, 0.66045356, 0.6634834, 0.6661718, 0.6692983, 0.6719342, 0.67489904, 0.67885655, 0.6814264, 0.6851649, 0.68855727, 0.69115555, 0.6953596, 0.69870734, 0.70117927, 0.7039978, 0.70652056], "duration": [1147, 1308, 1129, 1127, 1126, 1315, 1122, 1124, 1122, 1125, 1122, 1134, 1132, 1319, 1128, 1137, 1126, 1129, 1125, 1136, 1315, 1124, 1130, 1115, 1131, 1314, 1134, 1136, 1508, 1132, 1129, 1126, 1126, 1310, 1162, 1160, 1128, 1169, 1125, 1325, 1120, 1310, 1509, 1309, 1321, 1132, 1129, 1122, 1121, 1163]}