{"avg": [0.30555558, 0.38611114, 0.4645844, 0.423499, 0.45541155, 0.43123785, 0.43948194, 0.3531454, 0.4333104, 0.45326883, 0.46591464, 0.47754806, 0.48523366, 0.46282333, 0.48977277, 0.46797138, 0.4978125, 0.4523533, 0.49247628, 0.5033875, 0.5393808, 0.5033483, 0.51002175, 0.537193, 0.5455567, 0.5279718, 0.50965357, 0.5669994, 0.54160994, 0.52844876, 0.5590436, 0.5436489, 0.546512, 0.5800398, 0.58227444, 0.5855288, 0.5999288, 0.6084476, 0.6120904, 0.5952879, 0.61276096, 0.60993975, 0.6218702, 0.6191421, 0.6218761, 0.626493, 0.6380916, 0.6408806, 0.6423047, 0.6572835], "std": [0.13528663, 0.1447321, 0.08864175, 0.1358271, 0.09576505, 0.1209534, 0.11382368, 0.15499572, 0.14123759, 0.09202161, 0.10944182, 0.09036682, 0.08846475, 0.14289449, 0.08560446, 0.143247, 0.10629747, 0.120827705, 0.09324109, 0.08818779, 0.044046834, 0.11224732, 0.081685744, 0.07044599, 0.06420804, 0.07321814, 0.11182942, 0.01940358, 0.065533035, 0.10642936, 0.061515655, 0.09696936, 0.1067219, 0.022683742, 0.025934603, 0.027740847, 0.023653805, 0.023024201, 0.019713502, 0.031912908, 0.028789634, 0.03439428, 0.029151984, 0.031822737, 0.03638373, 0.035188455, 0.025332652, 0.026687033, 0.032721885, 0.0065784315], "var": [0.98, 0.98, 0.96, 0.96, 0.92, 0.92, 0.92, 0.92, 0.92, 0.92, 0.92, 0.9, 0.88, 0.86, 0.86, 0.82, 0.8, 0.78, 0.76, 0.72, 0.72, 0.7, 0.66, 0.66, 0.64, 0.6, 0.6, 0.58, 0.54, 0.5, 0.48, 0.46, 0.42, 0.38, 0.34, 0.32, 0.3, 0.3, 0.3, 0.26, 0.22, 0.24, 0.24, 0.2, 0.18, 0.18, 0.14, 0.14, 0.14, 0.14], "best": [0.51111114, 0.5602183, 0.5510497, 0.5545894, 0.5510627, 0.55215126, 0.5556907, 0.55851567, 0.549948, 0.5573599, 0.55673325, 0.55900866, 0.5535099, 0.55908203, 0.56370854, 0.5676842, 0.5705405, 0.5720954, 0.5728488, 0.57418275, 0.57580113, 0.57549036, 0.5777088, 0.5803511, 0.5840039, 0.588232, 0.5896182, 0.5906079, 0.5936834, 0.59555066, 0.5967133, 0.5998288, 0.60128134, 0.6050111, 0.6080914, 0.6110331, 0.6135514, 0.6198848, 0.6242362, 0.6286102, 0.6304616, 0.6333482, 0.6364187, 0.6401206, 0.6428941, 0.6457044, 0.6489749, 0.65293586, 0.65602356, 0.6591079], "duration": [30371, 26806, 27463, 27459, 27581, 27049, 31844, 26808, 27336, 27097, 27474, 27199, 27078, 32028, 27356, 27426, 27377, 27265, 27359, 27374, 27366, 27400, 27346, 27352, 27395, 27309, 27355, 31866, 27273, 27214, 27290, 27299, 31840, 27223, 27168, 27223, 40976, 27308, 31779, 27319, 31855, 27287, 27341, 27314, 27246, 27257, 36297, 27210, 36385, 27275]}