{"avg": [0.41666672, 0.40207756, 0.3951743, 0.44566876, 0.46430463, 0.44625908, 0.50316423, 0.4770113, 0.34006858, 0.52483004, 0.43993628, 0.48660544, 0.5004891, 0.48034924, 0.5551411, 0.5461701, 0.5567125, 0.5694699, 0.5717422, 0.5508667, 0.50659347, 0.50867444, 0.55637366, 0.55195874, 0.5760497, 0.54673046, 0.57561505, 0.56814355, 0.57520634, 0.6004725, 0.59681576, 0.58963186, 0.6210609, 0.6045274, 0.6262542, 0.6304946, 0.61415017, 0.639781, 0.63961595, 0.6479568, 0.6486151, 0.6465108, 0.65620834, 0.6556136, 0.6652963, 0.65945774, 0.667435, 0.6717541, 0.6774345, 0.6789969], "std": [0.15000002, 0.1485697, 0.14239283, 0.15254991, 0.15063538, 0.151873, 0.14165738, 0.14981158, 0.10643659, 0.13125892, 0.15175515, 0.14711656, 0.14419901, 0.14927046, 0.10986474, 0.11865784, 0.11165667, 0.0988706, 0.10421835, 0.12070161, 0.14658341, 0.14848274, 0.12154704, 0.121640116, 0.10454028, 0.1311315, 0.102140434, 0.11215911, 0.11277834, 0.07553014, 0.079781, 0.10417637, 0.015354663, 0.077388965, 0.018462189, 0.01376305, 0.08241768, 0.016161023, 0.017202172, 0.015990071, 0.019830385, 0.024420643, 0.01961961, 0.024669886, 0.02030698, 0.029288154, 0.025787517, 0.024096351, 0.02765102, 0.028341647], "var": [0.98, 0.94, 0.92, 0.88, 0.84, 0.8, 0.78, 0.76, 0.72, 0.7, 0.68, 0.66, 0.64, 0.64, 0.62, 0.6, 0.56, 0.56, 0.54, 0.5, 0.46, 0.46, 0.48, 0.48, 0.46, 0.46, 0.46, 0.44, 0.4, 0.38, 0.38, 0.34, 0.34, 0.32, 0.3, 0.28, 0.24, 0.22, 0.2, 0.2, 0.18, 0.18, 0.16, 0.16, 0.12, 0.12, 0.12, 0.12, 0.1, 0.1], "best": [0.5666667, 0.6162699, 0.60443354, 0.60466063, 0.6063493, 0.60735387, 0.6062657, 0.60806525, 0.6003024, 0.60799325, 0.6094299, 0.60963655, 0.60836554, 0.60976195, 0.6109635, 0.6129282, 0.6140906, 0.6167301, 0.6164967, 0.6208817, 0.62214595, 0.621931, 0.62396276, 0.62639004, 0.62650883, 0.6290599, 0.6308591, 0.63219905, 0.63314855, 0.6354148, 0.63713276, 0.6376526, 0.6418497, 0.64334536, 0.64491713, 0.64708906, 0.64940906, 0.65250415, 0.6558624, 0.65878737, 0.66236126, 0.666015, 0.66856277, 0.67182547, 0.67498624, 0.67863584, 0.68147564, 0.68493795, 0.6875263, 0.69140255], "duration": [1259, 1227, 1500, 1313, 1298, 1342, 1328, 1580, 1328, 1374, 1612, 1323, 1626, 1372, 1289, 1516, 1760, 1606, 1494, 1272, 1292, 1332, 1296, 1379, 1823, 1513, 1391, 1323, 1347, 1304, 1332, 1299, 1333, 1544, 1364, 1402, 1338, 1293, 1351, 1650, 1346, 1287, 1354, 1556, 1302, 1323, 1331, 1330, 1349, 1788]}