{"avg": [0.5156863, 0.55005765, 0.5503735, 0.53876334, 0.53538877, 0.5482247, 0.53216857, 0.54005647, 0.5402211, 0.56200445, 0.547795, 0.5434062, 0.56006485, 0.54485726, 0.5563575, 0.5502498, 0.5468707, 0.5598355, 0.54066426, 0.550167, 0.5682649, 0.54667795, 0.5488521, 0.5722933, 0.5586119, 0.5617269, 0.5682984, 0.53709686, 0.56230617, 0.56815684, 0.54853016, 0.5447664, 0.560293, 0.5485665, 0.551737, 0.5497628, 0.5590244, 0.5615576, 0.56985205, 0.56216264, 0.56668836, 0.5603345, 0.5551935, 0.5760478, 0.57565325, 0.5775877, 0.58065444, 0.5659138, 0.5631897, 0.5814798], "std": [0.028278857, 0.031490598, 0.032281715, 0.020426134, 0.024627691, 0.033663757, 0.016991273, 0.021468367, 0.023012377, 0.032349877, 0.030505449, 0.021461181, 0.032066286, 0.0242927, 0.027928669, 0.034106527, 0.027417807, 0.030692471, 0.017987007, 0.029566437, 0.037236277, 0.022189496, 0.024459599, 0.039034866, 0.03046569, 0.02665243, 0.037072923, 0.009660562, 0.027972074, 0.03012414, 0.031067379, 0.015705083, 0.037115797, 0.022547454, 0.025616558, 0.01813542, 0.03127527, 0.028445331, 0.02572937, 0.0311869, 0.033870723, 0.029006572, 0.021764668, 0.036164507, 0.035246514, 0.029290019, 0.034533627, 0.03538478, 0.023249181, 0.02985094], "var": [1.0, 0.98, 0.94, 0.9, 0.86, 0.88, 0.84, 0.82, 0.78, 0.78, 0.76, 0.72, 0.68, 0.7, 0.7, 0.7, 0.68, 0.66, 0.64, 0.62, 0.6, 0.6, 0.6, 0.58, 0.54, 0.5, 0.5, 0.52, 0.52, 0.52, 0.52, 0.5, 0.52, 0.52, 0.52, 0.52, 0.5, 0.5, 0.5, 0.48, 0.48, 0.48, 0.46, 0.44, 0.44, 0.46, 0.44, 0.44, 0.42, 0.4], "best": [0.5666667, 0.6030813, 0.6058824, 0.5982508, 0.6043957, 0.61457264, 0.5956625, 0.5947135, 0.5985321, 0.6107703, 0.6152898, 0.59166014, 0.6097911, 0.5940872, 0.6082023, 0.6224182, 0.6175952, 0.6102312, 0.5984671, 0.6114162, 0.62448984, 0.60637283, 0.6178031, 0.6246943, 0.6060561, 0.6094874, 0.6202236, 0.5597771, 0.6184619, 0.6155969, 0.62779653, 0.5892956, 0.6281905, 0.59961945, 0.6108973, 0.60044813, 0.6307693, 0.6319977, 0.6181797, 0.6346544, 0.636243, 0.6363623, 0.6169354, 0.63773507, 0.6379194, 0.6395726, 0.64007944, 0.6411866, 0.6200207, 0.64412665], "duration": [45218, 41666, 37794, 41116, 38678, 49540, 38742, 44561, 37362, 37730, 38647, 35629, 36467, 38180, 37592, 36942, 38954, 37601, 39613, 38087, 37405, 38026, 38070, 37198, 36387, 37629, 37602, 38433, 37925, 37250, 44872, 37880, 36888, 44941, 39613, 44072, 38712, 37886, 39857, 38638, 38949, 39760, 40394, 39519, 39242, 38846, 39792, 39893, 36972, 42995]}