{"avg": [0.14166668, 0.17963625, 0.1730671, 0.17718256, 0.20671786, 0.24751481, 0.2579067, 0.23382118, 0.19008905, 0.22689205, 0.26066738, 0.2793826, 0.2221259, 0.25682858, 0.29325867, 0.30136454, 0.2538949, 0.26792654, 0.28990862, 0.27927998, 0.29962915, 0.2947683, 0.34462392, 0.33086145, 0.29065648, 0.3957599, 0.45066977, 0.35313597, 0.3903157, 0.3465968, 0.36521673, 0.43076307, 0.47396842, 0.4494905, 0.42936587, 0.43965533, 0.45278203, 0.4551852, 0.5060216, 0.4842273, 0.54466045, 0.42994702, 0.4416712, 0.52550393, 0.46035624, 0.5348061, 0.5037922, 0.46142817, 0.55636215, 0.54319626], "std": [0.11781841, 0.13335149, 0.11008468, 0.1454223, 0.13342609, 0.15749906, 0.11642409, 0.16243336, 0.13140473, 0.17373449, 0.12777258, 0.121796675, 0.13395399, 0.14650148, 0.14199221, 0.14805229, 0.105604686, 0.17446907, 0.12392799, 0.1838058, 0.18564206, 0.19168384, 0.16189346, 0.17492959, 0.19280978, 0.11793821, 0.119689085, 0.1538074, 0.15748663, 0.17555568, 0.17648423, 0.14096414, 0.12217053, 0.14091758, 0.17627256, 0.14452744, 0.16711625, 0.13985781, 0.099369615, 0.15324605, 0.06755731, 0.18777215, 0.1899214, 0.13264883, 0.18225835, 0.11130055, 0.13072842, 0.15006077, 0.07963647, 0.09083842], "var": [0.96, 0.92, 0.9, 0.86, 0.84, 0.8, 0.78, 0.76, 0.72, 0.7, 0.66, 0.62, 0.58, 0.56, 0.54, 0.5, 0.48, 0.46, 0.46, 0.46, 0.44, 0.42, 0.42, 0.42, 0.42, 0.4, 0.4, 0.38, 0.36, 0.34, 0.32, 0.3, 0.3, 0.28, 0.26, 0.22, 0.2, 0.2, 0.2, 0.2, 0.2, 0.2, 0.2, 0.2, 0.18, 0.18, 0.16, 0.12, 0.12, 0.12], "best": [0.3555556, 0.3838294, 0.38397342, 0.39576724, 0.525553, 0.5270846, 0.39941525, 0.532081, 0.5331785, 0.5345781, 0.5350743, 0.5358841, 0.40265703, 0.5366887, 0.5372142, 0.5381021, 0.39578217, 0.5395377, 0.5367389, 0.54125905, 0.542653, 0.5428813, 0.54472053, 0.54689157, 0.5487251, 0.551036, 0.5533745, 0.5554655, 0.5568862, 0.5580484, 0.55923676, 0.5609884, 0.5620702, 0.56418556, 0.56742895, 0.5713736, 0.57513607, 0.5788169, 0.58022654, 0.58187616, 0.5845903, 0.5876867, 0.5895383, 0.5919086, 0.59559876, 0.5994792, 0.60328233, 0.6063168, 0.6090512, 0.61323166], "duration": [3901, 5695, 3810, 1990, 5747, 3824, 1944, 5773, 3818, 5867, 5755, 3983, 3851, 3838, 3894, 9671, 5751, 7771, 10560, 12027, 9984, 11565, 10062, 9613, 9634, 11589, 11586, 9619, 5903, 11560, 11575, 11635, 13521, 11560, 13515, 13500, 13504, 15768, 13648, 13533, 13548, 13544, 11554, 13515, 15742, 13520, 13982, 13505, 15768, 11660]}