{"avg": [0.17555559, 0.19372383, 0.20016827, 0.20273657, 0.19288579, 0.20105016, 0.18923494, 0.19750662, 0.19600992, 0.20469524, 0.20896035, 0.19556132, 0.20603973, 0.20300466, 0.20822063, 0.20298159, 0.20720974, 0.20928368, 0.2126497, 0.21423171, 0.21220683, 0.2091166, 0.21573986, 0.2154616, 0.2205905, 0.22322285, 0.22667143, 0.22630094, 0.22894198, 0.22927664, 0.23197685, 0.23227441, 0.23068307, 0.23612669, 0.24033655, 0.23163912, 0.23660345, 0.23917282, 0.2326958, 0.23387304, 0.23277326, 0.22961009, 0.23566741, 0.24438915, 0.23662701, 0.2363181, 0.24574989, 0.23554398, 0.24557261, 0.25527924], "std": [0.09081253, 0.096234135, 0.090200335, 0.09744903, 0.08736057, 0.09234144, 0.08870347, 0.08879147, 0.08721069, 0.09128881, 0.09600111, 0.08289741, 0.087335095, 0.08316757, 0.086492725, 0.08620546, 0.08669254, 0.08868196, 0.08642499, 0.08961141, 0.08849704, 0.082396306, 0.08494298, 0.09080729, 0.08854257, 0.087191835, 0.095529266, 0.0892681, 0.0887198, 0.08861764, 0.090598375, 0.09259559, 0.092365116, 0.09161163, 0.10352995, 0.0978607, 0.094124995, 0.09678537, 0.094028294, 0.09597179, 0.0934408, 0.08810974, 0.090421185, 0.08911538, 0.09092648, 0.091059014, 0.089273065, 0.0869524, 0.0944327, 0.09550822], "var": [0.96, 0.96, 0.92, 0.92, 0.9, 0.9, 0.9, 0.92, 0.9, 0.86, 0.88, 0.84, 0.82, 0.84, 0.84, 0.84, 0.84, 0.84, 0.82, 0.84, 0.8, 0.8, 0.78, 0.76, 0.74, 0.74, 0.72, 0.72, 0.7, 0.72, 0.72, 0.74, 0.7, 0.7, 0.72, 0.74, 0.72, 0.72, 0.72, 0.7, 0.74, 0.72, 0.74, 0.72, 0.72, 0.68, 0.68, 0.68, 0.68, 0.66], "best": [0.3777778, 0.40111116, 0.40111116, 0.4019048, 0.40253973, 0.40320638, 0.40380955, 0.4040363, 0.40408733, 0.44116402, 0.5123492, 0.40457436, 0.40472227, 0.4048108, 0.4049887, 0.40552384, 0.40605164, 0.44088703, 0.4071164, 0.40776944, 0.40838096, 0.40902495, 0.4097619, 0.5214838, 0.4108135, 0.41137144, 0.45594022, 0.456702, 0.4141667, 0.41489327, 0.41574603, 0.47191504, 0.44301587, 0.47303033, 0.46466386, 0.47170526, 0.41935188, 0.52749467, 0.4435798, 0.47637367, 0.4212619, 0.42167246, 0.42208618, 0.44466594, 0.47839108, 0.42325926, 0.42365426, 0.42404258, 0.42427582, 0.4792582], "duration": [14583, 14377, 14975, 13696, 11742, 11665, 11786, 11810, 13003, 11556, 10446, 11123, 11798, 10910, 10723, 10425, 9984, 9705, 9449, 10325, 10574, 10612, 10557, 11002, 10604, 11199, 10760, 10644, 11209, 11009, 11314, 11675, 11906, 11710, 11019, 11090, 11312, 12109, 11948, 12018, 11916, 11097, 11140, 11641, 9905, 9789, 11128, 10250, 10310, 11669]}