{"avg": [0.1368889, 0.18787307, 0.17428571, 0.1988381, 0.20766668, 0.18753906, 0.19028255, 0.20227212, 0.21953253, 0.20319048, 0.21221809, 0.224944, 0.24461508, 0.22943348, 0.22704399, 0.2654616, 0.25740224, 0.2495578, 0.25860798, 0.2666361, 0.28079054, 0.28204805, 0.28213266, 0.29471087, 0.31517538, 0.30825728, 0.31575644, 0.34128818, 0.31616107, 0.326592, 0.35745972, 0.36508447, 0.36902508, 0.36783174, 0.356347, 0.35473794, 0.3783101, 0.35762933, 0.36862457, 0.3893099, 0.39728576, 0.4086914, 0.4065114, 0.39323312, 0.40994513, 0.38981384, 0.4090019, 0.41737506, 0.4129079, 0.42142498], "std": [0.10548982, 0.1179662, 0.12351797, 0.116372064, 0.09790704, 0.10226577, 0.1168669, 0.106028765, 0.10925972, 0.11842218, 0.090311356, 0.10532351, 0.10706685, 0.10919995, 0.113503285, 0.11010205, 0.12680374, 0.13568975, 0.118497364, 0.107003644, 0.108390145, 0.10585036, 0.12031666, 0.09468443, 0.10336666, 0.11647837, 0.123477206, 0.10235587, 0.12855624, 0.097719245, 0.10456572, 0.10186181, 0.10497544, 0.10649251, 0.115653925, 0.10957464, 0.10970637, 0.11539793, 0.106727995, 0.104880966, 0.111302175, 0.10802558, 0.1062655, 0.11265779, 0.111125246, 0.12129531, 0.11399624, 0.10251878, 0.107148446, 0.113571964], "var": [0.98, 0.96, 0.94, 0.92, 0.92, 0.92, 0.96, 0.92, 0.88, 0.88, 0.84, 0.82, 0.82, 0.78, 0.78, 0.74, 0.72, 0.72, 0.7, 0.66, 0.66, 0.66, 0.64, 0.62, 0.6, 0.62, 0.62, 0.6, 0.58, 0.58, 0.6, 0.56, 0.56, 0.56, 0.54, 0.54, 0.52, 0.52, 0.5, 0.48, 0.44, 0.44, 0.44, 0.46, 0.48, 0.48, 0.48, 0.46, 0.46, 0.42], "best": [0.3555556, 0.5387302, 0.5392064, 0.53904766, 0.5392064, 0.5393969, 0.53952384, 0.5394105, 0.53926593, 0.53915346, 0.3835556, 0.53937954, 0.53972226, 0.5400489, 0.54080504, 0.5414921, 0.542629, 0.5440803, 0.54534394, 0.5464746, 0.5475635, 0.54857147, 0.54968256, 0.5506971, 0.5518254, 0.5530921, 0.55612946, 0.5573898, 0.55849206, 0.5596497, 0.56080955, 0.5636918, 0.5652034, 0.56675327, 0.5681139, 0.5692744, 0.57054234, 0.5718962, 0.5731412, 0.57438344, 0.575754, 0.57726675, 0.57893425, 0.5807014, 0.58228, 0.58391535, 0.5853348, 0.5867241, 0.5880159, 0.589255], "duration": [7862, 7544, 7913, 9096, 8907, 9352, 7908, 8065, 8317, 7979, 7921, 7354, 7843, 6512, 7004, 7120, 7386, 7364, 7089, 7477, 6408, 6540, 6309, 6591, 6671, 6923, 6914, 6636, 7165, 7374, 6603, 6179, 6366, 6276, 6335, 6222, 6550, 6611, 6392, 6251, 6234, 6484, 6503, 6607, 6359, 6588, 6314, 6445, 6366, 6661]}