{"avg": [0.51960784, 0.54211026, 0.54590774, 0.5464426, 0.5307557, 0.52469873, 0.5435603, 0.5423856, 0.5466439, 0.53097886, 0.5501318, 0.5282308, 0.5401615, 0.54015845, 0.5582591, 0.5426924, 0.53027546, 0.53757185, 0.53489774, 0.5411868, 0.5333551, 0.5414314, 0.5310504, 0.546865, 0.53870916, 0.54371405, 0.5472316, 0.5354675, 0.5329284, 0.54578984, 0.5472396, 0.5366676, 0.5396732, 0.5435704, 0.5291437, 0.5383048, 0.5478569, 0.54569757, 0.55929124, 0.5534357, 0.53676045, 0.53586096, 0.54570174, 0.54428834, 0.54893935, 0.5446582, 0.5489647, 0.5575281, 0.5434024, 0.54452014], "std": [0.030376365, 0.033761248, 0.030202782, 0.032586757, 0.02253184, 0.0030616592, 0.030707285, 0.030776143, 0.032004632, 0.02093029, 0.031967673, 0.016414728, 0.02903808, 0.027192477, 0.033929918, 0.029897513, 0.014847438, 0.026610821, 0.022211343, 0.028728003, 0.021471672, 0.027471282, 0.016043203, 0.030609455, 0.027080137, 0.026605273, 0.029865004, 0.023042524, 0.021688594, 0.029761685, 0.030161085, 0.025255159, 0.027385477, 0.02731995, 0.015572811, 0.027739799, 0.030521529, 0.028194183, 0.0342498, 0.031204356, 0.020562746, 0.021923473, 0.029015195, 0.027904034, 0.03264645, 0.029121894, 0.031196482, 0.03255665, 0.025689906, 0.029666087], "var": [1.0, 0.992, 0.984, 0.968, 0.968, 0.968, 0.96, 0.944, 0.928, 0.928, 0.928, 0.92, 0.912, 0.912, 0.912, 0.904, 0.896, 0.896, 0.888, 0.872, 0.872, 0.872, 0.872, 0.872, 0.872, 0.872, 0.872, 0.88, 0.872, 0.872, 0.872, 0.872, 0.856, 0.856, 0.856, 0.856, 0.856, 0.848, 0.84, 0.84, 0.84, 0.84, 0.832, 0.84, 0.84, 0.832, 0.832, 0.848, 0.84, 0.856], "best": [0.5666667, 0.5932774, 0.5927084, 0.5938096, 0.5886994, 0.53164923, 0.5938776, 0.59689444, 0.59298253, 0.5912699, 0.59671205, 0.59137714, 0.5947195, 0.59721684, 0.59851325, 0.59299725, 0.5894258, 0.5965518, 0.5953004, 0.5998379, 0.58970594, 0.60124403, 0.59264654, 0.6002443, 0.6005968, 0.5927224, 0.5959832, 0.5932835, 0.59545964, 0.59959275, 0.60179627, 0.5936388, 0.6010485, 0.5981444, 0.5885024, 0.59814644, 0.59983695, 0.598009, 0.59885573, 0.60187596, 0.591672, 0.59311795, 0.6052985, 0.60367465, 0.60255677, 0.60565054, 0.598525, 0.60074, 0.598169, 0.6007296], "duration": [35616, 37131, 36579, 35467, 36415, 36497, 37289, 37391, 39363, 36147, 34936, 36586, 38069, 37983, 38296, 37740, 37578, 38257, 36593, 37724, 36708, 36344, 36714, 38487, 38236, 44217, 37022, 38113, 35774, 38291, 36573, 37297, 35859, 38150, 36431, 36293, 37001, 37552, 36240, 36535, 35550, 34773, 35108, 35897, 36899, 34208, 46396, 37380, 35376, 36277]}