{"avg": [0.14285716, 0.18880579, 0.21352728, 0.20394717, 0.20611715, 0.18887024, 0.20526686, 0.23899767, 0.21586908, 0.22041808, 0.19239089, 0.20484355, 0.22466168, 0.23399426, 0.2249286, 0.21000901, 0.22960034, 0.24731325, 0.24520142, 0.2767297, 0.2691158, 0.24227071, 0.2471399, 0.28634486, 0.2909103, 0.280209, 0.28494608, 0.28284115, 0.31150162, 0.24304128, 0.2886167, 0.30825865, 0.32812154, 0.30597612, 0.31695306, 0.31982514, 0.30791584, 0.34256554, 0.3197593, 0.34521207, 0.35924816, 0.36952564, 0.38059822, 0.39505255, 0.3878466, 0.3774239, 0.34378362, 0.36712834, 0.3880605, 0.391282], "std": [0.068346195, 0.07154402, 0.051666472, 0.06339014, 0.077400036, 0.068994485, 0.049298305, 0.05412491, 0.061241746, 0.06603131, 0.091373466, 0.08230527, 0.08739331, 0.04656624, 0.06515932, 0.09137139, 0.08899399, 0.03539702, 0.07322579, 0.04805786, 0.06691968, 0.08829931, 0.08336017, 0.052772425, 0.050623707, 0.08488678, 0.05548923, 0.093514934, 0.06641876, 0.09131461, 0.07879773, 0.048942745, 0.050478484, 0.053806555, 0.06668211, 0.08234851, 0.064947665, 0.06637232, 0.11066444, 0.057203803, 0.048522186, 0.048041992, 0.08100673, 0.039662465, 0.06711717, 0.07494118, 0.1073856, 0.098670095, 0.081504464, 0.064976625], "var": [1.0, 0.98, 0.94, 0.94, 0.9, 0.9, 0.9, 0.88, 0.84, 0.82, 0.8, 0.78, 0.76, 0.78, 0.74, 0.74, 0.74, 0.72, 0.72, 0.7, 0.68, 0.7, 0.7, 0.7, 0.68, 0.68, 0.64, 0.62, 0.58, 0.6, 0.56, 0.58, 0.56, 0.54, 0.56, 0.54, 0.52, 0.5, 0.48, 0.46, 0.42, 0.4, 0.4, 0.38, 0.38, 0.38, 0.38, 0.38, 0.38, 0.38], "best": [0.1888889, 0.3134921, 0.32211277, 0.3170912, 0.32289058, 0.31174603, 0.31840926, 0.32050142, 0.31841272, 0.3194529, 0.3201389, 0.32117915, 0.32134503, 0.32384825, 0.3254186, 0.32796094, 0.33424935, 0.3296041, 0.3319292, 0.3344716, 0.34352392, 0.3412841, 0.34599084, 0.3471993, 0.34935752, 0.34789512, 0.3533147, 0.35303456, 0.35646674, 0.35921615, 0.44199753, 0.36046475, 0.3621709, 0.3657623, 0.449431, 0.45116872, 0.45400196, 0.45497465, 0.4524023, 0.4537341, 0.46082726, 0.4632185, 0.46609998, 0.4694743, 0.4730159, 0.47665578, 0.47882152, 0.47996035, 0.4819445, 0.48422942], "duration": [2399, 2058, 3944, 2411, 2068, 2087, 2140, 4296, 2448, 4292, 2528, 4268, 3932, 5875, 2029, 3050, 2020, 3965, 3955, 3964, 2015, 2008, 3944, 3950, 2033, 2017, 4317, 2041, 2056, 2059, 3964, 7829, 2006, 5903, 5898, 2354, 5951, 4267, 6229, 4636, 5935, 3972, 2717, 2058, 2378, 3965, 3954, 2039, 5872, 3959]}