{"avg": [0.1513889, 0.17115079, 0.18463904, 0.17294347, 0.1930255, 0.17965166, 0.21686794, 0.23522536, 0.1533583, 0.2104766, 0.2743658, 0.26420704, 0.21383409, 0.24167417, 0.19637874, 0.2944151, 0.30673447, 0.28375202, 0.24264215, 0.2618372, 0.30546713, 0.39132467, 0.34709996, 0.33783445, 0.43883654], "std": [0.09303483, 0.12548597, 0.12614723, 0.10131332, 0.14042482, 0.14243592, 0.14860804, 0.16637221, 0.10062306, 0.18402426, 0.149777, 0.15227288, 0.15845098, 0.11059249, 0.18288304, 0.1541615, 0.15569676, 0.14003547, 0.14710245, 0.16456254, 0.1750797, 0.14117558, 0.18253934, 0.15052277, 0.13810322], "var": [0.98, 0.96, 0.94, 0.94, 0.94, 0.9, 0.86, 0.86, 0.84, 0.82, 0.8, 0.78, 0.74, 0.72, 0.68, 0.64, 0.64, 0.6, 0.62, 0.62, 0.58, 0.56, 0.52, 0.52, 0.5], "best": [0.3555556, 0.39275798, 0.3962622, 0.40366054, 0.40101016, 0.4061141, 0.5322206, 0.5349207, 0.37676096, 0.53227514, 0.5373016, 0.53998363, 0.54256475, 0.41369244, 0.5448502, 0.5447832, 0.5464019, 0.55091214, 0.55269396, 0.5536338, 0.5562279, 0.55662507, 0.5585219, 0.56242365, 0.5658667], "duration": [3839, 9584, 8013, 4178, 8248, 5796, 5784, 5819, 2019, 2031, 5826, 3970, 2052, 8539, 2155, 2086, 4006, 5937, 3971, 2209, 2570, 9660, 4108, 4118, 4094]}