{"avg": [0.43750006, 0.4432805, 0.44202194, 0.39748695, 0.4322713, 0.4257001, 0.4695344, 0.47071552, 0.4484821, 0.42347804, 0.4636863, 0.5000532, 0.48756805, 0.4905548, 0.4962921, 0.51813066, 0.5223134, 0.5065724, 0.47399393, 0.5183172, 0.49756402, 0.48594004, 0.5420331, 0.50523275, 0.529656, 0.5604475, 0.52406216, 0.56496644, 0.54827315, 0.54512286, 0.5739186, 0.54899246, 0.5687743, 0.5820197, 0.5791133, 0.58742964, 0.58694464, 0.5718166, 0.5844845, 0.570849, 0.59629804, 0.5999984, 0.607923, 0.5998622, 0.61075854, 0.6043372, 0.6170881, 0.6152985, 0.61455405, 0.6251334], "std": [0.10503343, 0.114287436, 0.15283357, 0.14710547, 0.16455816, 0.13741422, 0.1087936, 0.11024783, 0.16959347, 0.15536483, 0.15802218, 0.08263644, 0.110931344, 0.09238684, 0.13746592, 0.077498436, 0.06411078, 0.10535833, 0.15623677, 0.13895278, 0.11055249, 0.16666873, 0.055125486, 0.11309588, 0.09940591, 0.01512051, 0.10448862, 0.016091939, 0.059643026, 0.08067549, 0.01667425, 0.075753555, 0.056129415, 0.02242269, 0.02196828, 0.021467475, 0.020977495, 0.058255404, 0.026714439, 0.10600642, 0.025967859, 0.0256895, 0.017124975, 0.024131073, 0.019122051, 0.031086715, 0.018834049, 0.026924754, 0.029845688, 0.0273325], "var": [1.0, 1.0, 1.0, 1.0, 1.0, 1.0, 1.0, 1.0, 1.0, 1.0, 1.0, 1.0, 1.0, 1.0, 1.0, 1.0, 1.0, 1.0, 1.0, 1.0, 1.0, 1.0, 0.96, 0.92, 0.92, 0.88, 0.84, 0.84, 0.84, 0.82, 0.82, 0.78, 0.78, 0.78, 0.76, 0.72, 0.7, 0.7, 0.7, 0.66, 0.64, 0.6, 0.58, 0.58, 0.56, 0.52, 0.5, 0.5, 0.5, 0.48], "best": [0.51111114, 0.5498016, 0.5525858, 0.55923676, 0.54756945, 0.55490893, 0.5494445, 0.55500346, 0.5540757, 0.5601683, 0.56217253, 0.55768365, 0.55849206, 0.5644044, 0.5609136, 0.5669906, 0.564821, 0.5698529, 0.56953037, 0.5734952, 0.5737678, 0.5723659, 0.57711303, 0.57968515, 0.57107127, 0.58278024, 0.58519804, 0.58687884, 0.5888783, 0.5913008, 0.59434485, 0.59679633, 0.59786594, 0.6029414, 0.60410887, 0.60819066, 0.610928, 0.61079586, 0.615818, 0.61760324, 0.62026924, 0.6225747, 0.625539, 0.6280006, 0.6297494, 0.6327821, 0.63492715, 0.63773596, 0.6402832, 0.6422], "duration": [27095, 26984, 26986, 35630, 26655, 29598, 31444, 31574, 27430, 31245, 27066, 31509, 27005, 27074, 28050, 26981, 26969, 31720, 28996, 27113, 27055, 27063, 27003, 27004, 31423, 26971, 27044, 31507, 27018, 27005, 27034, 27020, 27099, 31529, 27045, 31452, 27012, 26967, 26962, 31507, 32856, 27017, 29245, 27005, 31484, 27006, 40470, 31468, 27022, 27024]}