{"avg": [0.4051282, 0.3945271, 0.4829366, 0.44444445, 0.4432432, 0.4335119, 0.45344132, 0.47415054, 0.4832874, 0.48439446, 0.48306215, 0.5151104, 0.57430863, 0.49562973, 0.48005056, 0.5101501, 0.50591743, 0.5614585, 0.47854596, 0.529904, 0.58719164, 0.6016146, 0.56827676, 0.58769375, 0.54141766, 0.55351025, 0.57269996, 0.5958835, 0.5971389, 0.62416625, 0.6267172, 0.6216332, 0.6382128, 0.6023238, 0.63187665, 0.6373796, 0.6408421, 0.6425342, 0.66033745, 0.6165775, 0.6466797, 0.65965205, 0.6420122, 0.6594522, 0.66562295, 0.6733158, 0.65939605, 0.6709243, 0.68738717, 0.6774188], "std": [0.14955558, 0.14731582, 0.14484048, 0.15039185, 0.15174365, 0.15101017, 0.15021008, 0.14639129, 0.14615297, 0.14817917, 0.14674535, 0.13583206, 0.08139605, 0.14455956, 0.14877528, 0.14007519, 0.14286742, 0.1036608, 0.15270758, 0.12958163, 0.072151564, 0.009365672, 0.10595035, 0.08344479, 0.1265204, 0.1257758, 0.1077624, 0.07788779, 0.07413824, 0.016080033, 0.017369946, 0.02097521, 0.016801925, 0.077811174, 0.024950685, 0.023525547, 0.027832244, 0.029681275, 0.019981716, 0.090542026, 0.03216092, 0.028083446, 0.095599204, 0.033784427, 0.035187583, 0.030328413, 0.10176354, 0.038902733, 0.027198542, 0.039343882], "var": [0.96, 0.96, 0.92, 0.88, 0.86, 0.82, 0.8, 0.76, 0.72, 0.7, 0.68, 0.66, 0.66, 0.62, 0.62, 0.6, 0.56, 0.52, 0.48, 0.48, 0.46, 0.46, 0.44, 0.44, 0.42, 0.38, 0.36, 0.34, 0.32, 0.3, 0.3, 0.28, 0.28, 0.26, 0.26, 0.26, 0.24, 0.22, 0.22, 0.2, 0.18, 0.18, 0.18, 0.18, 0.14, 0.14, 0.14, 0.14, 0.14, 0.14], "best": [0.5666667, 0.6179488, 0.6103175, 0.60082823, 0.6038691, 0.60327387, 0.6010026, 0.5992946, 0.6015099, 0.6031518, 0.6055456, 0.60730714, 0.6073571, 0.6098068, 0.61028147, 0.60978395, 0.6109244, 0.61331934, 0.61645025, 0.61618423, 0.61686385, 0.62032807, 0.6210687, 0.62394184, 0.62701815, 0.6274453, 0.6306291, 0.6330054, 0.6358665, 0.6383564, 0.6417505, 0.6460482, 0.64828575, 0.6533519, 0.65472627, 0.6579726, 0.6611909, 0.6651664, 0.66849214, 0.6728401, 0.6743765, 0.67654544, 0.6798252, 0.68328047, 0.6859214, 0.68915427, 0.6920305, 0.69543254, 0.69766676, 0.7011205], "duration": [1116, 2276, 1136, 1460, 1093, 1161, 1187, 1173, 1405, 1392, 1184, 1188, 1195, 1563, 1385, 1189, 1429, 1111, 1108, 1099, 1272, 1390, 1238, 1177, 1201, 1174, 1170, 1207, 1329, 1138, 1128, 1140, 1145, 1338, 1139, 1390, 1191, 1170, 1240, 1391, 1207, 1199, 1190, 1210, 1228, 1203, 1189, 1199, 1179, 1198]}