{"avg": [0.30196086, 0.49243698, 0.47810853, 0.46398813, 0.45203722, 0.47525725, 0.51142585, 0.49734983, 0.4973254, 0.4806003, 0.5334905, 0.4974586, 0.51042664, 0.5549538, 0.5009752, 0.60619926, 0.54789805, 0.58696115, 0.5220202, 0.56844056, 0.57565725, 0.58953977, 0.5711716, 0.57235426, 0.61271054, 0.61707294, 0.59207785, 0.61654025, 0.62080467, 0.6065682, 0.6029174, 0.6272658, 0.6341847, 0.638573, 0.6406938, 0.6130647, 0.64200866, 0.64698446, 0.64037734, 0.6461666, 0.64939964, 0.6577903, 0.65391064, 0.6662346, 0.6623528, 0.6569435, 0.67009133, 0.67275816, 0.67654896, 0.676918], "std": [0.09665693, 0.13549148, 0.1448669, 0.15071167, 0.15158127, 0.14871497, 0.1375097, 0.14471908, 0.14289813, 0.15018082, 0.12841824, 0.14621027, 0.14257929, 0.11447058, 0.14802326, 0.008870166, 0.123889886, 0.08391034, 0.13877541, 0.10480612, 0.10057761, 0.0766439, 0.10684215, 0.102280706, 0.013045641, 0.011652527, 0.08512826, 0.012932707, 0.015121863, 0.0822999, 0.0822745, 0.015877394, 0.012340982, 0.01058701, 0.014368822, 0.094546475, 0.01856148, 0.01610336, 0.023632113, 0.020626007, 0.021150334, 0.014072632, 0.020093633, 0.010443175, 0.02205725, 0.025702514, 0.022859318, 0.024124905, 0.02394891, 0.018119395], "var": [0.96, 0.92, 0.9, 0.88, 0.86, 0.84, 0.84, 0.82, 0.8, 0.8, 0.78, 0.74, 0.7, 0.7, 0.7, 0.7, 0.7, 0.68, 0.66, 0.68, 0.66, 0.64, 0.6, 0.56, 0.54, 0.5, 0.5, 0.5, 0.46, 0.42, 0.44, 0.46, 0.46, 0.44, 0.44, 0.42, 0.42, 0.38, 0.36, 0.34, 0.32, 0.32, 0.36, 0.38, 0.38, 0.34, 0.32, 0.32, 0.3, 0.26], "best": [0.5666667, 0.6044819, 0.60758936, 0.60904765, 0.60454553, 0.6071142, 0.6057824, 0.60620755, 0.6088489, 0.6099263, 0.611012, 0.61388445, 0.6139157, 0.61541957, 0.6151399, 0.6179873, 0.6210752, 0.62190133, 0.6239428, 0.62417346, 0.62532675, 0.6275765, 0.6282874, 0.6294255, 0.62949914, 0.63152105, 0.633322, 0.63182676, 0.6341182, 0.6358375, 0.6384425, 0.6397754, 0.6427547, 0.6450341, 0.64836866, 0.6508366, 0.6535212, 0.65617746, 0.65914834, 0.66139907, 0.6638415, 0.6671629, 0.67067105, 0.6726985, 0.67679006, 0.6793741, 0.68163645, 0.6849733, 0.6878932, 0.6913111], "duration": [1388, 1195, 1393, 1189, 1194, 1210, 1229, 1197, 1184, 1403, 1557, 1190, 1231, 1178, 1192, 1387, 1196, 1177, 1192, 1193, 1202, 1201, 1187, 1395, 1389, 1225, 1224, 1161, 1174, 1165, 1119, 1097, 1112, 1098, 1173, 1189, 1173, 1170, 1177, 1214, 1207, 1396, 1182, 1189, 1210, 1401, 1210, 1179, 1188, 1171]}