{"avg": [0.20962963, 0.2140873, 0.17664227, 0.2375882, 0.18134682, 0.18324885, 0.21109562, 0.21738064, 0.22027017, 0.24025497, 0.24247193, 0.21992552, 0.24265471, 0.20039542, 0.18752638, 0.20322728, 0.25161707, 0.23045321, 0.2475679, 0.23218897, 0.30238178, 0.25059593, 0.2517207, 0.31546402, 0.28415117, 0.28523704, 0.3247488, 0.27240387, 0.30389556, 0.3077558, 0.3134345, 0.29892823, 0.34819013, 0.35603327, 0.35596728, 0.37446484, 0.36090037, 0.40493715, 0.3546281, 0.36855423, 0.3853706, 0.439085, 0.34360343, 0.40428248, 0.42040217, 0.3458805, 0.4057899, 0.40294322, 0.42812753, 0.39828596], "std": [0.06990489, 0.10412548, 0.090461165, 0.06226309, 0.0634865, 0.1042804, 0.08121938, 0.11636067, 0.10631587, 0.107532986, 0.10357625, 0.0948363, 0.06964849, 0.09787246, 0.06574215, 0.10019119, 0.07931089, 0.08025613, 0.123480305, 0.11486234, 0.09889794, 0.0958463, 0.08501663, 0.086126305, 0.099177755, 0.10883926, 0.12436522, 0.10090935, 0.12203768, 0.10993408, 0.12712699, 0.11094811, 0.10419443, 0.09860871, 0.10092195, 0.10702598, 0.11358739, 0.0984926, 0.0951087, 0.13859653, 0.12871867, 0.10718568, 0.11827121, 0.08114638, 0.10389414, 0.12938777, 0.110388175, 0.10284885, 0.11190221, 0.14993396], "var": [0.9866667, 0.9866667, 0.97333336, 0.94666666, 0.93333334, 0.93333334, 0.9066667, 0.9066667, 0.8933333, 0.8933333, 0.88, 0.8933333, 0.8933333, 0.88, 0.8666667, 0.8666667, 0.8666667, 0.84, 0.81333333, 0.8, 0.7866667, 0.76, 0.76, 0.73333335, 0.73333335, 0.70666665, 0.73333335, 0.73333335, 0.70666665, 0.68, 0.6666667, 0.68, 0.6666667, 0.64, 0.64, 0.62666667, 0.6, 0.58666664, 0.5733333, 0.5466667, 0.53333336, 0.52, 0.53333336, 0.50666666, 0.49333334, 0.48, 0.45333335, 0.44, 0.44, 0.42666668], "best": [0.36666667, 0.4063492, 0.38663596, 0.40039682, 0.26320347, 0.39894184, 0.39734906, 0.4561166, 0.38976014, 0.4023863, 0.48996323, 0.4019154, 0.4038387, 0.40444893, 0.32475916, 0.40458554, 0.40729916, 0.39478952, 0.49425626, 0.49479863, 0.41069597, 0.41169468, 0.4117514, 0.41236043, 0.41582778, 0.45296142, 0.50487936, 0.42097872, 0.4976067, 0.42452636, 0.5128565, 0.5021726, 0.5163919, 0.50518477, 0.5203175, 0.6057109, 0.6078006, 0.6089401, 0.45743406, 0.6128921, 0.6148442, 0.6172336, 0.6198296, 0.53646004, 0.6227714, 0.6252396, 0.62578034, 0.62769955, 0.6293253, 0.6316059], "duration": [8133, 5458, 5483, 9212, 5764, 7886, 8198, 8432, 7494, 5216, 3640, 3808, 8345, 5414, 4980, 5291, 7394, 5745, 3702, 3536, 8931, 7411, 9029, 9217, 9411, 3808, 5265, 7560, 4839, 5855, 3349, 7382, 7589, 7824, 5899, 5541, 5586, 5547, 5967, 7556, 5920, 9565, 7612, 4017, 7757, 8226, 5957, 5853, 3743, 5371]}