{"avg": [0.17378919, 0.20921077, 0.2448429, 0.25409925, 0.27726284, 0.2871959, 0.3098006, 0.3299619, 0.34480125, 0.36060962, 0.37967542, 0.39200372, 0.41652718, 0.42892867, 0.44647783, 0.46380687, 0.47673255, 0.49453986, 0.5097303, 0.5188912, 0.54120964, 0.5615192, 0.5845571, 0.59464073, 0.6213819, 0.6360376, 0.6557827, 0.6600689, 0.6703954, 0.6683638, 0.6808794, 0.69087315, 0.69343, 0.7006681, 0.7048132, 0.71002245, 0.716156, 0.72223705, 0.72625804, 0.73177016, 0.7310791, 0.738537, 0.73993456, 0.7390622, 0.74390775, 0.7465543, 0.7494432, 0.7501667, 0.74688834, 0.75517225], "std": [0.07500078, 0.07644677, 0.062844515, 0.06653619, 0.05516695, 0.06125257, 0.058167484, 0.04661395, 0.051758222, 0.05120985, 0.042386502, 0.0491097, 0.045414794, 0.05084775, 0.033492513, 0.03165106, 0.029877996, 0.036706593, 0.04356957, 0.040015068, 0.044320285, 0.047029544, 0.046012234, 0.05106763, 0.04053573, 0.035405345, 0.025392521, 0.024657857, 0.0197668, 0.030857878, 0.02309444, 0.017371671, 0.022797838, 0.020148344, 0.021159012, 0.020031868, 0.016556162, 0.011611415, 0.012292977, 0.000120332814, 0.018105594, 0.00020111588, 0.012289818, 0.02072538, 0.017367525, 0.017587438, 0.016951265, 0.020485988, 0.027772214, 0.020485982], "var": [0.9, 0.84, 0.76, 0.68, 0.72, 0.62, 0.6, 0.52, 0.5, 0.56, 0.52, 0.56, 0.56, 0.5, 0.42, 0.4, 0.4, 0.36, 0.46, 0.44, 0.5, 0.44, 0.42, 0.36, 0.28, 0.24, 0.2, 0.14, 0.12, 0.1, 0.1, 0.1, 0.1, 0.08, 0.06, 0.06, 0.06, 0.04, 0.04, 0.04, 0.04, 0.04, 0.02, 0.02, 0.02, 0.02, 0.02, 0.02, 0.02, 0.02], "best": [0.33333334, 0.36459097, 0.36416364, 0.3879858, 0.39067465, 0.40689144, 0.41875005, 0.4499943, 0.45524216, 0.4585284, 0.43640876, 0.44220996, 0.5031216, 0.50758207, 0.5077933, 0.5660614, 0.6110201, 0.61580205, 0.6186564, 0.6221821, 0.6257886, 0.6385691, 0.6458665, 0.65051454, 0.65534604, 0.6599014, 0.6668703, 0.6727389, 0.6797248, 0.6856588, 0.6908065, 0.69632745, 0.7012329, 0.7065569, 0.7115344, 0.71560866, 0.72004175, 0.7241732, 0.7282571, 0.731841, 0.73560643, 0.7385825, 0.7419653, 0.74504524, 0.7480016, 0.7507582, 0.7533319, 0.7559996, 0.7585553, 0.7610059], "duration": [20641, 28187, 24781, 32272, 26461, 31304, 30233, 27434, 37660, 44732, 42571, 61084, 60125, 51746, 48465, 38000, 30537, 25980, 46114, 37074, 58610, 58191, 48958, 57936, 72516, 66818, 59276, 66673, 66826, 69163, 71820, 64529, 74699, 69439, 66905, 62059, 72163, 79122, 69041, 74121, 54466, 74134, 59289, 63123, 79761, 64405, 61895, 62028, 64200, 72027]}