{"avg": [0.12622224, 0.1523397, 0.17576666, 0.1579238, 0.1840238, 0.1974959, 0.23520479, 0.22900043, 0.24007459, 0.25334498, 0.2785552, 0.2867039, 0.30952066, 0.34424713, 0.32821724, 0.33448955, 0.3736224, 0.39005283, 0.38179103, 0.38534236, 0.38492462, 0.41463727, 0.40751266, 0.4345142, 0.44121072, 0.4519325, 0.47368062, 0.46540985, 0.4726214, 0.4949586, 0.50589335, 0.52578264, 0.53251094, 0.53780955, 0.5547875, 0.550654, 0.5463425, 0.5642922, 0.56234485, 0.56244, 0.57655585, 0.59187096, 0.5940317, 0.5808409, 0.5866157, 0.58927363, 0.6073514, 0.6255889, 0.62927026, 0.6393889], "std": [0.12776834, 0.14252031, 0.14488885, 0.17418404, 0.18026628, 0.17980713, 0.18507409, 0.20903733, 0.19965877, 0.20619264, 0.19659545, 0.19536379, 0.1893618, 0.21870345, 0.20968932, 0.20356147, 0.22626139, 0.22445743, 0.20448019, 0.2129844, 0.20097823, 0.21165895, 0.20368558, 0.19196734, 0.20859095, 0.19836079, 0.19661452, 0.1881261, 0.18594413, 0.17107402, 0.16812219, 0.16318148, 0.1583044, 0.15891862, 0.15012796, 0.13477321, 0.13196379, 0.1186766, 0.113310315, 0.12511866, 0.121920995, 0.11576174, 0.11695643, 0.12203958, 0.12026811, 0.12148501, 0.10639756, 0.09780282, 0.060049262, 0.049391337], "var": [1.0, 0.98, 0.98, 0.94, 0.9, 0.86, 0.82, 0.78, 0.78, 0.74, 0.7, 0.66, 0.64, 0.6, 0.56, 0.54, 0.5, 0.48, 0.48, 0.46, 0.42, 0.42, 0.4, 0.4, 0.38, 0.36, 0.34, 0.32, 0.3, 0.28, 0.3, 0.28, 0.3, 0.3, 0.28, 0.28, 0.24, 0.24, 0.24, 0.2, 0.22, 0.22, 0.22, 0.2, 0.2, 0.18, 0.18, 0.16, 0.16, 0.16], "best": [0.51111114, 0.53634924, 0.5425397, 0.54285717, 0.54777783, 0.5513016, 0.55531746, 0.5597506, 0.5641469, 0.5687831, 0.57268256, 0.57639253, 0.5804762, 0.5843346, 0.5876418, 0.59139687, 0.59495044, 0.5987022, 0.60198414, 0.60482043, 0.6071588, 0.6090023, 0.61087304, 0.6124362, 0.6138095, 0.6149016, 0.6156166, 0.6163316, 0.61789685, 0.61943626, 0.62087303, 0.62215567, 0.6232391, 0.6243579, 0.62542486, 0.6262676, 0.6272355, 0.6280352, 0.62884295, 0.63136756, 0.6339802, 0.63630277, 0.6392064, 0.6418642, 0.6446501, 0.64750266, 0.6503658, 0.65329957, 0.6562004, 0.65921605], "duration": [12811, 13506, 13560, 14729, 15978, 17248, 17172, 18455, 20937, 19836, 20595, 21926, 22343, 21743, 23561, 24344, 25569, 26147, 23480, 25331, 24668, 24216, 23930, 24136, 23738, 21669, 22736, 22012, 20599, 21269, 21626, 21643, 21411, 20969, 21445, 21599, 21789, 21746, 22579, 20934, 20978, 21049, 19767, 20222, 19027, 18488, 17068, 17367, 16460, 16593]}