{"avg": [0.38000014, 0.41211745, 0.41971427, 0.43049517, 0.43720883, 0.4487309, 0.45712227, 0.46882313, 0.4803504, 0.48696193, 0.49840355, 0.51690847, 0.525493, 0.5330596, 0.5443438, 0.54476327, 0.54513013, 0.5454539, 0.5457418, 0.5459993, 0.5462311, 0.54644084, 0.5466314, 0.54680556, 0.546965, 0.5471118, 0.5472474, 0.54737294, 0.54748935, 0.5475977, 0.547699, 0.54779375, 0.5478826, 0.547966, 0.54804444, 0.54811853, 0.54818827, 0.5482546, 0.5483172, 0.54837656, 0.54843307, 0.5484868, 0.54853785, 0.5485866, 0.5486332, 0.5486776, 0.5487203, 0.54876095, 0.5488, 0.5488375], "std": [0.14417069, 0.14913121, 0.15091762, 0.14861345, 0.1500157, 0.14639042, 0.14599074, 0.14025086, 0.13342646, 0.13249436, 0.123801835, 0.09072063, 0.08351666, 0.07644812, 0.0069890367, 0.007232489, 0.0074535306, 0.007654257, 0.0078368075, 0.0080031995, 0.00815529, 0.008294685, 0.008422798, 0.008540907, 0.008650056, 0.008751211, 0.008845169, 0.008932671, 0.009014342, 0.009090715, 0.0091623105, 0.009229533, 0.009292777, 0.009352363, 0.009408615, 0.009461799, 0.009512146, 0.009559882, 0.009605198, 0.009648283, 0.009689285, 0.009728357, 0.009765632, 0.009801229, 0.009835253, 0.009867817, 0.009898995, 0.009928882, 0.0099575715, 0.009985109], "var": [1.0, 0.98, 0.94, 0.94, 0.92, 0.9, 0.88, 0.86, 0.82, 0.8, 0.78, 0.74, 0.7, 0.68, 0.68, 0.68, 0.68, 0.68, 0.68, 0.68, 0.68, 0.68, 0.68, 0.68, 0.68, 0.68, 0.68, 0.68, 0.68, 0.68, 0.68, 0.68, 0.68, 0.68, 0.68, 0.68, 0.68, 0.68, 0.68, 0.68, 0.68, 0.68, 0.68, 0.68, 0.68, 0.68, 0.68, 0.68, 0.68, 0.68], "best": [0.51111114, 0.54396826, 0.54396826, 0.5449207, 0.5456349, 0.5459683, 0.5486508, 0.5504989, 0.552004, 0.5532805, 0.55439687, 0.5553536, 0.5566667, 0.5581075, 0.5593084, 0.560381, 0.5613195, 0.56214756, 0.5628836, 0.5635422, 0.56413496, 0.5646712, 0.5651587, 0.5656039, 0.5660119, 0.56638736, 0.56673384, 0.5670547, 0.56735265, 0.56763, 0.5678889, 0.5681311, 0.5683582, 0.56857145, 0.5687722, 0.5689615, 0.56914026, 0.56930935, 0.5694695, 0.5696215, 0.5697659, 0.56990325, 0.570034, 0.5701588, 0.5702778, 0.5703916, 0.5705004, 0.57060456, 0.5707044, 0.5708002], "duration": [61115, 63097, 63835, 65039, 66380, 67324, 67598, 68141, 69374, 69878, 71167, 74188, 74160, 76342, 76356, 76537, 76333, 76333, 76344, 76238, 76421, 76375, 76320, 76253, 76397, 76389, 76387, 76346, 76255, 76255, 76263, 76284, 76263, 76341, 76317, 76243, 76262, 76280, 76347, 76301, 76391, 76323, 76352, 76246, 76247, 76364, 76341, 76384, 76276, 76178]}