{"avg": [0.40800008, 0.425054, 0.42528257, 0.42925084, 0.42944446, 0.4326432, 0.43984926, 0.43599042, 0.4392005, 0.43943065, 0.44053715, 0.44065893, 0.43352234, 0.4302577, 0.43022275, 0.43082538, 0.43077305, 0.4207002, 0.42405304, 0.41691634, 0.41306084, 0.40998143, 0.4059895, 0.4030033, 0.4032576, 0.40036434, 0.3965145, 0.3933144, 0.39021873, 0.39117816, 0.3832248, 0.3867158, 0.39008164, 0.39324936, 0.39043495, 0.38731048, 0.38414738, 0.37038308, 0.3675796, 0.36789843, 0.36483735, 0.36402875, 0.3566449, 0.350026, 0.34303465, 0.33490413, 0.3341016, 0.33793765, 0.33381942, 0.34090856], "std": [0.121777795, 0.124961175, 0.12461429, 0.124955885, 0.12500119, 0.12575978, 0.12188448, 0.122154064, 0.12279202, 0.1229666, 0.12244618, 0.12245962, 0.12679867, 0.12581924, 0.1256531, 0.12579225, 0.12576117, 0.12847003, 0.12952429, 0.13284832, 0.13190246, 0.1307257, 0.13437292, 0.13759291, 0.13757147, 0.13606572, 0.13453937, 0.13251592, 0.13078962, 0.13520132, 0.1412447, 0.14285661, 0.14447129, 0.14594601, 0.14450534, 0.14274311, 0.14081112, 0.14222437, 0.13984476, 0.14007501, 0.137809, 0.13765647, 0.1372715, 0.13160995, 0.13061455, 0.13382505, 0.14331841, 0.14648028, 0.14769925, 0.14886871], "var": [1.0, 0.98, 0.98, 0.96, 0.94, 0.94, 0.94, 0.94, 0.92, 0.92, 0.94, 0.9, 0.88, 0.86, 0.84, 0.84, 0.86, 0.84, 0.84, 0.84, 0.82, 0.82, 0.82, 0.82, 0.8, 0.8, 0.8, 0.8, 0.82, 0.8, 0.82, 0.84, 0.84, 0.86, 0.84, 0.86, 0.82, 0.82, 0.82, 0.84, 0.8, 0.78, 0.78, 0.78, 0.78, 0.8, 0.82, 0.82, 0.84, 0.82], "best": [0.51111114, 0.5449207, 0.54539686, 0.5455556, 0.5459921, 0.54606354, 0.54611117, 0.5463492, 0.54658735, 0.5466667, 0.5454445, 0.5465224, 0.54726195, 0.54660565, 0.5468254, 0.54711115, 0.5478373, 0.54845005, 0.54894185, 0.5497327, 0.55042064, 0.55074835, 0.55102456, 0.5512975, 0.5514881, 0.5516445, 0.5518071, 0.5517637, 0.5514683, 0.55119324, 0.55092067, 0.5506349, 0.55038196, 0.5501443, 0.5499207, 0.54968256, 0.54945767, 0.549245, 0.549056, 0.54890114, 0.54905164, 0.54943866, 0.5497166, 0.5485309, 0.5485029, 0.5484974, 0.54848176, 0.5484769, 0.54846233, 0.54847753], "duration": [61959, 60861, 61139, 61265, 60814, 61949, 62211, 63465, 63360, 63170, 62819, 62664, 61877, 61510, 61450, 61507, 61603, 60121, 60895, 59384, 60028, 59097, 59300, 57671, 57926, 56856, 57331, 56529, 55904, 55241, 55213, 56810, 57106, 57579, 56532, 55342, 55021, 52989, 53020, 52870, 52145, 52943, 52002, 50678, 50076, 49836, 53588, 50965, 51276, 52288]}