{"avg": [0.16944447, 0.20661378, 0.20664792, 0.22578096, 0.19790521, 0.17824367, 0.19471511, 0.20699702, 0.21374634, 0.22079152, 0.21342798, 0.22798704, 0.2330055, 0.20798121, 0.21398355, 0.22683886, 0.24512006, 0.23145199, 0.23267053, 0.24736077, 0.24513793, 0.23764898, 0.23848563, 0.23027276, 0.24979192, 0.2629556, 0.25804764, 0.25925714, 0.2591261, 0.28808376, 0.274052, 0.29268548, 0.2850418, 0.29795536, 0.2758029, 0.29565698, 0.3153434, 0.30097893, 0.33845595, 0.311534, 0.32488957, 0.3274281, 0.3376635, 0.33550945, 0.30324608, 0.34380448, 0.3159124, 0.3519606, 0.34669062, 0.37849033, 0.35669535, 0.34136456, 0.38106087, 0.360903, 0.3756183, 0.38092285, 0.3970793, 0.37209305, 0.39130658, 0.40372926, 0.42055514, 0.4323721, 0.399887, 0.39482436, 0.4406289, 0.44593367, 0.43869627, 0.44400468, 0.43053702, 0.44106215, 0.43819082, 0.44216207, 0.4819095, 0.48299974, 0.5122669], "std": [0.047385342, 0.052306104, 0.053026117, 0.021297622, 0.07778152, 0.0792855, 0.05991699, 0.040954463, 0.055388685, 0.026576694, 0.044841878, 0.030025996, 0.04481017, 0.07560785, 0.069606766, 0.03492431, 0.042293027, 0.050910976, 0.04700403, 0.039368965, 0.019697879, 0.068078175, 0.034028847, 0.07760354, 0.04809668, 0.025150264, 0.058084004, 0.05047055, 0.043247383, 0.04450956, 0.058132835, 0.06680894, 0.03833001, 0.055447232, 0.041634444, 0.052087326, 0.051692225, 0.045136232, 0.07310342, 0.076108515, 0.035471264, 0.07747969, 0.07033367, 0.07416444, 0.056052916, 0.052160908, 0.07147638, 0.067202725, 0.09246032, 0.05802988, 0.05872857, 0.052394383, 0.098515704, 0.08725657, 0.089307174, 0.073564075, 0.07958123, 0.075749636, 0.06794432, 0.06634752, 0.06374766, 0.069565766, 0.081022955, 0.0963078, 0.048562538, 0.09111935, 0.06721986, 0.06373511, 0.07772732, 0.061685074, 0.07737994, 0.08135917, 0.058913335, 0.071114264, 0.05947482], "var": [0.98, 0.98, 0.96, 0.94, 0.94, 0.92, 0.9, 0.88, 0.86, 0.88, 0.86, 0.82, 0.78, 0.74, 0.72, 0.68, 0.66, 0.64, 0.62, 0.6, 0.6, 0.58, 0.58, 0.56, 0.56, 0.6, 0.62, 0.6, 0.62, 0.62, 0.58, 0.58, 0.58, 0.58, 0.56, 0.52, 0.54, 0.5, 0.52, 0.54, 0.54, 0.5, 0.52, 0.54, 0.5, 0.5, 0.52, 0.52, 0.54, 0.54, 0.56, 0.6, 0.58, 0.6, 0.58, 0.62, 0.62, 0.58, 0.56, 0.56, 0.56, 0.56, 0.58, 0.56, 0.54, 0.54, 0.52, 0.52, 0.48, 0.46, 0.46, 0.42, 0.4, 0.44, 0.44], "best": [0.26666668, 0.30833334, 0.30967742, 0.29624233, 0.3086168, 0.3009689, 0.3008109, 0.2378307, 0.3223403, 0.24323674, 0.30347946, 0.29635686, 0.32635963, 0.30387208, 0.30137017, 0.2992696, 0.30503085, 0.30001846, 0.30516312, 0.30651343, 0.2984127, 0.30045846, 0.26667613, 0.30050814, 0.30801004, 0.30873019, 0.40438002, 0.36022186, 0.3120349, 0.40615433, 0.4070505, 0.40783733, 0.40916643, 0.41002062, 0.33297727, 0.4116843, 0.41245094, 0.37782758, 0.50882435, 0.43727016, 0.38170522, 0.5120845, 0.51298285, 0.514421, 0.42345396, 0.43972346, 0.4216577, 0.44305283, 0.5190583, 0.44488, 0.44494897, 0.4461465, 0.5353249, 0.5158189, 0.52422154, 0.5253912, 0.5384215, 0.5276582, 0.5407295, 0.5375313, 0.5429255, 0.54045266, 0.4574855, 0.5474969, 0.536671, 0.5498016, 0.5397867, 0.5462935, 0.5434381, 0.5450981, 0.55495644, 0.5486469, 0.55736107, 0.55199575, 0.55971444], "duration": [6162, 3869, 8066, 1989, 7741, 3873, 5896, 2239, 3856, 3927, 2309, 5054, 1980, 1971, 3866, 1921, 5872, 3890, 4185, 3868, 3861, 4486, 2253, 5804, 2023, 6617, 3926, 6170, 3866, 3922, 5805, 3956, 2008, 2402, 11263, 10138, 5896, 2016, 5863, 5842, 5872, 8261, 5904, 2211, 5940, 3961, 9722, 6233, 7848, 13556, 8377, 7803, 6304, 7826, 5985, 9760, 9759, 12085, 5928, 7896, 11657, 12049, 10221, 8230, 11667, 7886, 11660, 9767, 4101, 6033, 8236, 5987, 12047, 7885, 7891]}