{"avg": [0.15444449, 0.18283814, 0.18204443, 0.17619684, 0.17634842, 0.17962795, 0.17951272, 0.1833846, 0.18058574, 0.1753852, 0.17652035, 0.17356333, 0.17249285, 0.1774547, 0.17869866, 0.18112637, 0.18669029, 0.18126479, 0.17603812, 0.18018848, 0.174517, 0.16294105, 0.16880275, 0.17295061, 0.16926388, 0.1676556, 0.16047037, 0.16955593, 0.16674083, 0.17048667, 0.16711687, 0.16494747, 0.15833922, 0.15750676, 0.15595046, 0.15018041, 0.14291666, 0.14225397, 0.15099394, 0.1428352, 0.13501494, 0.14009641, 0.14020523, 0.14068913, 0.14261565, 0.14303027, 0.14340842, 0.1350385, 0.13618317, 0.13828447], "std": [0.08424686, 0.08852394, 0.088530414, 0.092036456, 0.09152407, 0.09242474, 0.09265492, 0.09800121, 0.09825494, 0.09300646, 0.094149284, 0.09435341, 0.09402972, 0.09523051, 0.10549908, 0.10353394, 0.106178515, 0.107984535, 0.109620556, 0.11214339, 0.11172067, 0.107225604, 0.10211055, 0.10422672, 0.1070271, 0.09899579, 0.103593655, 0.09633472, 0.0950577, 0.097509414, 0.09531793, 0.09543186, 0.09763752, 0.09644952, 0.091489986, 0.09128807, 0.09495404, 0.09280931, 0.09321868, 0.0921822, 0.08906289, 0.089125805, 0.08908581, 0.08753928, 0.08981602, 0.08927441, 0.08926109, 0.08700928, 0.08779766, 0.089008816], "var": [0.96, 0.96, 0.96, 0.92, 0.92, 0.88, 0.9, 0.86, 0.84, 0.86, 0.82, 0.82, 0.84, 0.86, 0.88, 0.88, 0.88, 0.86, 0.84, 0.8, 0.76, 0.74, 0.74, 0.74, 0.74, 0.7, 0.68, 0.64, 0.64, 0.62, 0.6, 0.6, 0.56, 0.58, 0.62, 0.62, 0.62, 0.6, 0.58, 0.58, 0.58, 0.58, 0.6, 0.62, 0.64, 0.64, 0.62, 0.66, 0.62, 0.6], "best": [0.3777778, 0.40206352, 0.40206352, 0.40174606, 0.40146828, 0.40139687, 0.40150797, 0.40566897, 0.40617067, 0.4019048, 0.4017778, 0.4016739, 0.40158734, 0.4016606, 0.4042744, 0.40488893, 0.4063195, 0.40685344, 0.40730163, 0.40762743, 0.40796828, 0.40829936, 0.40890336, 0.40957907, 0.4103175, 0.41095877, 0.4112943, 0.4116226, 0.41192746, 0.41222775, 0.4124921, 0.41257045, 0.412629, 0.4126263, 0.4127078, 0.41277102, 0.41285717, 0.41282287, 0.41279036, 0.4127229, 0.41262305, 0.41249326, 0.41239232, 0.4122961, 0.4122475, 0.41219053, 0.41216704, 0.41213447, 0.4121032, 0.41201493], "duration": [8098, 8004, 8922, 8915, 9521, 9586, 10273, 10208, 9304, 9325, 10861, 10215, 10229, 10268, 9618, 9319, 10252, 9303, 7950, 9189, 9515, 9499, 9314, 9319, 8062, 9355, 8010, 9620, 9310, 8678, 8581, 8572, 8580, 8594, 9206, 9209, 8590, 7299, 9899, 9920, 7964, 9279, 9598, 8913, 9563, 9889, 9836, 9856, 9892, 9908]}