{"avg": [0.10972223, 0.19390757, 0.18329968, 0.17443578, 0.15735367, 0.17847605, 0.2144401, 0.25679505, 0.2010981, 0.22515503, 0.21391368, 0.29929703, 0.18174325, 0.2586605, 0.21805558, 0.23154493, 0.32089216, 0.30858958, 0.30680612, 0.31340137, 0.35365483, 0.32348204, 0.34906045, 0.35319692, 0.31818178, 0.342802, 0.34599337, 0.3720918, 0.4145225, 0.38377672, 0.38700527, 0.35754073, 0.4196904, 0.38738564, 0.41077465, 0.39736086, 0.3870575, 0.45645782, 0.4416166, 0.38481075, 0.46434548, 0.44895363, 0.44700608, 0.41871998, 0.49267378, 0.46369907, 0.48675376, 0.47693536, 0.48999962, 0.47143704], "std": [0.09278567, 0.099352844, 0.14769307, 0.13519798, 0.13653515, 0.15358344, 0.09670745, 0.13057227, 0.13492809, 0.13746637, 0.13874492, 0.13324258, 0.1631347, 0.12334949, 0.16046438, 0.13843493, 0.09515962, 0.14338087, 0.14314255, 0.1257305, 0.08931965, 0.1603909, 0.10327762, 0.08083731, 0.1262199, 0.12847602, 0.14939862, 0.119919494, 0.0634319, 0.09704018, 0.12113507, 0.12180576, 0.062696375, 0.11804205, 0.10753161, 0.14153771, 0.135252, 0.060996182, 0.12698649, 0.17021969, 0.06195312, 0.07044972, 0.08120659, 0.14696273, 0.052505042, 0.07465688, 0.079476915, 0.06580159, 0.09210107, 0.09346148], "var": [0.96, 0.92, 0.9, 0.88, 0.86, 0.84, 0.84, 0.84, 0.8, 0.8, 0.8, 0.78, 0.76, 0.76, 0.72, 0.7, 0.68, 0.68, 0.66, 0.62, 0.6, 0.56, 0.52, 0.5, 0.46, 0.42, 0.42, 0.42, 0.4, 0.36, 0.36, 0.34, 0.34, 0.32, 0.3, 0.28, 0.24, 0.24, 0.22, 0.22, 0.22, 0.22, 0.2, 0.18, 0.16, 0.14, 0.12, 0.12, 0.12, 0.12], "best": [0.31111112, 0.37490082, 0.38730162, 0.38482147, 0.38196927, 0.3912699, 0.39228305, 0.39347446, 0.39448228, 0.39854503, 0.40004963, 0.39975375, 0.4026734, 0.40561366, 0.40631318, 0.40968663, 0.4121862, 0.41624302, 0.42014527, 0.42356005, 0.42713487, 0.4322352, 0.4357417, 0.43872494, 0.44342408, 0.44631046, 0.44946128, 0.4534144, 0.4576577, 0.46290642, 0.46661648, 0.47183353, 0.4762972, 0.47989422, 0.48290992, 0.4861198, 0.4889645, 0.49096715, 0.49570078, 0.49926865, 0.5023557, 0.50605255, 0.5090835, 0.51202327, 0.5145754, 0.51824266, 0.5210584, 0.52388114, 0.52627563, 0.5282999], "duration": [2281, 6048, 2343, 4139, 4242, 4129, 4070, 2280, 2121, 2284, 2618, 2300, 2269, 3990, 3223, 2264, 4097, 2325, 2117, 4156, 2182, 4016, 2406, 4139, 2360, 2667, 2186, 2233, 2273, 2136, 2204, 2766, 2197, 2242, 2277, 2311, 2245, 2461, 2297, 2231, 2193, 2553, 4141, 2214, 2110, 2334, 2564, 2171, 2083, 2341]}