{"avg": [0.36666667, 0.43974605, 0.45028058, 0.45192337, 0.500539, 0.53090465, 0.5352627, 0.5655305, 0.565814, 0.57854456, 0.6331669, 0.6261809, 0.5899286, 0.65046614, 0.6623415, 0.6704381, 0.6593183, 0.67947036, 0.6801182, 0.69056815, 0.70945066, 0.7181362, 0.7164029, 0.7286561, 0.73905784, 0.7445951, 0.7501946, 0.75755686, 0.76269656, 0.7661706, 0.77028424, 0.7757415, 0.7796638, 0.78321856, 0.7870497, 0.79018724, 0.79304814, 0.79586536, 0.7984412, 0.8009853, 0.8036658, 0.80595773, 0.80790514, 0.8100015, 0.8120772, 0.813921, 0.81562227, 0.8173216, 0.81883043, 0.8205224], "std": [0.14142136, 0.15049143, 0.15217024, 0.15357704, 0.14447007, 0.13266888, 0.13713792, 0.11032259, 0.11821705, 0.11426645, 0.014758818, 0.06504879, 0.12417746, 0.020882335, 0.015350779, 0.015703404, 0.07266454, 0.024206756, 0.074906655, 0.08064889, 0.013168556, 0.011689434, 0.025311911, 0.013764324, 0.0043279007, 0.0056069945, 0.0069143, 1.1920929e-07, 1.1920929e-07, 0.006537827, 0.006511395, 0.0, 2.3841858e-07, 2.3841858e-07, 0.0, 0.0, 1.1920929e-07, 5.9604645e-08, 2.3841858e-07, 1.7881393e-07, 2.3841858e-07, 5.9604645e-08, 5.9604645e-08, 1.7881393e-07, 1.7881393e-07, 0.0, 1.7881393e-07, 1.7881393e-07, 0.0, 2.9802322e-07], "var": [0.96, 0.96, 0.92, 0.86, 0.82, 0.72, 0.64, 0.6, 0.54, 0.48, 0.46, 0.38, 0.3, 0.3, 0.28, 0.28, 0.24, 0.18, 0.14, 0.12, 0.12, 0.12, 0.1, 0.06, 0.06, 0.04, 0.04, 0.04, 0.04, 0.04, 0.02, 0.02, 0.02, 0.02, 0.02, 0.02, 0.02, 0.02, 0.02, 0.02, 0.02, 0.02, 0.02, 0.02, 0.02, 0.02, 0.02, 0.02, 0.02, 0.02], "best": [0.5666667, 0.6071429, 0.60822517, 0.6099304, 0.6131732, 0.61979395, 0.62626356, 0.63188964, 0.634568, 0.6383917, 0.6443563, 0.6530063, 0.6605256, 0.66431254, 0.67144096, 0.6801892, 0.6851177, 0.6925533, 0.6990802, 0.7080809, 0.715916, 0.72241044, 0.72825664, 0.7340083, 0.7399412, 0.7456188, 0.7520763, 0.75755674, 0.76269644, 0.76747817, 0.7715147, 0.7757415, 0.77966404, 0.7832188, 0.7870497, 0.79018724, 0.793048, 0.7958653, 0.7984414, 0.8009851, 0.80366606, 0.8059577, 0.8079051, 0.8100017, 0.8120774, 0.813921, 0.8156221, 0.8173214, 0.81883043, 0.8205227], "duration": [2562, 2382, 2381, 2527, 2475, 2495, 2284, 2518, 2385, 2353, 2882, 2880, 2324, 2474, 2873, 2280, 2289, 2272, 2921, 2591, 2379, 2354, 2407, 2412, 2587, 2578, 2608, 2415, 2401, 2983, 2567, 2615, 2587, 3018, 2651, 2259, 2576, 2399, 2783, 2601, 2907, 2324, 2772, 2563, 2606, 2386, 2379, 2430, 2952, 2378]}