{"avg": [0.41666672, 0.39351857, 0.42345685, 0.44586858, 0.44766718, 0.47335485, 0.46721238, 0.4506215, 0.51350194, 0.46926343, 0.51202834, 0.5107228, 0.6075543, 0.5429484, 0.4965743, 0.59702384, 0.57431144, 0.6161363, 0.56495255, 0.60853076, 0.56468236, 0.574927, 0.5684388, 0.6144383, 0.60948014, 0.62510955, 0.6293313, 0.63897616, 0.604068, 0.61777997, 0.6468893, 0.67318314, 0.68311435, 0.60556567, 0.6549874, 0.66618377, 0.69374514, 0.70519716, 0.7054579, 0.70130324, 0.680772, 0.6640382, 0.71476704, 0.72048414, 0.7257572, 0.72991896, 0.7203774, 0.7395855, 0.70739, 0.7470674], "std": [0.15000002, 0.14235634, 0.14835912, 0.15053646, 0.15169893, 0.15050155, 0.15380387, 0.15543887, 0.14153726, 0.1564318, 0.14544725, 0.14702307, 0.012648603, 0.12775552, 0.15239787, 0.07719262, 0.105884604, 0.017226128, 0.12736005, 0.082103, 0.1409992, 0.1138676, 0.13355958, 0.08988559, 0.09084406, 0.08127075, 0.09143639, 0.08614491, 0.1396211, 0.12957892, 0.09360556, 0.025148897, 0.020619975, 0.15253666, 0.09979916, 0.098019205, 0.023787096, 0.00954451, 0.014945506, 0.027803697, 0.10994007, 0.13974454, 0.025316507, 0.030162776, 0.021553773, 0.022217147, 0.038286686, 0.0051204925, 0.105918296, 1.1920929e-07], "var": [0.96, 0.94, 0.9, 0.86, 0.82, 0.8, 0.76, 0.72, 0.72, 0.7, 0.66, 0.62, 0.6, 0.58, 0.56, 0.54, 0.52, 0.52, 0.52, 0.5, 0.48, 0.44, 0.42, 0.38, 0.36, 0.34, 0.3, 0.3, 0.26, 0.26, 0.24, 0.24, 0.24, 0.26, 0.24, 0.22, 0.22, 0.22, 0.2, 0.18, 0.18, 0.16, 0.14, 0.12, 0.12, 0.12, 0.1, 0.1, 0.1, 0.1], "best": [0.5666667, 0.6083334, 0.60370374, 0.60383284, 0.61125547, 0.61885196, 0.6208995, 0.62304586, 0.6256145, 0.62576836, 0.6273136, 0.6306123, 0.6322364, 0.632172, 0.63287675, 0.63351274, 0.63856214, 0.64046746, 0.6424922, 0.64579606, 0.65063447, 0.6483198, 0.65456295, 0.6565773, 0.6609575, 0.66324794, 0.66711134, 0.6715528, 0.67625576, 0.68106735, 0.68470335, 0.6885989, 0.69276726, 0.69681317, 0.6986242, 0.70126873, 0.70535195, 0.7086603, 0.7126958, 0.71649444, 0.718994, 0.7219153, 0.725093, 0.7282721, 0.7318366, 0.73547316, 0.7390371, 0.74159384, 0.7445715, 0.7470673], "duration": [1358, 1371, 1329, 1369, 1320, 1326, 1306, 1559, 1582, 1310, 1368, 1375, 1363, 1327, 2165, 1279, 1301, 1314, 1313, 1292, 1352, 1375, 1595, 1332, 1336, 1346, 1313, 1822, 1443, 1225, 1284, 1309, 1360, 1339, 1341, 1312, 1313, 1360, 1325, 1315, 1249, 1320, 1495, 1274, 1325, 1309, 1332, 1293, 1689, 1160]}