{"avg": [0.16666667, 0.19072753, 0.18942334, 0.21907881, 0.2153128, 0.23313545, 0.21292616, 0.22539312, 0.2349271, 0.2691426, 0.2579264, 0.2839974, 0.25573528, 0.24545342, 0.27731022, 0.2267189, 0.30538663, 0.30629814, 0.3151654, 0.2838757, 0.3207547, 0.33896574, 0.37250283, 0.34881642, 0.35652187, 0.35727224, 0.36416262, 0.37053245, 0.34686375, 0.3654203, 0.36378565, 0.3805259, 0.3567332, 0.36829165, 0.39596692, 0.3833278, 0.3840452, 0.40078884, 0.4264534, 0.40419582, 0.4354228, 0.4216394, 0.42914477, 0.43394616, 0.4359076, 0.4163407, 0.46309644, 0.45526782, 0.45889524, 0.45292658], "std": [0.09370627, 0.07711606, 0.098318726, 0.1178677, 0.06780574, 0.10601973, 0.10330911, 0.108453825, 0.08816637, 0.08871953, 0.091235995, 0.08792882, 0.08714987, 0.11630241, 0.12013063, 0.09572274, 0.09759677, 0.097048074, 0.08809787, 0.08516799, 0.08365806, 0.06765475, 0.08791141, 0.059210755, 0.09473941, 0.07762692, 0.09319391, 0.08456669, 0.08859568, 0.08266486, 0.10613732, 0.094370596, 0.106092446, 0.10214917, 0.06655487, 0.06340441, 0.10585794, 0.08488069, 0.053932145, 0.08559458, 0.082638204, 0.07373653, 0.08408158, 0.084989704, 0.09032918, 0.07525043, 0.060732476, 0.08499738, 0.07454352, 0.07838955], "var": [1.0, 0.98, 0.96, 0.94, 0.92, 0.9, 0.86, 0.86, 0.84, 0.86, 0.86, 0.88, 0.86, 0.84, 0.8, 0.76, 0.76, 0.74, 0.74, 0.74, 0.74, 0.74, 0.76, 0.76, 0.76, 0.76, 0.72, 0.72, 0.72, 0.72, 0.72, 0.68, 0.68, 0.68, 0.64, 0.64, 0.66, 0.66, 0.66, 0.66, 0.64, 0.64, 0.62, 0.6, 0.58, 0.56, 0.52, 0.52, 0.48, 0.48], "best": [0.3777778, 0.29861113, 0.39585254, 0.42181695, 0.38849208, 0.4028448, 0.3904762, 0.39359146, 0.45803332, 0.40398514, 0.40143567, 0.45401418, 0.40143615, 0.40109712, 0.4589018, 0.40042195, 0.45888138, 0.40490353, 0.40514755, 0.4076632, 0.46153045, 0.4090662, 0.5071224, 0.4146771, 0.51134086, 0.51356244, 0.5155023, 0.51813316, 0.47822875, 0.42347538, 0.5215343, 0.52315974, 0.5243355, 0.5258242, 0.5195372, 0.43311688, 0.5289605, 0.5309689, 0.53733367, 0.53414655, 0.5410715, 0.54305094, 0.54403853, 0.5405473, 0.54164064, 0.54431087, 0.5454799, 0.54735994, 0.5494618, 0.5516565], "duration": [5747, 5680, 9248, 7464, 9185, 7570, 3685, 6252, 6056, 9179, 11227, 11785, 11361, 5194, 7524, 9356, 13108, 9865, 11567, 11248, 7450, 9236, 7306, 9182, 3315, 3629, 5365, 6861, 3634, 2749, 2502, 2461, 2590, 2645, 2499, 2593, 2942, 5761, 2955, 2582, 2444, 2473, 2482, 2534, 2447, 3038, 2698, 2524, 6726, 3253]}