{"avg": [0.37619048, 0.3410498, 0.376566, 0.40299466, 0.41807085, 0.39809933, 0.42043263, 0.42755312, 0.4473443, 0.452403, 0.5077768, 0.43867987, 0.46569726, 0.47510585, 0.43700632, 0.45256516, 0.475, 0.469536, 0.49249643, 0.515837, 0.50789666, 0.51008093, 0.53390545, 0.5294347, 0.53679425, 0.55697507, 0.53185755, 0.5335077, 0.5658573, 0.55538625, 0.571606, 0.59277576, 0.556075, 0.5744038, 0.57263654, 0.56154686, 0.5467455, 0.5977212, 0.5944231, 0.59854203, 0.6064328, 0.63061345, 0.6255405, 0.6323787, 0.61322516, 0.65002424, 0.62991655, 0.65612704, 0.65040296, 0.6603109], "std": [0.11921682, 0.14997967, 0.11927129, 0.099548444, 0.10773451, 0.124610335, 0.11568219, 0.10299466, 0.10974883, 0.12853283, 0.06883668, 0.10489525, 0.10790933, 0.12558354, 0.106657624, 0.11250732, 0.10734204, 0.087074354, 0.087764814, 0.06469146, 0.07870782, 0.083499655, 0.06995054, 0.06202778, 0.0747444, 0.05039329, 0.0836227, 0.082040966, 0.053990554, 0.06787455, 0.051861733, 0.022010569, 0.08374164, 0.08083067, 0.08628406, 0.096970364, 0.11341363, 0.06371225, 0.062985614, 0.07962386, 0.057632945, 0.032119233, 0.034131285, 0.06039681, 0.059271563, 0.01673012, 0.060947675, 0.018953761, 0.03693077, 0.028798167], "var": [1.0, 0.98, 0.98, 0.96, 0.96, 0.94, 0.92, 0.9, 0.9, 0.92, 0.9, 0.86, 0.82, 0.8, 0.8, 0.78, 0.8, 0.8, 0.8, 0.76, 0.74, 0.7, 0.66, 0.66, 0.62, 0.6, 0.56, 0.52, 0.5, 0.5, 0.48, 0.46, 0.42, 0.42, 0.38, 0.38, 0.36, 0.34, 0.32, 0.3, 0.28, 0.26, 0.24, 0.24, 0.2, 0.2, 0.18, 0.16, 0.14, 0.12], "best": [0.51111114, 0.53832203, 0.5449053, 0.542167, 0.54206353, 0.5453577, 0.5476191, 0.5502745, 0.5456734, 0.54673976, 0.5483038, 0.551644, 0.552519, 0.55337304, 0.55441123, 0.5561534, 0.5595045, 0.5607448, 0.56227994, 0.56404847, 0.565733, 0.5693779, 0.573567, 0.5775343, 0.5789618, 0.5829166, 0.58787113, 0.59181845, 0.595006, 0.59933686, 0.6027673, 0.6068071, 0.6118703, 0.6155104, 0.6199151, 0.62495184, 0.6279077, 0.6303702, 0.6337426, 0.6365721, 0.64024556, 0.6433778, 0.64731944, 0.65022993, 0.65368354, 0.6559843, 0.6601411, 0.6631411, 0.6666667, 0.6695348], "duration": [23722, 24393, 24617, 23248, 25109, 29588, 25139, 26932, 27074, 27176, 27428, 29555, 27171, 31918, 27110, 27361, 27302, 25602, 27447, 27382, 31867, 27350, 27387, 27394, 27413, 27485, 27416, 27310, 27453, 27509, 32312, 27599, 32120, 32855, 31992, 27318, 27399, 27459, 27496, 25562, 27386, 27475, 27441, 27575, 27699, 27717, 27803, 27742, 27654, 27488]}