{"avg": [0.15555556, 0.23233365, 0.21306895, 0.24497592, 0.2148276, 0.21418476, 0.22506478, 0.25045317, 0.23674187, 0.23982234, 0.23947069, 0.2282063, 0.24800012, 0.2778978, 0.25363383, 0.26255372, 0.30053806, 0.29104915, 0.28209683, 0.2721948, 0.2698915, 0.26530936, 0.29818547, 0.297359, 0.30104142, 0.2992289, 0.28351745, 0.32848838, 0.29620016, 0.31981307, 0.32289854, 0.33498552, 0.3241212, 0.3187376, 0.3438047, 0.33111262, 0.35666102, 0.35350695, 0.36111844, 0.35813606, 0.33574674, 0.35366148, 0.35674158, 0.38821852, 0.38163805, 0.3989004, 0.38172558, 0.36918685, 0.40379852, 0.40062553], "std": [0.08036007, 0.070944466, 0.07520101, 0.070499524, 0.07040022, 0.06469291, 0.08169098, 0.07215886, 0.05098803, 0.071074285, 0.074711576, 0.0815346, 0.08106502, 0.07080257, 0.061122365, 0.0776209, 0.056693688, 0.08064028, 0.051715244, 0.07749487, 0.07134834, 0.07572035, 0.054222144, 0.06546441, 0.064251624, 0.05843804, 0.0667621, 0.057857897, 0.06514002, 0.044260938, 0.06692366, 0.042475674, 0.071603574, 0.076035656, 0.05553164, 0.058213606, 0.05163746, 0.057799913, 0.03923052, 0.05413334, 0.0421438, 0.039748777, 0.034760628, 0.044361524, 0.044250242, 0.04636028, 0.05024727, 0.057111148, 0.061621528, 0.034352243], "var": [1.0, 0.96, 0.94, 0.92, 0.92, 0.92, 0.88, 0.86, 0.84, 0.82, 0.82, 0.78, 0.76, 0.76, 0.78, 0.76, 0.74, 0.74, 0.72, 0.72, 0.72, 0.7, 0.68, 0.7, 0.68, 0.66, 0.66, 0.66, 0.66, 0.64, 0.66, 0.68, 0.68, 0.66, 0.66, 0.64, 0.64, 0.62, 0.58, 0.56, 0.54, 0.56, 0.56, 0.6, 0.58, 0.56, 0.56, 0.54, 0.54, 0.56], "best": [0.2777778, 0.31990233, 0.31636566, 0.3639456, 0.31475097, 0.31430748, 0.40842915, 0.41022414, 0.30718955, 0.41006497, 0.37017375, 0.36048752, 0.38206783, 0.41137046, 0.3215566, 0.38382307, 0.41229683, 0.46796536, 0.32327855, 0.41228554, 0.3880852, 0.32366523, 0.38824207, 0.44435212, 0.41242132, 0.3901275, 0.39080757, 0.46653253, 0.39235213, 0.41273335, 0.41293722, 0.41404974, 0.41236278, 0.41927657, 0.41576704, 0.41673106, 0.41740486, 0.4184084, 0.41962245, 0.4211726, 0.4079789, 0.42341578, 0.42167327, 0.47997344, 0.4453554, 0.46628493, 0.47847864, 0.42997932, 0.48666918, 0.43492067], "duration": [3801, 7513, 5384, 7394, 7242, 5526, 7382, 8938, 5305, 5815, 16065, 7916, 9091, 11043, 13785, 11836, 7417, 11598, 9262, 10118, 7541, 7936, 7550, 9351, 7906, 5757, 8009, 9383, 9673, 11284, 11772, 8480, 5957, 6673, 9381, 6185, 11170, 11371, 6483, 9524, 5673, 9490, 11384, 7995, 5723, 11254, 11332, 9914, 9686, 11449]}