{"avg": [0.119444445, 0.16402118, 0.19472769, 0.17898281, 0.17800099, 0.15424715, 0.18892409, 0.2257172, 0.21459089, 0.22170494, 0.2111844, 0.23624341, 0.2669068, 0.30015954, 0.20232522, 0.2986797, 0.2767475, 0.23026654, 0.30018508, 0.28908232, 0.30573633, 0.32517424, 0.3073377, 0.34196708, 0.30515587, 0.33962888, 0.37181792, 0.3478441, 0.34766474, 0.3164225, 0.3784799, 0.3030927, 0.36688653, 0.29855028, 0.40143856, 0.37378934, 0.3972205, 0.37550256, 0.3606435, 0.34160024, 0.38440064, 0.3938376, 0.37510115, 0.4111248, 0.37886497, 0.39856774, 0.367588, 0.39556965, 0.3741086, 0.3997533], "std": [0.11808008, 0.14818442, 0.1186601, 0.12776029, 0.096758045, 0.11437456, 0.12906504, 0.117336094, 0.125538, 0.13227333, 0.13276517, 0.13912995, 0.12878543, 0.10802396, 0.16160339, 0.11465515, 0.1336158, 0.13654913, 0.111785814, 0.13634892, 0.111366645, 0.08553091, 0.110443614, 0.07636417, 0.115725785, 0.12642303, 0.057859845, 0.08562613, 0.11178691, 0.14722894, 0.062327154, 0.14283901, 0.071275644, 0.14314084, 0.04995127, 0.06625704, 0.050331034, 0.094004035, 0.094395764, 0.12199844, 0.11590955, 0.07339716, 0.073362954, 0.07244534, 0.10083016, 0.084137656, 0.107239455, 0.083995074, 0.087659575, 0.094650134], "var": [0.98, 0.98, 0.96, 0.96, 0.94, 0.94, 0.92, 0.92, 0.94, 0.94, 0.94, 0.94, 0.92, 0.88, 0.88, 0.86, 0.84, 0.84, 0.82, 0.78, 0.76, 0.76, 0.8, 0.8, 0.8, 0.78, 0.74, 0.74, 0.76, 0.74, 0.72, 0.7, 0.68, 0.64, 0.62, 0.62, 0.6, 0.62, 0.64, 0.62, 0.6, 0.6, 0.6, 0.62, 0.62, 0.62, 0.62, 0.62, 0.6, 0.56], "best": [0.31111112, 0.37936512, 0.3695612, 0.39054102, 0.33826888, 0.38249794, 0.3883257, 0.39159754, 0.38188156, 0.39246035, 0.3926435, 0.38771933, 0.39171553, 0.39417204, 0.39071873, 0.39530626, 0.39638558, 0.39562747, 0.39892295, 0.40285397, 0.40256608, 0.4060143, 0.40596753, 0.4065665, 0.41068673, 0.41334394, 0.41554624, 0.4175055, 0.42150635, 0.42468172, 0.42673033, 0.4298198, 0.430596, 0.4330632, 0.43369737, 0.4363861, 0.43901646, 0.4423198, 0.444579, 0.44730267, 0.44910944, 0.4523562, 0.4544595, 0.4575711, 0.46003944, 0.4630202, 0.4649534, 0.46685052, 0.46989813, 0.4721295], "duration": [4222, 5981, 7903, 5981, 9680, 5894, 4072, 9663, 7780, 5934, 7837, 2175, 9633, 7717, 9682, 5895, 6181, 7706, 9598, 5848, 7726, 3975, 6224, 7728, 5820, 8083, 7764, 3965, 10075, 3927, 4627, 2216, 5794, 4131, 5816, 6086, 3953, 5927, 3984, 6304, 2161, 2056, 2118, 2051, 6595, 2306, 4135, 3228, 2413, 2321]}