{"avg": [0.45432106, 0.41327563, 0.44699076, 0.40664235, 0.5026127, 0.45237488, 0.39290068, 0.3972884, 0.4836458, 0.45128655, 0.45249438, 0.481581, 0.47809905, 0.4492127, 0.5303379, 0.46121034, 0.45756456, 0.49093524, 0.50818074, 0.5107868, 0.5392358, 0.46810216, 0.5541865, 0.5153507, 0.52701056, 0.5302617, 0.550571, 0.5398559, 0.52224827, 0.5141812, 0.5196285, 0.5370264, 0.53995126, 0.52720577, 0.5424049, 0.5224844, 0.5585507, 0.5633863, 0.55438524, 0.55138344, 0.5375178, 0.545399, 0.5433394, 0.5468234, 0.5543884, 0.57104325, 0.5769761, 0.5747914, 0.5791705, 0.57008034], "std": [0.08121918, 0.11571256, 0.12240777, 0.13614155, 0.11581871, 0.12182701, 0.15962374, 0.1322343, 0.08594103, 0.14569592, 0.1426618, 0.12708248, 0.1191198, 0.15250912, 0.049060654, 0.14576393, 0.11869438, 0.09234247, 0.10943704, 0.07783412, 0.048643395, 0.13021223, 0.014808406, 0.10803706, 0.06695299, 0.06637544, 0.015146498, 0.06317404, 0.078203924, 0.08405112, 0.090046756, 0.061906632, 0.066308096, 0.07228347, 0.060265515, 0.084467195, 0.01608608, 0.018789865, 0.015572162, 0.05118691, 0.054945458, 0.060767435, 0.06409109, 0.05288105, 0.05448288, 0.013654453, 0.013684805, 0.017824562, 0.017200828, 0.022168986], "var": [0.98, 0.96, 0.96, 0.96, 0.96, 0.94, 0.94, 0.92, 0.92, 0.9, 0.88, 0.88, 0.88, 0.88, 0.88, 0.88, 0.86, 0.84, 0.82, 0.82, 0.8, 0.8, 0.82, 0.8, 0.8, 0.78, 0.76, 0.78, 0.78, 0.78, 0.78, 0.78, 0.76, 0.74, 0.74, 0.72, 0.72, 0.7, 0.72, 0.72, 0.7, 0.7, 0.68, 0.68, 0.66, 0.64, 0.62, 0.62, 0.62, 0.62], "best": [0.51111114, 0.5693122, 0.5539683, 0.54608136, 0.55097824, 0.5532357, 0.5548899, 0.5560847, 0.55270606, 0.5562239, 0.55850345, 0.5605617, 0.56402117, 0.5622316, 0.56751895, 0.5649802, 0.5695907, 0.5616903, 0.5693529, 0.57207274, 0.5746398, 0.57694966, 0.5772818, 0.566254, 0.5668492, 0.5726632, 0.5759541, 0.57701397, 0.582852, 0.5739502, 0.581666, 0.58225626, 0.58356595, 0.58446306, 0.58701617, 0.58007014, 0.58062756, 0.5856584, 0.5831816, 0.5910634, 0.58336836, 0.58918047, 0.5861824, 0.59035623, 0.5912297, 0.58892167, 0.5902682, 0.5923741, 0.5964669, 0.5946249], "duration": [18124, 17655, 17958, 17673, 18016, 17644, 17997, 17677, 17994, 15861, 18061, 17993, 16067, 22473, 18033, 17967, 22384, 17994, 18019, 18010, 27073, 17983, 17977, 18052, 17995, 17983, 18031, 18003, 18037, 18067, 17681, 18041, 17969, 18018, 17989, 18011, 18063, 18017, 18111, 17995, 18023, 17982, 18008, 18026, 18024, 18064, 18030, 18020, 18017, 18026]}