{"avg": [0.16319445, 0.17326389, 0.16965349, 0.1878808, 0.19676875, 0.20303835, 0.21191896, 0.21648736, 0.23374581, 0.24976946, 0.21176179, 0.25873017, 0.2445997, 0.26107562, 0.2658937, 0.2688059, 0.26975694, 0.29021165, 0.2951849, 0.32711953, 0.27911597, 0.31138283, 0.30183786, 0.3580711, 0.33712623, 0.36337858, 0.35033068, 0.3939565, 0.38558555, 0.38809982, 0.40033212, 0.4112259, 0.4285542, 0.47290194, 0.4326093, 0.41188157, 0.4587834, 0.47521776, 0.45721754, 0.45682368, 0.49459913, 0.49271882, 0.5062462, 0.51269567, 0.4895685, 0.52163714, 0.51462716, 0.51864964, 0.5376812, 0.5244159, 0.5145977, 0.5222831, 0.53282833, 0.54702127, 0.5294121, 0.53032863, 0.54605484, 0.5536437, 0.5450339, 0.55835086, 0.5558647, 0.56279886, 0.5638193, 0.5617941, 0.5707116, 0.57259077, 0.5692609, 0.5718356, 0.5578593, 0.5711952, 0.576284, 0.5788868, 0.57807976, 0.58126587, 0.58222157, 0.5904315, 0.5933257, 0.5928542, 0.5781962, 0.59123063, 0.5914935, 0.6001923, 0.5957307, 0.5951046, 0.5999799, 0.6013189, 0.6073904, 0.597826, 0.6035094, 0.60766363, 0.59210396, 0.6043305, 0.610496, 0.60530907, 0.60730326, 0.60247445, 0.6039744, 0.62195694, 0.6197696, 0.61943877, 0.61506796, 0.6164942, 0.6239346, 0.62311697, 0.6300494, 0.6358103, 0.630625, 0.6341845, 0.6242957, 0.6270191, 0.63975775, 0.6371303, 0.64286476, 0.6427661, 0.64825594, 0.6470621, 0.6443875, 0.6384155, 0.64870846, 0.6560234, 0.647586, 0.64870375, 0.651068, 0.6499545, 0.64472765, 0.6418555, 0.64848274, 0.65932006, 0.6299296, 0.66235775, 0.6621308, 0.6569072, 0.6642977, 0.6703258, 0.67097545, 0.66587317, 0.67121226, 0.6716814, 0.66369283, 0.66973436, 0.67550105, 0.6669215, 0.6665847, 0.6779817, 0.6780416, 0.6741141, 0.675002, 0.6751187, 0.6710552, 0.6771095], "std": [0.090328515, 0.071481, 0.057398725, 0.0737785, 0.054235797, 0.074195445, 0.071861506, 0.06926712, 0.06245137, 0.08948259, 0.066318825, 0.092817865, 0.086104274, 0.1050978, 0.1030307, 0.06982214, 0.049724843, 0.093474664, 0.09531674, 0.0960076, 0.10430316, 0.11816355, 0.10564386, 0.085185446, 0.112225845, 0.089585945, 0.09288269, 0.06746439, 0.10184404, 0.1013118, 0.08396051, 0.104689725, 0.076276466, 0.025145048, 0.09731754, 0.0966299, 0.06200986, 0.043343958, 0.09139258, 0.063556954, 0.024292396, 0.04690725, 0.024140883, 0.024009958, 0.07165045, 0.03140578, 0.048423886, 0.0516551, 0.011547331, 0.026163481, 0.0773981, 0.04066216, 0.04174915, 0.011481076, 0.053985834, 0.07845156, 0.03487816, 0.007311342, 0.05074753, 0.008744958, 0.016540565, 0.0079295635, 0.01037434, 0.013609444, 0.009409428, 0.009543142, 0.018482601, 0.007080809, 0.031248417, 0.011794047, 0.0139432065, 0.017627798, 0.009041995, 0.00968577, 0.007818418, 0.011800268, 0.013097669, 0.011342591, 0.025315117, 0.013602048, 0.016493669, 0.011826934, 0.022099674, 0.012464566, 0.02198025, 0.016736735, 0.014282276, 0.024141526, 0.023052236, 0.023497118, 0.032424916, 0.028262397, 0.023517208, 0.027608428, 0.028927479, 0.030861847, 0.029517535, 0.023210667, 0.027590245, 0.021318667, 0.0301487, 0.03196881, 0.018895289, 0.027369028, 0.021302395, 0.015446004, 0.025951525, 0.023251535, 0.030954301, 0.032054506, 0.020907994, 0.028756287, 0.019415122, 0.020000257, 0.016922982, 0.017704105, 0.022792725, 0.03286332, 0.021281132, 0.005857983, 0.024673358, 0.025306039, 0.024959669, 0.029310325, 0.030492855, 0.036694948, 0.032801464, 0.01877342, 0.03902762, 0.017474396, 0.019659208, 0.030097038, 0.0203678, 0.00091794133, 0.0009098034, 0.020503866, 0.0049447757, 0.005420684, 0.026172418, 0.01861436, 0.00088206213, 0.024723185, 0.026477693, 0.00078929524, 0.0009047972, 0.019767536, 0.018103909, 0.019190146, 0.026303617, 0.018720249], "var": [1.0, 1.0, 0.96, 0.94, 0.92, 0.88, 0.84, 0.84, 0.82, 0.78, 0.76, 0.74, 0.72, 0.7, 0.7, 0.68, 0.7, 0.7, 0.66, 0.66, 0.66, 0.62, 0.58, 0.6, 0.6, 0.58, 0.54, 0.54, 0.5, 0.5, 0.46, 0.42, 0.38, 0.36, 0.34, 0.32, 0.3, 0.26, 0.24, 0.22, 0.22, 0.2, 0.18, 0.18, 0.14, 0.14, 0.14, 0.12, 0.12, 0.12, 0.12, 0.12, 0.12, 0.12, 0.12, 0.12, 0.1, 0.1, 0.1, 0.08, 0.08, 0.08, 0.06, 0.06, 0.06, 0.1, 0.1, 0.1, 0.14, 0.12, 0.12, 0.12, 0.12, 0.12, 0.12, 0.12, 0.12, 0.12, 0.12, 0.14, 0.12, 0.12, 0.12, 0.14, 0.14, 0.14, 0.14, 0.14, 0.14, 0.14, 0.14, 0.14, 0.14, 0.14, 0.14, 0.14, 0.14, 0.14, 0.14, 0.14, 0.14, 0.14, 0.12, 0.12, 0.12, 0.12, 0.12, 0.12, 0.12, 0.12, 0.12, 0.12, 0.12, 0.12, 0.12, 0.12, 0.12, 0.12, 0.12, 0.12, 0.1, 0.1, 0.1, 0.1, 0.1, 0.1, 0.1, 0.1, 0.08, 0.08, 0.08, 0.08, 0.06, 0.06, 0.06, 0.06, 0.06, 0.04, 0.04, 0.04, 0.04, 0.04, 0.04, 0.04, 0.04, 0.04, 0.04, 0.04, 0.04, 0.04], "best": [0.3777778, 0.32093257, 0.3134921, 0.40572813, 0.309127, 0.40802234, 0.4123147, 0.41516098, 0.4165643, 0.41751623, 0.38147482, 0.4198274, 0.42246842, 0.4239754, 0.42617205, 0.4289888, 0.38717312, 0.4326393, 0.4357341, 0.4376191, 0.443423, 0.4448449, 0.44724482, 0.44849467, 0.509313, 0.45560744, 0.45756567, 0.45983762, 0.46329993, 0.5200418, 0.5220135, 0.52463675, 0.52707696, 0.5291076, 0.5320705, 0.4901809, 0.53548753, 0.53767824, 0.54030335, 0.5027778, 0.50558555, 0.5450061, 0.5467836, 0.5486959, 0.55058837, 0.5527611, 0.5548164, 0.55620927, 0.55768174, 0.5338796, 0.56097615, 0.5625949, 0.5646391, 0.5666572, 0.56812745, 0.57004976, 0.58047473, 0.5729876, 0.58342445, 0.5761104, 0.5774412, 0.578658, 0.5798374, 0.58120763, 0.5920133, 0.59345627, 0.585104, 0.58657545, 0.5875721, 0.5892434, 0.6081393, 0.5913187, 0.606552, 0.60772586, 0.59458363, 0.6137289, 0.6149222, 0.61206585, 0.61332273, 0.6185032, 0.6196692, 0.620575, 0.61741596, 0.615242, 0.6242244, 0.62558794, 0.62655765, 0.6278788, 0.62411463, 0.6251516, 0.6311466, 0.62745035, 0.6286154, 0.6298654, 0.6352166, 0.63630676, 0.6373205, 0.6338374, 0.6350797, 0.64065397, 0.64171517, 0.64285517, 0.6397786, 0.6446494, 0.64568245, 0.64287543, 0.6474483, 0.64839995, 0.6496074, 0.6505325, 0.6515125, 0.65240735, 0.65331817, 0.6542146, 0.65505695, 0.6559127, 0.657053, 0.6580726, 0.6590923, 0.6600912, 0.66095054, 0.6619048, 0.66259545, 0.66341823, 0.66424906, 0.66504306, 0.66580087, 0.6665728, 0.6674757, 0.6681725, 0.66908413, 0.6697834, 0.6705189, 0.67124385, 0.67194813, 0.6726867, 0.6733289, 0.674133, 0.67477727, 0.67549825, 0.676239, 0.6770305, 0.6777885, 0.67845774, 0.67914975, 0.67978024, 0.68045455, 0.68117225, 0.6817974, 0.68245536], "duration": [3930, 4207, 3952, 7819, 2350, 3879, 3973, 2076, 2439, 5867, 5836, 5912, 7763, 5882, 1981, 4011, 4319, 5822, 10067, 1999, 4220, 10143, 5931, 1994, 7760, 7801, 5913, 9712, 1986, 9730, 5894, 3987, 9783, 5873, 5903, 4054, 9745, 5898, 5847, 7811, 3945, 7845, 5874, 5859, 10045, 9739, 3935, 5818, 9748, 5911, 9060, 9771, 11688, 5939, 7810, 7841, 11681, 7809, 9749, 9766, 5879, 8139, 10154, 5873, 11713, 9727, 12877, 9696, 9730, 5921, 7790, 11657, 8208, 7806, 10067, 11688, 13588, 13584, 9743, 13935, 13932, 13658, 13586, 11652, 14281, 13606, 15892, 11662, 13623, 15887, 13595, 13581, 11737, 13602, 13634, 13605, 11674, 18151, 13593, 18111, 13614, 13592, 13644, 13596, 15867, 13601, 13607, 15871, 13635, 13620, 13615, 13633, 13687, 13611, 15886, 15915, 13604, 13863, 15895, 15897, 13785, 13639, 13643, 13647, 13635, 13622, 13631, 13649, 13618, 14030, 13635, 13612, 15163, 13628, 13648, 13641, 15992, 13660, 13614, 13653, 13667, 13611, 13632, 13628, 15895, 13617, 15909, 13635, 13631, 13671]}