{"avg": [0.43541667, 0.41444448, 0.44590744, 0.45633158, 0.46457243, 0.4992267, 0.5018604, 0.43517932, 0.4927239, 0.48559734, 0.5087584, 0.52416706, 0.5175032, 0.49722365, 0.56793267, 0.5292267, 0.5415172, 0.5427606, 0.57251763, 0.5727136, 0.5510196, 0.5715742, 0.6008619, 0.6004109, 0.599802, 0.59377646, 0.60561794, 0.6344614, 0.6115996, 0.61173666, 0.6232908, 0.64979374, 0.6318112, 0.6555981, 0.6615843, 0.6645132, 0.64923984, 0.65866, 0.67206013, 0.6601331, 0.68519807, 0.70162517, 0.693132, 0.70924085, 0.7131976, 0.7159163, 0.7088998, 0.7126159, 0.72304267, 0.7300514], "std": [0.14882353, 0.15443426, 0.15417919, 0.15570869, 0.1524417, 0.14552973, 0.14861977, 0.15681231, 0.14772086, 0.15237941, 0.14299318, 0.13697079, 0.14197053, 0.15246747, 0.10593845, 0.13962126, 0.13127966, 0.13347961, 0.110861845, 0.10647132, 0.1302817, 0.11339778, 0.08569764, 0.079301886, 0.08668477, 0.09699916, 0.08240983, 0.015778527, 0.08482715, 0.08925032, 0.087915085, 0.021647919, 0.09035222, 0.020766472, 0.022999289, 0.021561293, 0.094799645, 0.039096203, 0.036203466, 0.09660544, 0.03282255, 0.0, 0.032508403, 0.0032118023, 0.0035986477, 0.0046332576, 0.031227814, 0.033117127, 0.018251391, 0.0039059452], "var": [0.96, 0.92, 0.92, 0.88, 0.88, 0.84, 0.8, 0.76, 0.76, 0.76, 0.72, 0.7, 0.66, 0.62, 0.6, 0.56, 0.52, 0.54, 0.56, 0.54, 0.52, 0.5, 0.48, 0.46, 0.46, 0.46, 0.42, 0.4, 0.38, 0.36, 0.34, 0.32, 0.32, 0.3, 0.26, 0.26, 0.22, 0.2, 0.16, 0.14, 0.12, 0.12, 0.1, 0.1, 0.1, 0.1, 0.1, 0.1, 0.1, 0.1], "best": [0.5666667, 0.6098215, 0.61735797, 0.61111116, 0.6150794, 0.6136753, 0.61735797, 0.6200177, 0.6185444, 0.6200681, 0.6101649, 0.6202029, 0.6123553, 0.61886, 0.6204302, 0.62072355, 0.6204055, 0.6212566, 0.6222505, 0.62426, 0.6260379, 0.62848413, 0.6288089, 0.631992, 0.63636255, 0.63865185, 0.6405003, 0.64422107, 0.6500833, 0.65296954, 0.6556801, 0.66060156, 0.66507614, 0.66965234, 0.6737638, 0.6780454, 0.682078, 0.68634534, 0.68915665, 0.69321215, 0.697464, 0.70162517, 0.7062385, 0.71009934, 0.7142365, 0.7176674, 0.72166467, 0.7246934, 0.72792065, 0.7310598], "duration": [1109, 1085, 1085, 1073, 1080, 1083, 1094, 1075, 1084, 1087, 1089, 1091, 1265, 1103, 1102, 1087, 1083, 1298, 1095, 1099, 1094, 1088, 1096, 1130, 1085, 1082, 1098, 1439, 1092, 1980, 1278, 1088, 1095, 1098, 1103, 1093, 1278, 1091, 1093, 1103, 1090, 1090, 1094, 1090, 1088, 1098, 1100, 1112, 1100, 1281]}