{"avg": [0.41666672, 0.45083806, 0.46348095, 0.47027943, 0.4830239, 0.48367614, 0.49678886, 0.50974554, 0.52262616, 0.5356382, 0.548683, 0.5616009, 0.5746976, 0.5874249, 0.6002096, 0.6075867, 0.6093155, 0.6106837, 0.61238635, 0.6143274, 0.6157806, 0.61739236, 0.6191685, 0.62075084, 0.6226035, 0.6242122, 0.6256583, 0.62772804, 0.63000995, 0.6314552, 0.6335743, 0.6357122, 0.63781524, 0.6398188, 0.6419161, 0.6439805, 0.64609694, 0.64839584, 0.6506885, 0.6526933, 0.6546001, 0.65661097, 0.6585494, 0.66008866, 0.6614715, 0.6631521, 0.664933, 0.66653526, 0.6679418, 0.66914004], "std": [0.15000004, 0.15154794, 0.1502603, 0.14922261, 0.1467292, 0.14670517, 0.14331399, 0.13858457, 0.13249451, 0.12507185, 0.11572897, 0.10420868, 0.09029633, 0.07105984, 0.042995077, 0.0095818145, 0.009604634, 0.009912333, 0.010034165, 0.010080079, 0.010369258, 0.010383833, 0.010436526, 0.010395358, 0.010666628, 0.010737175, 0.010663789, 0.010306599, 0.009807047, 0.009716769, 0.009376485, 0.008797631, 0.0086542545, 0.008530989, 0.008225682, 0.0077591697, 0.007343559, 0.006403725, 0.00533325, 0.004571074, 0.0040169666, 0.0038702704, 0.003765207, 0.003778575, 0.0038486598, 0.0043709003, 0.004809508, 0.0048146485, 0.00482041, 0.005328179], "var": [0.96, 0.94, 0.94, 0.92, 0.9, 0.86, 0.86, 0.82, 0.78, 0.76, 0.72, 0.7, 0.68, 0.66, 0.68, 0.64, 0.6, 0.6, 0.58, 0.58, 0.58, 0.54, 0.54, 0.5, 0.48, 0.48, 0.48, 0.46, 0.46, 0.46, 0.42, 0.42, 0.42, 0.42, 0.42, 0.4, 0.36, 0.32, 0.3, 0.26, 0.22, 0.2, 0.2, 0.2, 0.22, 0.26, 0.26, 0.28, 0.28, 0.28], "best": [0.5666667, 0.6033334, 0.60523814, 0.6069842, 0.60916674, 0.61066675, 0.6117461, 0.6134694, 0.6156548, 0.6176191, 0.61957145, 0.6212122, 0.6226588, 0.62439567, 0.6257824, 0.62701595, 0.62818456, 0.6295519, 0.6306879, 0.6319299, 0.633381, 0.63478464, 0.6361689, 0.63743275, 0.6386112, 0.6399239, 0.6412455, 0.64253974, 0.6439626, 0.6455337, 0.6469683, 0.64831036, 0.6498066, 0.65164506, 0.6535855, 0.65557826, 0.6576191, 0.65967834, 0.6617544, 0.6638096, 0.6658215, 0.66779333, 0.66975063, 0.6716058, 0.6733767, 0.67712176, 0.6787371, 0.6804357, 0.6821032, 0.68373185], "duration": [3077, 3023, 3028, 3043, 3033, 3033, 3049, 3048, 3062, 3057, 3077, 3058, 3068, 3049, 3077, 3097, 3079, 3080, 3063, 3062, 3093, 3073, 3074, 3070, 3068, 3067, 3069, 3082, 3089, 3066, 3079, 3088, 3095, 3087, 3076, 3358, 3079, 3075, 3119, 3082, 3103, 3073, 3082, 3075, 3088, 3076, 3083, 3062, 3074, 3069]}