{"avg": [0.39791673, 0.45384923, 0.38238975, 0.4226002, 0.49483454, 0.44638842, 0.48359787, 0.4654734, 0.48308617, 0.4651904, 0.5412423, 0.57107675, 0.58831614, 0.53477854, 0.52978593, 0.53760505, 0.59723234, 0.54481363, 0.54787517, 0.5766118, 0.59169775, 0.5831196, 0.58839244, 0.6159146, 0.63164705], "std": [0.14882353, 0.1521212, 0.13920988, 0.15289013, 0.14197402, 0.15370812, 0.14774175, 0.15047723, 0.14922452, 0.15244707, 0.12314772, 0.09606669, 0.08431154, 0.14159772, 0.13667957, 0.13711336, 0.081028216, 0.13679665, 0.14181477, 0.10977759, 0.105904326, 0.120767556, 0.12260753, 0.08886889, 0.09035875], "var": [0.98, 0.98, 0.96, 0.94, 0.92, 0.92, 0.9, 0.88, 0.84, 0.8, 0.78, 0.76, 0.74, 0.74, 0.72, 0.7, 0.68, 0.68, 0.66, 0.62, 0.58, 0.54, 0.5, 0.46, 0.44], "best": [0.5666667, 0.6098215, 0.6127497, 0.6148149, 0.61388224, 0.6133205, 0.6095239, 0.6095688, 0.6105777, 0.61145526, 0.6159125, 0.61969703, 0.6238587, 0.62973905, 0.6346939, 0.6352183, 0.63753945, 0.6420199, 0.6439045, 0.6482994, 0.64992654, 0.65473413, 0.65775824, 0.66119695, 0.6652357], "duration": [1197, 1187, 1198, 1229, 1352, 1156, 1159, 1173, 1587, 1375, 1213, 1417, 1223, 1194, 1195, 1397, 1216, 1200, 1195, 1191, 1226, 1188, 1196, 1197, 1182]}