{"avg": [0.11428572, 0.1418821, 0.19103815, 0.1937906, 0.22313261, 0.16746214, 0.15740038, 0.24057412, 0.20598623, 0.15275134, 0.22138923, 0.20882355, 0.21013586, 0.24003224, 0.2942805, 0.29424393, 0.30706608, 0.33678305, 0.32181126, 0.30058137, 0.34897026, 0.30226678, 0.3258251, 0.39840767, 0.3880046, 0.3177581, 0.33831486, 0.392293, 0.48589617, 0.44733286, 0.43360835, 0.43361604, 0.41573477, 0.45781407, 0.4569643, 0.47396716, 0.52018756, 0.48197833, 0.46442005, 0.48781753, 0.47562212, 0.5370414, 0.54636514, 0.52159345, 0.5227043, 0.5503153, 0.56689924, 0.55117035, 0.54427385, 0.55566627], "std": [0.07315378, 0.11099506, 0.0702426, 0.12904601, 0.091345094, 0.090705454, 0.1022384, 0.1313761, 0.12767345, 0.07700137, 0.13956407, 0.124047704, 0.11278442, 0.16350256, 0.13778427, 0.14063561, 0.16519645, 0.16632262, 0.15812895, 0.1650637, 0.16092288, 0.1735194, 0.1729776, 0.13895097, 0.16244791, 0.17825979, 0.1333272, 0.12633899, 0.10426228, 0.13388886, 0.14881462, 0.12656595, 0.18024158, 0.11262508, 0.12456498, 0.07453267, 0.095952325, 0.13175623, 0.1273365, 0.109409206, 0.10255403, 0.104570165, 0.07325926, 0.112599425, 0.086303666, 0.07681105, 0.0672773, 0.0828988, 0.11241889, 0.083765246], "var": [1.0, 0.98, 0.96, 0.96, 0.96, 0.96, 0.96, 0.96, 0.96, 0.92, 0.92, 0.92, 0.9, 0.88, 0.86, 0.88, 0.86, 0.86, 0.84, 0.8, 0.78, 0.78, 0.78, 0.78, 0.78, 0.76, 0.76, 0.74, 0.72, 0.7, 0.68, 0.66, 0.62, 0.58, 0.6, 0.64, 0.64, 0.64, 0.66, 0.68, 0.68, 0.66, 0.66, 0.62, 0.62, 0.6, 0.58, 0.56, 0.56, 0.54], "best": [0.20000002, 0.3827665, 0.37608105, 0.53221506, 0.5297619, 0.3874047, 0.3836711, 0.53881675, 0.5306964, 0.20645273, 0.5333645, 0.5352008, 0.39390823, 0.53658736, 0.5378969, 0.5442597, 0.54144907, 0.5425866, 0.54869616, 0.54546714, 0.5489934, 0.551059, 0.554471, 0.5592622, 0.5626878, 0.5650508, 0.5627577, 0.55563205, 0.5665194, 0.5700987, 0.57472396, 0.57505244, 0.57746875, 0.58094615, 0.58344674, 0.58350796, 0.5875161, 0.58848166, 0.59084255, 0.5921032, 0.5860685, 0.5964632, 0.5998824, 0.6025842, 0.6054752, 0.606965, 0.6098753, 0.6127709, 0.6158215, 0.61808056], "duration": [2159, 1886, 1898, 3795, 3958, 2395, 1926, 3836, 3883, 1807, 5774, 5763, 1912, 6126, 5773, 7688, 7692, 5787, 9971, 5836, 7709, 8043, 7750, 11590, 9609, 9665, 5829, 11556, 11591, 13835, 11590, 13492, 13486, 11571, 11584, 11584, 13524, 13829, 9755, 11578, 11925, 13533, 13554, 13572, 13526, 13555, 13552, 13537, 13521, 13507]}