{"avg": [0.4431373, 0.49467787, 0.41431198, 0.44241983, 0.44290292, 0.5051458, 0.46994802, 0.51807714, 0.48047534, 0.54232746, 0.48152408, 0.53672844, 0.53592193, 0.5777022, 0.54103845, 0.5599539, 0.5639576, 0.55907553, 0.5543864, 0.5787649, 0.6027298, 0.54098797, 0.5861507, 0.5785631, 0.5857314, 0.60760444, 0.5888066, 0.56853014, 0.58515257, 0.57325184, 0.61109245, 0.6131422, 0.59460974, 0.5878778, 0.5930767, 0.59259963, 0.6022028, 0.62112606, 0.6000196, 0.60172474, 0.6222232, 0.6103482, 0.62609434, 0.6259489, 0.6306761, 0.6094701, 0.6401466, 0.64269644, 0.6318808, 0.6347388], "std": [0.14764592, 0.13815975, 0.15009277, 0.14962688, 0.15054823, 0.13764378, 0.14721063, 0.13070378, 0.14793901, 0.1140141, 0.14596759, 0.12003053, 0.12164488, 0.07609072, 0.11995341, 0.10622649, 0.099395774, 0.10459571, 0.10707529, 0.07489799, 0.006771707, 0.12412676, 0.07449527, 0.080296695, 0.074226536, 0.010120225, 0.07539386, 0.09995252, 0.07890192, 0.10031167, 0.0094494345, 0.012042451, 0.07917968, 0.08335891, 0.07704778, 0.085578255, 0.0836723, 0.0135265635, 0.08150142, 0.07461664, 0.012775934, 0.08083431, 0.016947353, 0.015880957, 0.014991807, 0.07747211, 0.011248671, 0.014099329, 0.019672593, 0.018322408], "var": [1.0, 0.96, 0.96, 0.96, 0.94, 0.94, 0.92, 0.9, 0.88, 0.86, 0.86, 0.84, 0.86, 0.82, 0.78, 0.78, 0.76, 0.72, 0.68, 0.68, 0.68, 0.64, 0.62, 0.6, 0.58, 0.58, 0.58, 0.58, 0.54, 0.52, 0.5, 0.48, 0.5, 0.5, 0.5, 0.5, 0.48, 0.46, 0.5, 0.5, 0.5, 0.48, 0.46, 0.48, 0.44, 0.4, 0.42, 0.42, 0.4, 0.38], "best": [0.5666667, 0.61288524, 0.602381, 0.6035958, 0.59963375, 0.602234, 0.6001944, 0.6000001, 0.6011996, 0.60003245, 0.60194546, 0.602381, 0.6031747, 0.60419506, 0.6050794, 0.6066786, 0.6078684, 0.6076575, 0.6097388, 0.60931885, 0.6102299, 0.6125594, 0.6136665, 0.61526966, 0.61542255, 0.61803246, 0.6208479, 0.623396, 0.6234226, 0.6236432, 0.62496245, 0.62633574, 0.62938225, 0.63073105, 0.6316698, 0.63300854, 0.63308275, 0.6354091, 0.63726336, 0.6381726, 0.6397477, 0.6414022, 0.64385974, 0.6462416, 0.64805573, 0.64979994, 0.65152884, 0.65415955, 0.65624183, 0.6574616], "duration": [1471, 1254, 1444, 1241, 1207, 1446, 1237, 1257, 1221, 1637, 1226, 1237, 1238, 1202, 1244, 1262, 1449, 1254, 1235, 1250, 1266, 1251, 1238, 1244, 1220, 1227, 1222, 1238, 1200, 1455, 1242, 1456, 1236, 1266, 1259, 1226, 1235, 1250, 1249, 1622, 1214, 1210, 1251, 1244, 1251, 1653, 1223, 1240, 1427, 1249]}