{"avg": [0.18765433, 0.17994231, 0.22199075, 0.22785448, 0.2165662, 0.2113889, 0.2138966, 0.19975953, 0.24979764, 0.21113619, 0.19516253, 0.2159273, 0.2190212, 0.23255315, 0.18277211, 0.24547714, 0.24840479, 0.24568859, 0.26031747, 0.2581758, 0.22563529, 0.18394901, 0.24571043, 0.27855495, 0.27291325, 0.23869564, 0.25583756, 0.2807027, 0.29351383, 0.2792203, 0.26999107, 0.26758954, 0.27859446, 0.29480964, 0.31658092, 0.29352012, 0.28853157, 0.32699147, 0.31555277, 0.30778995, 0.29304808, 0.346056, 0.32900423, 0.28791294, 0.32021734, 0.34448227, 0.35129875, 0.32810262, 0.3682554, 0.34485257], "std": [0.05936205, 0.059485357, 0.057591762, 0.06572997, 0.0659497, 0.09541026, 0.0694298, 0.067387186, 0.06703959, 0.05694573, 0.08327964, 0.04791862, 0.0736901, 0.07350309, 0.09355061, 0.06712755, 0.0752066, 0.08734914, 0.066324085, 0.086179666, 0.08068622, 0.06905264, 0.08788305, 0.0529713, 0.082488365, 0.08487037, 0.08773815, 0.0807817, 0.03582351, 0.07473653, 0.04570673, 0.07107186, 0.069701634, 0.06393675, 0.07844517, 0.06495985, 0.09068917, 0.04834629, 0.083854735, 0.09007388, 0.08119312, 0.06899207, 0.08963503, 0.102421835, 0.09044903, 0.06862233, 0.043671023, 0.064971514, 0.04381072, 0.06617611], "var": [0.98, 0.96, 0.96, 0.96, 0.96, 0.94, 0.94, 0.92, 0.92, 0.92, 0.9, 0.9, 0.9, 0.92, 0.92, 0.92, 0.9, 0.88, 0.86, 0.86, 0.84, 0.82, 0.84, 0.82, 0.82, 0.8, 0.8, 0.78, 0.8, 0.78, 0.78, 0.76, 0.76, 0.76, 0.74, 0.72, 0.72, 0.7, 0.68, 0.68, 0.66, 0.66, 0.66, 0.64, 0.62, 0.6, 0.58, 0.58, 0.58, 0.58], "best": [0.2777778, 0.2878307, 0.3027778, 0.31274801, 0.311591, 0.36263737, 0.30965182, 0.30654764, 0.38481548, 0.309858, 0.30589572, 0.31135532, 0.30820107, 0.3622199, 0.30373922, 0.30962303, 0.38256758, 0.38412702, 0.38608062, 0.38684154, 0.31588036, 0.300021, 0.3875684, 0.38634542, 0.36480466, 0.38744807, 0.3883673, 0.39021707, 0.31560847, 0.39006433, 0.3201835, 0.39041445, 0.39944792, 0.39490467, 0.44672757, 0.39381635, 0.39703625, 0.39636332, 0.39977327, 0.40214688, 0.40334114, 0.44875076, 0.40423518, 0.40684164, 0.40857214, 0.40904075, 0.41058207, 0.41180265, 0.41312215, 0.4673431], "duration": [2256, 3766, 2157, 4057, 2164, 7930, 6122, 3920, 4422, 6184, 4256, 2065, 4222, 6808, 6248, 8096, 8631, 9978, 6271, 9948, 7835, 4323, 6070, 6254, 6067, 4069, 8091, 8136, 7943, 10530, 9846, 6240, 7904, 6181, 8114, 9913, 9819, 8066, 8056, 8048, 7929, 6286, 8030, 9784, 9921, 9918, 7951, 9836, 9956, 8086]}