{"avg": [0.1451389, 0.1660492, 0.20724137, 0.24431497, 0.25368953, 0.23638125, 0.26107025, 0.26730162, 0.2717756, 0.28731498, 0.29682684, 0.32524705, 0.3266802, 0.36025473, 0.3842081, 0.39797282, 0.42922994, 0.4324352, 0.43447825, 0.45696095, 0.47966018, 0.49401692, 0.5258553, 0.55489063, 0.51115954, 0.5596822, 0.5832927, 0.6080977, 0.6158058, 0.6162292, 0.6293522, 0.6349298, 0.648852, 0.64664495, 0.66554517, 0.6710555, 0.6692509, 0.6796825, 0.6732568, 0.68850625, 0.6855435, 0.68329054, 0.68132234, 0.69120103, 0.69288903, 0.69741225, 0.7112577, 0.70735127, 0.71621305, 0.7125873], "std": [0.08552388, 0.10064908, 0.11298892, 0.12785497, 0.1197437, 0.12319619, 0.11842179, 0.117873214, 0.12196321, 0.13225448, 0.13892286, 0.12443176, 0.13933669, 0.13297099, 0.11481156, 0.13313697, 0.11026904, 0.1350876, 0.09915288, 0.1352817, 0.12624699, 0.103610985, 0.09993805, 0.07133112, 0.14737642, 0.12861884, 0.071846075, 0.051367883, 0.049520686, 0.0564603, 0.04696006, 0.052258164, 0.029891113, 0.050523676, 0.0, 5.9604645e-08, 0.031084094, 5.9604645e-08, 0.04006169, 1.1920929e-07, 0.031084083, 0.04145078, 0.048886392, 0.039417066, 0.042201173, 0.03941707, 1.1920929e-07, 0.031084087, 1.1920929e-07, 0.031084083], "var": [0.96, 0.9, 0.9, 0.86, 0.86, 0.82, 0.86, 0.86, 0.82, 0.78, 0.76, 0.72, 0.72, 0.66, 0.62, 0.58, 0.54, 0.5, 0.48, 0.42, 0.36, 0.32, 0.32, 0.32, 0.24, 0.22, 0.16, 0.16, 0.12, 0.1, 0.08, 0.06, 0.04, 0.02, 0.02, 0.02, 0.02, 0.02, 0.02, 0.02, 0.02, 0.02, 0.02, 0.02, 0.02, 0.02, 0.02, 0.02, 0.02, 0.02], "best": [0.3555556, 0.38010916, 0.535311, 0.53866595, 0.5425151, 0.54424465, 0.54350317, 0.38948417, 0.54478014, 0.54532564, 0.5466151, 0.5478724, 0.5506278, 0.5534973, 0.5570424, 0.55929303, 0.56375664, 0.5680144, 0.5748075, 0.5763188, 0.57997495, 0.58594686, 0.5906061, 0.59679556, 0.6043472, 0.61089903, 0.61721665, 0.6237948, 0.6301588, 0.637172, 0.6429925, 0.6488128, 0.65503836, 0.6603885, 0.66554517, 0.67105544, 0.67573225, 0.67968255, 0.6843678, 0.68850636, 0.6920248, 0.69525635, 0.698606, 0.70192885, 0.70533335, 0.70814025, 0.7112576, 0.71383274, 0.7162129, 0.7190689], "duration": [8767, 5662, 15854, 13749, 13400, 15731, 17847, 9622, 13452, 10136, 11788, 8308, 8280, 6929, 6840, 4738, 4392, 10402, 4778, 4379, 5412, 4559, 5345, 5373, 5039, 4987, 4707, 4667, 6123, 4996, 4610, 6190, 5036, 5409, 5077, 4624, 5074, 5038, 5481, 4639, 5023, 5011, 5044, 5047, 5435, 5037, 4619, 5011, 6607, 4594]}