{"avg": [0.34166673, 0.4174195, 0.45923045, 0.4120598, 0.42061454, 0.41993642, 0.4570198, 0.5053519, 0.4599506, 0.49122646, 0.48430178, 0.5323579, 0.52968585, 0.5093132, 0.5625757, 0.57807946, 0.53229344, 0.5475952, 0.56626165, 0.6134349, 0.6070379, 0.6287115, 0.6008656, 0.6207763, 0.6286996, 0.611771, 0.6538352, 0.6520868, 0.65994656, 0.6635598, 0.6440434, 0.6561518, 0.67798084, 0.6403635, 0.6613333, 0.67277527, 0.6825151, 0.68771935, 0.6830478, 0.7114416, 0.7058324, 0.70050794, 0.7132343, 0.7172291, 0.6893703, 0.70804787, 0.7311469, 0.72386193, 0.7407449, 0.73574656], "std": [0.12990384, 0.15146545, 0.15425453, 0.15769754, 0.14976946, 0.15190749, 0.1471952, 0.1422557, 0.15718724, 0.15125458, 0.14899826, 0.14042693, 0.13878319, 0.15344766, 0.11706006, 0.110214576, 0.15156868, 0.14408426, 0.13002403, 0.075631395, 0.08867913, 0.029039336, 0.107379325, 0.09357283, 0.09087833, 0.083992615, 0.023003623, 0.035056334, 0.028263263, 0.029833758, 0.09632133, 0.036367007, 0.027496587, 0.09530175, 0.096004225, 0.04143487, 0.03162318, 0.036697626, 0.042341083, 0.0052306615, 0.03418703, 0.035446595, 0.017943306, 0.03461418, 0.108728655, 0.049985703, 0.015566682, 0.04060936, 5.9604645e-08, 0.033139378], "var": [0.96, 0.92, 0.88, 0.86, 0.84, 0.8, 0.78, 0.78, 0.76, 0.74, 0.74, 0.74, 0.72, 0.68, 0.68, 0.7, 0.66, 0.62, 0.6, 0.58, 0.56, 0.52, 0.5, 0.48, 0.46, 0.46, 0.44, 0.4, 0.4, 0.4, 0.38, 0.36, 0.36, 0.34, 0.32, 0.28, 0.28, 0.26, 0.24, 0.22, 0.2, 0.2, 0.2, 0.18, 0.16, 0.16, 0.14, 0.12, 0.12, 0.1], "best": [0.5666667, 0.61726195, 0.6236653, 0.62767863, 0.633259, 0.62868905, 0.6031099, 0.6208176, 0.6216686, 0.62684286, 0.62854207, 0.6289683, 0.6308067, 0.6345972, 0.63735783, 0.63935864, 0.64165306, 0.6464373, 0.6494253, 0.65316164, 0.6572162, 0.659874, 0.66304183, 0.66637313, 0.67061865, 0.66944844, 0.6745165, 0.6784135, 0.68176365, 0.68571436, 0.6892071, 0.6922858, 0.69397384, 0.69764155, 0.69890314, 0.7027694, 0.70541877, 0.70788324, 0.7117342, 0.7142782, 0.71889335, 0.722093, 0.7249773, 0.72807276, 0.7313298, 0.7335296, 0.73564065, 0.73821497, 0.74074495, 0.7437841], "duration": [1220, 1172, 1187, 1175, 1380, 1164, 1146, 1313, 1143, 1133, 1752, 1183, 1215, 1188, 1304, 1122, 1098, 1100, 1188, 1593, 1178, 1363, 1373, 1167, 1173, 1362, 1170, 1201, 1201, 1164, 1435, 1151, 1552, 1181, 1168, 1190, 1387, 1389, 1183, 1190, 1401, 1186, 1167, 1146, 1136, 1134, 1147, 1141, 1150, 1325]}