{"avg": [0.4466667, 0.46746033, 0.46514156, 0.48022488, 0.49292228, 0.43676457, 0.5154673, 0.45575947, 0.5157969, 0.47777784, 0.4973682, 0.57756954, 0.5449031, 0.56820357, 0.5830869, 0.56203204, 0.49301416, 0.5627916, 0.5889795, 0.6102699, 0.5728074, 0.61342955, 0.54710793, 0.5780941, 0.598908, 0.6052819, 0.5996637, 0.6020803, 0.62857014, 0.6279765, 0.60972625, 0.6296948, 0.6430332, 0.6393224, 0.6470969, 0.6426651, 0.6478406, 0.65518695, 0.6583691, 0.6675665, 0.6697143, 0.670575, 0.67468154, 0.6808826, 0.68136775, 0.69262314, 0.6949475, 0.7009567, 0.692627, 0.700282], "std": [0.14696941, 0.15352377, 0.14863583, 0.14817673, 0.14401177, 0.15273224, 0.13720766, 0.15212938, 0.13404752, 0.15076554, 0.14518465, 0.0812737, 0.120290585, 0.09567761, 0.07648857, 0.107319236, 0.15059508, 0.10654461, 0.07833453, 0.007761666, 0.104401715, 0.011770265, 0.12940054, 0.10918607, 0.08097504, 0.07628057, 0.081892125, 0.08836666, 0.01748409, 0.01749659, 0.08480271, 0.016827151, 0.01507829, 0.015345161, 0.015997559, 0.02569773, 0.022740133, 0.021908974, 0.021163266, 0.015942493, 0.02097398, 0.021957457, 0.021833122, 0.02094979, 0.018394316, 0.013999753, 0.018183947, 0.014381012, 0.030376462, 0.027954482], "var": [0.98, 0.98, 0.98, 0.98, 0.98, 0.96, 0.94, 0.92, 0.88, 0.84, 0.82, 0.82, 0.84, 0.84, 0.84, 0.84, 0.84, 0.84, 0.84, 0.82, 0.78, 0.76, 0.74, 0.72, 0.74, 0.72, 0.7, 0.66, 0.66, 0.62, 0.58, 0.6, 0.56, 0.56, 0.52, 0.5, 0.48, 0.46, 0.42, 0.42, 0.42, 0.38, 0.36, 0.34, 0.3, 0.28, 0.28, 0.28, 0.26, 0.24], "best": [0.5666667, 0.61746037, 0.61198163, 0.60423285, 0.6029665, 0.61083966, 0.60594016, 0.60535717, 0.60495245, 0.61020416, 0.6087558, 0.6126051, 0.6118137, 0.6162001, 0.6174677, 0.6177751, 0.6189127, 0.614377, 0.6196343, 0.6214613, 0.62472177, 0.6265935, 0.6309734, 0.6319423, 0.63457507, 0.63711345, 0.6411373, 0.6428234, 0.6452872, 0.6491085, 0.65206826, 0.65375686, 0.655257, 0.65906596, 0.6607477, 0.664026, 0.667079, 0.67010087, 0.6733094, 0.6761358, 0.680381, 0.685419, 0.68881214, 0.6923164, 0.69595754, 0.6988414, 0.7026463, 0.70550203, 0.70895624, 0.71156466], "duration": [1354, 1439, 1310, 1348, 1265, 1993, 1287, 1296, 1327, 1303, 1345, 1325, 1330, 1243, 1307, 1337, 1254, 1262, 1364, 1496, 1346, 1310, 1267, 1263, 1543, 1537, 1261, 1254, 1271, 1543, 1164, 1361, 1167, 1130, 1219, 1533, 1272, 1324, 1305, 1307, 1538, 1338, 1767, 1500, 1295, 1374, 1366, 1339, 1624, 1543]}