{"avg": [0.15128206, 0.23268692, 0.22554564, 0.21348481, 0.23295268, 0.23456362, 0.21615314, 0.24785241, 0.25944364, 0.26385185, 0.2847583, 0.2555283, 0.29004544, 0.26877582, 0.2969491, 0.26490033, 0.33582336, 0.3157141, 0.29718235, 0.29048687, 0.28997108, 0.3186961, 0.30549315, 0.3230765, 0.3201961, 0.3293888, 0.3552955, 0.3441984, 0.3982492, 0.37965578, 0.39727294, 0.3901158, 0.43434852, 0.42132893, 0.44933653, 0.42700243, 0.41747558, 0.4318239, 0.44919395, 0.4829126, 0.46164563, 0.4744268, 0.4894204, 0.46945, 0.48059836, 0.56072706, 0.5450583, 0.5057223, 0.5220103, 0.54170245], "std": [0.07692308, 0.06896942, 0.070027165, 0.070383854, 0.09587701, 0.085485935, 0.08286744, 0.09310343, 0.05616201, 0.06379814, 0.11807188, 0.06563287, 0.10000313, 0.10988951, 0.10114806, 0.0784604, 0.09807107, 0.09618526, 0.11244075, 0.08963612, 0.084993765, 0.09210877, 0.08982959, 0.1012553, 0.0945918, 0.095590495, 0.09653007, 0.10444941, 0.099935144, 0.090690754, 0.103034504, 0.10277758, 0.1023082, 0.10154325, 0.09678313, 0.103643045, 0.1093058, 0.12178574, 0.10310908, 0.09789687, 0.11904578, 0.12108594, 0.08778124, 0.1298465, 0.11883557, 0.03702073, 0.07303421, 0.10722407, 0.11936487, 0.12658776], "var": [0.98, 0.96, 0.96, 0.92, 0.9, 0.88, 0.86, 0.84, 0.82, 0.8, 0.78, 0.78, 0.76, 0.78, 0.74, 0.76, 0.78, 0.76, 0.76, 0.74, 0.74, 0.74, 0.7, 0.66, 0.64, 0.62, 0.64, 0.62, 0.6, 0.6, 0.58, 0.54, 0.5, 0.48, 0.48, 0.48, 0.5, 0.48, 0.44, 0.44, 0.44, 0.44, 0.42, 0.42, 0.4, 0.38, 0.36, 0.34, 0.3, 0.28], "best": [0.2777778, 0.31623933, 0.3230159, 0.32280886, 0.48803422, 0.4871274, 0.36642858, 0.48555154, 0.32106784, 0.3768254, 0.5561328, 0.32421294, 0.5026801, 0.5047174, 0.50562775, 0.4163957, 0.5075609, 0.50940174, 0.5117493, 0.5142082, 0.5148755, 0.5156281, 0.516961, 0.5740241, 0.5193922, 0.5206231, 0.52212757, 0.5246615, 0.52642703, 0.5301082, 0.5327662, 0.53538096, 0.5933285, 0.5416622, 0.5450523, 0.5485748, 0.5517705, 0.55414, 0.55755126, 0.5606694, 0.5638432, 0.56616545, 0.569574, 0.5725815, 0.5755578, 0.5787077, 0.5825673, 0.58508855, 0.5878621, 0.59135187], "duration": [3997, 5937, 5029, 7454, 8425, 6146, 9244, 3154, 5586, 5560, 6096, 5897, 7311, 9199, 7007, 9358, 5285, 11389, 7611, 7544, 3233, 6051, 5488, 9923, 3462, 9452, 5609, 5107, 5947, 5574, 2815, 3450, 4078, 7186, 6343, 3263, 2588, 3096, 3651, 3091, 2795, 3172, 2582, 2655, 3299, 2556, 2723, 2717, 3103, 2469]}