{"avg": [0.12539685, 0.17967689, 0.12124185, 0.14594084, 0.21230161, 0.1561053, 0.22343081, 0.15958996, 0.23577774, 0.25111932, 0.22956093, 0.232458, 0.18251409, 0.19577558, 0.2617275, 0.26461658, 0.27577546, 0.25762248, 0.34486064, 0.35186663, 0.31958735, 0.323001, 0.37194258, 0.33867306, 0.37820628, 0.42918488, 0.38087583, 0.45858926, 0.41183975, 0.3987265, 0.45462593, 0.42170596, 0.42349976, 0.4560342, 0.42112452, 0.40456563, 0.4676954, 0.46748075, 0.42332137, 0.43833092, 0.46757734, 0.45367116, 0.4919331, 0.5207886, 0.48522303, 0.53449965, 0.5421665, 0.47399125, 0.5348153, 0.5355212, 0.53669065, 0.5479628, 0.5170544, 0.53053224, 0.5125481, 0.5405211, 0.5388271, 0.5648484, 0.56207967, 0.55230016, 0.626784, 0.5878603, 0.5869263, 0.5782206, 0.5653682, 0.58256423, 0.5839854, 0.53459567, 0.62746906, 0.5718666, 0.57619625, 0.58614296, 0.57939583, 0.6130625, 0.56947595, 0.5700078, 0.6146371, 0.6297081, 0.6425877, 0.62152237, 0.59738004, 0.59503627, 0.60695755, 0.5777197, 0.5680091, 0.58406585, 0.60992056, 0.62885463, 0.60999644, 0.5725609, 0.6470983, 0.6158852, 0.6574082, 0.6066774, 0.6134425, 0.62444234, 0.6121448, 0.635995, 0.59000194, 0.67888635], "std": [0.11098634, 0.1269881, 0.16542903, 0.1127462, 0.15217768, 0.1243315, 0.13733447, 0.15117006, 0.15417379, 0.14370538, 0.17087428, 0.13879286, 0.14962697, 0.14316024, 0.13888891, 0.14939825, 0.14145179, 0.17612493, 0.14191511, 0.17092586, 0.14777057, 0.14389697, 0.14751196, 0.13960688, 0.15456885, 0.09293081, 0.15912302, 0.09926544, 0.11379994, 0.09758413, 0.12927555, 0.1138602, 0.09370039, 0.13765341, 0.110419795, 0.14488994, 0.122690074, 0.06138674, 0.09781002, 0.11293705, 0.09097548, 0.13972089, 0.09453303, 0.083212994, 0.10675945, 0.12193427, 0.08794701, 0.041148946, 0.107497126, 0.08677766, 0.07014019, 0.068946645, 0.07383663, 0.07990127, 0.08865801, 0.067415304, 0.07736568, 0.07571653, 0.0736035, 0.08951161, 0.07683659, 0.07818769, 0.10657995, 0.073532894, 0.08073771, 0.108308814, 0.069778234, 0.08209999, 0.07060145, 0.05580412, 0.11237971, 0.09055856, 0.07443904, 0.091173105, 0.07569858, 0.10898992, 0.08800771, 0.080209926, 0.07860385, 0.092345804, 0.06323897, 0.0723381, 0.09057318, 0.09395186, 0.12079012, 0.088131204, 0.07247111, 0.08950404, 0.07934989, 0.08314794, 0.08380836, 0.09405884, 0.079360396, 0.09992256, 0.11228017, 0.07360242, 0.10306005, 0.07781485, 0.068441555, 0.07438223], "var": [0.96, 0.92, 0.9, 0.9, 0.88, 0.88, 0.86, 0.82, 0.82, 0.82, 0.78, 0.74, 0.72, 0.72, 0.68, 0.64, 0.62, 0.62, 0.6, 0.58, 0.58, 0.56, 0.52, 0.52, 0.5, 0.5, 0.46, 0.44, 0.4, 0.38, 0.42, 0.38, 0.4, 0.4, 0.4, 0.38, 0.38, 0.36, 0.34, 0.34, 0.36, 0.38, 0.34, 0.34, 0.38, 0.36, 0.34, 0.32, 0.28, 0.28, 0.26, 0.26, 0.26, 0.26, 0.26, 0.26, 0.24, 0.24, 0.24, 0.2, 0.2, 0.2, 0.2, 0.2, 0.18, 0.16, 0.14, 0.14, 0.14, 0.14, 0.14, 0.14, 0.14, 0.14, 0.14, 0.14, 0.14, 0.14, 0.14, 0.14, 0.14, 0.14, 0.1, 0.08, 0.06, 0.06, 0.06, 0.06, 0.06, 0.06, 0.06, 0.06, 0.06, 0.06, 0.06, 0.06, 0.06, 0.06, 0.06, 0.06], "best": [0.3555556, 0.3963719, 0.5349207, 0.3976022, 0.5404762, 0.37008867, 0.5426901, 0.39451665, 0.54780126, 0.55062115, 0.554865, 0.55985063, 0.4056068, 0.40470695, 0.4060274, 0.4086612, 0.4109826, 0.567298, 0.5694911, 0.5736211, 0.57598454, 0.5816843, 0.5830855, 0.58625793, 0.5876283, 0.59019494, 0.592653, 0.59516764, 0.5991635, 0.60132855, 0.6035981, 0.60290635, 0.60049057, 0.6141646, 0.6170148, 0.61928546, 0.6203499, 0.62291414, 0.62512743, 0.62694025, 0.62833893, 0.62997305, 0.63251436, 0.6354301, 0.63812995, 0.6411139, 0.6443319, 0.49156833, 0.64970297, 0.6526922, 0.65613, 0.65864676, 0.6615055, 0.66365886, 0.66633904, 0.66912985, 0.67130667, 0.67410445, 0.6763788, 0.67863464, 0.68079233, 0.6823682, 0.68443155, 0.68712634, 0.6895628, 0.69170594, 0.6935736, 0.6956407, 0.69752175, 0.6990577, 0.70064634, 0.7021265, 0.70386195, 0.70511156, 0.7066598, 0.7085097, 0.7097454, 0.711508, 0.71270764, 0.7141125, 0.7158539, 0.7172903, 0.71875405, 0.71996045, 0.72133756, 0.7223374, 0.7239765, 0.7251509, 0.7269715, 0.72811645, 0.7292748, 0.730487, 0.7314776, 0.7326119, 0.7337229, 0.7349592, 0.7360088, 0.7369794, 0.7377766, 0.7386827], "duration": [5798, 3957, 7923, 2220, 4092, 5729, 5795, 3931, 7679, 7803, 5833, 3972, 5826, 5745, 7794, 9688, 3968, 12478, 9662, 9711, 12259, 9661, 11926, 5834, 11994, 9740, 11600, 13478, 13523, 9651, 13476, 11540, 13813, 11554, 9646, 13511, 13249, 11582, 9689, 9735, 13836, 9667, 13477, 13537, 9775, 13613, 13554, 13505, 15828, 13555, 15793, 13596, 16506, 11745, 13535, 13564, 13611, 13556, 13523, 13519, 13536, 13556, 18017, 13532, 15773, 13520, 13606, 13566, 13530, 13529, 13542, 13512, 13532, 13526, 13510, 13529, 15794, 13556, 13655, 15846, 13648, 13618, 13618, 13596, 13532, 14012, 13595, 18176, 13578, 13605, 13509, 13558, 13541, 13540, 13541, 13531, 13596, 13598, 13613, 13631]}