{"avg": [0.15911114, 0.17484447, 0.17232698, 0.17224447, 0.18303256, 0.18042225, 0.18506828, 0.18839186, 0.1959461, 0.20011535, 0.19424956, 0.20818384, 0.20077619, 0.20810695, 0.19446033, 0.20108318, 0.20986095, 0.21810856, 0.22168781, 0.21758868, 0.23979335, 0.22742136, 0.24192844, 0.2573644, 0.25424683, 0.26616752, 0.27957273, 0.28482646, 0.27808517, 0.28514138, 0.3003705, 0.30450374, 0.30805203, 0.31367797, 0.32832515, 0.33741266, 0.33856273, 0.34130538, 0.35166058, 0.34915653, 0.35411355, 0.35743606, 0.36531276, 0.3735739, 0.36154512, 0.37517208, 0.37813035, 0.37271968, 0.37268656, 0.38475853], "std": [0.116437666, 0.12767647, 0.13014701, 0.1302639, 0.13286586, 0.13547416, 0.13339758, 0.1363494, 0.13091081, 0.13365404, 0.12839015, 0.12750617, 0.13389888, 0.1375285, 0.13988402, 0.13303727, 0.13237536, 0.13670859, 0.13897166, 0.14766333, 0.14232165, 0.14635693, 0.14213349, 0.14171088, 0.1509756, 0.13163656, 0.12711696, 0.13826767, 0.1430032, 0.1325911, 0.12713228, 0.12116283, 0.12151616, 0.121253796, 0.1117499, 0.10868958, 0.09964172, 0.09880124, 0.08705188, 0.088368155, 0.086109966, 0.07341325, 0.06751157, 0.05976018, 0.08044222, 0.07138686, 0.058256853, 0.062928595, 0.06327724, 0.05231769], "var": [1.0, 1.0, 0.96, 0.96, 0.92, 0.88, 0.88, 0.86, 0.86, 0.84, 0.82, 0.82, 0.82, 0.8, 0.78, 0.78, 0.74, 0.74, 0.74, 0.74, 0.74, 0.78, 0.78, 0.8, 0.78, 0.74, 0.72, 0.68, 0.64, 0.66, 0.68, 0.68, 0.72, 0.72, 0.7, 0.68, 0.66, 0.62, 0.64, 0.62, 0.62, 0.6, 0.58, 0.58, 0.56, 0.56, 0.56, 0.54, 0.52, 0.5], "best": [0.3555556, 0.38698417, 0.38674608, 0.3871429, 0.38734132, 0.38812703, 0.3884921, 0.38895696, 0.3893056, 0.38962966, 0.38826987, 0.39040408, 0.39067465, 0.3909036, 0.3910658, 0.39111114, 0.39112106, 0.39143795, 0.39182544, 0.39224732, 0.39260322, 0.3931293, 0.39367247, 0.39416844, 0.3949802, 0.39576513, 0.39656293, 0.39728397, 0.39791954, 0.398462, 0.39926988, 0.40019462, 0.40107644, 0.40190482, 0.40274048, 0.40371886, 0.40476194, 0.40580013, 0.40694657, 0.4081075, 0.40916273, 0.4101665, 0.41103178, 0.41190112, 0.41272008, 0.41358733, 0.41437548, 0.4152111, 0.41605163, 0.4169939], "duration": [5085, 5071, 5129, 5099, 5112, 5148, 5097, 8323, 5420, 5154, 5098, 5084, 5117, 5163, 5112, 5113, 5165, 5375, 5124, 5167, 5147, 5201, 5192, 5254, 5299, 5273, 5322, 5274, 5327, 5335, 5341, 5272, 5274, 5324, 5294, 5354, 5401, 5389, 5444, 5386, 5399, 5422, 5406, 5448, 5411, 5464, 5444, 5405, 5464, 5421]}