{"avg": [0.38888893, 0.4298035, 0.41555244, 0.39373034, 0.47077432, 0.48215684, 0.46833926, 0.49783343, 0.50853175, 0.51760966, 0.49809673, 0.53515035, 0.54618984, 0.5629329, 0.5660505, 0.5715205, 0.59140337, 0.59707856, 0.6067027, 0.61996555, 0.62493956, 0.6340609, 0.6348103, 0.6541395, 0.6596807, 0.65491426, 0.66516024, 0.6725175, 0.68194664, 0.687556, 0.6938092, 0.6991612, 0.7069219, 0.7075929, 0.71202654, 0.715643, 0.7198315, 0.72327936, 0.7263145, 0.7292011, 0.73236126, 0.73476726, 0.7376336, 0.74017656, 0.742432, 0.7447542, 0.7468177, 0.7487978, 0.75069904, 0.75238806], "std": [0.113855004, 0.11186109, 0.16062924, 0.15762265, 0.09717603, 0.09152832, 0.08946408, 0.08523226, 0.08584989, 0.08204293, 0.095723964, 0.068206154, 0.065730706, 0.04640983, 0.055476006, 0.056668054, 0.020395715, 0.021755785, 0.021612221, 0.011051364, 0.019891767, 0.029458914, 0.02763758, 0.0014600053, 0.0019967854, 0.03127005, 0.02122676, 0.011605983, 0.0022486653, 0.002253723, 0.0015329666, 5.9604645e-08, 0.011843082, 5.9604645e-08, 5.9604645e-08, 0.0, 1.1920929e-07, 5.9604645e-08, 5.9604645e-08, 5.9604645e-08, 0.0, 5.9604645e-08, 1.1920929e-07, 0.0, 0.0, 0.0, 1.1920929e-07, 0.0, 0.0, 5.9604645e-08], "var": [0.92, 0.88, 0.88, 0.8, 0.8, 0.72, 0.76, 0.72, 0.76, 0.72, 0.68, 0.64, 0.72, 0.64, 0.56, 0.48, 0.44, 0.4, 0.36, 0.32, 0.28, 0.28, 0.24, 0.24, 0.24, 0.2, 0.16, 0.12, 0.08, 0.08, 0.04, 0.04, 0.04, 0.04, 0.04, 0.04, 0.04, 0.04, 0.04, 0.04, 0.04, 0.04, 0.04, 0.04, 0.04, 0.04, 0.04, 0.04, 0.04, 0.04], "best": [0.51111114, 0.55192745, 0.5636563, 0.551532, 0.56808394, 0.57028484, 0.5765156, 0.57848704, 0.5776443, 0.57944256, 0.58045423, 0.5828615, 0.58462304, 0.5884921, 0.5957398, 0.6001936, 0.6072111, 0.61271214, 0.6197481, 0.6279777, 0.63485116, 0.6851944, 0.6490803, 0.65502316, 0.6611767, 0.66685927, 0.6724342, 0.67764735, 0.6831177, 0.6886829, 0.6942344, 0.69916123, 0.7479475, 0.70759284, 0.7120265, 0.715643, 0.71983165, 0.7232794, 0.7263144, 0.729201, 0.73236126, 0.7347673, 0.73763347, 0.74017656, 0.742432, 0.7447542, 0.7468178, 0.7487978, 0.75069904, 0.7523881], "duration": [27542, 35936, 31670, 26903, 27201, 27286, 26932, 31862, 36569, 27349, 27159, 31818, 36436, 31938, 36659, 32030, 27308, 31890, 31954, 31861, 31836, 27307, 27297, 27318, 27260, 27251, 27401, 27303, 27262, 31842, 27310, 27287, 27266, 36416, 27306, 27368, 27497, 27439, 27328, 31945, 27437, 36522, 27459, 27351, 36362, 40987, 31731, 33960, 27498, 32033]}